{
	"format_version": "1.8.0",
	"animations": {
		"animation.swellow.ground_idle": {
			"loop": true,
			"bones": {
				"torso": {
					"rotation": ["-7.5+math.sin(q.anim_time*90*2+0)*1.5", 0, "math.sin(q.anim_time*90*1+0)*0.5"]
				},
				"neck": {
					"rotation": ["-5+math.sin(q.anim_time*90*2-20)*1", 0, "math.sin(q.anim_time*90*1-25)*1"]
				},
				"head": {
					"rotation": ["7.5-math.sin(q.anim_time*90*2-30)*2", 0, "math.sin(q.anim_time*90*1-50)*0.25"]
				},
				"hair1": {
					"rotation": ["20+math.sin(q.anim_time*90*2-95)*3", 0, 0]
				},
				"hair2": {
					"rotation": ["0+math.sin(q.anim_time*90*2-85)*5", 0, 0]
				},
				"hair_left": {
					"rotation": ["0+math.sin(q.anim_time*90*2-90)*4", 0, 0]
				},
				"toe_inner_left": {
					"rotation": [0, 5, 0]
				},
				"toe_outer_left": {
					"rotation": [0, -5, 0]
				},
				"tail": {
					"rotation": [5, 0, 0]
				},
				"hair_left2": {
					"rotation": ["0+math.sin(q.anim_time*90*2-90)*4", 0, 0]
				},
				"chest": {
					"rotation": [-15, 0, 0]
				},
				"pupil_left": {
					"position": [0, 0, 0]
				},
				"hair_right": {
					"rotation": ["0+math.sin(q.anim_time*90*2-90)*4", 0, 0]
				},
				"hair_right2": {
					"rotation": ["0+math.sin(q.anim_time*90*2-90)*4", 0, 0]
				},
				"neck2": {
					"rotation": [2.5, 0, 0]
				},
				"hair": {
					"rotation": [-17.5, 0, 0]
				},
				"hair3": {
					"rotation": [20, 0, 0]
				},
				"wing_closed_left": {
					"rotation": [25, 0, 0]
				},
				"toe_inner_right": {
					"rotation": [0, -5, 0]
				},
				"toe_outer_right": {
					"rotation": [0, 5, 0]
				},
				"wings_open": {
					"scale": 0
				},
				"wing_closed_right": {
					"rotation": [25, 0, 0]
				},
				"pupil_right": {
					"position": [0, 0, 0]
				}
			}
		},
		"animation.swellow.ground_idle2": {
			"loop": true,
			"bones": {
				"torso": {
					"rotation": ["-7.5+math.sin(q.anim_time*90*2+0)*1.5", 0, "math.sin(q.anim_time*90*1+0)*0.5"]
				},
				"neck": {
					"rotation": ["-5+math.sin(q.anim_time*90*2-20)*1", 0, "math.sin(q.anim_time*90*1-25)*1"]
				},
				"head": {
					"rotation": ["7.5-math.sin(q.anim_time*90*2-30)*2", 0, "math.sin(q.anim_time*90*1-50)*0.25"]
				},
				"hair1": {
					"rotation": ["20+math.sin(q.anim_time*90*2-95)*3", 0, 0]
				},
				"hair2": {
					"rotation": ["0+math.sin(q.anim_time*90*2-85)*5", 0, 0]
				},
				"hair_left": {
					"rotation": ["0+math.sin(q.anim_time*90*2-90)*4", 0, 0]
				},
				"toe_inner_left": {
					"rotation": [0, 5, 0]
				},
				"toe_outer_left": {
					"rotation": [0, -5, 0]
				},
				"tail": {
					"rotation": [5, 0, 0]
				},
				"hair_left2": {
					"rotation": ["0+math.sin(q.anim_time*90*2-90)*4", 0, 0]
				},
				"chest": {
					"rotation": [-15, 0, 0]
				},
				"pupil_left": {
					"position": [0, 0, 0]
				},
				"hair_right": {
					"rotation": ["0+math.sin(q.anim_time*90*2-90)*4", 0, 0]
				},
				"hair_right2": {
					"rotation": ["0+math.sin(q.anim_time*90*2-90)*4", 0, 0]
				},
				"neck2": {
					"rotation": [2.5, 0, 0]
				},
				"hair": {
					"rotation": [-17.5, 0, 0]
				},
				"hair3": {
					"rotation": [20, 0, 0]
				},
				"wing_closed_left": {
					"rotation": [25, 0, 0]
				},
				"toe_inner_right": {
					"rotation": [0, -5, 0]
				},
				"toe_outer_right": {
					"rotation": [0, 5, 0]
				},
				"wings_open": {
					"scale": 0
				},
				"wings_closed": {
					"scale": 0
				},
				"wing_closed_right": {
					"rotation": [25, 0, 0]
				},
				"pupil_right": {
					"position": [0, 0, 0]
				}
			}
		},
		"animation.swellow.ground_walk": {
			"loop": true,
			"bones": {
				"torso": {
					"rotation": ["-2.5+math.sin(q.anim_time*90*6+0+180)*2", "math.sin(q.anim_time*90*3-60+180)*2.5", "math.sin(q.anim_time*90*3+0)*2.5"]
				},
				"wing_right": {
					"rotation": [90, "80-math.sin(q.anim_time*90*6-40)*3", 0],
					"position": [0, -0.5, -1]
				},
				"wing_right2": {
					"rotation": [0, "-30+math.sin(q.anim_time*90*6-20+180)*1.5", 0]
				},
				"wing_right3": {
					"rotation": [-5.20853, "44.7724+math.sin(q.anim_time*90*6-40+180)*2", -7.21525]
				},
				"wing_left": {
					"rotation": [90, "-80+math.sin(q.anim_time*90*6-40)*3", 0],
					"position": [0, -0.5, -1]
				},
				"wing_left2": {
					"rotation": [0, "30+math.sin(q.anim_time*90*6-20)*1.5", 0]
				},
				"wing_left3": {
					"rotation": [-5.20853, "-44.7724+math.sin(q.anim_time*90*6-40)*2", 7.21525]
				},
				"neck": {
					"rotation": ["-5+math.sin(q.anim_time*90*6-20+180)*3", "0+math.sin(q.anim_time*90*3-80)*1.25", "0+math.sin(q.anim_time*90*3-25+180)*3"]
				},
				"head": {
					"rotation": ["2.5+math.sin(q.anim_time*90*6-40)*3", 0, "math.sin(q.anim_time*90*3-50)*0.25"]
				},
				"hair2": {
					"rotation": ["0+math.sin(q.anim_time*90*6-85+180)*5", 0, 0]
				},
				"hair_left": {
					"rotation": ["0+math.sin(q.anim_time*90*6-90+180)*4", 0, 0]
				},
				"toe_inner_left": {
					"rotation": ["-1.5203+math.clamp(math.sin(query.anim_time*90*3*-1-300)*29.5,-27,0)+math.clamp(math.sin(query.anim_time*90*3*-1-300)*30,-0,27.5)", 7.13182, -4.77156]
				},
				"toe_outer_left": {
					"rotation": ["-1.5203+math.clamp(math.sin(query.anim_time*90*3*-1-300)*29.5,-27,0)+math.clamp(math.sin(query.anim_time*90*3*-1-300)*30,-0,27.5)", -7.13182, 4.77156]
				},
				"body": {
					"position": [0, "0.5+math.clamp(math.sin(query.anim_time*90*6*-1-30)*1,-0,1)+math.clamp(math.sin(query.anim_time*90*6*-1-30)*1,-0.9,0)", 0]
				},
				"leg_left": {
					"rotation": ["0+math.clamp(math.sin(query.anim_time*90*3*-1-50)*17.5,-17.5,0)+math.clamp(math.sin(query.anim_time*90*3*-1-50)*22.5,-0,20)", 0, 0],
					"position": [0, "0+math.clamp(math.sin(query.anim_time*90*3*-1-60)*1,0.3,1)", "-3+math.sin(q.anim_time*90*3-80)*2"]
				},
				"leg_left2": {
					"rotation": ["0+math.clamp(math.sin(query.anim_time*90*3*-1-150)*35.5,-32.5,0)+math.clamp(math.sin(query.anim_time*90*3*-1-150)*17.5,-0,15)", 0, 0]
				},
				"foot_left": {
					"rotation": ["-7.5+math.clamp(math.sin(query.anim_time*90*3*-1-175)*7.5,-7.5,0)+math.clamp(math.sin(query.anim_time*90*3*-1-175)*22.5,-0,20)", 0, 0]
				},
				"toe_back_left": {
					"rotation": ["0+math.clamp(math.sin(query.anim_time*90*3*-1-300)*27.5,-0,25)+math.clamp(math.sin(query.anim_time*90*3*-1-300)*22.5,-20,0)", 0, 0]
				},
				"claw_back_left": {
					"rotation": ["0+math.clamp(math.sin(query.anim_time*90*3*-1-330)*15,-12.5,0)", 0, 0]
				},
				"claw_inner_left": {
					"rotation": ["0+math.clamp(math.sin(query.anim_time*90*3*-1-330)*15,-0,12.5)", 0, 0]
				},
				"toe_middle_left": {
					"rotation": ["0+math.clamp(math.sin(query.anim_time*90*3*-1-300)*29.5,-27,0)+math.clamp(math.sin(query.anim_time*90*3*-1-300)*30,-0,27.5)", 0, 0]
				},
				"claw_middle_left": {
					"rotation": ["0+math.clamp(math.sin(query.anim_time*90*3*-1-330)*15,-0,12.5)", 0, 0]
				},
				"claw_outer_left": {
					"rotation": ["0+math.clamp(math.sin(query.anim_time*90*3*-1-330)*15,-0,12.5)", 0, 0]
				},
				"chest": {
					"rotation": [-15, 0, 0]
				},
				"hair": {
					"rotation": ["0+math.sin(q.anim_time*90*6-95+180)*3", 0, 0]
				},
				"hair_right": {
					"rotation": ["0+math.sin(q.anim_time*90*6-90+180)*4", 0, 0]
				},
				"hair_left2": {
					"rotation": ["0+math.sin(q.anim_time*90*6-85+180)*3", 0, 0]
				},
				"hair_right2": {
					"rotation": ["0+math.sin(q.anim_time*90*6-85+180)*3", 0, 0]
				},
				"wings_open": {
					"scale": 0
				},
				"wing_closed_left": {
					"rotation": [20, "+math.sin(q.anim_time*90*6-40)*3", 0]
				},
				"wing_closed_right": {
					"rotation": [20, "-math.sin(q.anim_time*90*6-40)*3", 0]
				},
				"tail2": {
					"rotation": [27.5, 0, 0]
				},
				"tail_left": {
					"rotation": ["2.5+math.sin(q.anim_time*90*6-25+180)*2", "math.sin(q.anim_time*90*3-20+180)*0.75", 0]
				},
				"tail_left2": {
					"rotation": ["2.5+math.sin(q.anim_time*90*6-50+180)*3", "math.sin(q.anim_time*90*3-40+180)*1", 0]
				},
				"tail_right": {
					"rotation": ["2.5+math.sin(q.anim_time*90*6-25+180)*2", "math.sin(q.anim_time*90*3-20+180)*0.75", 0]
				},
				"tail_right2": {
					"rotation": ["2.5+math.sin(q.anim_time*90*6-50+180)*3", "math.sin(q.anim_time*90*3-40+180)*1", 0]
				},
				"leg_right": {
					"rotation": [
						"0+math.clamp(math.sin(query.anim_time*90*3*-1-50+180)*17.5,-17.5,0)+math.clamp(math.sin(query.anim_time*90*3*-1-50+180)*22.5,-0,20)",
						0,
						0
					],
					"position": [0, "0+math.clamp(math.sin(query.anim_time*90*3*-1-60+180)*1,0.3,1)", "-3-math.sin(q.anim_time*90*3-80)*2"]
				},
				"leg_right2": {
					"rotation": [
						"0+math.clamp(math.sin(query.anim_time*90*3*-1-150+180)*35.5,-32.5,0)+math.clamp(math.sin(query.anim_time*90*3*-1-150+180)*17.5,-0,15)",
						0,
						0
					]
				},
				"foot_right": {
					"rotation": [
						"-7.5+math.clamp(math.sin(query.anim_time*90*3*-1-175+180)*7.5,-7.5,0)+math.clamp(math.sin(query.anim_time*90*3*-1-175+180)*22.5,-0,20)",
						0,
						0
					]
				},
				"toe_back_right": {
					"rotation": [
						"0+math.clamp(math.sin(query.anim_time*90*3*-1-300+180)*27.5,-0,25)+math.clamp(math.sin(query.anim_time*90*3*-1-300+180)*22.5,-20,0)",
						0,
						0
					]
				},
				"claw_back_right": {
					"rotation": ["0+math.clamp(math.sin(query.anim_time*90*3*-1-330+180)*15,-12.5,0)", 0, 0]
				},
				"toe_inner_right": {
					"rotation": [
						"-1.3208+math.clamp(math.sin(query.anim_time*90*3*-1-300+180)*29.5,-27,0)+math.clamp(math.sin(query.anim_time*90*3*-1-300+180)*30,-0,27.5)",
						-2.79056,
						4.67594
					]
				},
				"claw_inner_right": {
					"rotation": ["0+math.clamp(math.sin(query.anim_time*90*3*-1-330+180)*15,-0,12.5)", 0, 0]
				},
				"toe_middle_right": {
					"rotation": [
						"0+math.clamp(math.sin(query.anim_time*90*3*-1-300+180)*29.5,-27,0)+math.clamp(math.sin(query.anim_time*90*3*-1-300+180)*30,-0,27.5)",
						0,
						0
					]
				},
				"claw_middle_right": {
					"rotation": ["0+math.clamp(math.sin(query.anim_time*90*3*-1-330+180)*15,-0,12.5)", 0, 0]
				},
				"toe_outer_right": {
					"rotation": [
						"-1.3208+math.clamp(math.sin(query.anim_time*90*3*-1-300+180)*29.5,-27,0)+math.clamp(math.sin(query.anim_time*90*3*-1-300+180)*30,-0,27.5)",
						2.79056,
						-4.67594
					]
				},
				"claw_outer_right": {
					"rotation": ["0+math.clamp(math.sin(query.anim_time*90*3*-1-330+180)*15,-0,12.5)", 0, 0]
				}
			}
		},
		"animation.swellow.air_idle": {
			"loop": true,
			"bones": {
				"body": {
					"rotation": ["0+math.sin(q.anim_time*90*4-30+180)*2.5", 0, 0],
					"position": [0, "0+math.sin(q.anim_time*90*4-75)*1.5", "-math.cos(q.anim_time*90*4-75)*0.5"]
				},
				"torso": {
					"rotation": [-15, 0, 0]
				},
				"neck": {
					"rotation": ["-math.sin(q.anim_time*90*4-50+180)*3", 0, 0]
				},
				"head": {
					"rotation": ["5+math.sin(q.anim_time*90*4-65+180)*1.5", 0, 0]
				},
				"hair1": {
					"rotation": ["0+math.sin(q.anim_time*90*4-95+180)*3", 0, 0]
				},
				"hair2": {
					"rotation": ["0+math.sin(q.anim_time*90*4-85+180)*5", 0, 0]
				},
				"hair_left": {
					"rotation": ["0+math.sin(q.anim_time*90*4-90+180)*4", 0, 0]
				},
				"leg_left": {
					"rotation": ["-17.767+math.sin(q.anim_time*90*4-50)*3", -13.82107, -4.58156]
				},
				"leg_left2": {
					"rotation": ["-17.2773+math.sin(q.anim_time*90*4-75)*3", 4.02155, 6.33586]
				},
				"foot_left": {
					"rotation": ["-7.5+math.sin(q.anim_time*90*4-100)*1.5", -2.5, 0]
				},
				"toe_back_left": {
					"rotation": [-37.5, 0, 0]
				},
				"claw_back_left": {
					"rotation": [-22.5, 0, 0]
				},
				"toe_inner_left": {
					"rotation": [47.5, 0, 0]
				},
				"claw_inner_left": {
					"rotation": [30, 0, 0]
				},
				"toe_middle_left": {
					"rotation": [35, 0, 0]
				},
				"claw_middle_left": {
					"rotation": [30, 0, 0]
				},
				"toe_outer_left": {
					"rotation": [52.5, 0, 0]
				},
				"claw_outer_left": {
					"rotation": [30, 0, 0]
				},
				"swellow": {
					"position": [0, 1, 0]
				},
				"hair_left2": {
					"rotation": ["0+math.sin(q.anim_time*90*4-90+180)*4", 0, 0]
				},
				"hair_right": {
					"rotation": ["0+math.sin(q.anim_time*90*4-90+180)*4", 0, 0]
				},
				"hair_right2": {
					"rotation": ["0+math.sin(q.anim_time*90*4-90+180)*4", 0, 0]
				},
				"wings_closed": {
					"scale": 0
				},
				"leg_right": {
					"rotation": ["-17.767+math.sin(q.anim_time*90*4-50)*3", 13.82107, 4.58156]
				},
				"leg_right2": {
					"rotation": ["-17.2773+math.sin(q.anim_time*90*4-75)*3", -4.02155, -6.33586]
				},
				"foot_right": {
					"rotation": ["-7.5+math.sin(q.anim_time*90*4-100)*1.5", 2.5, 0]
				},
				"toe_back_right": {
					"rotation": [-37.5, 0, 0]
				},
				"claw_back_right": {
					"rotation": [-22.5, 0, 0]
				},
				"toe_inner_right": {
					"rotation": [47.5, 0, 0]
				},
				"claw_inner_right": {
					"rotation": [30, 0, 0]
				},
				"toe_middle_right": {
					"rotation": [35, 0, 0]
				},
				"claw_middle_right": {
					"rotation": [30, 0, 0]
				},
				"toe_outer_right": {
					"rotation": [52.5, 0, 0]
				},
				"claw_outer_right": {
					"rotation": [30, 0, 0]
				},
				"chest": {
					"rotation": [-7.5, 0, 0]
				},
				"neck2": {
					"rotation": ["7.5-math.sin(q.anim_time*90*4-50+150)*3", 0, 0]
				},
				"wing_open_left": {
					"rotation": ["math.sin(q.anim_time*90*4+0)*20", 15, "math.sin(q.anim_time*90*4+0)*45"]
				},
				"wing_open_left2": {
					"rotation": [0, 5, "10+math.sin(q.anim_time*90*4-30)*35"]
				},
				"wing_open_left3": {
					"rotation": [0, -27.5, "5+math.sin(q.anim_time*90*4-60)*20"]
				},
				"wing_open_right": {
					"rotation": ["math.sin(q.anim_time*90*4+0)*20", -15, "-(math.sin(q.anim_time*90*4+0)*45)"]
				},
				"wing_open_right2": {
					"rotation": [0, -5, "-10-math.sin(q.anim_time*90*4-30)*35"]
				},
				"wing_open_right3": {
					"rotation": [0, 27.5, "-5-math.sin(q.anim_time*90*4-60)*20"]
				},
				"tail": {
					"rotation": ["7.5+math.sin(q.anim_time*90*4-60+180)*2", 0, 0]
				},
				"tail2": {
					"rotation": ["0+math.sin(q.anim_time*90*4-90+180)*7", 0, 0]
				},
				"tail_left2": {
					"rotation": ["0+math.sin(q.anim_time*90*4-120+180)*7", 0, 0]
				},
				"tail_left3": {
					"rotation": ["0+math.sin(q.anim_time*90*4-150+180)*10", 0, 0]
				},
				"tail_right2": {
					"rotation": ["0+math.sin(q.anim_time*90*4-120+180)*7", 0, 0]
				},
				"tail_right3": {
					"rotation": ["0+math.sin(q.anim_time*90*4-150+180)*10", 0, 0]
				}
			}
		},
		"animation.swellow.air_fly": {
			"loop": true,
			"bones": {
				"body": {
					"rotation": ["30+math.sin(q.anim_time*90*4-30+180)*2.5", 0, "0+math.sin(q.anim_time*90*1-45+180)*2"],
					"position": ["0+math.sin(q.anim_time*90*1-45)*0.75", "0+math.sin(q.anim_time*90*4-75)*1.5", 0]
				},
				"torso": {
					"rotation": [-27.5, 0, 0]
				},
				"neck": {
					"rotation": ["40+math.sin(q.anim_time*90*4-50+180)*3", 0, 0],
					"position": [0, 0.7, 2]
				},
				"head": {
					"rotation": ["-42.5-math.sin(q.anim_time*90*4-65+180)*6", 0, 0],
					"position": [0, 0, -1]
				},
				"hair1": {
					"rotation": ["0+math.sin(q.anim_time*90*4-95+180)*3", 0, 0]
				},
				"hair2": {
					"rotation": ["0+math.sin(q.anim_time*90*4-85+180)*5", 0, 0]
				},
				"hair_left": {
					"rotation": ["0+math.sin(q.anim_time*90*4-90+180)*4", 0, 0]
				},
				"leg_left": {
					"rotation": ["24.733+math.sin(q.anim_time*90*4-50)*3", -13.82107, -4.58156]
				},
				"leg_left2": {
					"rotation": ["-70.7773+math.sin(q.anim_time*90*4-75)*3", 4.02155, 6.33586]
				},
				"foot_left": {
					"rotation": ["-10+math.sin(q.anim_time*90*4-100)*1.5", -2.5, 0]
				},
				"toe_back_left": {
					"rotation": [-55, 0, 0]
				},
				"claw_back_left": {
					"rotation": [-45, 0, 0]
				},
				"toe_inner_left": {
					"rotation": [67.5, 0, 0]
				},
				"claw_inner_left": {
					"rotation": [45, 0, 0]
				},
				"toe_middle_left": {
					"rotation": [60, 0, 0]
				},
				"claw_middle_left": {
					"rotation": [45, 0, 0]
				},
				"toe_outer_left": {
					"rotation": [67.5, 0, 0]
				},
				"claw_outer_left": {
					"rotation": [45, 0, 0]
				},
				"swellow": {
					"position": [0, 3, 4]
				},
				"hair_left2": {
					"rotation": ["0+math.sin(q.anim_time*90*4-90+180)*4", 0, 0]
				},
				"hair_right": {
					"rotation": ["0+math.sin(q.anim_time*90*4-90+180)*4", 0, 0]
				},
				"hair_right2": {
					"rotation": ["0+math.sin(q.anim_time*90*4-90+180)*4", 0, 0]
				},
				"wings_closed": {
					"scale": 0
				},
				"leg_right": {
					"rotation": ["24.733+math.sin(q.anim_time*90*4-50)*3", -13.82107, -4.58156]
				},
				"leg_right2": {
					"rotation": ["-70.7773+math.sin(q.anim_time*90*4-75)*3", 4.02155, 6.33586]
				},
				"foot_right": {
					"rotation": ["-10+math.sin(q.anim_time*90*4-100)*1.5", -2.5, 0]
				},
				"toe_back_right": {
					"rotation": [-55, 0, 0]
				},
				"claw_back_right": {
					"rotation": [-45, 0, 0]
				},
				"toe_inner_right": {
					"rotation": [67.5, 0, 0]
				},
				"claw_inner_right": {
					"rotation": [45, 0, 0]
				},
				"toe_middle_right": {
					"rotation": [60, 0, 0]
				},
				"claw_middle_right": {
					"rotation": [45, 0, 0]
				},
				"toe_outer_right": {
					"rotation": [67.5, 0, 0]
				},
				"claw_outer_right": {
					"rotation": [45, 0, 0]
				},
				"neck2": {
					"rotation": [-10, 0, 0]
				},
				"wing_open_left": {
					"rotation": ["5+math.sin(q.anim_time*90*4-20)*30", 17.5, "math.sin(q.anim_time*90*4+0)*45"]
				},
				"wing_open_left2": {
					"rotation": [0, 5, "10+math.sin(q.anim_time*90*4-30)*35"]
				},
				"wing_open_left3": {
					"rotation": [0, -27.5, "5+math.sin(q.anim_time*90*4-60)*30"]
				},
				"wing_open_right": {
					"rotation": ["5+math.sin(q.anim_time*90*4-20)*30", -17.5, "-(math.sin(q.anim_time*90*4+0)*45)"]
				},
				"wing_open_right2": {
					"rotation": [0, -5, "-10-math.sin(q.anim_time*90*4-30)*35"]
				},
				"wing_open_right3": {
					"rotation": [0, 27.5, "-5-math.sin(q.anim_time*90*4-60)*30"]
				}
			}
		},
		"animation.swellow.sleep": {
			"loop": true,
			"bones": {
				"torso": {
					"rotation": ["10+math.sin(q.anim_time*90*1+0)*1", 0, 0],
					"position": [0, -2.25, 0]
				},
				"neck": {
					"rotation": ["-5+math.sin(q.anim_time*90*1-25)*1.5", 0, 0]
				},
				"head": {
					"rotation": ["24.9223+math.sin(q.anim_time*90*1-50)*3", -1.9276, 4.61437]
				},
				"hair1": {
					"rotation": ["0+math.sin(q.anim_time*90*1-75)*1.25", 0, 0]
				},
				"hair2": {
					"rotation": ["0+math.sin(q.anim_time*90*1-80)*2", 0, 0]
				},
				"hair_left": {
					"rotation": ["0+math.sin(q.anim_time*90*1-70)*1.75", 0, 0]
				},
				"eyelid_left": {
					"position": [0.1, 0, -0.1]
				},
				"leg_left2": {
					"rotation": [0, 0, 0]
				},
				"toe_inner_left": {
					"rotation": [0, 5, 0]
				},
				"toe_outer_left": {
					"rotation": [0, -5, 0]
				},
				"eyelid_angry_left": {
					"position": [0, 0, 0.1]
				},
				"hair_left2": {
					"rotation": ["0+math.sin(q.anim_time*90*1-70)*1.75", 0, 0]
				},
				"hair_right": {
					"rotation": ["0+math.sin(q.anim_time*90*1-70)*1.75", 0, 0]
				},
				"hair_right2": {
					"rotation": ["0+math.sin(q.anim_time*90*1-70)*1.75", 0, 0]
				},
				"tail": {
					"rotation": [-5, 0, 0]
				},
				"neck2": {
					"rotation": [-21.36045, 3.14427, 5.8134]
				},
				"tail2": {
					"rotation": [-10, 0, 0]
				},
				"leg_right2": {
					"rotation": [0, 0, 0]
				},
				"toe_inner_right": {
					"rotation": [0, 5, 0]
				},
				"toe_outer_right": {
					"rotation": [0, -5, 0]
				},
				"wings_open": {
					"scale": 0
				},
				"tail_left2": {
					"rotation": [-7.5, 0, 0]
				},
				"tail_left3": {
					"rotation": [-10, 0, 0]
				},
				"tail_right2": {
					"rotation": [-7.5, 0, 0]
				},
				"tail_right3": {
					"rotation": [-10, 0, 0]
				},
				"eyelid_right": {
					"position": [-0.1, 0, -0.1]
				},
				"eyelid_angry_right": {
					"position": [0, 0, 0.1]
				}
			}
		},
		"animation.swellow.blink": {
			"animation_length": 0.1667,
			"bones": {
				"eyelid_left": {
					"position": {
						"0.0": [0.1, 0, -0.1],
						"0.125": {"pre": [0.1, 0, -0.1], "post": [0, 0, 0]}
					}
				},
				"eyelid_angry_left": {
					"position": {
						"0.0": [0, 0, 0.1],
						"0.125": {"pre": [0, 0, 0.1], "post": [0, 0, 0]}
					}
				},
				"eyelid_right": {
					"position": {
						"0.0": [-0.1, 0, -0.1],
						"0.125": {"pre": [-0.1, 0, -0.1], "post": [0, 0, 0]}
					}
				},
				"eyelid_angry_right": {
					"position": {
						"0.0": [0, 0, 0.1],
						"0.125": {"pre": [0, 0, 0.1], "post": [0, 0, 0]}
					}
				}
			}
		},
		"animation.swellow.cry": {
			"animation_length": 1.5,
			"bones": {
				"neck": {
					"rotation": {
						"0.0": {
							"post": [0, 0, 0],
							"lerp_mode": "catmullrom"
						},
						"0.0833": {
							"post": [2.5, 0, 0],
							"lerp_mode": "catmullrom"
						},
						"0.1667": {
							"post": [10, 0, 0],
							"lerp_mode": "catmullrom"
						},
						"0.8333": {
							"post": [10, 0, 0],
							"lerp_mode": "catmullrom"
						},
						"1.0833": {
							"post": [-2.5, 0, 0],
							"lerp_mode": "catmullrom"
						},
						"1.5": {
							"post": [0, 0, 0],
							"lerp_mode": "catmullrom"
						}
					}
				},
				"head": {
					"rotation": {
						"0.0": [0, 0, 0],
						"0.1667": [-10, 0, 0],
						"0.8333": [-15, 0, 0],
						"1.0833": [0, 0, 0]
					}
				},
				"jaw": {
					"rotation": {
						"0.0": {
							"post": [0, 0, 0],
							"lerp_mode": "catmullrom"
						},
						"0.1667": {
							"post": [35, 0, 0],
							"lerp_mode": "catmullrom"
						},
						"0.3333": {
							"post": [12.34, 0, 0],
							"lerp_mode": "catmullrom"
						},
						"0.5": {
							"post": [50, 0, 0],
							"lerp_mode": "catmullrom"
						},
						"1.0833": {
							"post": [0, 0, 0],
							"lerp_mode": "catmullrom"
						},
						"1.5": {
							"post": [0, 0, 0],
							"lerp_mode": "catmullrom"
						}
					},
					"position": {
						"0.0": {
							"post": [0, 0, 0],
							"lerp_mode": "catmullrom"
						},
						"0.1667": {
							"post": [0, -0.4, 0],
							"lerp_mode": "catmullrom"
						},
						"0.3333": {
							"post": [0, 0, 0],
							"lerp_mode": "catmullrom"
						},
						"0.5": {
							"post": [0, -0.3, -0.1],
							"lerp_mode": "catmullrom"
						},
						"1.0833": {
							"post": [0, 0, 0],
							"lerp_mode": "catmullrom"
						}
					}
				},
				"mouth_open": {
					"position": {
						"0.0": {
							"post": [0, 0, 0],
							"lerp_mode": "catmullrom"
						},
						"0.1667": {
							"post": [0, 0.1, 0],
							"lerp_mode": "catmullrom"
						},
						"0.3333": {
							"post": [0, 0.6, 0],
							"lerp_mode": "catmullrom"
						},
						"0.5": {
							"post": [0, 0, 0],
							"lerp_mode": "catmullrom"
						},
						"0.8333": {
							"post": [0, 0.6, 0],
							"lerp_mode": "catmullrom"
						}
					}
				}
			},
			"sound_effects": {
				"0.0833": {
					"effect": "pokemon.swellow.cry"
				}
			}
		},
		"animation.swellow.wangs": {
			"loop": true,
			"bones": {
				"wing_open_left": {
					"rotation": [0, 22.5, 0]
				},
				"wing_open_left2": {
					"rotation": [0, 5, 0]
				},
				"wing_open_left3": {
					"rotation": [0, -27.5, 0]
				},
				"wing_open_right": {
					"rotation": [0, -22.5, 0]
				},
				"wing_open_right2": {
					"rotation": [0, -5, 0]
				},
				"wing_open_right3": {
					"rotation": [0, 27.5, 0]
				}
			}
		}
	}
}