{
	"format_version": "1.8.0",
	"animations": {
		"animation.togepi.ground_idle": {
			"loop": true,
			"bones": {
				"torso": {
					"rotation": [2.5, 0, 0]
				},
				"arm_left": {
					"rotation": [17.05989, 22.34478, 19.1477]
				},
				"arm_right": {
					"rotation": [17.05989, -22.34478, -19.1477]
				},
				"foot_left": {
					"rotation": [0, -22.5, 0]
				},
				"foot_right": {
					"rotation": [0, 22.5, 0]
				}
			}
		},
		"animation.togepi.blink": {
			"animation_length": 0.1667,
			"bones": {
				"eyelid_right": {
					"position": {
						"0.0": [0, 0, -2],
						"0.125": {"pre": [0, 0, -2], "post": [0, 0, -2]},
						"0.1667": {"pre": [0, 0, -2], "post": [0, 0, 0]}
					}
				},
				"eye_left": {
					"position": {
						"0.0": [0, -0.45, 0.1],
						"0.125": {"pre": [0, -0.45, 0.1], "post": [0, -0.45, 0.1]},
						"0.1667": {"pre": [0, -0.45, 0.1], "post": [0, 0, 0]}
					}
				},
				"eye_right": {
					"position": {
						"0.0": [0, -0.45, 0.1],
						"0.125": {"pre": [0, -0.45, 0.1], "post": [0, -0.45, 0.1]},
						"0.1667": {"pre": [0, -0.45, 0.1], "post": [0, 0, 0]}
					}
				},
				"eyelid_left": {
					"position": {
						"0.0": [0, 0, -2],
						"0.125": {"pre": [0, 0, -2], "post": [0, 0, -2]},
						"0.1667": {"pre": [0, 0, -2], "post": [0, 0, 0]}
					}
				}
			}
		}
	}
}