{
	"format_version": "1.8.0",
	"animations": {
		"animation.chandelure.ground_idle": {
			"loop": true,
			"bones": {
				"swing": {
					"rotation": ["2.5*math.sin(q.anim_time*90*2)*0.5", 0, "2.5*math.sin(q.anim_time*90*2+90)*0.5"],
					"position": [0, "math.sin(q.anim_time*90*2)*0.1", 0]
				},
				"arm_left3": {
					"rotation": [0, 0, "-17.5+math.sin(q.anim_time*90*4)*1"]
				},
				"arm_left4": {
					"rotation": [0, 0, "-32.5+math.sin(q.anim_time*90*4)*2.5"]
				},
				"candle_front_left": {
					"rotation": [20, "52.5+math.sin(q.anim_time*90*2)*2.5", "-32.5-math.sin(q.anim_time*90*4)*2.5"]
				},
				"candle_front_left2": {
					"rotation": [2.73725, -19.76134, -10.59189]
				},
				"flame_front_left": {
					"rotation": ["0.5-math.sin(q.anim_time*90*4-30)*5", -7.5, "(-3.5-math.sin(q.anim_time*90*4-30)*5)-math.sin(q.anim_time*90*2+90)*1"],
					"scale": ["1+math.sin(q.anim_time*90*4-135)*0.15", 1, 1]
				},
				"candle_back_left": {
					"rotation": [-20, "-52.5+math.sin(q.anim_time*90*2)*2.5", "-32.5-math.sin(q.anim_time*90*4)*2.5"]
				},
				"candle_back_left2": {
					"rotation": [-2.73725, 19.76134, -10.59189]
				},
				"flame_back_left": {
					"rotation": ["0.5+math.sin(q.anim_time*90*4-75)*5", 7.5, "(-3.5+math.sin(q.anim_time*90*4-75)*5)-math.sin(q.anim_time*90*2+90)*1"],
					"scale": ["1+math.sin(q.anim_time*90*4-45)*0.15", 1, 1]
				},
				"arm_right3": {
					"rotation": [0, 0, "17.5-math.sin(q.anim_time*90*4)*1"]
				},
				"arm_right4": {
					"rotation": [0, 0, "32.5-math.sin(q.anim_time*90*4)*2.5"]
				},
				"candle_front_right": {
					"rotation": [20, "-52.5-math.sin(q.anim_time*90*2)*2.5", "32.5+math.sin(q.anim_time*90*4)*2.5"]
				},
				"candle_front_right2": {
					"rotation": [2.73725, 19.76134, 10.59189]
				},
				"flame_front_right": {
					"rotation": ["-0.5-math.sin(q.anim_time*90*4-75)*5", 7.5, "(3.5-math.sin(q.anim_time*90*4-75)*5)-math.sin(q.anim_time*90*2+90)*1"],
					"scale": ["1+math.sin(q.anim_time*90*4-45)*0.15", 1, 1]
				},
				"candle_back_right": {
					"rotation": [-20, "52.5-math.sin(q.anim_time*90*2)*2.5", "32.5+math.sin(q.anim_time*90*4)*2.5"]
				},
				"candle_back_right2": {
					"rotation": [-2.73725, -19.76134, 10.59189]
				},
				"flame_back_right": {
					"rotation": ["-0.5+math.sin(q.anim_time*90*4-30)*5", -7.5, "(3.5+math.sin(q.anim_time*90*4-30)*5)-math.sin(q.anim_time*90*2+90)*1"],
					"scale": ["1+math.sin(q.anim_time*90*4-135)*0.15", 1, 1]
				},
				"arm_right2": {
					"rotation": [0, 0, "10-math.sin(q.anim_time*90*4)*1"]
				},
				"arm_left2": {
					"rotation": [0, 0, "-10+math.sin(q.anim_time*90*4)*1"]
				},
				"flame_middle": {
					"rotation": ["0+math.sin(q.anim_time*90*4-45)*5", 0, "0+math.sin(q.anim_time*90*4-135)*5"],
					"scale": [1, "1+math.sin(q.anim_time*90*4)*0.06", 1]
				},
				"flame_middle2": {
					"rotation": ["-2.5+math.sin(q.anim_time*90*4-185)*7", 0, "2.5+math.sin(q.anim_time*90*4-275)*8"],
					"scale": [1, "1+math.sin(q.anim_time*90*4-90)*0.08", 1]
				},
				"flame_middle3": {
					"rotation": ["3.5+math.sin(q.anim_time*90*4-295)*6", 0, "-3.5+math.sin(q.anim_time*90*4-385)*7"],
					"scale": [1, "1+math.sin(q.anim_time*90*4-170)*0.1", 1]
				},
				"head": {
					"rotation": [0, 0, 0]
				},
				"flame_inner": {
					"rotation": [0, "5*math.sin(q.anim_time*90*2+120)", 0],
					"scale": ["1-math.sin(q.anim_time*90*4)*0.06", 1, "1-math.sin(q.anim_time*90*4)*0.06"]
				},
				"body": {
					"position": [0, 5, 0]
				},
				"candle_front_left3": {
					"rotation": [7.6734, -26.48829, -16.80857]
				},
				"flame_front_left2": {
					"rotation": ["0.5-math.sin(q.anim_time*90*4-160)*5", 0, "-3.5-math.sin(q.anim_time*90*4-160)*8"],
					"scale": ["1+math.sin(q.anim_time*90*4-255)*0.2", 1, 1]
				},
				"flame_front_left3": {
					"rotation": ["0.5-math.sin(q.anim_time*90*4-250)*5", 0, "-3.5-math.sin(q.anim_time*90*4-250)*8"],
					"scale": ["1+math.sin(q.anim_time*90*4-325)*0.15", 1, 1]
				},
				"candle_back_left3": {
					"rotation": [7.6734, 26.48829, -16.80857]
				},
				"flame_back_left2": {
					"rotation": ["0.5+math.sin(q.anim_time*90*4-205)*5", 0, "-3.5+math.sin(q.anim_time*90*4-205)*8"],
					"scale": ["1+math.sin(q.anim_time*90*4-165)*0.2", 1, 1]
				},
				"flame_back_left3": {
					"rotation": ["0.5+math.sin(q.anim_time*90*4-295)*5", 0, "(-3.5+math.sin(q.anim_time*90*4-295)*5)"],
					"scale": ["1+math.sin(q.anim_time*90*4-235)*0.15", 1, 1]
				},
				"arm_left5": {
					"rotation": [0, 0, "-55+math.sin(q.anim_time*90*4)*4"]
				},
				"arm_left6": {
					"rotation": [0, 0, "-82.5+math.sin(q.anim_time*90*4)*4"]
				},
				"arm_left7": {
					"rotation": [0, 0, "-105+math.sin(q.anim_time*90*4)*4"]
				},
				"arm_left8": {
					"rotation": [6.84187, 0.15382, -103.7947]
				},
				"candle_front_right3": {
					"rotation": [7.6734, 26.48829, 16.80857]
				},
				"flame_front_right2": {
					"rotation": ["-0.5-math.sin(q.anim_time*90*4-205)*5", 0, "3.5-math.sin(q.anim_time*90*4-205)*8"],
					"scale": ["1+math.sin(q.anim_time*90*4-165)*0.2", 1, 1]
				},
				"flame_front_right3": {
					"rotation": ["-0.5-math.sin(q.anim_time*90*4-295)*5", 0, "(3.5-math.sin(q.anim_time*90*4-295)*5)"],
					"scale": ["1+math.sin(q.anim_time*90*4-235)*0.15", 1, 1]
				},
				"candle_back_right3": {
					"rotation": [7.6734, -26.48829, 16.80857]
				},
				"flame_back_right2": {
					"rotation": ["-0.5+math.sin(q.anim_time*90*4-160)*5", 0, "3.5+math.sin(q.anim_time*90*4-160)*8"],
					"scale": ["1+math.sin(q.anim_time*90*4-255)*0.2", 1, 1]
				},
				"flame_back_right3": {
					"rotation": ["-0.5+math.sin(q.anim_time*90*4-250)*5", 0, "3.5+math.sin(q.anim_time*90*4-250)*8"],
					"scale": ["1+math.sin(q.anim_time*90*4-325)*0.15", 1, 1]
				},
				"flame_middle4": {
					"rotation": ["-2.5+math.sin(q.anim_time*90*4+165)*6", 0, "2.5+math.sin(q.anim_time*90*4+255)*8"],
					"scale": [1, "1+math.sin(q.anim_time*90*4-220)*0.1", 1]
				},
				"flame_middle5": {
					"rotation": ["0+math.sin(q.anim_time*90*4+45)*8", 0, "0+math.sin(q.anim_time*90*4+135)*6"],
					"scale": [1, "1+math.sin(q.anim_time*90*4-260)*0.08", 1]
				},
				"arm_right5": {
					"rotation": [0, 0, "55-math.sin(q.anim_time*90*4)*4"]
				},
				"arm_right6": {
					"rotation": [0, 0, "82.5-math.sin(q.anim_time*90*4)*4"]
				},
				"arm_right7": {
					"rotation": [0, 0, "105-math.sin(q.anim_time*90*4)*4"]
				},
				"arm_right8": {
					"rotation": [6.84187, -0.15382, 103.7947]
				},
				"arm_left": {
					"rotation": [0, 0, "12.5+math.sin(q.anim_time*90*4)*1"]
				},
				"arm_right": {
					"rotation": [0, 0, "-12.5-math.sin(q.anim_time*90*4)*1"]
				}
			}
		},
		"animation.chandelure.ground_walk": {
			"loop": true,
			"bones": {
				"swing": {
					"rotation": ["15+2.5*math.sin(q.anim_time*90*2)*0.75", 0, "2.5*math.sin(q.anim_time*90*2+90)*0.75"],
					"position": [0, "math.sin(q.anim_time*90*4)*0.75", -8]
				},
				"arm_left3": {
					"rotation": [0, 0, "-17.5+math.sin(q.anim_time*90*4)*1"]
				},
				"arm_left4": {
					"rotation": [0, 0, "-27.5+math.sin(q.anim_time*90*4)*2.5"]
				},
				"candle_front_left": {
					"rotation": [20, "52.5+math.sin(q.anim_time*90*2)*2.5", "-32.5-math.sin(q.anim_time*90*4)*2.5"]
				},
				"candle_front_left2": {
					"rotation": [2.73725, -19.76134, -10.59189]
				},
				"flame_front_left": {
					"rotation": ["0.6186-math.sin(q.anim_time*90*4-30)*5", -17.48583, "-0.546+(-3.5-math.sin(q.anim_time*90*4-30)*5)-math.sin(q.anim_time*90*2+90)*1"],
					"scale": ["1+math.sin(q.anim_time*90*4-135)*0.15", 1, 1]
				},
				"candle_back_left": {
					"rotation": [-20, "-52.5+math.sin(q.anim_time*90*2)*2.5", "-32.5-math.sin(q.anim_time*90*4)*2.5"]
				},
				"candle_back_left2": {
					"rotation": [-2.73725, 19.76134, -10.59189]
				},
				"flame_back_left": {
					"rotation": ["0.5331+math.sin(q.anim_time*90*4-75)*5", -2.47182, "0.7518+(-3.5+math.sin(q.anim_time*90*4-75)*5)-math.sin(q.anim_time*90*2+90)*1"],
					"scale": ["1+math.sin(q.anim_time*90*4-45)*0.15", 1, 1]
				},
				"arm_right3": {
					"rotation": [0, 0, "17.5-math.sin(q.anim_time*90*4)*1"]
				},
				"arm_right4": {
					"rotation": [0, 0, "27.5-math.sin(q.anim_time*90*4)*2.5"]
				},
				"candle_front_right": {
					"rotation": [20, "-52.5-math.sin(q.anim_time*90*2)*2.5", "32.5+math.sin(q.anim_time*90*4)*2.5"]
				},
				"candle_front_right2": {
					"rotation": [2.73725, 19.76134, 10.59189]
				},
				"flame_front_right": {
					"rotation": ["-0.3292-math.sin(q.anim_time*90*4-75)*5", 17.47049, "0.7875+(3.5-math.sin(q.anim_time*90*4-75)*5)-math.sin(q.anim_time*90*2+90)*1"],
					"scale": ["1+math.sin(q.anim_time*90*4-45)*0.15", 1, 1]
				},
				"candle_back_right": {
					"rotation": [-20, "52.5-math.sin(q.anim_time*90*2)*2.5", "32.5+math.sin(q.anim_time*90*4)*2.5"]
				},
				"candle_back_right2": {
					"rotation": [-2.73725, -19.76134, 10.59189]
				},
				"flame_back_right": {
					"rotation": ["-0.4771+math.sin(q.anim_time*90*4-30)*5", 2.48647, "-0.5212+(3.5+math.sin(q.anim_time*90*4-30)*5)-math.sin(q.anim_time*90*2+90)*1"],
					"scale": ["1+math.sin(q.anim_time*90*4-135)*0.15", 1, 1]
				},
				"arm_right2": {
					"rotation": [0, 0, "10-math.sin(q.anim_time*90*4)*1"]
				},
				"arm_left2": {
					"rotation": [0, 0, "-10+math.sin(q.anim_time*90*4)*1"]
				},
				"flame_middle": {
					"rotation": ["-7.5+math.sin(q.anim_time*90*4-45)*5", 0, "math.sin(q.anim_time*90*4-135)*5"],
					"scale": [1, "1+math.sin(q.anim_time*90*4)*0.06", 1]
				},
				"flame_middle2": {
					"rotation": ["-7.5+math.sin(q.anim_time*90*4-185)*7", 0, "2.5+math.sin(q.anim_time*90*4-275)*8"],
					"scale": [1, "1+math.sin(q.anim_time*90*4-90)*0.08", 1]
				},
				"flame_middle3": {
					"rotation": ["3.5+math.sin(q.anim_time*90*4-295)*6", 0, "-3.5+math.sin(q.anim_time*90*4-385)*7"],
					"scale": [1, "1+math.sin(q.anim_time*90*4-170)*0.1", 1]
				},
				"head": {
					"rotation": [0, 0, 0]
				},
				"flame_inner": {
					"rotation": [0, "5*math.sin(q.anim_time*90*2+120)", 0],
					"scale": ["1-math.sin(q.anim_time*90*4)*0.06", 1, "1-math.sin(q.anim_time*90*4)*0.06"]
				},
				"body": {
					"position": [0, 5, -2.5]
				},
				"candle_front_left3": {
					"rotation": [7.6734, -26.48829, -16.80857]
				},
				"flame_front_left2": {
					"rotation": ["0.5-math.sin(q.anim_time*90*4-160)*5", 0, "-3.5-math.sin(q.anim_time*90*4-160)*8"],
					"scale": ["1+math.sin(q.anim_time*90*4-255)*0.2", 1, 1]
				},
				"flame_front_left3": {
					"rotation": ["0.5-math.sin(q.anim_time*90*4-250)*5", 0, "-3.5-math.sin(q.anim_time*90*4-250)*8"],
					"scale": ["1+math.sin(q.anim_time*90*4-325)*0.15", 1, 1]
				},
				"candle_back_left3": {
					"rotation": [7.6734, 26.48829, -16.80857]
				},
				"flame_back_left2": {
					"rotation": ["0.5+math.sin(q.anim_time*90*4-205)*5", 0, "-3.5+math.sin(q.anim_time*90*4-205)*8"],
					"scale": ["1+math.sin(q.anim_time*90*4-165)*0.2", 1, 1]
				},
				"flame_back_left3": {
					"rotation": ["0.5+math.sin(q.anim_time*90*4-295)*5", 0, "(-3.5+math.sin(q.anim_time*90*4-295)*5)"],
					"scale": ["1+math.sin(q.anim_time*90*4-235)*0.15", 1, 1]
				},
				"arm_left5": {
					"rotation": [0, 0, "-52.5+math.sin(q.anim_time*90*4)*4"]
				},
				"arm_left6": {
					"rotation": [0, 0, "-90+math.sin(q.anim_time*90*4)*4"]
				},
				"arm_left7": {
					"rotation": [0, 0, "-100+math.sin(q.anim_time*90*4)*4"]
				},
				"arm_left8": {
					"rotation": [6.84187, 0.15382, -103.7947]
				},
				"candle_front_right3": {
					"rotation": [7.6734, 26.48829, 16.80857]
				},
				"flame_front_right2": {
					"rotation": ["-0.5-math.sin(q.anim_time*90*4-205)*5", 0, "3.5-math.sin(q.anim_time*90*4-205)*8"],
					"scale": ["1+math.sin(q.anim_time*90*4-165)*0.2", 1, 1]
				},
				"flame_front_right3": {
					"rotation": ["-0.5-math.sin(q.anim_time*90*4-295)*5", 0, "(3.5-math.sin(q.anim_time*90*4-295)*5)"],
					"scale": ["1+math.sin(q.anim_time*90*4-235)*0.15", 1, 1]
				},
				"candle_back_right3": {
					"rotation": [7.6734, -26.48829, 16.80857]
				},
				"flame_back_right2": {
					"rotation": ["-0.5+math.sin(q.anim_time*90*4-160)*5", 0, "3.5+math.sin(q.anim_time*90*4-160)*8"],
					"scale": ["1+math.sin(q.anim_time*90*4-255)*0.2", 1, 1]
				},
				"flame_back_right3": {
					"rotation": ["-0.5+math.sin(q.anim_time*90*4-250)*5", 0, "3.5+math.sin(q.anim_time*90*4-250)*8"],
					"scale": ["1+math.sin(q.anim_time*90*4-325)*0.15", 1, 1]
				},
				"flame_middle4": {
					"rotation": ["-2.5+math.sin(q.anim_time*90*4+165)*6", 0, "2.5+math.sin(q.anim_time*90*4+255)*8"],
					"scale": [1, "1+math.sin(q.anim_time*90*4-220)*0.1", 1]
				},
				"flame_middle5": {
					"rotation": ["0+math.sin(q.anim_time*90*4+45)*8", 0, "0+math.sin(q.anim_time*90*4+135)*6"],
					"scale": [1, "1+math.sin(q.anim_time*90*4-260)*0.08", 1]
				},
				"arm_right5": {
					"rotation": [0, 0, "52.5-math.sin(q.anim_time*90*4)*4"]
				},
				"arm_right6": {
					"rotation": [0, 0, "87.5-math.sin(q.anim_time*90*4)*4"]
				},
				"arm_right7": {
					"rotation": [0, 0, "100-math.sin(q.anim_time*90*4)*4"]
				},
				"arm_right8": {
					"rotation": [6.84187, -0.15382, 103.7947]
				},
				"arm_left": {
					"rotation": [0, 0, "17.5+math.sin(q.anim_time*90*4)*1"]
				},
				"arm_right": {
					"rotation": [0, 0, "-17.5-math.sin(q.anim_time*90*4)*1"]
				}
			}
		},
		"animation.chandelure.battle_idle": {
			"loop": true,
			"animation_length": 2,
			"bones": {
				"swing": {
					"rotation": ["2.5*math.sin(q.anim_time*90*2)*2", 0, "2.5*math.sin(q.anim_time*90*2+90)*2"],
					"position": [0, "math.sin(q.anim_time*90*4)*0.1", 0]
				},
				"arm_left3": {
					"rotation": [0, 0, "-37.5+math.sin(q.anim_time*90*4)*1"]
				},
				"arm_left4": {
					"rotation": [0, 0, "-47.5+math.sin(q.anim_time*90*4)*2.5"]
				},
				"candle_front_left": {
					"rotation": [19.5917, "65.9421+math.sin(q.anim_time*90*2)*2.5", "-4.1775-math.sin(q.anim_time*90*4)*2.5"]
				},
				"candle_front_left2": {
					"rotation": [2.96729, -29.74903, -11.13916]
				},
				"flame_front_left": {
					"rotation": ["0.5-math.sin(q.anim_time*90*4-30)*5", -7.5, "(-3.5-math.sin(q.anim_time*90*4-30)*5)-math.sin(q.anim_time*90*2+90)*2"],
					"scale": ["1+math.sin(q.anim_time*90*4-135)*0.15", 1, 1]
				},
				"candle_back_left": {
					"rotation": [-19.5917, "-65.9421+math.sin(q.anim_time*90*2)*2.5", "-4.1775-math.sin(q.anim_time*90*4)*2.5"]
				},
				"candle_back_left2": {
					"rotation": [2.96729, 29.749, -11.13916]
				},
				"flame_back_left": {
					"rotation": ["0.5+math.sin(q.anim_time*90*4-75)*5", 7.5, "(-3.5+math.sin(q.anim_time*90*4-75)*5)-math.sin(q.anim_time*90*2+90)*2"],
					"scale": ["1+math.sin(q.anim_time*90*4-45)*0.15", 1, 1]
				},
				"arm_right3": {
					"rotation": [0, 0, "37.5-math.sin(q.anim_time*90*4)*1"]
				},
				"arm_right4": {
					"rotation": [0, 0, "47.5-math.sin(q.anim_time*90*4)*2.5"]
				},
				"candle_front_right": {
					"rotation": [19.5917, "-65.9421-math.sin(q.anim_time*90*2)*2.5", "4.1775+math.sin(q.anim_time*90*4)*2.5"]
				},
				"candle_front_right2": {
					"rotation": [2.96729, 29.74903, 11.13916]
				},
				"flame_front_right": {
					"rotation": ["-0.5-math.sin(q.anim_time*90*4-75)*5", 7.5, "(3.5-math.sin(q.anim_time*90*4-75)*5)-math.sin(q.anim_time*90*2+90)*2"],
					"scale": ["1+math.sin(q.anim_time*90*4-45)*0.15", 1, 1]
				},
				"candle_back_right": {
					"rotation": [-19.5917, "65.9421-math.sin(q.anim_time*90*2)*2.5", "4.1775+math.sin(q.anim_time*90*4)*2.5"]
				},
				"candle_back_right2": {
					"rotation": [2.96729, -29.749, 11.13916]
				},
				"flame_back_right": {
					"rotation": ["-0.5+math.sin(q.anim_time*90*4-30)*5", -7.5, "(3.5+math.sin(q.anim_time*90*4-30)*5)-math.sin(q.anim_time*90*2+90)*2"],
					"scale": ["1+math.sin(q.anim_time*90*4-135)*0.15", 1, 1]
				},
				"arm_right2": {
					"rotation": [0, 0, "15-math.sin(q.anim_time*90*4)*1"]
				},
				"arm_left2": {
					"rotation": [0, 0, "-15+math.sin(q.anim_time*90*4)*1"]
				},
				"flame_middle": {
					"rotation": ["0+math.sin(q.anim_time*90*4-45)*5", 0, "(0+math.sin(q.anim_time*90*4-135)*5)-math.sin(q.anim_time*90*2+90)*2"],
					"scale": [1, "1+math.sin(q.anim_time*90*4)*0.06", 1]
				},
				"flame_middle2": {
					"rotation": ["-2.5+math.sin(q.anim_time*90*4-185)*7", 0, "2.5+math.sin(q.anim_time*90*4-275)*8"],
					"scale": [1, "1+math.sin(q.anim_time*90*4-90)*0.08", 1]
				},
				"flame_middle3": {
					"rotation": ["3.5+math.sin(q.anim_time*90*4-295)*6", 0, "-3.5+math.sin(q.anim_time*90*4-385)*7"],
					"scale": [1, "1+math.sin(q.anim_time*90*4-170)*0.1", 1]
				},
				"head": {
					"rotation": [0, 0, 0]
				},
				"flame_inner": {
					"rotation": [0, "5*math.sin(q.anim_time*90*2+120)", 0],
					"scale": ["1-math.sin(q.anim_time*90*4)*0.06", 1, "1-math.sin(q.anim_time*90*4)*0.06"]
				},
				"body": {
					"position": [0, 5, 0]
				},
				"candle_front_left3": {
					"rotation": [7.6734, -26.48829, -16.80857]
				},
				"flame_front_left2": {
					"rotation": ["0.5-math.sin(q.anim_time*90*4-160)*5", 0, "-3.5-math.sin(q.anim_time*90*4-160)*8"],
					"scale": ["1+math.sin(q.anim_time*90*4-255)*0.2", 1, 1]
				},
				"flame_front_left3": {
					"rotation": ["0.5-math.sin(q.anim_time*90*4-250)*5", 0, "-3.5-math.sin(q.anim_time*90*4-250)*8"],
					"scale": ["1+math.sin(q.anim_time*90*4-325)*0.15", 1, 1]
				},
				"candle_back_left3": {
					"rotation": [7.6734, 26.48829, -16.80857]
				},
				"flame_back_left2": {
					"rotation": ["0.5+math.sin(q.anim_time*90*4-205)*5", 0, "-3.5+math.sin(q.anim_time*90*4-205)*8"],
					"scale": ["1+math.sin(q.anim_time*90*4-165)*0.2", 1, 1]
				},
				"flame_back_left3": {
					"rotation": ["0.5+math.sin(q.anim_time*90*4-295)*5", 0, "(-3.5+math.sin(q.anim_time*90*4-295)*5)"],
					"scale": ["1+math.sin(q.anim_time*90*4-235)*0.15", 1, 1]
				},
				"arm_left5": {
					"rotation": [0, 0, "-57.5-math.sin(q.anim_time*90*4)*4"]
				},
				"arm_left6": {
					"rotation": [0, 0, "-77.5+math.sin(q.anim_time*90*4)*4"]
				},
				"arm_left7": {
					"rotation": [0, 0, "-90+math.sin(q.anim_time*90*4)*4"]
				},
				"arm_left8": {
					"rotation": [6.84187, 0.15382, -103.7947]
				},
				"candle_front_right3": {
					"rotation": [7.6734, 26.48829, 16.80857]
				},
				"flame_front_right2": {
					"rotation": ["-0.5-math.sin(q.anim_time*90*4-205)*5", 0, "3.5-math.sin(q.anim_time*90*4-205)*8"],
					"scale": ["1+math.sin(q.anim_time*90*4-165)*0.2", 1, 1]
				},
				"flame_front_right3": {
					"rotation": ["-0.5-math.sin(q.anim_time*90*4-295)*5", 0, "(3.5-math.sin(q.anim_time*90*4-295)*5)"],
					"scale": ["1+math.sin(q.anim_time*90*4-235)*0.15", 1, 1]
				},
				"candle_back_right3": {
					"rotation": [7.6734, -26.48829, 16.80857]
				},
				"flame_back_right2": {
					"rotation": ["-0.5+math.sin(q.anim_time*90*4-160)*5", 0, "3.5+math.sin(q.anim_time*90*4-160)*8"],
					"scale": ["1+math.sin(q.anim_time*90*4-255)*0.2", 1, 1]
				},
				"flame_back_right3": {
					"rotation": ["-0.5+math.sin(q.anim_time*90*4-250)*5", 0, "3.5+math.sin(q.anim_time*90*4-250)*8"],
					"scale": ["1+math.sin(q.anim_time*90*4-325)*0.15", 1, 1]
				},
				"flame_middle4": {
					"rotation": ["-2.5+math.sin(q.anim_time*90*4+165)*6", 0, "2.5+math.sin(q.anim_time*90*4+255)*8"],
					"scale": [1, "1+math.sin(q.anim_time*90*4-220)*0.1", 1]
				},
				"flame_middle5": {
					"rotation": ["0+math.sin(q.anim_time*90*4+45)*8", 0, "0+math.sin(q.anim_time*90*4+135)*6"],
					"scale": [1, "1+math.sin(q.anim_time*90*4-260)*0.08", 1]
				},
				"arm_right5": {
					"rotation": [0, 0, "57.5+math.sin(q.anim_time*90*4)*4"]
				},
				"arm_right6": {
					"rotation": [0, 0, "77.5-math.sin(q.anim_time*90*4)*4"]
				},
				"arm_right7": {
					"rotation": [0, 0, "90-math.sin(q.anim_time*90*4)*4"]
				},
				"arm_right8": {
					"rotation": [6.84187, -0.15382, 103.7947]
				},
				"arm_left": {
					"rotation": [0, 0, "12.5+math.sin(q.anim_time*90*4)*4"]
				},
				"arm_right": {
					"rotation": [0, 0, "-12.5-math.sin(q.anim_time*90*4)*4"]
				}
			}
		},
		"animation.chandelure.sleep": {
			"loop": true,
			"bones": {
				"swing": {
					"rotation": ["2.5*math.sin(q.anim_time*90*1)*0.45", 0, "2.5*math.sin(q.anim_time*90*1+90)*0.45"],
					"position": [0, "math.sin(q.anim_time*90*1)*0.1", 0]
				},
				"arm_left3": {
					"rotation": [0, 0, "-17.5+math.sin(q.anim_time*90*2)*1"]
				},
				"arm_left4": {
					"rotation": [0, 0, "-32.5+math.sin(q.anim_time*90*2)*1"]
				},
				"candle_front_left": {
					"rotation": [13.58846, "53.9477+math.sin(q.anim_time*90*1)*2.5", "-40.4993-math.sin(q.anim_time*90*2)*2.5"]
				},
				"candle_front_left2": {
					"rotation": [2.73725, -19.76134, -10.59189]
				},
				"flame_front_left": {
					"rotation": ["0.5-math.sin(q.anim_time*90*4-30)*2.5", -7.5, "(-3.5-math.sin(q.anim_time*90*4-30)*2.5)-math.sin(q.anim_time*90*2+90)*1"],
					"scale": ["1+math.sin(q.anim_time*90*4-135)*0.15", 1, 1]
				},
				"candle_back_left": {
					"rotation": [-13.58846, "-53.9477+math.sin(q.anim_time*90*1)*2.5", "-40.4993-math.sin(q.anim_time*90*2)*2.5"]
				},
				"candle_back_left2": {
					"rotation": [-2.73725, 19.76134, -10.59189]
				},
				"flame_back_left": {
					"rotation": ["0.5+math.sin(q.anim_time*90*4-75)*2.5", 7.5, "(-3.5+math.sin(q.anim_time*90*4-75)*2.5)-math.sin(q.anim_time*90*2+90)*1"],
					"scale": ["1+math.sin(q.anim_time*90*4-45)*0.15", 1, 1]
				},
				"arm_right3": {
					"rotation": [0, 0, "17.5-math.sin(q.anim_time*90*2)*1"]
				},
				"arm_right4": {
					"rotation": [0, 0, "32.5-math.sin(q.anim_time*90*2)*1"]
				},
				"candle_front_right": {
					"rotation": [13.58846, "-53.9477-math.sin(q.anim_time*90*1)*2.5", "40.4993+math.sin(q.anim_time*90*2)*2.5"]
				},
				"candle_front_right2": {
					"rotation": [2.73725, 19.76134, 10.59189]
				},
				"flame_front_right": {
					"rotation": ["-0.5-math.sin(q.anim_time*90*4-75)*2.5", 7.5, "(3.5-math.sin(q.anim_time*90*4-75)*2.5)-math.sin(q.anim_time*90*2+90)*1"],
					"scale": ["1+math.sin(q.anim_time*90*4-45)*0.15", 1, 1]
				},
				"candle_back_right": {
					"rotation": [-13.58846, "53.9477-math.sin(q.anim_time*90*1)*2.5", "40.4993+math.sin(q.anim_time*90*2)*2.5"]
				},
				"candle_back_right2": {
					"rotation": [-2.73725, -19.76134, 10.59189]
				},
				"flame_back_right": {
					"rotation": ["-0.5+math.sin(q.anim_time*90*4-30)*5", -7.5, "(3.5+math.sin(q.anim_time*90*4-30)*5)-math.sin(q.anim_time*90*2+90)*1"],
					"scale": ["1+math.sin(q.anim_time*90*4-135)*0.15", 1, 1]
				},
				"arm_right2": {
					"rotation": [0, 0, "10-math.sin(q.anim_time*90*2)*1"]
				},
				"arm_left2": {
					"rotation": [0, 0, "-10+math.sin(q.anim_time*90*2)*1"]
				},
				"flame_middle": {
					"rotation": ["0+math.sin(q.anim_time*90*4-45)*2.5", 0, "0+math.sin(q.anim_time*90*4-135)*2.5"],
					"scale": [1, "1+math.sin(q.anim_time*90*4)*0.06", 1]
				},
				"flame_middle2": {
					"rotation": ["-2.5+math.sin(q.anim_time*90*4-185)*3", 0, "2.5+math.sin(q.anim_time*90*4-275)*8"],
					"scale": [1, "1+math.sin(q.anim_time*90*4-90)*0.08", 1]
				},
				"flame_middle3": {
					"rotation": ["3.5+math.sin(q.anim_time*90*4-295)*6", 0, "-3.5+math.sin(q.anim_time*90*4-385)*7"],
					"scale": [1, "1+math.sin(q.anim_time*90*4-170)*0.1", 1]
				},
				"head": {
					"rotation": [0, 0, 0]
				},
				"flame_inner": {
					"rotation": [0, "5*math.sin(q.anim_time*90*2+120)", 0],
					"scale": ["1-math.sin(q.anim_time*90*4)*0.06", 1, "1-math.sin(q.anim_time*90*4)*0.06"]
				},
				"body": {
					"rotation": [19.9299, -1.70818, 4.69986],
					"position": [0, 5, 0]
				},
				"candle_front_left3": {
					"rotation": [7.6734, -26.48829, -16.80857]
				},
				"flame_front_left2": {
					"rotation": ["0.5-math.sin(q.anim_time*90*4-160)*5", 0, "-3.5-math.sin(q.anim_time*90*4-160)*8"],
					"scale": ["1+math.sin(q.anim_time*90*4-255)*0.2", 1, 1]
				},
				"flame_front_left3": {
					"rotation": ["0.5-math.sin(q.anim_time*90*4-250)*5", 0, "-3.5-math.sin(q.anim_time*90*4-250)*8"],
					"scale": ["1+math.sin(q.anim_time*90*4-325)*0.15", 1, 1]
				},
				"candle_back_left3": {
					"rotation": [7.6734, 26.48829, -16.80857]
				},
				"flame_back_left2": {
					"rotation": ["0.5+math.sin(q.anim_time*90*4-205)*5", 0, "-3.5+math.sin(q.anim_time*90*4-205)*8"],
					"scale": ["1+math.sin(q.anim_time*90*4-165)*0.2", 1, 1]
				},
				"flame_back_left3": {
					"rotation": ["0.5+math.sin(q.anim_time*90*4-295)*5", 0, "(-3.5+math.sin(q.anim_time*90*4-295)*5)"],
					"scale": ["1+math.sin(q.anim_time*90*4-235)*0.15", 1, 1]
				},
				"arm_left5": {
					"rotation": [0, 0, "-30-math.sin(q.anim_time*90*2)*1"]
				},
				"arm_left6": {
					"rotation": [0, 0, "-52.5+math.sin(q.anim_time*90*2)*2"]
				},
				"arm_left7": {
					"rotation": [0, 0, "-70+math.sin(q.anim_time*90*2)*2"]
				},
				"arm_left8": {
					"rotation": [6.84187, 0.15382, -103.7947]
				},
				"candle_front_right3": {
					"rotation": [7.6734, 26.48829, 16.80857]
				},
				"flame_front_right2": {
					"rotation": ["-0.5-math.sin(q.anim_time*90*4-205)*5", 0, "3.5-math.sin(q.anim_time*90*4-205)*8"],
					"scale": ["1+math.sin(q.anim_time*90*4-165)*0.2", 1, 1]
				},
				"flame_front_right3": {
					"rotation": ["-0.5-math.sin(q.anim_time*90*4-295)*5", 0, "(3.5-math.sin(q.anim_time*90*4-295)*5)"],
					"scale": ["1+math.sin(q.anim_time*90*4-235)*0.15", 1, 1]
				},
				"candle_back_right3": {
					"rotation": [7.6734, -26.48829, 16.80857]
				},
				"flame_back_right2": {
					"rotation": ["-0.5+math.sin(q.anim_time*90*4-160)*5", 0, "3.5+math.sin(q.anim_time*90*4-160)*8"],
					"scale": ["1+math.sin(q.anim_time*90*4-255)*0.2", 1, 1]
				},
				"flame_back_right3": {
					"rotation": ["-0.5+math.sin(q.anim_time*90*4-250)*5", 0, "3.5+math.sin(q.anim_time*90*4-250)*8"],
					"scale": ["1+math.sin(q.anim_time*90*4-325)*0.15", 1, 1]
				},
				"flame_middle4": {
					"rotation": ["-2.5+math.sin(q.anim_time*90*4+165)*6", 0, "2.5+math.sin(q.anim_time*90*4+255)*8"],
					"scale": [1, "1+math.sin(q.anim_time*90*4-220)*0.1", 1]
				},
				"flame_middle5": {
					"rotation": ["0+math.sin(q.anim_time*90*4+45)*8", 0, "0+math.sin(q.anim_time*90*4+135)*6"],
					"scale": [1, "1+math.sin(q.anim_time*90*4-260)*0.08", 1]
				},
				"arm_right5": {
					"rotation": [0, 0, "30+math.sin(q.anim_time*90*2)*1"]
				},
				"arm_right6": {
					"rotation": [0, 0, "52.5-math.sin(q.anim_time*90*2)*2"]
				},
				"arm_right7": {
					"rotation": [0, 0, "70-math.sin(q.anim_time*90*2)*2"]
				},
				"arm_right8": {
					"rotation": [6.84187, -0.15382, 103.7947]
				},
				"arm_left": {
					"rotation": [0, 0, "17.5+math.sin(q.anim_time*90*2)*1"]
				},
				"arm_right": {
					"rotation": [0, 0, "-17.5-math.sin(q.anim_time*90*2)*1"]
				},
				"eye_open_left": {
					"position": [0, 0, 0.1]
				},
				"eye_closed_left": {
					"position": [0, 0, -0.1]
				},
				"eye_open_right": {
					"position": [0, 0, 0.1]
				},
				"eye_closed_right": {
					"position": [0, 0, -0.1]
				}
			}
		},
		"animation.chandelure.blink": {
			"animation_length": 0.1667,
			"bones": {
				"eye_open_left": {
					"position": {
						"0.0": [0, 0, 0.1],
						"0.125": [0, 0, 0.1],
						"0.1667": [0, 0, 0]
					}
				},
				"eye_closed_left": {
					"position": {
						"0.0": [0, 0, -0.1],
						"0.125": [0, 0, -0.1],
						"0.1667": [0, 0, 0]
					}
				},
				"eye_open_right": {
					"position": {
						"0.0": [0, 0, 0.1],
						"0.125": [0, 0, 0.1],
						"0.1667": [0, 0, 0]
					}
				},
				"eye_closed_right": {
					"position": {
						"0.0": [0, 0, -0.1],
						"0.125": [0, 0, -0.1],
						"0.1667": [0, 0, 0]
					}
				}
			}
		},
		"animation.chandelure.shock": {
			"loop": true,
			"bones": {
				"eye_open_left": {
					"scale": [0.5, 0.5, 1]
				},
				"eye_open_right": {
					"scale": [0.5, 0.5, 1]
				}
			}
		},
		"animation.chandelure.angry": {
			"loop": true,
			"bones": {
				"eye_expression_left": {
					"position": [-0.5, -0.5, -0.1]
				},
				"eye_expression_right": {
					"position": [0.5, -0.5, -0.1]
				}
			}
		},
		"animation.chandelure.sad": {
			"loop": true,
			"bones": {
				"eye_expression_left": {
					"position": [0.5, 0, -0.1]
				},
				"eye_expression_right": {
					"position": [-0.5, 0, -0.1]
				}
			}
		},
		"animation.chandelure.unamused": {
			"loop": true,
			"bones": {
				"eye_expression_left": {
					"position": [0, 0, -0.1],
					"scale": [2, 1, 1]
				},
				"eye_expression_right": {
					"position": [0, 0, -0.1],
					"scale": [2, 1, 1]
				}
			}
		},
		"animation.chandelure.happy": {
			"loop": true,
			"bones": {
				"eye_open_left": {
					"position": [0, 0, 0.1]
				},
				"eye_happy_left": {
					"position": [0, 0, -0.1]
				},
				"eye_open_right": {
					"position": [0, 0, 0.1]
				},
				"eye_happy_right": {
					"position": [0, 0, -0.1]
				}
			}
		},
		"animation.chandelure.hurt": {
			"loop": true,
			"bones": {
				"eye_open_left": {
					"position": [0, 0, 0.1]
				},
				"eye_closed_left": {
					"rotation": [0, 0, -25],
					"position": [0, 0.5, -0.1]
				},
				"eye_open_right": {
					"position": [0, 0, 0.1]
				},
				"eye_closed_right": {
					"rotation": [0, 0, 25],
					"position": [0, 0.5, -0.1]
				}
			}
		}
	}
}