{
	"format_version": "1.8.0",
	"animations": {
		"animation.rotom_mow.ground_idle": {
			"loop": true,
			"bones": {
				"body": {
					"rotation": ["0+math.sin(q.anim_time*90*1.5-160+180)*5", 0, 0],
					"position": [0, "0+math.sin(q.anim_time*90*3-160)*0.2", 0]
				},
				"wheel_left_rotation": {
					"rotation": ["0+math.sin(q.anim_time*90*1.5-160)*15", 0, "0+math.sin(q.anim_time*90*1.5+20+180)*3"],
					"position": [0, "0+math.clamp(math.sin(query.anim_time*90*1*3+330)*0.5,-0.1,0.9)", 0]
				},
				"wheel_right_rotation": {
					"rotation": ["0+math.sin(q.anim_time*90*1.5-160)*15", 0, "0+math.sin(q.anim_time*90*1.5+20)*3"],
					"position": [0, "0+math.clamp(math.sin(query.anim_time*90*1*3+330)*0.5,-0.1,0.9)", 0]
				},
				"bagger": {
					"rotation": [2.5, 0, 0],
					"position": [0, 0, "0+math.sin(q.anim_time*90*1.5-160+180)*0.75"]
				},
				"arm_left": {
					"rotation": [0, 0, "5+math.sin(q.anim_time*90*28)*36"]
				},
				"arm_left2": {
					"rotation": [0, 0, -15]
				},
				"arm_right": {
					"rotation": [0, 0, "-5-math.sin(q.anim_time*90*28)*36"]
				},
				"arm_right2": {
					"rotation": [0, 0, 15]
				},
				"arm_bottom2": {
					"rotation": [0, -180, 0]
				},
				"arm_bottom_rotation": {
					"position": [0, 0, 7],
					"scale": [0.5, 1, 0.5]
				}
			}
		},
		"animation.rotom_mow.ground_walk": {
			"loop": true,
			"animation_length": 2,
			"bones": {
				"body": {
					"rotation": ["5-math.sin(q.anim_time*90*8-150)*3", 0, 0],
					"position": [0, "0.8+math.clamp(math.sin(query.anim_time*90*1*12+260)*4,-1.0,1)", 0]
				},
				"wheel_left_rotation": {
					"rotation": ["0*1+q.anim_time*90*4", 0, "0+math.sin(q.anim_time*90*6+20)*6"],
					"position": [0, "math.clamp(math.sin(query.anim_time*90*1*12+280)*1,-0.1,0.9)", 0.1]
				},
				"wheel_right_rotation": {
					"rotation": ["0*1+q.anim_time*90*4", 0, "0+math.sin(q.anim_time*90*6+20+180)*6"],
					"position": [0, "math.clamp(math.sin(query.anim_time*90*1*12+280)*1,-0.1,0.9)", 0.1]
				},
				"bagger": {
					"rotation": [7.5, 0, 0],
					"position": [0, 0, 0.75]
				},
				"arm_left": {
					"scale": 0
				},
				"arm_left2": {
					"rotation": [0, 0, -15]
				},
				"arm_right": {
					"scale": 0
				},
				"arm_right2": {
					"rotation": [0, 0, 15]
				},
				"arm_bottom2": {
					"rotation": [0, -180, 0]
				},
				"arm_bottom_rotation": {
					"position": [0, 0, 7],
					"scale": [0.5, 1, 0.5]
				},
				"wheels": {
					"position": [0, -0.3, 0]
				}
			}
		},
		"animation.rotom_mow.battle_idle": {
			"loop": true,
			"animation_length": 2,
			"bones": {
				"body": {
					"rotation": ["5-math.sin(q.anim_time*90*8)*12", 0, 0],
					"position": [0, "2-math.sin(q.anim_time*90*10-150)*2", 0]
				},
				"wheel_left_rotation": {
					"rotation": [0, 0, "0-math.sin(q.anim_time*90*8)*6"],
					"position": [0.3, "-math.clamp(math.sin(query.anim_time*90*1*12+280)*1,-0.1,0.9)", 0.1]
				},
				"wheel_right_rotation": {
					"rotation": [0, 0, "0+math.sin(q.anim_time*90*8)*6"],
					"position": [-0.3, "-math.clamp(math.sin(query.anim_time*90*1*12+280)*1,-0.1,0.9)", 0.1]
				},
				"bagger": {
					"rotation": [2.5, 0, 0],
					"position": [0, 0, 0.75]
				},
				"arm_left": {
					"rotation": [0, 0, "5+math.sin(q.anim_time*90*28)*36"]
				},
				"arm_left2": {
					"rotation": [0, 0, -15]
				},
				"arm_right": {
					"rotation": [0, 0, "-5-math.sin(q.anim_time*90*28)*36"]
				},
				"arm_right2": {
					"rotation": [0, 0, 15]
				},
				"arm_bottom2": {
					"rotation": [0, -180, 0]
				},
				"arm_bottom_rotation": {
					"position": [0, 0, 7],
					"scale": [0.5, 1, 0.5]
				},
				"wheels": {
					"position": [0, "0+math.sin(q.anim_time*90*10-20)*2", 0]
				}
			}
		},
		"animation.rotom_mow.blink": {
			"animation_length": 0.1667,
			"bones": {
				"eyelid_left": {
					"position": {
						"0.0": [0, 0, -0.1],
						"0.125": [0, 0, -0.1],
						"0.1667": [0, 0, 0]
					}
				},
				"eyelid_right": {
					"position": {
						"0.0": [0, 0, -0.1],
						"0.125": [0, 0, -0.1],
						"0.1667": [0, 0, 0]
					}
				}
			}
		},
		"animation.rotom_mow.third_arm": {
			"loop": true,
			"bones": {
				"arm_left": {
					"rotation": [0, 0, 90],
					"position": [-1.9, 0, 0],
					"scale": [0.5, 0.5, 1]
				},
				"arm_left2": {
					"rotation": [0, 0, -180]
				},
				"arm_right": {
					"rotation": [0, 0, -90],
					"position": [1.9, 0, 0],
					"scale": [0.5, 0.5, 1]
				},
				"arm_right2": {
					"rotation": [0, 0, 180]
				}
			}
		},
		"animation.rotom_mow.cry": {
			"animation_length": 1.5,
			"bones": {
				"body": {
					"rotation": {
						"0.0": [0, 0, 0],
						"0.0417": [-20, 0, 0],
						"0.125": [-18.75928, 28.01575, 3.8417],
						"0.1667": [-10, 0, 13.75],
						"0.2083": [-15, 0, 0],
						"0.2917": [-15, 0, -5],
						"0.3333": [-15, 0, -3.75],
						"0.375": [-15, 0, 2.5],
						"0.4167": [-10, 0, 16.75],
						"0.4583": [-15, 0, 11.5],
						"0.5": [-15, 0, 3],
						"0.5833": [-15, 0, -2.5],
						"0.625": [-10, 0, 19.75],
						"0.6667": [-15, 0, 17.25],
						"0.7083": [-15, 0, 0],
						"0.75": [-2.58514, -7.63134, 20.07106],
						"0.9167": [14.91486, -7.63134, 20.07106],
						"1.1667": [-10.08514, -7.63134, 20.07106],
						"1.2917": [16.69926, 0.71879, -8.82307],
						"1.4167": [11.54318, 0.8253, -13.16807],
						"1.5": [0, 0, 0]
					},
					"position": {
						"0.0": {
							"post": [0, 0, 0],
							"lerp_mode": "catmullrom"
						},
						"0.0417": {
							"post": [0, 1.25, 10.675],
							"lerp_mode": "catmullrom"
						},
						"0.0833": {
							"post": [1.25, -0.25, 15.425],
							"lerp_mode": "catmullrom"
						},
						"0.125": {
							"post": [8, 1.25, 6.675],
							"lerp_mode": "catmullrom"
						},
						"0.1667": [-22, 16.25, 8.175],
						"0.25": [-23, 17.25, 8.1],
						"0.375": {"pre": [-23, 17.25, 8.1], "post": [-22, 6.25, 4.6]},
						"0.4167": [24, -0.75, -5.9],
						"0.5": [25.425, -1.85, -7],
						"0.625": {
							"pre": [21.25, 9.5, -2.9],
							"post": [21.25, 9.5, -2.9],
							"lerp_mode": "catmullrom"
						},
						"0.6667": {
							"post": [10, 18.25, -12.9],
							"lerp_mode": "catmullrom"
						},
						"0.75": {
							"post": [10, 18.25, -12.9],
							"lerp_mode": "catmullrom"
						},
						"0.9167": {
							"post": [-1.25, 18.5, 1.1],
							"lerp_mode": "catmullrom"
						},
						"1.0417": {
							"post": [-2.25, 17.75, 1.1],
							"lerp_mode": "catmullrom"
						},
						"1.25": [-2.25, 17.75, 1.1],
						"1.2917": [0, 0, 0],
						"1.5": [0, 0, 0]
					},
					"scale": {
						"0.125": [1, 1, 1],
						"0.1667": {"pre": [1, 1, 1], "post": [1.6, 0.9, 0.8]},
						"0.25": [1, 1, 1],
						"0.375": [1, 1, 1],
						"0.4167": {"pre": [1, 1, 1], "post": [1.6, 0.9, 0.8]},
						"0.5": [1, 1, 1],
						"0.5833": [1, 1, 1],
						"0.625": {"pre": [1, 1, 1], "post": [1.6, 0.9, 0.8]},
						"0.75": [1, 1, 1],
						"1.25": [1, 1, 1],
						"1.2917": {"pre": [1, 1, 1], "post": [0.9, 1.6, 0.8]},
						"1.4167": [1, 1, 1]
					}
				}
			},
			"sound_effects": {
				"0.0": {
					"effect": "pokemon.rotom.cry"
				}
			}
		}
	}
}