{
	"format_version": "1.8.0",
	"animations": {
		"animation.tranquill.blink": {
			"animation_length": 0.1667,
			"bones": {
				"eyelid_angry_left": {
					"position": {
						"0.0": [-0.1, 0, 0.1],
						"0.125": {
							"pre": [-0.1, 0, 0.1],
							"post": [0, 0, 0]
						}
					}
				},
				"eyelid_right": {
					"position": {
						"0.0": [-0.1, 0, -0.1],
						"0.125": {
							"pre": [-0.1, 0, -0.1],
							"post": [0, 0, 0]
						}
					}
				},
				"eyelid_angry_right": {
					"position": {
						"0.0": [0.1, 0, 0.1],
						"0.125": {
							"pre": [0.1, 0, 0.1],
							"post": [0, 0, 0]
						}
					}
				},
				"eyelid_left": {
					"position": {
						"0.0": [0.1, 0, -0.1],
						"0.125": {
							"pre": [0.1, 0, -0.1],
							"post": [0, 0, 0]
						}
					}
				}
			}
		},
		"animation.tranquill.cry": {
			"animation_length": 1.5,
			"bones": {
				"torso": {
					"rotation": {
						"0.0": [0, 0, 0],
						"0.1667": {
							"pre": [0, 0, 0],
							"post": [0, 0, 0],
							"lerp_mode": "catmullrom"
						},
						"0.25": {
							"post": [2.50238, -0.10901, -2.49762],
							"lerp_mode": "catmullrom"
						},
						"0.4167": {
							"post": [4.00095, -0.04362, -2.49962],
							"lerp_mode": "catmullrom"
						},
						"0.5833": {
							"post": [-3.99157, 0.39097, 2.46926],
							"lerp_mode": "catmullrom"
						},
						"0.9167": {
							"post": [0, 0, 0],
							"lerp_mode": "catmullrom"
						},
						"1.25": [0, 0, 0]
					},
					"position": {
						"0.0": [0, 0, 0],
						"0.3333": {
							"pre": [0, -0.2, -0.2],
							"post": [0, -0.2, -0.2],
							"lerp_mode": "catmullrom"
						},
						"0.6667": {
							"post": [0, 0.2, 0],
							"lerp_mode": "catmullrom"
						},
						"1.0833": {
							"post": [0, 0, 0],
							"lerp_mode": "catmullrom"
						},
						"1.3333": [0, 0, 0]
					}
				},
				"neck": {
					"rotation": {
						"0.1667": [0, 0, 0],
						"0.3333": {
							"pre": [12.47462, -1.40671, 2.06689],
							"post": [12.47462, -1.40671, 2.06689],
							"lerp_mode": "catmullrom"
						},
						"0.5": {
							"post": [24.97274, 1.80416, -1.7309],
							"lerp_mode": "catmullrom"
						},
						"0.6667": {
							"post": [2.48006, 0.99661, -2.29288],
							"lerp_mode": "catmullrom"
						},
						"1.0": {
							"post": [0, 0, 0],
							"lerp_mode": "catmullrom"
						},
						"1.3333": [0, 0, 0]
					}
				},
				"head_angle": {
					"rotation": {
						"0.1667": [0, 0, 0],
						"0.3333": {
							"pre": [-15, 0, 0],
							"post": [-15, 0, 0],
							"lerp_mode": "catmullrom"
						},
						"0.5": {
							"post": [0, 0, 0],
							"lerp_mode": "catmullrom"
						},
						"0.6667": {
							"post": [-22.5, 0, 0],
							"lerp_mode": "catmullrom"
						},
						"1.0833": {
							"post": [5, 0, 0],
							"lerp_mode": "catmullrom"
						},
						"1.5": [0, 0, 0]
					}
				},
				"hair": {
					"rotation": {
						"0.1667": [0, 0, 0],
						"0.25": {
							"pre": [-12.5, 0, 0],
							"post": [-12.5, 0, 0],
							"lerp_mode": "catmullrom"
						},
						"0.4167": {
							"post": [-12.5, 0, 0],
							"lerp_mode": "catmullrom"
						},
						"0.6667": {
							"post": [20, 0, 0],
							"lerp_mode": "catmullrom"
						},
						"0.8333": {
							"post": [-17.5, 0, 0],
							"lerp_mode": "catmullrom"
						},
						"1.1667": {
							"post": [10, 0, 0],
							"lerp_mode": "catmullrom"
						},
						"1.5": [0, 0, 0]
					}
				},
				"jaw": {
					"rotation": {
						"0.1667": [0, 0, 0],
						"0.3333": [52.5, 0, 0],
						"0.5": [12.5, 0, 0],
						"0.5833": [70, 0, 0],
						"0.75": [70, 0, 0],
						"0.9167": [0, 0, 0]
					}
				},
				"wing_closed_left": {
					"rotation": {
						"0.25": [0, 0, 0],
						"0.4167": {
							"pre": [-5, 0, 0],
							"post": [-5, 0, 0],
							"lerp_mode": "catmullrom"
						},
						"0.75": {
							"post": [7.85697, 0.90487, -9.96546],
							"lerp_mode": "catmullrom"
						},
						"1.25": {
							"post": [0, 0, 0],
							"lerp_mode": "catmullrom"
						},
						"1.5": [0, 0, 0]
					}
				},
				"wing_closed_right": {
					"rotation": {
						"0.25": [0, 0, 0],
						"0.4167": {
							"pre": [-5, 0, 0],
							"post": [-5, 0, 0],
							"lerp_mode": "catmullrom"
						},
						"0.75": {
							"post": [7.85697, -0.90487, 9.96546],
							"lerp_mode": "catmullrom"
						},
						"1.25": {
							"post": [0, 0, 0],
							"lerp_mode": "catmullrom"
						},
						"1.5": [0, 0, 0]
					}
				}
			},
			"sound_effects": {
				"0.1667": {
					"effect": "pokemon.tranquill.cry"
				}
			}
		},
		"animation.tranquill.ground_idle": {
			"loop": true,
			"bones": {
				"toe_inner_left": {
					"rotation": [0, 5, 0]
				},
				"toe_outer_left": {
					"rotation": [0, -5, 0]
				},
				"hair": {
					"rotation": ["0+math.sin(q.anim_time*90*2-160)*3", 0, 0]
				},
				"wing_left": {
					"rotation": [173.06428, "-69.8486+math.sin(q.anim_time*90*2-60)*-1.5", -82.7329],
					"position": [0, -2.5, -2]
				},
				"wing_left2": {
					"rotation": [-0.61072, 44.98912, -0.37494]
				},
				"wing_left3": {
					"rotation": [0, -30, 0]
				},
				"neck": {
					"rotation": ["math.sin(q.anim_time*90*2-120)*1.5", 0, 0]
				},
				"head": {
					"rotation": [0, 0, 0]
				},
				"wing_right": {
					"rotation": [173.06428, "69.8486+math.sin(q.anim_time*90*2-60)*1.5", 82.73288],
					"position": [0, -2.5, -2]
				},
				"wing_right2": {
					"rotation": [-0.61072, -44.98912, 0.37494]
				},
				"wing_right3": {
					"rotation": [0, 30, 0]
				},
				"torso": {
					"rotation": ["math.sin(q.anim_time*90*2)", 0, 0],
					"position": [0, "0+math.sin(q.anim_time*90*2)*-0.1", 0]
				},
				"chest": {
					"rotation": ["math.sin(q.anim_time*90*2-60)", 0, 0]
				},
				"eyelid_angry_right": {
					"position": [0, 0, 0]
				},
				"wings_open": {
					"scale": 0
				},
				"wing_open_left": {
					"rotation": [-360, -52.5, 450],
					"position": [0, -3.3, -0.2]
				},
				"wing_open_left2": {
					"rotation": [0, -32.5, 0]
				},
				"wing_open_left3": {
					"rotation": [0, -45, 0]
				},
				"wing_open_left4": {
					"rotation": [0, -47.5, 0]
				},
				"wing_open_right": {
					"rotation": [-360, 57.5, -450],
					"position": [0, -3.3, -0.2]
				},
				"wing_open_right2": {
					"rotation": [0, 32.5, 0]
				},
				"wing_open_right3": {
					"rotation": [0, 45, 0]
				},
				"wing_open_right4": {
					"rotation": [0, 47.5, 0]
				},
				"tail2": {
					"rotation": ["0+math.sin(q.anim_time*90*2-100)*2", 0, 0]
				},
				"tail3": {
					"rotation": ["0+math.sin(q.anim_time*90*2-120)*3", 0, 0]
				},
				"leg_left": {
					"rotation": ["2.0485+math.sin(q.anim_time*90*2)*2", -12.49226, -0.44329],
					"position": [0, "-0.04+math.sin(q.anim_time*90*2)*-0.04", "math.sin(q.anim_time*90*2)*0.025"]
				},
				"leg_left2": {
					"rotation": ["-4+math.sin(q.anim_time*90*2)*-4", 0, 0]
				},
				"foot_left": {
					"rotation": ["2+math.sin(q.anim_time*90*2)*2", 0, 0]
				},
				"leg_right": {
					"rotation": ["2.0485+math.sin(q.anim_time*90*2)*2", 12.49226, 0.44329],
					"position": [0, "-0.04+math.sin(q.anim_time*90*2)*-0.04", "math.sin(q.anim_time*90*2)*0.025"]
				},
				"leg_right2": {
					"rotation": ["-4+math.sin(q.anim_time*90*2)*-4", 0, 0]
				},
				"foot_right": {
					"rotation": ["2+math.sin(q.anim_time*90*2)*2", 0, 0]
				}
			}
		},
		"animation.tranquill.ground_walk": {
			"loop": true,
			"animation_length": 1,
			"bones": {
				"toe_inner_left": {
					"rotation": {
						"0.0": [0, 0, 0],
						"0.0833": {
							"pre": [-20, 0, 0],
							"post": [-20, 0, 0],
							"lerp_mode": "catmullrom"
						},
						"0.1667": {
							"post": [-31.1, 0, 0],
							"lerp_mode": "catmullrom"
						},
						"0.25": {
							"post": [23.47, 0, 0],
							"lerp_mode": "catmullrom"
						},
						"0.4167": {
							"post": [35.97, 0, 0],
							"lerp_mode": "catmullrom"
						},
						"0.5": [0, 0, 0],
						"1.0": [0, 0, 0]
					}
				},
				"toe_outer_left": {
					"rotation": {
						"0.0": [0, 0, 0],
						"0.0833": {
							"pre": [-20, 0, 0],
							"post": [-20, 0, 0],
							"lerp_mode": "catmullrom"
						},
						"0.1667": {
							"post": [-31.1, 0, 0],
							"lerp_mode": "catmullrom"
						},
						"0.25": {
							"post": [23.47, 0, 0],
							"lerp_mode": "catmullrom"
						},
						"0.4167": {
							"post": [35.97, 0, 0],
							"lerp_mode": "catmullrom"
						},
						"0.5": [0, 0, 0],
						"1.0": [0, 0, 0]
					}
				},
				"tail": {
					"rotation": [0, 0, 0]
				},
				"hair": {
					"rotation": ["15+math.sin(q.anim_time*90*8-30)*-4", 0, 0]
				},
				"wing_left": {
					"rotation": [173.06428, "-69.8486+math.sin(q.anim_time*90*8-20)*-2", -82.7329],
					"position": [0, -2.5, -2]
				},
				"wing_left2": {
					"rotation": [-0.61072, 44.98912, -0.37494]
				},
				"wing_left3": {
					"rotation": [0, -30, 0]
				},
				"neck": {
					"rotation": ["10+math.sin(q.anim_time*90*8-90)*6", 0, 0]
				},
				"wing_right": {
					"rotation": [173.0643, "69.8486+math.sin(q.anim_time*90*8-20)*2", 82.7329],
					"position": [0, -2.5, -2]
				},
				"wing_right2": {
					"rotation": [-0.61072, -44.98912, 0.37494]
				},
				"wing_right3": {
					"rotation": [0, 30, 0]
				},
				"leg_left": {
					"rotation": {
						"0.0": {
							"post": [22.5, 0, 0],
							"lerp_mode": "catmullrom"
						},
						"0.3333": {
							"post": [27.5, 0, 0],
							"lerp_mode": "catmullrom"
						},
						"0.5": [-22.5, 0, 0],
						"1.0": [22.5, 0, 0]
					},
					"position": {
						"0.0": {
							"post": [0, -0.4, 1],
							"lerp_mode": "catmullrom"
						},
						"0.25": {
							"post": [0, 0.5, 0.2],
							"lerp_mode": "catmullrom"
						},
						"0.5": [0, -1.6, -1],
						"0.75": [0, -0.5, 0],
						"1.0": [0, -0.4, 1]
					}
				},
				"leg_left2": {
					"rotation": {
						"0.0": [-12.5, 0, 0],
						"0.1667": {
							"pre": [-13.89, 0, 0],
							"post": [-13.89, 0, 0],
							"lerp_mode": "catmullrom"
						},
						"0.3333": {
							"post": [-77.5, 0, 0],
							"lerp_mode": "catmullrom"
						},
						"0.5": [-20, 0, 0],
						"1.0": [-20, 0, 0]
					}
				},
				"foot_left": {
					"rotation": {
						"0.0": [-10, 0, 0],
						"0.0833": [6.68409, -0.08532, 0.14333],
						"0.3333": [41.22631, -0.37658, 0.63262],
						"0.5": [42.5, 0, 0],
						"1.0": [-2.5, 0, 0]
					},
					"position": [0, 0, -0.4]
				},
				"leg_right": {
					"rotation": {
						"0.0": [-22.5, 0, 0],
						"0.5": [22.5, 0, 0],
						"0.8333": {
							"pre": [27.5, 0, 0],
							"post": [27.5, 0, 0],
							"lerp_mode": "catmullrom"
						},
						"1.0": {
							"post": [-22.5, 0, 0],
							"lerp_mode": "catmullrom"
						}
					},
					"position": {
						"0.0": [0, -1.6, -1],
						"0.25": [0, -0.5, 0],
						"0.5": [0, -0.4, 1],
						"0.75": {
							"pre": [0, 0.5, 0.2],
							"post": [0, 0.5, 0.2],
							"lerp_mode": "catmullrom"
						},
						"1.0": {
							"post": [0, -1.6, -1],
							"lerp_mode": "catmullrom"
						}
					}
				},
				"leg_right2": {
					"rotation": {
						"0.0": [-20, 0, 0],
						"0.5": [-12.5, 0, 0],
						"0.6667": {
							"pre": [-13.89, 0, 0],
							"post": [-13.89, 0, 0],
							"lerp_mode": "catmullrom"
						},
						"0.8333": {
							"post": [-77.5, 0, 0],
							"lerp_mode": "catmullrom"
						},
						"1.0": {
							"post": [-20, 0, 0],
							"lerp_mode": "catmullrom"
						}
					}
				},
				"foot_right": {
					"rotation": {
						"0.0": [42.5, 0, 0],
						"0.5": [-10, 0, 0],
						"0.5833": [6.68409, -0.08532, 0.14333],
						"0.8333": [41.22631, -0.37658, 0.63262],
						"1.0": [42.5, 0, 0]
					},
					"position": {
						"0.0": [0, 0, -0.4],
						"1.0": [0, 0, -0.4]
					}
				},
				"torso": {
					"rotation": ["math.sin(q.anim_time*90*8-130)*2", 0, "math.sin(q.anim_time*90*4-120)*-3"],
					"position": [0, "math.sin(q.anim_time*90*8-90)*0.5", 0]
				},
				"toe_back_left": {
					"rotation": {
						"0.0": [0, 0, 0],
						"0.0833": {
							"pre": [0, 0, 0],
							"post": [0, 0, 0],
							"lerp_mode": "catmullrom"
						},
						"0.3333": {
							"post": [-15, 0, 0],
							"lerp_mode": "catmullrom"
						},
						"0.5": {
							"post": [0, 0, 0],
							"lerp_mode": "catmullrom"
						}
					}
				},
				"toe_middle_left": {
					"rotation": {
						"0.0": [0, 0, 0],
						"0.0833": {
							"pre": [-20, 0, 0],
							"post": [-20, 0, 0],
							"lerp_mode": "catmullrom"
						},
						"0.1667": {
							"post": [-31.1, 0, 0],
							"lerp_mode": "catmullrom"
						},
						"0.25": {
							"post": [23.47, 0, 0],
							"lerp_mode": "catmullrom"
						},
						"0.4167": {
							"post": [35.97, 0, 0],
							"lerp_mode": "catmullrom"
						},
						"0.5": [0, 0, 0],
						"1.0": [0, 0, 0]
					}
				},
				"chest": {
					"rotation": [0, 0, "math.sin(q.anim_time*90*4-120)*6"]
				},
				"wings_open": {
					"scale": 0
				},
				"tail2": {
					"rotation": ["math.sin(q.anim_time*90*8)*-4", 0, 0]
				},
				"toe_back_right": {
					"rotation": {
						"0.5": [0, 0, 0],
						"0.5833": {
							"pre": [0, 0, 0],
							"post": [0, 0, 0],
							"lerp_mode": "catmullrom"
						},
						"0.8333": {
							"post": [-15, 0, 0],
							"lerp_mode": "catmullrom"
						},
						"1.0": {
							"post": [0, 0, 0],
							"lerp_mode": "catmullrom"
						}
					}
				},
				"toe_inner_right": {
					"rotation": {
						"0.0": [0, 0, 0],
						"0.5": [0, 0, 0],
						"0.5833": {
							"pre": [-20, 0, 0],
							"post": [-20, 0, 0],
							"lerp_mode": "catmullrom"
						},
						"0.6667": {
							"post": [-28.9, 0, 0],
							"lerp_mode": "catmullrom"
						},
						"0.75": {
							"post": [19.17, 0, 0],
							"lerp_mode": "catmullrom"
						},
						"0.9167": {
							"post": [19.17, 0, 0],
							"lerp_mode": "catmullrom"
						},
						"1.0": {
							"post": [0, 0, 0],
							"lerp_mode": "catmullrom"
						}
					}
				},
				"toe_middle_right": {
					"rotation": {
						"0.0": [0, 0, 0],
						"0.5": [0, 0, 0],
						"0.5833": {
							"pre": [-25, 0, 0],
							"post": [-25, 0, 0],
							"lerp_mode": "catmullrom"
						},
						"0.6667": {
							"post": [-32.81, 0, 0],
							"lerp_mode": "catmullrom"
						},
						"0.75": {
							"post": [21.11, 0, 0],
							"lerp_mode": "catmullrom"
						},
						"0.9167": {
							"post": [21.11, 0, 0],
							"lerp_mode": "catmullrom"
						},
						"1.0": {
							"post": [0, 0, 0],
							"lerp_mode": "catmullrom"
						}
					}
				},
				"toe_outer_right": {
					"rotation": {
						"0.0": [0, 0, 0],
						"0.5": [0, 0, 0],
						"0.5833": {
							"pre": [-20, 0, 0],
							"post": [-20, 0, 0],
							"lerp_mode": "catmullrom"
						},
						"0.6667": {
							"post": [-31.1, 0, 0],
							"lerp_mode": "catmullrom"
						},
						"0.75": {
							"post": [23.47, 0, 0],
							"lerp_mode": "catmullrom"
						},
						"0.9167": {
							"post": [35.97, 0, 0],
							"lerp_mode": "catmullrom"
						},
						"1.0": {
							"post": [0, 0, 0],
							"lerp_mode": "catmullrom"
						}
					}
				},
				"head_angle": {
					"rotation": ["-10+math.sin(q.anim_time*90*8-90)*-6", 0, 0]
				},
				"wing_open_left": {
					"rotation": [-360, -52.5, 450],
					"position": [0, -3.3, -0.2]
				},
				"wing_open_left2": {
					"rotation": [0, -32.5, 0]
				},
				"wing_open_left3": {
					"rotation": [0, -45, 0]
				},
				"wing_open_left4": {
					"rotation": [0, -47.5, 0]
				},
				"wing_open_right": {
					"rotation": [-360, 57.5, -450],
					"position": [0, -3.3, -0.2]
				},
				"wing_open_right2": {
					"rotation": [0, 32.5, 0]
				},
				"wing_open_right3": {
					"rotation": [0, 45, 0]
				},
				"wing_open_right4": {
					"rotation": [0, 47.5, 0]
				},
				"wing_closed_left": {
					"rotation": ["math.sin(q.anim_time*90*8-120)*1", 0, 0]
				},
				"wing_closed_right": {
					"rotation": ["math.sin(q.anim_time*90*8-120)*1", 0, 0]
				}
			}
		},
		"animation.tranquill.walkspeed_test": {
			"loop": true,
			"bones": {
				"tranquill": {
					"position": [0, 0, "16+q.anim_time*-12.3"]
				}
			}
		},
		"animation.tranquill.air_idle": {
			"loop": true,
			"animation_length": 1.5,
			"bones": {
				"body": {
					"rotation": ["math.sin(q.anim_time*90*4/0.75-20)*-4", 0, "math.sin(q.anim_time*90*2/0.75-70)*0.5"],
					"position": ["math.sin(q.anim_time*90*2/0.75-70)*-0.2", "math.sin(q.anim_time*90*4/0.75-10)*-2", "math.sin(q.anim_time*90*4/0.75-40)*-0.2"]
				},
				"torso": {
					"rotation": [-17.5, 0, 0]
				},
				"wing_left": {
					"rotation": [35, "-10+math.sin(q.anim_time*90*5)*25", "-(math.sin(q.anim_time*90*5)*50)"]
				},
				"wing_left2": {
					"rotation": [0, 0, "-(math.sin(q.anim_time*90*5-50)*25)"]
				},
				"wing_left3": {
					"rotation": [0, 0, "-(math.sin(q.anim_time*90*5-100)*30)"]
				},
				"wing_right": {
					"rotation": [35, "10+math.sin(q.anim_time*90*5)*-25", "math.sin(q.anim_time*90*5)*50"]
				},
				"wing_right2": {
					"rotation": [0, 0, "math.sin(q.anim_time*90*5-50)*25"]
				},
				"wing_right3": {
					"rotation": [0, 0, "math.sin(q.anim_time*90*5-100)*30"]
				},
				"tail": {
					"rotation": ["0+math.sin(q.anim_time*90*4/0.75-130)*-2", 0, 0]
				},
				"neck": {
					"rotation": ["22.5+math.sin(q.anim_time*90*4/0.75-80)*4", 0, 0]
				},
				"hair": {
					"rotation": ["math.sin(q.anim_time*90*4/0.75-90)*-9", 0, 0]
				},
				"leg_left": {
					"rotation": ["5.0429+math.sin(q.anim_time*90*4/0.75-120)*5", -7.4713, -0.6574]
				},
				"leg_left2": {
					"rotation": ["-32.5+math.sin(q.anim_time*90*4/0.75-150)*2", 0, 0]
				},
				"foot_left": {
					"rotation": ["7.25+math.sin(q.anim_time*90*4/0.75-170)*3", -2.99318, 0]
				},
				"toe_back_left": {
					"rotation": [-17.5, 0, 0]
				},
				"claw_back_left": {
					"rotation": [-37.5, 0, 0]
				},
				"toe_inner_left": {
					"rotation": [27.5, 0, 0]
				},
				"claw_inner_left": {
					"rotation": [20, 0, 0]
				},
				"toe_outer_left": {
					"rotation": [35, 0, 0]
				},
				"claw_outer_left": {
					"rotation": [27.5, 0, 0]
				},
				"toe_middle_left": {
					"rotation": [25, 0, 0]
				},
				"claw_middle_left": {
					"rotation": [30, 0, 0]
				},
				"leg_right": {
					"rotation": ["10+math.sin(q.anim_time*90*4/0.75-100)*5", 12.5, 0]
				},
				"leg_right2": {
					"rotation": ["-40+math.sin(q.anim_time*90*4/0.75-130)*2", 0, 0]
				},
				"foot_right": {
					"rotation": ["4.335+math.sin(q.anim_time*90*4/0.75-150)*3", 4.46375, 0]
				},
				"toe_back_right": {
					"rotation": [-27.5, 0, 0]
				},
				"claw_back_right": {
					"rotation": [-37.5, 0, 0]
				},
				"toe_inner_right": {
					"rotation": [12.5, 0, 0]
				},
				"claw_inner_right": {
					"rotation": [22.5, 0, 0]
				},
				"toe_outer_right": {
					"rotation": [22.5, 0, 0]
				},
				"claw_outer_right": {
					"rotation": [22.5, 0, 0]
				},
				"toe_middle_right": {
					"rotation": [20, 0, 0]
				},
				"claw_middle_right": {
					"rotation": [15, 0, 0]
				},
				"chest": {
					"rotation": ["math.sin(q.anim_time*90*4/0.75-20)*+8", 0, 0]
				},
				"head_angle": {
					"rotation": ["-5+math.sin(q.anim_time*90*4/0.75-110)*1", 0, 0]
				},
				"wings_closed": {
					"scale": 0
				},
				"wing_closed_left": {
					"rotation": {
						"0.0": [-93.02584, -6.58525, -147.7136],
						"0.2917": {
							"pre": [-57.5876, 12.80519, -13.38634],
							"post": [-57.5876, 12.80519, -13.38634],
							"lerp_mode": "catmullrom"
						},
						"0.75": {
							"post": [-93.02584, -6.58525, -147.7136],
							"lerp_mode": "catmullrom"
						},
						"1.0417": {
							"post": [-57.5876, 12.80519, -13.38634],
							"lerp_mode": "catmullrom"
						},
						"1.5": [-93.02584, -6.58525, -147.7136]
					}
				},
				"wing_closed_right": {
					"rotation": {
						"0.0": [-93.02584, 6.58525, 147.7136],
						"0.2917": {
							"pre": [-57.5876, -12.80519, 13.38634],
							"post": [-57.5876, -12.80519, 13.38634],
							"lerp_mode": "catmullrom"
						},
						"0.75": {
							"post": [-93.02584, 6.58525, 147.7136],
							"lerp_mode": "catmullrom"
						},
						"1.0417": {
							"post": [-57.5876, -12.80519, 13.38634],
							"lerp_mode": "catmullrom"
						},
						"1.5": [-93.02584, 6.58525, 147.7136]
					}
				},
				"wing_open_left": {
					"rotation": {
						"0.0": {
							"post": [-12.65955, 23.6295, -62.45165],
							"lerp_mode": "catmullrom"
						},
						"0.2917": {
							"post": [21.47948, -8.5681, 70.62057],
							"lerp_mode": "catmullrom"
						},
						"0.75": {
							"post": [-12.65955, 23.6295, -62.45165],
							"lerp_mode": "catmullrom"
						},
						"1.0417": {
							"post": [21.47948, -8.5681, 70.62057],
							"lerp_mode": "catmullrom"
						},
						"1.5": {
							"post": [-12.65955, 23.6295, -62.45165],
							"lerp_mode": "catmullrom"
						}
					},
					"position": {
						"0.0": [0, 0, 0],
						"0.2917": {
							"pre": [0, -1.6, 0],
							"post": [0, -1.6, 0],
							"lerp_mode": "catmullrom"
						},
						"0.75": {
							"post": [0, 0, 0],
							"lerp_mode": "catmullrom"
						},
						"1.0417": {
							"post": [0, -1.6, 0],
							"lerp_mode": "catmullrom"
						},
						"1.5": [0, 0, 0]
					}
				},
				"wing_open_left3": {
					"rotation": {
						"0.0": {
							"post": [-4.62934, -24.59477, 11.00966],
							"lerp_mode": "catmullrom"
						},
						"0.2083": {
							"post": [16.68541, -18.88952, -42.79487],
							"lerp_mode": "catmullrom"
						},
						"0.5": {
							"post": [-14.97401, -20.25437, 37.68944],
							"lerp_mode": "catmullrom"
						},
						"0.875": {
							"post": [5.15419, -25.17666, -10.97589],
							"lerp_mode": "catmullrom"
						},
						"1.2083": {
							"post": [-14.97401, -20.25437, 37.68944],
							"lerp_mode": "catmullrom"
						},
						"1.5": {
							"post": [-4.62934, -24.59477, 11.00966],
							"lerp_mode": "catmullrom"
						}
					}
				},
				"wing_open_right": {
					"rotation": {
						"0.0": {
							"post": [-12.65955, -23.6295, 62.45165],
							"lerp_mode": "catmullrom"
						},
						"0.2917": {
							"post": [21.47948, 8.5681, -70.62057],
							"lerp_mode": "catmullrom"
						},
						"0.75": {
							"post": [-12.65955, -23.6295, 62.45165],
							"lerp_mode": "catmullrom"
						},
						"1.0417": {
							"post": [21.47948, 8.5681, -70.62057],
							"lerp_mode": "catmullrom"
						},
						"1.5": {
							"post": [-12.65955, -23.6295, 62.45165],
							"lerp_mode": "catmullrom"
						}
					},
					"position": {
						"0.0": [0, 0, 0],
						"0.2917": {
							"pre": [0, -1.6, 0],
							"post": [0, -1.6, 0],
							"lerp_mode": "catmullrom"
						},
						"0.75": {
							"post": [0, 0, 0],
							"lerp_mode": "catmullrom"
						},
						"1.0417": {
							"post": [0, -1.6, 0],
							"lerp_mode": "catmullrom"
						},
						"1.5": [0, 0, 0]
					}
				},
				"wing_open_right2": {
					"rotation": {
						"0.0": [0, 0, -5],
						"0.1667": {
							"pre": [0, 0, 42.5],
							"post": [0, 0, 42.5],
							"lerp_mode": "catmullrom"
						},
						"0.4167": {
							"post": [0, 0, -25],
							"lerp_mode": "catmullrom"
						},
						"0.5": {
							"post": [0, 0, -41.99],
							"lerp_mode": "catmullrom"
						},
						"0.6667": {
							"post": [0, 0, -21.25],
							"lerp_mode": "catmullrom"
						},
						"0.75": [0, 0, -5],
						"0.9167": {
							"pre": [0, 0, 42.5],
							"post": [0, 0, 42.5],
							"lerp_mode": "catmullrom"
						},
						"1.1667": {
							"post": [0, 0, -25],
							"lerp_mode": "catmullrom"
						},
						"1.25": {
							"post": [0, 0, -41.99],
							"lerp_mode": "catmullrom"
						},
						"1.4167": {
							"post": [0, 0, -21.25],
							"lerp_mode": "catmullrom"
						},
						"1.5": {
							"post": [0, 0, -5],
							"lerp_mode": "catmullrom"
						}
					}
				},
				"wing_open_right3": {
					"rotation": {
						"0.0": {
							"post": [-4.62934, 24.59477, -11.00966],
							"lerp_mode": "catmullrom"
						},
						"0.2083": {
							"post": [16.68541, 18.88952, 42.79487],
							"lerp_mode": "catmullrom"
						},
						"0.5": {
							"post": [-14.97401, 20.25437, -37.68944],
							"lerp_mode": "catmullrom"
						},
						"0.875": {
							"post": [5.15419, 25.17666, 10.97589],
							"lerp_mode": "catmullrom"
						},
						"1.2083": {
							"post": [-14.97401, 20.25437, -37.68944],
							"lerp_mode": "catmullrom"
						},
						"1.5": {
							"post": [-4.62934, 24.59477, -11.00966],
							"lerp_mode": "catmullrom"
						}
					}
				},
				"wing_open_right4": {
					"rotation": {
						"0.0": {
							"post": [0, 0, -50],
							"lerp_mode": "catmullrom"
						},
						"0.2083": {
							"post": [0, 0, 5],
							"lerp_mode": "catmullrom"
						},
						"0.3333": {
							"post": [0, 0, 36.3],
							"lerp_mode": "catmullrom"
						},
						"0.5417": {
							"post": [0, 0, -45.36],
							"lerp_mode": "catmullrom"
						},
						"0.75": {
							"post": [0, 0, -50],
							"lerp_mode": "catmullrom"
						},
						"0.9583": {
							"post": [0, 0, 5],
							"lerp_mode": "catmullrom"
						},
						"1.0833": {
							"post": [0, 0, 36.3],
							"lerp_mode": "catmullrom"
						},
						"1.2917": {
							"post": [0, 0, -45.36],
							"lerp_mode": "catmullrom"
						},
						"1.5": {
							"post": [0, 0, -50],
							"lerp_mode": "catmullrom"
						}
					}
				},
				"tail2": {
					"rotation": ["0+math.sin(q.anim_time*90*4/0.75-150)*-4", 0, 0]
				},
				"tail3": {
					"rotation": ["0+math.sin(q.anim_time*90*4/0.75-150)*-4", 0, 0]
				},
				"wing_open_left2": {
					"rotation": {
						"0.0": [0, 0, 5],
						"0.1667": {
							"pre": [0, 0, -42.5],
							"post": [0, 0, -42.5],
							"lerp_mode": "catmullrom"
						},
						"0.4167": {
							"post": [0, 0, 25],
							"lerp_mode": "catmullrom"
						},
						"0.5": {
							"post": [0, 0, 41.99],
							"lerp_mode": "catmullrom"
						},
						"0.6667": {
							"post": [0, 0, 21.25],
							"lerp_mode": "catmullrom"
						},
						"0.75": [0, 0, 5],
						"0.9167": {
							"pre": [0, 0, -42.5],
							"post": [0, 0, -42.5],
							"lerp_mode": "catmullrom"
						},
						"1.1667": {
							"post": [0, 0, 25],
							"lerp_mode": "catmullrom"
						},
						"1.25": {
							"post": [0, 0, 41.99],
							"lerp_mode": "catmullrom"
						},
						"1.4167": {
							"post": [0, 0, 21.25],
							"lerp_mode": "catmullrom"
						},
						"1.5": {
							"post": [0, 0, 5],
							"lerp_mode": "catmullrom"
						}
					}
				},
				"wing_open_left4": {
					"rotation": {
						"0.0": {
							"post": [0, 0, 50],
							"lerp_mode": "catmullrom"
						},
						"0.2083": {
							"post": [0, 0, -5],
							"lerp_mode": "catmullrom"
						},
						"0.3333": {
							"post": [0, 0, -36.3],
							"lerp_mode": "catmullrom"
						},
						"0.5417": {
							"post": [0, 0, 45.36],
							"lerp_mode": "catmullrom"
						},
						"0.75": {
							"post": [0, 0, 50],
							"lerp_mode": "catmullrom"
						},
						"0.9583": {
							"post": [0, 0, -5],
							"lerp_mode": "catmullrom"
						},
						"1.0833": {
							"post": [0, 0, -36.3],
							"lerp_mode": "catmullrom"
						},
						"1.2917": {
							"post": [0, 0, 45.36],
							"lerp_mode": "catmullrom"
						},
						"1.5": {
							"post": [0, 0, 50],
							"lerp_mode": "catmullrom"
						}
					}
				}
			}
		},
		"animation.tranquill.air_fly": {
			"loop": true,
			"animation_length": 1.5,
			"bones": {
				"body": {
					"rotation": ["math.sin(q.anim_time*90*4/0.75-20)*-4", 0, "math.sin(q.anim_time*90*2/0.75-70)*0.5"],
					"position": ["math.sin(q.anim_time*90*2/0.75-70)*-0.2", "math.sin(q.anim_time*90*4/0.75-10)*-2", "math.sin(q.anim_time*90*4/0.75-40)*-0.2"]
				},
				"torso": {
					"rotation": [12.5, 0, 0]
				},
				"wing_left": {
					"rotation": [15, -3.2947, "3.7577-(math.sin(q.anim_time*90*5)*65)"]
				},
				"wing_left2": {
					"rotation": [0, 0, "-(math.sin(q.anim_time*90*5-50)*35)"]
				},
				"wing_left3": {
					"rotation": [0, 0, "-(math.sin(q.anim_time*90*5-100)*30)"]
				},
				"wing_right": {
					"rotation": [15, "3.2947+math.sin(q.anim_time*90*5)*0", "-3.7577+math.sin(q.anim_time*90*5)*65"]
				},
				"wing_right2": {
					"rotation": [0, 0, "math.sin(q.anim_time*90*5-50)*35"]
				},
				"wing_right3": {
					"rotation": [0, 0, "math.sin(q.anim_time*90*5-100)*30"]
				},
				"tail": {
					"rotation": [0, 0, 0]
				},
				"neck": {
					"rotation": ["30+math.sin(q.anim_time*90*4/0.75-150)*-4", 0, 0]
				},
				"hair": {
					"rotation": ["-10+math.sin(q.anim_time*90*4/0.75-90)*-12.5", 0, 0]
				},
				"leg_left": {
					"rotation": ["57.8922-math.sin(q.anim_time*90*16/3-120)*5", -1.44806, -5.14193]
				},
				"leg_left2": {
					"rotation": ["-15-math.sin(q.anim_time*90*4/0.75-150)*2", 0, 0]
				},
				"foot_left": {
					"rotation": ["29.75-math.sin(q.anim_time*90*4/0.75-170)*3", -2.99318, 0]
				},
				"toe_back_left": {
					"rotation": [-37.5, 0, 0]
				},
				"claw_back_left": {
					"rotation": [-37.5, 0, 0]
				},
				"toe_inner_left": {
					"rotation": [67.5, 0, 0]
				},
				"claw_inner_left": {
					"rotation": [20, 0, 0]
				},
				"toe_outer_left": {
					"rotation": [55, 0, 0]
				},
				"claw_outer_left": {
					"rotation": [27.5, 0, 0]
				},
				"toe_middle_left": {
					"rotation": [62.5, 0, 0]
				},
				"claw_middle_left": {
					"rotation": [30, 0, 0]
				},
				"leg_right": {
					"rotation": ["60.8363-math.sin(q.anim_time*90*16/3-100)*5", 4.25239, 5.7211]
				},
				"leg_right2": {
					"rotation": ["-12.5-math.sin(q.anim_time*90*4/0.75-130)*2", 0, 0]
				},
				"foot_right": {
					"rotation": ["39.335-math.sin(q.anim_time*90*4/0.75-150)*3", 4.46375, 0]
				},
				"toe_back_right": {
					"rotation": [-67.5, 0, 0]
				},
				"claw_back_right": {
					"rotation": [-37.5, 0, 0]
				},
				"toe_inner_right": {
					"rotation": [55, 0, 0]
				},
				"claw_inner_right": {
					"rotation": [42.5, 0, 0]
				},
				"toe_outer_right": {
					"rotation": [70, 0, 0]
				},
				"claw_outer_right": {
					"rotation": [22.5, 0, 0]
				},
				"toe_middle_right": {
					"rotation": [62.5, 0, 0]
				},
				"claw_middle_right": {
					"rotation": [25, 0, 0]
				},
				"chest": {
					"rotation": [5, 0, 0]
				},
				"head_angle": {
					"rotation": ["-42.5+math.sin(q.anim_time*90*4/0.75-150)*1", 0, 0]
				},
				"wings_closed": {
					"scale": 0
				},
				"wing_closed_left": {
					"rotation": {
						"0.0": [-93.02584, -6.58525, -147.7136],
						"0.2917": {
							"pre": [-57.5876, 12.80519, -13.38634],
							"post": [-57.5876, 12.80519, -13.38634],
							"lerp_mode": "catmullrom"
						},
						"0.75": {
							"post": [-93.02584, -6.58525, -147.7136],
							"lerp_mode": "catmullrom"
						},
						"1.0417": {
							"post": [-57.5876, 12.80519, -13.38634],
							"lerp_mode": "catmullrom"
						},
						"1.5": [-93.02584, -6.58525, -147.7136]
					}
				},
				"wing_closed_right": {
					"rotation": {
						"0.0": [-93.02584, 6.58525, 147.7136],
						"0.2917": {
							"pre": [-57.5876, -12.80519, 13.38634],
							"post": [-57.5876, -12.80519, 13.38634],
							"lerp_mode": "catmullrom"
						},
						"0.75": {
							"post": [-93.02584, 6.58525, 147.7136],
							"lerp_mode": "catmullrom"
						},
						"1.0417": {
							"post": [-57.5876, -12.80519, 13.38634],
							"lerp_mode": "catmullrom"
						},
						"1.5": [-93.02584, 6.58525, 147.7136]
					}
				},
				"wing_open_left": {
					"rotation": {
						"0.0": {
							"post": [-7.7815, 20.93003, -48.20706],
							"lerp_mode": "catmullrom"
						},
						"0.2917": {
							"post": [25.97214, -27.02256, 42.68874],
							"lerp_mode": "catmullrom"
						},
						"0.5417": {
							"post": [-17.99711, -1.48431, -9.72884],
							"lerp_mode": "catmullrom"
						},
						"0.75": {
							"post": [-7.7815, 20.93003, -48.20706],
							"lerp_mode": "catmullrom"
						},
						"1.0417": {
							"post": [25.97214, -27.02256, 42.68874],
							"lerp_mode": "catmullrom"
						},
						"1.2917": {
							"post": [-17.99711, -1.48431, -9.72884],
							"lerp_mode": "catmullrom"
						},
						"1.5": {
							"post": [-7.7815, 20.93003, -48.20706],
							"lerp_mode": "catmullrom"
						}
					},
					"position": {
						"0.0": [0, 0, 0],
						"0.2917": {
							"pre": [0, -1.6, 0],
							"post": [0, -1.6, 0],
							"lerp_mode": "catmullrom"
						},
						"0.75": {
							"post": [0, 0, 0],
							"lerp_mode": "catmullrom"
						},
						"1.0417": {
							"post": [0, -1.6, 0],
							"lerp_mode": "catmullrom"
						},
						"1.5": [0, 0, 0]
					}
				},
				"wing_open_left2": {
					"rotation": {
						"0.0": [0, 0, 5],
						"0.1667": {
							"pre": [0, 0, -27.5],
							"post": [0, 0, -27.5],
							"lerp_mode": "catmullrom"
						},
						"0.4167": {
							"post": [0, 0, 25],
							"lerp_mode": "catmullrom"
						},
						"0.6667": {
							"post": [0, 0, 21.25],
							"lerp_mode": "catmullrom"
						},
						"0.75": {
							"post": [0, 0, 5],
							"lerp_mode": "catmullrom"
						},
						"0.9167": {
							"post": [0, 0, -27.5],
							"lerp_mode": "catmullrom"
						},
						"1.1667": {
							"post": [0, 0, 25],
							"lerp_mode": "catmullrom"
						},
						"1.5": [0, 0, 5]
					}
				},
				"wing_open_left3": {
					"rotation": {
						"0.0": {
							"post": [-4.62934, -24.59477, 11.00966],
							"lerp_mode": "catmullrom"
						},
						"0.2083": {
							"post": [16.68541, -18.88952, -42.79487],
							"lerp_mode": "catmullrom"
						},
						"0.5": {
							"post": [-14.97401, -20.25437, 37.68944],
							"lerp_mode": "catmullrom"
						},
						"0.875": {
							"post": [5.15419, -25.17666, -10.97589],
							"lerp_mode": "catmullrom"
						},
						"1.2083": {
							"post": [-14.97401, -20.25437, 37.68944],
							"lerp_mode": "catmullrom"
						},
						"1.5": {
							"post": [-4.62934, -24.59477, 11.00966],
							"lerp_mode": "catmullrom"
						}
					}
				},
				"wing_open_left4": {
					"rotation": {
						"0.0": {
							"post": [0, 0, 50],
							"lerp_mode": "catmullrom"
						},
						"0.2083": {
							"post": [0, 0, -5],
							"lerp_mode": "catmullrom"
						},
						"0.3333": {
							"post": [0, 0, -36.3],
							"lerp_mode": "catmullrom"
						},
						"0.5417": {
							"post": [0, 0, 45.36],
							"lerp_mode": "catmullrom"
						},
						"0.75": {
							"post": [0, 0, 50],
							"lerp_mode": "catmullrom"
						},
						"0.9583": {
							"post": [0, 0, -5],
							"lerp_mode": "catmullrom"
						},
						"1.0833": {
							"post": [0, 0, -36.3],
							"lerp_mode": "catmullrom"
						},
						"1.2917": {
							"post": [0, 0, 45.36],
							"lerp_mode": "catmullrom"
						},
						"1.5": {
							"post": [0, 0, 50],
							"lerp_mode": "catmullrom"
						}
					}
				},
				"wing_open_right": {
					"rotation": {
						"0.0": {
							"post": [-7.7815, -20.93003, 48.20706],
							"lerp_mode": "catmullrom"
						},
						"0.2917": {
							"post": [25.97214, 27.02256, -42.68874],
							"lerp_mode": "catmullrom"
						},
						"0.5417": {
							"post": [-17.99711, 1.48431, 9.72884],
							"lerp_mode": "catmullrom"
						},
						"0.75": {
							"post": [-7.7815, -20.93003, 48.20706],
							"lerp_mode": "catmullrom"
						},
						"1.0417": {
							"post": [25.97214, 27.02256, -42.68874],
							"lerp_mode": "catmullrom"
						},
						"1.2917": {
							"post": [-17.99711, 1.48431, 9.72884],
							"lerp_mode": "catmullrom"
						},
						"1.5": {
							"post": [-7.7815, -20.93003, 48.20706],
							"lerp_mode": "catmullrom"
						}
					},
					"position": {
						"0.0": [0, 0, 0],
						"0.2917": {
							"pre": [0, -1.6, 0],
							"post": [0, -1.6, 0],
							"lerp_mode": "catmullrom"
						},
						"0.75": {
							"post": [0, 0, 0],
							"lerp_mode": "catmullrom"
						},
						"1.0417": {
							"post": [0, -1.6, 0],
							"lerp_mode": "catmullrom"
						},
						"1.5": [0, 0, 0]
					}
				},
				"wing_open_right2": {
					"rotation": {
						"0.0": [0, 0, -5],
						"0.1667": {
							"pre": [0, 0, 27.5],
							"post": [0, 0, 27.5],
							"lerp_mode": "catmullrom"
						},
						"0.4167": {
							"post": [0, 0, -25],
							"lerp_mode": "catmullrom"
						},
						"0.6667": {
							"post": [0, 0, -21.25],
							"lerp_mode": "catmullrom"
						},
						"0.75": {
							"post": [0, 0, -5],
							"lerp_mode": "catmullrom"
						},
						"0.9167": {
							"post": [0, 0, 27.5],
							"lerp_mode": "catmullrom"
						},
						"1.1667": {
							"post": [0, 0, -25],
							"lerp_mode": "catmullrom"
						},
						"1.5": [0, 0, -5]
					}
				},
				"wing_open_right3": {
					"rotation": {
						"0.0": {
							"post": [-4.62934, 24.59477, -11.00966],
							"lerp_mode": "catmullrom"
						},
						"0.2083": {
							"post": [16.68541, 18.88952, 42.79487],
							"lerp_mode": "catmullrom"
						},
						"0.5": {
							"post": [-14.97401, 20.25437, -37.68944],
							"lerp_mode": "catmullrom"
						},
						"0.875": {
							"post": [5.15419, 25.17666, 10.97589],
							"lerp_mode": "catmullrom"
						},
						"1.2083": {
							"post": [-14.97401, 20.25437, -37.68944],
							"lerp_mode": "catmullrom"
						},
						"1.5": {
							"post": [-4.62934, 24.59477, -11.00966],
							"lerp_mode": "catmullrom"
						}
					}
				},
				"wing_open_right4": {
					"rotation": {
						"0.0": {
							"post": [0, 0, -50],
							"lerp_mode": "catmullrom"
						},
						"0.2083": {
							"post": [0, 0, 5],
							"lerp_mode": "catmullrom"
						},
						"0.3333": {
							"post": [0, 0, 36.3],
							"lerp_mode": "catmullrom"
						},
						"0.5417": {
							"post": [0, 0, -45.36],
							"lerp_mode": "catmullrom"
						},
						"0.75": {
							"post": [0, 0, -50],
							"lerp_mode": "catmullrom"
						},
						"0.9583": {
							"post": [0, 0, 5],
							"lerp_mode": "catmullrom"
						},
						"1.0833": {
							"post": [0, 0, 36.3],
							"lerp_mode": "catmullrom"
						},
						"1.2917": {
							"post": [0, 0, -45.36],
							"lerp_mode": "catmullrom"
						},
						"1.5": {
							"post": [0, 0, -50],
							"lerp_mode": "catmullrom"
						}
					}
				},
				"tail2": {
					"rotation": ["-17.5-math.sin(q.anim_time*90*4/0.75-100)*10", 0, 0]
				},
				"tail3": {
					"rotation": ["0-math.sin(q.anim_time*90*4/0.75-110)*10", 0, 0]
				}
			}
		},
		"animation.tranquill.recoil": {
			"animation_length": 1.5,
			"bones": {
				"tail": {
					"rotation": {
						"0.0": {
							"post": [0, 0, 0],
							"lerp_mode": "catmullrom"
						},
						"0.0833": {
							"post": [10, 0, 0],
							"lerp_mode": "catmullrom"
						},
						"0.2083": {
							"post": [-15, 0, 0],
							"lerp_mode": "catmullrom"
						},
						"0.375": {
							"post": [5, 0, 0],
							"lerp_mode": "catmullrom"
						},
						"0.5833": {
							"post": [-2.5, 0, 0],
							"lerp_mode": "catmullrom"
						},
						"0.7917": {
							"post": [0, 0, 0],
							"lerp_mode": "catmullrom"
						},
						"1.0417": {
							"post": [0, 0, 0],
							"lerp_mode": "catmullrom"
						}
					}
				},
				"hair": {
					"rotation": {
						"0.0": {
							"post": [0, 0, 0],
							"lerp_mode": "catmullrom"
						},
						"0.0833": {
							"post": [20, 0, 0],
							"lerp_mode": "catmullrom"
						},
						"0.2083": {
							"post": [-17.5, 0, 0],
							"lerp_mode": "catmullrom"
						},
						"0.375": {
							"post": [-10, 0, 0],
							"lerp_mode": "catmullrom"
						},
						"0.5833": {
							"post": [-10, 0, 0],
							"lerp_mode": "catmullrom"
						},
						"0.8333": {
							"post": [0, 0, 0],
							"lerp_mode": "catmullrom"
						},
						"1.0417": {
							"post": [0, 0, 0],
							"lerp_mode": "catmullrom"
						}
					}
				},
				"wing_left": {
					"rotation": {
						"0.0": {
							"post": [0, 0, 0],
							"lerp_mode": "catmullrom"
						},
						"0.0833": {
							"post": [-34.86288, 14.17942, 33.43164],
							"lerp_mode": "catmullrom"
						},
						"0.4167": {
							"post": [0, 0, 0],
							"lerp_mode": "catmullrom"
						}
					}
				},
				"wing_left2": {
					"rotation": {
						"0.0": {
							"post": [0, 0, 0],
							"lerp_mode": "catmullrom"
						}
					}
				},
				"wing_left3": {
					"rotation": {
						"0.0": {
							"post": [0, 0, 0],
							"lerp_mode": "catmullrom"
						},
						"0.1667": {
							"post": [0, 15, 0],
							"lerp_mode": "catmullrom"
						},
						"0.5833": {
							"post": [0, 0, 0],
							"lerp_mode": "catmullrom"
						}
					}
				},
				"neck": {
					"rotation": {
						"0.0": {
							"post": [0, 0, 0],
							"lerp_mode": "catmullrom"
						},
						"0.0833": {
							"post": [2.50021, 2.60664, -2.3886],
							"lerp_mode": "catmullrom"
						},
						"0.1667": {
							"post": [-28.49981, 2.37725, -2.1784],
							"lerp_mode": "catmullrom"
						},
						"0.5833": {
							"post": [0, 0, 0],
							"lerp_mode": "catmullrom"
						},
						"1.0": {
							"post": [0, 0, 0],
							"lerp_mode": "catmullrom"
						}
					}
				},
				"wing_right": {
					"rotation": {
						"0.0": {
							"post": [0, 0, 0],
							"lerp_mode": "catmullrom"
						},
						"0.0833": {
							"post": [-34.86288, -14.17942, -33.43164],
							"lerp_mode": "catmullrom"
						},
						"0.4167": {
							"post": [0, 0, 0],
							"lerp_mode": "catmullrom"
						}
					}
				},
				"wing_right3": {
					"rotation": {
						"0.0": {
							"post": [0, 0, 0],
							"lerp_mode": "catmullrom"
						},
						"0.1667": {
							"post": [0, -15, 0],
							"lerp_mode": "catmullrom"
						},
						"0.5833": {
							"post": [0, 0, 0],
							"lerp_mode": "catmullrom"
						}
					}
				},
				"torso": {
					"rotation": {
						"0.0": {
							"post": [0, 0, 0],
							"lerp_mode": "catmullrom"
						},
						"0.0833": {
							"post": [-12.58957, 4.43385, -2.31336],
							"lerp_mode": "catmullrom"
						},
						"0.5": {
							"post": [0, 0, 0],
							"lerp_mode": "catmullrom"
						},
						"0.75": {
							"post": [0, 0, 0],
							"lerp_mode": "catmullrom"
						}
					}
				},
				"eyelid_left": {
					"position": {
						"0.0": [0, 0, 0],
						"0.5417": {
							"pre": [0, 0, 0],
							"post": [0.1, 0, -0.1]
						},
						"0.625": {
							"pre": [0.1, 0, -0.1],
							"post": [0, 0, 0]
						}
					}
				},
				"eyelid_right": {
					"position": {
						"0.0": [0, 0, 0],
						"0.5417": {
							"pre": [0, 0, 0],
							"post": [-0.1, 0, -0.1]
						},
						"0.625": {
							"pre": [-0.1, 0, -0.1],
							"post": [0, 0, 0]
						}
					}
				},
				"jaw": {
					"rotation": {
						"0.0": {
							"post": [0, 0, 0],
							"lerp_mode": "catmullrom"
						},
						"0.0833": {
							"post": [60, 0, 0],
							"lerp_mode": "catmullrom"
						},
						"0.2917": {
							"post": [82.5, 0, 0],
							"lerp_mode": "catmullrom"
						},
						"0.5": [0, 0, 0]
					}
				},
				"head_angle": {
					"rotation": {
						"0.0": {
							"post": [0, 0, 0],
							"lerp_mode": "catmullrom"
						},
						"0.125": {
							"post": [22.5, 0, 0],
							"lerp_mode": "catmullrom"
						},
						"0.25": {
							"post": [-7.5, 0, 0],
							"lerp_mode": "catmullrom"
						},
						"0.6667": {
							"post": [0, 0, 0],
							"lerp_mode": "catmullrom"
						},
						"1.0417": {
							"post": [0, 0, 0],
							"lerp_mode": "catmullrom"
						}
					},
					"position": {
						"0.0": {
							"post": [0, 0, 0],
							"lerp_mode": "catmullrom"
						},
						"0.125": {
							"post": [0, 0, -1.5],
							"lerp_mode": "catmullrom"
						},
						"0.25": {
							"post": [0, 0, 0],
							"lerp_mode": "catmullrom"
						},
						"0.6667": {
							"post": [0, 0, 0],
							"lerp_mode": "catmullrom"
						},
						"1.0417": {
							"post": [0, 0, 0],
							"lerp_mode": "catmullrom"
						}
					}
				},
				"pupil_left": {
					"position": {
						"0.0": [0, 0, 0],
						"0.2917": {
							"pre": [0, 0, 0],
							"post": [0, 0.1, -0.1]
						},
						"0.625": {
							"pre": [0, 0.1, -0.1],
							"post": [0, 0, 0]
						}
					},
					"scale": {
						"0.0": [1, 1, 1],
						"0.2917": {
							"pre": [1, 1, 1],
							"post": [1, 0.8, 0.8]
						},
						"0.625": {
							"pre": [1, 0.8, 0.8],
							"post": [1, 1, 1]
						}
					}
				},
				"eyelid_angry_left": {
					"position": {
						"0.0": [0, 0, 0],
						"0.0417": {
							"pre": [0, 0, 0],
							"post": [-0.1, 0, 0.1]
						},
						"0.625": {
							"pre": [-0.1, 0, 0.1],
							"post": [0, 0, 0]
						}
					}
				},
				"eye_surprised": {
					"position": {
						"0.0": [0, 0, 0],
						"0.2917": {
							"pre": [0, 0, 0],
							"post": [0.1, 0, -0.1]
						},
						"0.625": {
							"pre": [0.1, 0, -0.1],
							"post": [0, 0, 0]
						}
					}
				},
				"eyelid_recoil_left": {
					"position": {
						"0.0": [0, 0, 0],
						"0.0417": {
							"pre": [0, 0, 0],
							"post": [0.1, 0, -0.1]
						},
						"0.2917": {
							"pre": [0.1, 0, -0.1],
							"post": [0, 0, 0]
						}
					}
				},
				"pupil_right": {
					"position": {
						"0.0": [0, 0, 0],
						"0.2917": {
							"pre": [0, 0, 0],
							"post": [0, 0.1, -0.1]
						},
						"0.625": {
							"pre": [0, 0.1, -0.1],
							"post": [0, 0, 0]
						}
					},
					"scale": {
						"0.0": [1, 1, 1],
						"0.2917": {
							"pre": [1, 1, 1],
							"post": [1, 0.8, 0.8]
						},
						"0.625": {
							"pre": [1, 0.8, 0.8],
							"post": [1, 1, 1]
						}
					}
				},
				"eyelid_angry_right": {
					"position": {
						"0.0": [0, 0, 0],
						"0.0417": {
							"pre": [0, 0, 0],
							"post": [0.1, 0, 0.1]
						},
						"0.625": {
							"pre": [0.1, 0, 0.1],
							"post": [0, 0, 0]
						}
					}
				},
				"eye_surprised2": {
					"position": {
						"0.0": [0, 0, 0],
						"0.2917": {
							"pre": [0, 0, 0],
							"post": [-0.1, 0, -0.1]
						},
						"0.625": {
							"pre": [-0.1, 0, -0.1],
							"post": [0, 0, 0]
						}
					}
				},
				"eyelid_recoil_right": {
					"position": {
						"0.0": [0, 0, 0],
						"0.0417": {
							"pre": [0, 0, 0],
							"post": [-0.1, 0, -0.1]
						},
						"0.2917": {
							"pre": [-0.1, 0, -0.1],
							"post": [0, 0, 0]
						}
					}
				}
			}
		},
		"animation.tranquill.sleep": {
			"loop": true,
			"animation_length": 4,
			"bones": {
				"neck": {
					"rotation": ["-74.3485+math.sin(q.anim_time*90*1-90)", 48.42293, -52.03856],
					"position": [0, 0, -1]
				},
				"head": {
					"rotation": ["0+math.sin(q.anim_time*90*1-110)", 0, 0]
				},
				"torso": {
					"rotation": ["15+math.sin(q.anim_time*90*1)", 0, 0],
					"position": [0, -2, 0]
				},
				"body": {
					"position": [0, -2, 0]
				},
				"wing_left": {
					"rotation": [173.06428, -69.8486, -82.7329],
					"position": [0, -2.5, -2]
				},
				"wing_left2": {
					"rotation": [-0.61072, 44.98912, -0.37494]
				},
				"wing_left3": {
					"rotation": [0, -30, 0]
				},
				"wing_right": {
					"rotation": [173.06428, 69.8486, 82.73288],
					"position": [0, -2.5, -2]
				},
				"wing_right2": {
					"rotation": [-0.61072, -44.98912, 0.37494]
				},
				"wing_right3": {
					"rotation": [0, 30, 0]
				},
				"tail": {
					"rotation": [-12.5, 0, 0]
				},
				"hair": {
					"rotation": [32.5, 0, 0]
				},
				"eyelid_left": {
					"position": [0.1, 0, -0.1]
				},
				"eyelid_right": {
					"position": [-0.1, 0, -0.1]
				},
				"leg_left": {
					"rotation": [40, 0, 0]
				},
				"leg_left2": {
					"rotation": [-80, 0, 0]
				},
				"foot_left": {
					"rotation": [40, 0, 0]
				},
				"leg_right": {
					"rotation": [40, 0, 0]
				},
				"leg_right2": {
					"rotation": [-80, 0, 0]
				},
				"foot_right": {
					"rotation": [40, 0, 0]
				},
				"head_angle": {
					"rotation": [0, 0, -37.5]
				},
				"eyelid_angry_left": {
					"position": [-0.1, 0, 0.1]
				},
				"eyelid_angry_right": {
					"position": [0.1, 0, 0.1]
				},
				"wings_open": {
					"scale": 0
				},
				"wing_open_left": {
					"rotation": [-360, -52.5, 450],
					"position": [0, -3.3, -0.2]
				},
				"wing_open_left2": {
					"rotation": [0, -32.5, 0]
				},
				"wing_open_left3": {
					"rotation": [0, -45, 0]
				},
				"wing_open_left4": {
					"rotation": [0, -47.5, 0]
				},
				"wing_open_right": {
					"rotation": [-360, 57.5, -450],
					"position": [0, -3.3, -0.2]
				},
				"wing_open_right2": {
					"rotation": [0, 32.5, 0]
				},
				"wing_open_right3": {
					"rotation": [0, 45, 0]
				},
				"wing_open_right4": {
					"rotation": [0, 47.5, 0]
				}
			}
		},
		"animation.tranquill.pose": {
			"loop": true,
			"bones": {
				"neck": {
					"rotation": [7.5, 0, 0],
					"position": [0, 0.5, 0]
				},
				"head": {
					"rotation": [-12.5, 0, 0]
				},
				"pupil_left": {
					"position": [0, 0, 0]
				},
				"jaw": {
					"rotation": [80, 0, 0]
				},
				"wing_closed_left": {
					"scale": 0
				},
				"wing_open_left": {
					"rotation": [-64.77008, 20.11464, -32.80911]
				},
				"wing_open_right": {
					"scale": 0
				},
				"leg_left": {
					"rotation": [0, -25, 0],
					"position": [-0.4, 0, 0]
				},
				"toe_inner_left": {
					"rotation": [0, 27.5, 0]
				},
				"toe_outer_left": {
					"rotation": [0, -40, 0]
				},
				"leg_right": {
					"rotation": [0, 25, 0],
					"position": [0.4, 0, 0]
				},
				"toe_inner_right": {
					"rotation": [0, -22.5, 0]
				},
				"toe_outer_right": {
					"rotation": [0, 27.5, 0]
				},
				"pupil_right": {
					"position": [0, 0, 0.6]
				},
				"wing_open_left3": {
					"rotation": [0, -20, 0]
				}
			}
		},
		"animation.tranquill.angry": {
			"loop": true
		},
		"animation.tranquill.sad": {
			"loop": true,
			"bones": {
				"eyelid_sad_left": {
					"position": [0.1, 0, -0.1]
				},
				"eyelid_angry_left": {
					"position": [-0.1, 0, 0.1]
				},
				"eyelid_sad_right": {
					"position": [-0.1, 0, -0.1]
				},
				"eyelid_angry_right": {
					"position": [0.1, 0, 0.1]
				}
			}
		},
		"animation.tranquill.unamused": {
			"loop": true,
			"bones": {
				"eyelid_angry_left": {
					"position": [-0.1, 0, 0.1]
				},
				"eyelid_unamused_left": {
					"position": [0.1, 0, -0.1]
				},
				"eyelid_angry_right": {
					"position": [0.1, 0, 0.1]
				},
				"eyelid_unamused_right": {
					"position": [-0.1, 0, -0.1]
				}
			}
		},
		"animation.tranquill.happy": {
			"loop": true,
			"bones": {
				"eyelid_angry_left": {
					"position": [-0.1, 0, 0.1]
				},
				"eyelid_happy_left": {
					"position": [0.1, 0, -0.1]
				},
				"eyelid_angry_right": {
					"position": [0.1, 0, 0.1]
				},
				"eyelid_happy_right": {
					"position": [-0.1, 0, -0.1]
				}
			}
		},
		"animation.tranquill.shock": {
			"loop": true,
			"bones": {
				"pupil_left": {
					"position": [0, 0.1, -0.1],
					"scale": [1, 0.8, 0.8]
				},
				"eyelid_angry_left": {
					"position": [-0.1, 0, 0.1]
				},
				"jaw": {
					"rotation": [82.5, 0, 0]
				},
				"eye_surprised": {
					"position": [0.1, 0, -0.1]
				},
				"pupil_right": {
					"position": [0, 0.1, -0.1],
					"scale": [1, 0.8, 0.8]
				},
				"eyelid_angry_right": {
					"position": [0.1, 0, 0.1]
				},
				"eye_surprised2": {
					"position": [-0.1, 0, -0.1]
				}
			}
		},
		"animation.tranquill.wangs": {
			"loop": true,
			"bones": {
				"wing_open_left": {
					"rotation": [0, 20, 0]
				},
				"wing_open_left3": {
					"rotation": [0, -25, 0]
				},
				"wing_open_right": {
					"rotation": [0, -20, 0]
				},
				"wing_open_right3": {
					"rotation": [0, 25, 0]
				}
			}
		}
	}
}