{
	"format_version": "1.8.0",
	"animations": {
		"animation.gogoat.pose": {
			"loop": true,
			"bones": {
				"body": {
					"rotation": [0, -80, 0]
				},
				"torso": {
					"rotation": [0, 0, 0]
				},
				"torso2": {
					"rotation": [-5, 0, 0]
				},
				"head": {
					"rotation": [5.00238, 2.49762, 0.10912]
				},
				"tail": {
					"rotation": [67.78025, -3.40487, -9.40804]
				},
				"leg_front_left": {
					"rotation": [-12.48848, -0.54094, -2.44081]
				},
				"leg_front_left2": {
					"rotation": [80, 0, 0],
					"position": [0, -1.1, 0]
				},
				"leg_front_left3": {
					"rotation": [-15, 0, 0]
				},
				"leg_front_right": {
					"rotation": [-5, 0, 0]
				},
				"leg_front_right3": {
					"rotation": [5, 0, 0]
				},
				"leg_back_left": {
					"rotation": [15, 0, 0],
					"position": [0, -1.8, 0]
				},
				"leg_back_left3": {
					"rotation": [-42.5, 0, 0],
					"position": [0, -1, 0]
				},
				"foot_back_left": {
					"rotation": [25, 0, 0]
				},
				"leg_back_right": {
					"rotation": [2.5, 0, 5],
					"position": [0, -0.5, 0]
				},
				"leg_back_right3": {
					"rotation": [-5, 0, 0]
				},
				"foot_back_right": {
					"rotation": [0, 0, -2.5]
				}
			}
		},
		"animation.gogoat.open_mouth": {
			"loop": true,
			"bones": {
				"neck": {
					"rotation": [-10, 0, 0]
				},
				"head": {
					"rotation": [-15, 0, 0]
				},
				"mouth_open": {
					"position": [0, -0.1, -0.2]
				},
				"mouth_open1": {
					"position": [0, 0, -0.3]
				},
				"eyelid_left": {
					"position": [0.1, 0, -0.1]
				},
				"eye_left": {
					"position": [-0.1, 0, 0.1]
				},
				"eye_right": {
					"position": [0.1, 0, 0.1]
				},
				"eyelid_right": {
					"position": [-0.1, 0, -0.1]
				}
			}
		},
		"animation.gogoat.happy": {
			"loop": true,
			"bones": {
				"eye_left": {
					"position": [-0.1, 0, 0.1]
				},
				"eyelid_happy_left": {
					"position": [0.1, 0, -0.1]
				},
				"eye_right": {
					"position": [0.1, 0, 0.1]
				},
				"eyelid_happy_right": {
					"position": [-0.1, 0, -0.1]
				}
			}
		},
		"animation.gogoat.sad": {
			"loop": true,
			"bones": {
				"eyelid_sad_left": {
					"position": [0.1, 0, 0]
				},
				"eyelid_sad_right": {
					"position": [-0.1, 0, 0]
				}
			}
		},
		"animation.gogoat.angry": {
			"loop": true,
			"bones": {
				"eyelid_angry_left": {
					"position": [0, -0.4, 0]
				},
				"eyelid_angry_right": {
					"position": [0, -0.4, 0]
				}
			}
		},
		"animation.gogoat.annoyed": {
			"loop": true,
			"bones": {
				"eyelid_umamused_left": {
					"position": [0.1, 0, -0.1]
				},
				"eyelid_umamused_right": {
					"position": [-0.1, 0, -0.1]
				}
			}
		},
		"animation.gogoat.hurt": {
			"loop": true,
			"bones": {
				"eye_left": {
					"position": [-0.1, 0, 0.1]
				},
				"eyelid_recoil_left": {
					"position": [0.1, 0, -0.1]
				},
				"eye_right": {
					"position": [0.1, 0, 0.1]
				},
				"eyelid_recoil_right": {
					"position": [-0.1, 0, -0.1]
				}
			}
		},
		"animation.gogoat.ground_idle": {
			"loop": true,
			"bones": {
				"torso": {
					"rotation": ["2.5-math.sin(q.anim_time*90*2-60)", 0, "-math.sin(q.anim_time*90-90)*1.5"],
					"position": [0, "math.sin(q.anim_time*90*2)/8", 0]
				},
				"tail": {
					"rotation": ["42.5-math.sin(q.anim_time*90*2-120)*8", "math.sin(q.anim_time*90-90)*8", 0]
				},
				"head": {
					"rotation": ["2.5+math.sin(q.anim_time*90*2-30)*1.5", 0, "math.sin(q.anim_time*90-90)*1.5"]
				},
				"torso2": {
					"rotation": ["-5+math.sin(q.anim_time*90*2-30)", 0, "-math.sin(q.anim_time*90-120)*1.5"],
					"position": [0, 0.5, 0]
				},
				"ear_right": {
					"rotation": [10, 39, "16-math.sin(q.anim_time*90*2)*4"]
				},
				"ear_left": {
					"rotation": [10, -39, "-16+math.sin(q.anim_time*90*2)*4"]
				},
				"head_tuft_left": {
					"rotation": [0, "math.sin(q.anim_time*90*2-30)*4", 0]
				},
				"head_tuft_right": {
					"rotation": [0, "-(math.sin(q.anim_time*90*2-60)*4)", 0]
				},
				"nose_hair_left": {
					"rotation": [0, 0, "-math.sin(q.anim_time*90-30)*3"]
				},
				"nose_hair_right": {
					"rotation": [0, 0, "-math.sin(q.anim_time*90-30)*3"]
				},
				"front_scarf_top": {
					"rotation": ["math.sin(q.anim_time*90*2)*8", 0, 0]
				},
				"front_scarf_mid": {
					"rotation": ["math.sin(q.anim_time*90*2-20)*8", 0, 0]
				},
				"front_scarf_bottom": {
					"rotation": ["math.sin(q.anim_time*90*2-40)*8", 0, 0]
				},
				"back_scarf_top": {
					"rotation": ["-math.sin(q.anim_time*90*2)*8", 0, 0]
				},
				"back_scarf_mid": {
					"rotation": ["-math.sin(q.anim_time*90*2-20)*8", 0, 0]
				},
				"back_scarf_bottom": {
					"rotation": ["-math.sin(q.anim_time*90*2-40)*8", 0, 0]
				},
				"right_scarf_top": {
					"rotation": [0, 0, "-(math.sin(q.anim_time*90*2)*8)"]
				},
				"right_scarf_mid": {
					"rotation": [0, 0, "-(math.sin(q.anim_time*90*2-20)*8)"]
				},
				"right_scarf_bottom": {
					"rotation": [0, 0, "-(math.sin(q.anim_time*90*2-40)*8)"]
				},
				"left_scarf_top": {
					"rotation": [0, 0, "math.sin(q.anim_time*90*2)*8"]
				},
				"left_scarf_mid": {
					"rotation": [0, 0, "math.sin(q.anim_time*90*2-20)*8"]
				},
				"left_scarf_bottom": {
					"rotation": [0, 0, "math.sin(q.anim_time*90*2-40)*8"]
				}
			}
		},
		"animation.gogoat.ground_walk": {
			"loop": true,
			"animation_length": 1,
			"bones": {
				"torso": {
					"rotation": ["2.5+math.sin(q.anim_time*90*8+60)*3", 0, "math.sin(q.anim_time*90*4-90)*4"],
					"position": [0, "math.sin(q.anim_time*90*8+150)", 0]
				},
				"tail": {
					"rotation": ["42.5+math.sin(q.anim_time*90*8-30)*8", "math.sin(q.anim_time*90*4+60)*8", 0]
				},
				"head": {
					"rotation": ["2.5-math.sin(q.anim_time*90*8+90)*1.5", 0, "-math.sin(q.anim_time*90*4-30)*-2"],
					"position": ["-math.sin(q.anim_time*90*4+30)/4", 0, 0]
				},
				"torso2": {
					"rotation": ["-5-math.sin(q.anim_time*90*8+60)*3", 0, "-math.sin(q.anim_time*90*4-60)*4"],
					"position": [0, 0.5, 0]
				},
				"ear_right": {
					"rotation": [10, 39, "16+math.sin(q.anim_time*90*8+50)*8"]
				},
				"ear_left": {
					"rotation": [10, -39, "-16-math.sin(q.anim_time*90*8+30)*8"]
				},
				"left_scarf_top": {
					"rotation": [0, 0, "-math.sin(q.anim_time*90*8+60)*16"]
				},
				"left_scarf_mid": {
					"rotation": [0, 0, "-math.sin(q.anim_time*90*8+80)*16"]
				},
				"left_scarf_bottom": {
					"rotation": [0, 0, "-math.sin(q.anim_time*90*8+110)*16"]
				},
				"leg_front_left": {
					"rotation": {
						"0.0": [-35, 0, 0],
						"0.0833": [-20, 0, 0],
						"0.3333": [22.5, 0, 0],
						"0.5": {
							"pre": [22.5, -5, 7.5],
							"post": [22.5, -5, 7.5],
							"lerp_mode": "catmullrom"
						},
						"0.6667": {
							"post": [-22.5, -5, 5],
							"lerp_mode": "catmullrom"
						},
						"1.0": {
							"post": [-35, 0, 0],
							"lerp_mode": "catmullrom"
						}
					},
					"position": {
						"0.0": [0, 0.5, -1],
						"0.0833": [0, -0.75, -0.75],
						"0.3333": [0, 0, 0],
						"0.5": {
							"pre": [0, 0.54, 1.06],
							"post": [0, 0.54, 1.06],
							"lerp_mode": "catmullrom"
						},
						"0.6667": {
							"post": [0, 1, 1],
							"lerp_mode": "catmullrom"
						},
						"0.8333": {
							"post": [0, 2, 0.5],
							"lerp_mode": "catmullrom"
						},
						"1.0": {
							"post": [0, 0.5, -1],
							"lerp_mode": "catmullrom"
						}
					}
				},
				"leg_front_left2": {
					"rotation": {
						"0.0": {
							"post": [37.5, 0, 0],
							"lerp_mode": "catmullrom"
						},
						"0.0833": [0, 0, 0],
						"0.3333": [0, 0, 0],
						"0.5": {
							"pre": [15, 0, 0],
							"post": [15, 0, 0],
							"lerp_mode": "catmullrom"
						},
						"0.6667": {
							"post": [62.5, 0, 0],
							"lerp_mode": "catmullrom"
						},
						"1.0": {
							"post": [37.5, 0, 0],
							"lerp_mode": "catmullrom"
						}
					},
					"position": {
						"0.0": {
							"post": [0, 0, 0],
							"lerp_mode": "catmullrom"
						},
						"0.0833": [0, 0, 0],
						"0.3333": [0, 0, 0],
						"0.6667": {
							"pre": [0, 0, 0],
							"post": [0, 0, 0],
							"lerp_mode": "catmullrom"
						},
						"1.0": {
							"post": [0, 0, 0],
							"lerp_mode": "catmullrom"
						}
					}
				},
				"leg_front_left3": {
					"rotation": {
						"0.0": [22.5, 0, 0],
						"0.0833": [20, 0, 0],
						"0.25": [-9, 0, 0],
						"0.3333": [5.5, 0, 0],
						"0.4167": {
							"pre": [50, 0, 0],
							"post": [50, 0, 0],
							"lerp_mode": "catmullrom"
						},
						"0.6667": {
							"post": [62.5, 0, 0],
							"lerp_mode": "catmullrom"
						},
						"1.0": {
							"post": [22.5, 0, 0],
							"lerp_mode": "catmullrom"
						}
					},
					"position": {
						"0.0": [0, 0.5, 0],
						"0.0833": [0, 0, 0],
						"0.1667": [0, 0.5, 0],
						"0.25": [0, 0, 0],
						"0.4167": {
							"pre": [0, 0, 0],
							"post": [0, 0, 0],
							"lerp_mode": "catmullrom"
						},
						"0.5833": {
							"post": [0, 1, -0.33],
							"lerp_mode": "catmullrom"
						},
						"0.6667": {
							"post": [0, 0.75, -0.5],
							"lerp_mode": "catmullrom"
						},
						"1.0": {
							"post": [0, 0.5, 0],
							"lerp_mode": "catmullrom"
						}
					}
				},
				"leg_front_right": {
					"rotation": {
						"0.0": {
							"post": [22.5, 5, -7.5],
							"lerp_mode": "catmullrom"
						},
						"0.1667": {
							"post": [-22.5, 5, -5],
							"lerp_mode": "catmullrom"
						},
						"0.5": [-35, 0, 0],
						"0.5833": [-20, 0, 0],
						"0.8333": [22.5, 0, 0],
						"1.0": {
							"pre": [22.5, 5, -7.5],
							"post": [22.5, 5, -7.5],
							"lerp_mode": "catmullrom"
						}
					},
					"position": {
						"0.0": {
							"post": [0, 0.54, 1.06],
							"lerp_mode": "catmullrom"
						},
						"0.1667": {
							"post": [0, 1, 1],
							"lerp_mode": "catmullrom"
						},
						"0.3333": {
							"post": [0, 2, 0.5],
							"lerp_mode": "catmullrom"
						},
						"0.5": [0, 0.5, -1],
						"0.5833": [0, -0.75, -0.75],
						"0.8333": [0, 0, 0],
						"0.9167": [0, 1, 0],
						"1.0": {
							"pre": [0, 0.54, 1.06],
							"post": [0, 0.54, 1.06],
							"lerp_mode": "catmullrom"
						}
					}
				},
				"leg_front_right2": {
					"rotation": {
						"0.0": {
							"post": [15, 0, 0],
							"lerp_mode": "catmullrom"
						},
						"0.1667": {
							"post": [62.5, 0, 0],
							"lerp_mode": "catmullrom"
						},
						"0.5": {
							"post": [37.5, 0, 0],
							"lerp_mode": "catmullrom"
						},
						"0.5833": [0, 0, 0],
						"0.8333": [0, 0, 0],
						"1.0": {
							"pre": [15, 0, 0],
							"post": [15, 0, 0],
							"lerp_mode": "catmullrom"
						}
					},
					"position": {
						"0.0": {
							"post": [0, 0, 0],
							"lerp_mode": "catmullrom"
						},
						"0.1667": {
							"post": [0, 0, 0],
							"lerp_mode": "catmullrom"
						},
						"0.5": {
							"post": [0, 0, 0],
							"lerp_mode": "catmullrom"
						},
						"0.5833": [0, 0, 0],
						"0.8333": [0, 0, 0],
						"1.0": {
							"pre": [0, 0, 0],
							"post": [0, 0, 0],
							"lerp_mode": "catmullrom"
						}
					}
				},
				"leg_front_right3": {
					"rotation": {
						"0.0": {
							"post": [58.48, 0, 0],
							"lerp_mode": "catmullrom"
						},
						"0.1667": {
							"post": [62.5, 0, 0],
							"lerp_mode": "catmullrom"
						},
						"0.5": [22.5, 0, 0],
						"0.5833": [20, 0, 0],
						"0.75": [-9, 0, 0],
						"0.8333": [5.5, 0, 0],
						"0.9167": {
							"pre": [50, 0, 0],
							"post": [50, 0, 0],
							"lerp_mode": "catmullrom"
						},
						"1.0": {
							"post": [58.48, 0, 0],
							"lerp_mode": "catmullrom"
						}
					},
					"position": {
						"0.0": {
							"post": [0, 0.52, -0.15],
							"lerp_mode": "catmullrom"
						},
						"0.0833": {
							"post": [0, 1, -0.33],
							"lerp_mode": "catmullrom"
						},
						"0.1667": {
							"post": [0, 0.75, -0.5],
							"lerp_mode": "catmullrom"
						},
						"0.5": [0, 0.5, 0],
						"0.5833": [0, 0, 0],
						"0.6667": [0, 0.5, 0],
						"0.75": [0, 0, 0],
						"0.9167": {
							"pre": [0, 0, 0],
							"post": [0, 0, 0],
							"lerp_mode": "catmullrom"
						},
						"1.0": {
							"post": [0, 0.52, -0.15],
							"lerp_mode": "catmullrom"
						}
					}
				},
				"leg_back_left": {
					"rotation": {
						"0.0": {
							"post": [22.8, 0, 0],
							"lerp_mode": "catmullrom"
						},
						"0.1667": {
							"post": [19.5, 0, 0],
							"lerp_mode": "catmullrom"
						},
						"0.3333": {
							"post": [-6.25, 0, 0],
							"lerp_mode": "catmullrom"
						},
						"0.5": {
							"post": [-30, 0, 0],
							"lerp_mode": "catmullrom"
						},
						"0.5833": [-20, 0, 0],
						"0.8333": [17.5, 0, 0],
						"1.0": {
							"pre": [22.8, 0, 0],
							"post": [22.8, 0, 0],
							"lerp_mode": "catmullrom"
						}
					},
					"position": {
						"0.0": {
							"post": [0, 0.45, 0],
							"lerp_mode": "catmullrom"
						},
						"0.1667": {
							"post": [0, 0.45, -1.5],
							"lerp_mode": "catmullrom"
						},
						"0.5": {
							"post": [0, 0, -0.75],
							"lerp_mode": "catmullrom"
						},
						"0.5833": [0, -0.5, -0.55],
						"0.8333": [0, -1.3, 0],
						"1.0": {
							"pre": [0, 0.45, 0],
							"post": [0, 0.45, 0],
							"lerp_mode": "catmullrom"
						}
					}
				},
				"leg_back_left3": {
					"rotation": {
						"0.0": {
							"post": [-15, 0, 0],
							"lerp_mode": "catmullrom"
						},
						"0.1667": {
							"post": [-40, 0, 0],
							"lerp_mode": "catmullrom"
						},
						"0.3333": {
							"post": [-45, 0, 0],
							"lerp_mode": "catmullrom"
						},
						"0.5": {
							"post": [-25, 0, 0],
							"lerp_mode": "catmullrom"
						},
						"0.5833": [0, 0, 0],
						"0.8333": [0, 0, 0],
						"1.0": {
							"pre": [-15, 0, 0],
							"post": [-15, 0, 0],
							"lerp_mode": "catmullrom"
						}
					},
					"position": {
						"0.0": {
							"post": [0, 0, 0],
							"lerp_mode": "catmullrom"
						},
						"0.1667": {
							"post": [0, 0, 0],
							"lerp_mode": "catmullrom"
						},
						"0.5": {
							"post": [0, 0, 0],
							"lerp_mode": "catmullrom"
						},
						"0.5833": [0, 0, 0],
						"0.8333": [0, 0, 0],
						"1.0": {
							"pre": [0, 0, 0],
							"post": [0, 0, 0],
							"lerp_mode": "catmullrom"
						}
					}
				},
				"foot_back_left": {
					"rotation": {
						"0.0": {
							"post": [50, 0, 0],
							"lerp_mode": "catmullrom"
						},
						"0.1667": {
							"post": [52.5, 0, 0],
							"lerp_mode": "catmullrom"
						},
						"0.3333": {
							"post": [27.5, 0, 0],
							"lerp_mode": "catmullrom"
						},
						"0.5": {
							"post": [27.5, 0, 0],
							"lerp_mode": "catmullrom"
						},
						"0.5833": [20, 0, 0],
						"0.8333": [-17.5, 0, 0],
						"0.9167": [38.76, 0, 0],
						"1.0": {
							"pre": [50, 0, 0],
							"post": [50, 0, 0],
							"lerp_mode": "catmullrom"
						}
					},
					"position": {
						"0.0": {
							"post": [0, 0, 0],
							"lerp_mode": "catmullrom"
						},
						"0.1667": {
							"post": [0, 1, 0],
							"lerp_mode": "catmullrom"
						},
						"0.3333": {
							"post": [0, 1, 0.25],
							"lerp_mode": "catmullrom"
						},
						"0.5": {
							"post": [0, 0, 0],
							"lerp_mode": "catmullrom"
						},
						"0.5833": [0, 0, 0],
						"0.6667": [0, 0.6, 0],
						"0.75": [0, 0.7, 0],
						"0.8333": [0, 0, 0],
						"1.0": {
							"pre": [0, 0, 0],
							"post": [0, 0, 0],
							"lerp_mode": "catmullrom"
						}
					}
				},
				"leg_back_right": {
					"rotation": {
						"0.0": {
							"post": [-30, 0, 0],
							"lerp_mode": "catmullrom"
						},
						"0.0833": [-20, 0, 0],
						"0.3333": [17.5, 0, 0],
						"0.5": {
							"pre": [22.8, 0, 0],
							"post": [22.8, 0, 0],
							"lerp_mode": "catmullrom"
						},
						"0.6667": {
							"post": [19.5, 0, 0],
							"lerp_mode": "catmullrom"
						},
						"0.8333": {
							"post": [-6.25, 0, 0],
							"lerp_mode": "catmullrom"
						},
						"1.0": {
							"post": [-30, 0, 0],
							"lerp_mode": "catmullrom"
						}
					},
					"position": {
						"0.0": {
							"post": [0, 0, -0.75],
							"lerp_mode": "catmullrom"
						},
						"0.0833": [0, -0.5, -0.55],
						"0.3333": [0, -1.3, 0],
						"0.5": {
							"pre": [0, 0.45, 0],
							"post": [0, 0.45, 0],
							"lerp_mode": "catmullrom"
						},
						"0.6667": {
							"post": [0, 0.45, -1.5],
							"lerp_mode": "catmullrom"
						},
						"1.0": {
							"post": [0, 0, -0.75],
							"lerp_mode": "catmullrom"
						}
					}
				},
				"leg_back_right3": {
					"rotation": {
						"0.0": {
							"post": [-25, 0, 0],
							"lerp_mode": "catmullrom"
						},
						"0.0833": [0, 0, 0],
						"0.3333": [0, 0, 0],
						"0.5": {
							"pre": [-15, 0, 0],
							"post": [-15, 0, 0],
							"lerp_mode": "catmullrom"
						},
						"0.6667": {
							"post": [-40, 0, 0],
							"lerp_mode": "catmullrom"
						},
						"0.8333": {
							"post": [-45, 0, 0],
							"lerp_mode": "catmullrom"
						},
						"1.0": {
							"post": [-25, 0, 0],
							"lerp_mode": "catmullrom"
						}
					},
					"position": {
						"0.0": {
							"post": [0, 0, 0],
							"lerp_mode": "catmullrom"
						},
						"0.0833": [0, 0, 0],
						"0.3333": [0, 0, 0],
						"0.5": {
							"pre": [0, 0, 0],
							"post": [0, 0, 0],
							"lerp_mode": "catmullrom"
						},
						"0.6667": {
							"post": [0, 0, 0],
							"lerp_mode": "catmullrom"
						},
						"1.0": {
							"post": [0, 0, 0],
							"lerp_mode": "catmullrom"
						}
					}
				},
				"foot_back_right": {
					"rotation": {
						"0.0": {
							"post": [27.5, 0, 0],
							"lerp_mode": "catmullrom"
						},
						"0.0833": [20, 0, 0],
						"0.3333": [-17.5, 0, 0],
						"0.4167": [38.76, 0, 0],
						"0.5": {
							"pre": [50, 0, 0],
							"post": [50, 0, 0],
							"lerp_mode": "catmullrom"
						},
						"0.6667": {
							"post": [52.5, 0, 0],
							"lerp_mode": "catmullrom"
						},
						"0.8333": {
							"post": [27.5, 0, 0],
							"lerp_mode": "catmullrom"
						},
						"1.0": {
							"post": [27.5, 0, 0],
							"lerp_mode": "catmullrom"
						}
					},
					"position": {
						"0.0": {
							"post": [0, 0, 0],
							"lerp_mode": "catmullrom"
						},
						"0.0833": [0, 0, 0],
						"0.1667": [0, 0.6, 0],
						"0.25": [0, 0.7, 0],
						"0.3333": [0, 0, 0],
						"0.5": {
							"pre": [0, 0, 0],
							"post": [0, 0, 0],
							"lerp_mode": "catmullrom"
						},
						"0.6667": {
							"post": [0, 1, 0],
							"lerp_mode": "catmullrom"
						},
						"0.8333": {
							"post": [0, 1, 0.25],
							"lerp_mode": "catmullrom"
						},
						"1.0": {
							"post": [0, 0, 0],
							"lerp_mode": "catmullrom"
						}
					}
				},
				"nose_hair_left": {
					"rotation": [0, 0, "math.sin(q.anim_time*90*4+60)*-8"]
				},
				"nose_hair_right": {
					"rotation": [0, 0, "math.sin(q.anim_time*90*4+60)*-8"]
				},
				"front_scarf_top": {
					"rotation": ["-math.sin(q.anim_time*90*8+110)*16", 0, 0]
				},
				"front_scarf_mid": {
					"rotation": ["-math.sin(q.anim_time*90*8+80)*16", 0, 0]
				},
				"front_scarf_bottom": {
					"rotation": ["-math.sin(q.anim_time*90*8+60)*16", 0, 0]
				},
				"back_scarf_top": {
					"rotation": ["math.sin(q.anim_time*90*8+110)*16", 0, 0]
				},
				"back_scarf_mid": {
					"rotation": ["math.sin(q.anim_time*90*8+80)*16", 0, 0]
				},
				"back_scarf_bottom": {
					"rotation": ["math.sin(q.anim_time*90*8+60)*16", 0, 0]
				},
				"right_scarf_top": {
					"rotation": [0, 0, "math.sin(q.anim_time*90*8+60)*16"]
				},
				"right_scarf_mid": {
					"rotation": [0, 0, "math.sin(q.anim_time*90*8+80)*16"]
				},
				"right_scarf_bottom": {
					"rotation": [0, 0, "math.sin(q.anim_time*90*8+110)*16"]
				},
				"leg_back_right2": {
					"rotation": {
						"0.0": {
							"post": [15, 0, 0],
							"lerp_mode": "catmullrom"
						},
						"0.1667": {
							"post": [25, 0, 0],
							"lerp_mode": "catmullrom"
						},
						"0.5": {
							"post": [17.5, 0, 0],
							"lerp_mode": "catmullrom"
						},
						"0.5833": [0, 0, 0],
						"1.0": {
							"pre": [15, 0, 0],
							"post": [15, 0, 0],
							"lerp_mode": "catmullrom"
						}
					}
				},
				"leg_back_left2": {
					"rotation": {
						"0.0": {
							"post": [17.5, 0, 0],
							"lerp_mode": "catmullrom"
						},
						"0.0833": [0, 0, 0],
						"0.5": {
							"pre": [15, 0, 0],
							"post": [15, 0, 0],
							"lerp_mode": "catmullrom"
						},
						"0.6667": {
							"post": [25, 0, 0],
							"lerp_mode": "catmullrom"
						},
						"1.0": {
							"post": [17.5, 0, 0],
							"lerp_mode": "catmullrom"
						}
					}
				}
			}
		},
		"animation.gogoat.ground_run": {
			"loop": true,
			"animation_length": 0.5,
			"bones": {
				"torso": {
					"rotation": ["2.5+math.sin(q.anim_time*90*8-60)*8", 0, "0+math.sin(q.anim_time*90*8-120)*-2"],
					"position": [0, "1-math.sin(q.anim_time*90*8-30)*3", 0]
				},
				"tail": {
					"rotation": ["17+math.sin(q.anim_time*90*8-120)*-12", 0, 0]
				},
				"head": {
					"rotation": ["2.5-math.sin(q.anim_time*90*8-60)*4", 0, "0+math.sin(q.anim_time*90*8-180)*4"]
				},
				"torso2": {
					"rotation": ["-5-math.sin(q.anim_time*90*8-30)*8", 0, "0+math.sin(q.anim_time*90*8-210)*-2"],
					"position": [0, "0.5+math.sin(q.anim_time*90*8)", 0]
				},
				"ear_right": {
					"rotation": [10, 39, "16-math.sin(q.anim_time*90*8)*-16"]
				},
				"ear_left": {
					"rotation": [10, -39, "-16+math.sin(q.anim_time*90*8)*-16"]
				},
				"head_tuft_left": {
					"rotation": [0, "math.sin(q.anim_time*90*8)*8", 0]
				},
				"head_tuft_right": {
					"rotation": [0, "-(math.sin(q.anim_time*90*8)*8)", 0]
				},
				"nose_hair_left": {
					"rotation": [0, 0, "math.sin(q.anim_time*90*8-150)*8"]
				},
				"nose_hair_right": {
					"rotation": [0, 0, "-math.sin(q.anim_time*90*8-180)*8"]
				},
				"scarf": {
					"rotation": ["-math.sin(q.anim_time*90*8-30)*4", 0, 0]
				},
				"front_scarf_top": {
					"rotation": ["math.sin(q.anim_time*90*8-90)*16", 0, 0]
				},
				"front_scarf_mid": {
					"rotation": ["math.sin(q.anim_time*90*8-150)*16", 0, 0]
				},
				"front_scarf_bottom": {
					"rotation": ["math.sin(q.anim_time*90*8-180)*16", 0, 0]
				},
				"back_scarf_top": {
					"rotation": ["-math.sin(q.anim_time*90*8-90)*16", 0, 0]
				},
				"back_scarf_mid": {
					"rotation": ["-math.sin(q.anim_time*90*8-150)*16", 0, 0]
				},
				"back_scarf_bottom": {
					"rotation": ["-math.sin(q.anim_time*90*8-180)*16", 0, 0]
				},
				"right_scarf_top": {
					"rotation": [0, 0, "-(math.sin(q.anim_time*90*8-90)*16)"]
				},
				"right_scarf_mid": {
					"rotation": [0, 0, "-(math.sin(q.anim_time*90*8-150)*20)"]
				},
				"right_scarf_bottom": {
					"rotation": [0, 0, "-(math.sin(q.anim_time*90*8-180)*24)"]
				},
				"left_scarf_top": {
					"rotation": [0, 0, "math.sin(q.anim_time*90*8-90)*16"]
				},
				"left_scarf_mid": {
					"rotation": [0, 0, "math.sin(q.anim_time*90*8-150)*20"]
				},
				"left_scarf_bottom": {
					"rotation": [0, 0, "math.sin(q.anim_time*90*8-180)*24"]
				},
				"leg_front_left": {
					"rotation": {
						"0.0": {
							"post": [-47.5, 0, 0],
							"lerp_mode": "catmullrom"
						},
						"0.0833": {
							"post": [-41.25, 0, 0],
							"lerp_mode": "catmullrom"
						},
						"0.1667": [-25, 0, 0],
						"0.25": [15, 0, 0],
						"0.3333": {
							"pre": [35, 0, 0],
							"post": [35, 0, 0],
							"lerp_mode": "catmullrom"
						},
						"0.4167": {
							"post": [-27.5, 0, 0],
							"lerp_mode": "catmullrom"
						},
						"0.5": {
							"post": [-47.5, 0, 0],
							"lerp_mode": "catmullrom"
						}
					},
					"position": {
						"0.0": {
							"post": [0, 2, -1],
							"lerp_mode": "catmullrom"
						},
						"0.0833": {
							"post": [0, -0.5, -1.12],
							"lerp_mode": "catmullrom"
						},
						"0.125": {
							"post": [0, -1.98, 0.01],
							"lerp_mode": "catmullrom"
						},
						"0.1667": [0, -1.5, 1.25],
						"0.25": [0, -0.25, 2],
						"0.3333": {
							"pre": [0, 2.5, 3],
							"post": [0, 2.5, 3],
							"lerp_mode": "catmullrom"
						},
						"0.4167": {
							"post": [0, 4.5, 0.87],
							"lerp_mode": "catmullrom"
						},
						"0.5": {
							"post": [0, 2, -1],
							"lerp_mode": "catmullrom"
						}
					}
				},
				"leg_front_left2": {
					"rotation": {
						"0.0": [27.5, 0, 0],
						"0.0833": [0, 0, 0],
						"0.125": [0, 0, 0],
						"0.25": [0, 0, 0],
						"0.3333": [0, 0, 0],
						"0.4167": {
							"pre": [77.5, 0, 0],
							"post": [77.5, 0, 0],
							"lerp_mode": "catmullrom"
						},
						"0.5": [27.5, 0, 0]
					},
					"position": {
						"0.0": [0, 0, 0],
						"0.0833": [0, 0, 0],
						"0.125": [0, 0, 0],
						"0.25": [0, 0, 0],
						"0.3333": [0, 1, 0],
						"0.4167": {
							"pre": [0, -0.25, 0],
							"post": [0, -0.25, 0],
							"lerp_mode": "catmullrom"
						},
						"0.5": [0, 0, 0]
					}
				},
				"leg_front_left3": {
					"rotation": {
						"0.0": {
							"post": [50, 0, 0],
							"lerp_mode": "catmullrom"
						},
						"0.0833": [37.5, 0, 0],
						"0.1667": [25, 0, 0],
						"0.25": [-14.5, 0, 0],
						"0.3333": {
							"pre": [63, 0, 0],
							"post": [63, 0, 0],
							"lerp_mode": "catmullrom"
						},
						"0.5": {
							"post": [50, 0, 0],
							"lerp_mode": "catmullrom"
						}
					},
					"position": {
						"0.0": {
							"post": [0, 0.75, 0],
							"lerp_mode": "catmullrom"
						},
						"0.0833": [0, 0.5, 0],
						"0.1667": [0, 0.25, 0],
						"0.2083": [0, 0.73, 0],
						"0.25": [0, -0.3, 0],
						"0.3333": {
							"pre": [0, 0, 0],
							"post": [0, 0, 0],
							"lerp_mode": "catmullrom"
						},
						"0.5": {
							"post": [0, 0.75, 0],
							"lerp_mode": "catmullrom"
						}
					}
				},
				"leg_front_right": {
					"relative_to": {
						"rotation": "entity"
					},
					"rotation": {
						"0.0": {
							"post": [-41.25, 0, 0],
							"lerp_mode": "catmullrom"
						},
						"0.0833": [-25, 0, 0],
						"0.1667": [15, 0, 0],
						"0.25": {
							"pre": [35, 0, 0],
							"post": [35, 0, 0],
							"lerp_mode": "catmullrom"
						},
						"0.3333": {
							"post": [-27.5, 0, 0],
							"lerp_mode": "catmullrom"
						},
						"0.4167": {
							"post": [-47.5, 0, 0],
							"lerp_mode": "catmullrom"
						},
						"0.5": {
							"post": [-41.25, 0, 0],
							"lerp_mode": "catmullrom"
						}
					},
					"position": {
						"0.0": {
							"post": [0, 1.75, -1.12],
							"lerp_mode": "catmullrom"
						},
						"0.0417": {
							"post": [0, -0.98, 0.01],
							"lerp_mode": "catmullrom"
						},
						"0.0833": [0, -1.5, 1.25],
						"0.1667": [0, -0.25, 2],
						"0.25": {
							"pre": [0, -1.5, 3],
							"post": [0, -1.5, 3],
							"lerp_mode": "catmullrom"
						},
						"0.3333": {
							"post": [0, 2.5, 1.37],
							"lerp_mode": "catmullrom"
						},
						"0.4167": {
							"post": [0, 4, -1],
							"lerp_mode": "catmullrom"
						},
						"0.5": {
							"post": [0, 1.75, -1.12],
							"lerp_mode": "catmullrom"
						}
					}
				},
				"leg_front_right2": {
					"rotation": {
						"0.0": [0, 0, 0],
						"0.0417": [0, 0, 0],
						"0.1667": [0, 0, 0],
						"0.25": [0, 0, 0],
						"0.3333": {
							"pre": [77.5, 0, 0],
							"post": [77.5, 0, 0],
							"lerp_mode": "catmullrom"
						},
						"0.4167": [27.5, 0, 0],
						"0.5": [0, 0, 0]
					},
					"position": {
						"0.0": [0, 0, 0],
						"0.0417": [0, 0, 0],
						"0.1667": [0, 0, 0],
						"0.25": [0, 1, 0],
						"0.3333": {
							"pre": [0, -0.25, 0],
							"post": [0, -0.25, 0],
							"lerp_mode": "catmullrom"
						},
						"0.4167": [0, 0, 0],
						"0.5": [0, 0, 0]
					}
				},
				"leg_front_right3": {
					"rotation": {
						"0.0": [37.5, 0, 0],
						"0.0833": [25, 0, 0],
						"0.1667": [-14.5, 0, 0],
						"0.25": {
							"pre": [63, 0, 0],
							"post": [63, 0, 0],
							"lerp_mode": "catmullrom"
						},
						"0.4167": {
							"post": [50, 0, 0],
							"lerp_mode": "catmullrom"
						},
						"0.5": [37.5, 0, 0]
					},
					"position": {
						"0.0": [0, 0.5, 0],
						"0.0833": [0, 0.25, 0],
						"0.125": [0, 0.73, 0],
						"0.1667": [0, -0.3, 0],
						"0.25": {
							"pre": [0, 0, 0],
							"post": [0, 0, 0],
							"lerp_mode": "catmullrom"
						},
						"0.4167": {
							"post": [0, 0.75, 0],
							"lerp_mode": "catmullrom"
						},
						"0.5": [0, 0.5, 0]
					}
				},
				"leg_back_left": {
					"rotation": {
						"0.0": [-15, 0, 0],
						"0.0833": [5.83, 0, 0],
						"0.125": [21.53, 0, 0],
						"0.2083": {
							"pre": [52.5, 0, 0],
							"post": [52.5, 0, 0],
							"lerp_mode": "catmullrom"
						},
						"0.2917": {
							"post": [43.75, 0, 0],
							"lerp_mode": "catmullrom"
						},
						"0.4167": {
							"post": [-26.6493, -6.25591, 0],
							"lerp_mode": "catmullrom"
						},
						"0.5": [-15, 0, 0]
					},
					"position": {
						"0.0": [0, 0, -4.25],
						"0.125": [0, -2.66, 1.42],
						"0.2083": {
							"pre": [0, -2, 1.42],
							"post": [0, -2, 1.42],
							"lerp_mode": "catmullrom"
						},
						"0.2917": {
							"post": [0, 1, 0.09],
							"lerp_mode": "catmullrom"
						},
						"0.4167": {
							"post": [0, 2, -3.75],
							"lerp_mode": "catmullrom"
						},
						"0.5": [0, 0, -4.25]
					}
				},
				"leg_back_right2": {
					"rotation": {
						"0.0": [0, 0, 0],
						"0.0833": [0, 0, 0],
						"0.125": [0.83, 0, 0],
						"0.2083": {
							"pre": [10, 0, 0],
							"post": [10, 0, 0],
							"lerp_mode": "catmullrom"
						},
						"0.2917": {
							"post": [24.17, 0, 0],
							"lerp_mode": "catmullrom"
						},
						"0.3333": {
							"post": [35, 0, 0],
							"lerp_mode": "catmullrom"
						},
						"0.4167": {
							"post": [32.5, 0, 0],
							"lerp_mode": "catmullrom"
						},
						"0.5": [0, 0, 0]
					},
					"position": {
						"0.0": [0, 0, 0],
						"0.0833": [0, 0, 0],
						"0.125": [0, 0, 0],
						"0.2083": {
							"pre": [0, 0, 0],
							"post": [0, 0, 0],
							"lerp_mode": "catmullrom"
						},
						"0.2917": {
							"post": [0, 0, 0],
							"lerp_mode": "catmullrom"
						},
						"0.4167": {
							"post": [0, 0, 0],
							"lerp_mode": "catmullrom"
						},
						"0.5": [0, 0, 0]
					}
				},
				"leg_back_left3": {
					"rotation": {
						"0.0": [0, 0, 0],
						"0.0833": [5.56, 0, 0],
						"0.125": [7.9, 0, 0],
						"0.2083": {
							"pre": [-5, 0, 0],
							"post": [-5, 0, 0],
							"lerp_mode": "catmullrom"
						},
						"0.2917": {
							"post": [-51.67, 0, 0],
							"lerp_mode": "catmullrom"
						},
						"0.4167": {
							"post": [-40.83, 0, 0],
							"lerp_mode": "catmullrom"
						},
						"0.5": [0, 0, 0]
					},
					"position": {
						"0.0": [0, 0, 0],
						"0.0833": [0, 0.67, 0],
						"0.125": [0, 0.6, 0],
						"0.2083": {
							"pre": [0, 0.47, 0],
							"post": [0, 0.47, 0],
							"lerp_mode": "catmullrom"
						},
						"0.2917": {
							"post": [0, 0.34, 0],
							"lerp_mode": "catmullrom"
						},
						"0.5": [0, 0, 0]
					}
				},
				"foot_back_left": {
					"rotation": {
						"0.0": [15, 0, 0],
						"0.0833": [-10.75, 0, 0],
						"0.125": [-29.78, 0, 0],
						"0.2083": {
							"pre": [57.5, 0, 0],
							"post": [57.5, 0, 0],
							"lerp_mode": "catmullrom"
						},
						"0.2917": [53.33, 0, 0],
						"0.4167": {
							"pre": [49.17, 0, 0],
							"post": [49.17, 0, 0],
							"lerp_mode": "catmullrom"
						},
						"0.5": [15, 0, 0]
					},
					"position": {
						"0.0": [0, 0, 0],
						"0.0417": [0, 0.29, 0],
						"0.0833": [0, 0.72, 0],
						"0.125": [0, -0.24, 0],
						"0.2083": [0, 0.13, 0],
						"0.2917": [0, 0.5, 0],
						"0.5": [0, 0, 0]
					}
				},
				"leg_back_right": {
					"rotation": {
						"0.0": [21.53, 0, 0],
						"0.0833": {
							"pre": [52.5, 0, 0],
							"post": [52.5, 0, 0],
							"lerp_mode": "catmullrom"
						},
						"0.1667": {
							"post": [43.75, 0, 0],
							"lerp_mode": "catmullrom"
						},
						"0.2917": {
							"post": [-26.6493, 6.25591, 0],
							"lerp_mode": "catmullrom"
						},
						"0.375": [-15, 0, 0],
						"0.4583": [5.83, 0, 0],
						"0.5": [21.53, 0, 0]
					},
					"position": {
						"0.0": [0, -2.66, 1.42],
						"0.0833": {
							"pre": [0, -2, 1.42],
							"post": [0, -2, 1.42],
							"lerp_mode": "catmullrom"
						},
						"0.1667": {
							"post": [0, -1.75, 0.09],
							"lerp_mode": "catmullrom"
						},
						"0.2917": {
							"post": [0, 0.75, -3.75],
							"lerp_mode": "catmullrom"
						},
						"0.375": [0, 0, -5],
						"0.5": [0, -2.66, 1.42]
					}
				},
				"leg_back_left2": {
					"rotation": {
						"0.0": [0.83, 0, 0],
						"0.0833": {
							"pre": [10, 0, 0],
							"post": [10, 0, 0],
							"lerp_mode": "catmullrom"
						},
						"0.1667": {
							"post": [24.17, 0, 0],
							"lerp_mode": "catmullrom"
						},
						"0.2083": {
							"post": [35, 0, 0],
							"lerp_mode": "catmullrom"
						},
						"0.2917": {
							"post": [32.5, 0, 0],
							"lerp_mode": "catmullrom"
						},
						"0.375": [0, 0, 0],
						"0.4583": [0, 0, 0],
						"0.5": [0.83, 0, 0]
					},
					"position": {
						"0.0": [0, 0, 0],
						"0.0833": {
							"pre": [0, 0, 0],
							"post": [0, 0, 0],
							"lerp_mode": "catmullrom"
						},
						"0.1667": {
							"post": [0, 0, 0],
							"lerp_mode": "catmullrom"
						},
						"0.2917": {
							"post": [0, 0, 0],
							"lerp_mode": "catmullrom"
						},
						"0.375": [0, 0, 0],
						"0.4583": [0, 0, 0],
						"0.5": [0, 0, 0]
					}
				},
				"leg_back_right3": {
					"rotation": {
						"0.0": [7.9, 0, 0],
						"0.0833": {
							"pre": [-5, 0, 0],
							"post": [-5, 0, 0],
							"lerp_mode": "catmullrom"
						},
						"0.1667": {
							"post": [-51.67, 0, 0],
							"lerp_mode": "catmullrom"
						},
						"0.2917": {
							"post": [-40.83, 0, 0],
							"lerp_mode": "catmullrom"
						},
						"0.375": [0, 0, 0],
						"0.4583": [5.56, 0, 0],
						"0.5": [7.9, 0, 0]
					},
					"position": {
						"0.0": [0, 0.6, 0],
						"0.0833": {
							"pre": [0, 0.47, 0],
							"post": [0, 0.47, 0],
							"lerp_mode": "catmullrom"
						},
						"0.1667": {
							"post": [0, 0.34, 0],
							"lerp_mode": "catmullrom"
						},
						"0.375": [0, 0, 0],
						"0.4583": [0, 0.67, 0],
						"0.5": [0, 0.6, 0]
					}
				},
				"foot_back_right": {
					"rotation": {
						"0.0": [-29.78, 0, 0],
						"0.0833": {
							"pre": [57.5, 0, 0],
							"post": [57.5, 0, 0],
							"lerp_mode": "catmullrom"
						},
						"0.1667": [53.33, 0, 0],
						"0.2917": {
							"pre": [49.17, 0, 0],
							"post": [49.17, 0, 0],
							"lerp_mode": "catmullrom"
						},
						"0.375": [15, 0, 0],
						"0.4583": [-10.75, 0, 0],
						"0.5": [-29.78, 0, 0]
					},
					"position": {
						"0.0": [0, -0.24, 0],
						"0.0833": [0, 0.13, 0],
						"0.1667": [0, 0.5, 0],
						"0.375": [0, 0, 0],
						"0.4167": [0, 0.29, 0],
						"0.4583": [0, 0.72, 0],
						"0.5": [0, -0.24, 0]
					}
				}
			}
		},
		"animation.gogoat.ride_ground_walk": {
			"loop": true,
			"bones": {
				"hips": {
					"rotation": [0, "q.r.yaw_change(0)*-10", 0]
				},
				"torso": {
					"rotation": [0, 0, 0]
				},
				"torso2": {
					"rotation": [0, "q.r.yaw_change(0)*20", 0],
					"position": ["q.r.yaw_change(0)*-1.5", 0, "math.abs(q.r.yaw_change(0)*-1.5)"]
				},
				"head": {
					"rotation": [0, "q.r.yaw_change(0)*15", 0]
				},
				"tail": {
					"rotation": [0, "q.r.yaw_change(0)*-20", 0]
				},
				"ftorso2": {
					"rotation": [0, "q.r.yaw_change(0)*20", 0],
					"position": ["q.r.yaw_change(0)*-1.5", 0, "math.abs(q.r.yaw_change(0)*-1.5)"]
				},
				"legs_front": {
					"rotation": [0, 0, 0]
				},
				"legs_back": {
					"rotation": [0, "q.r.yaw_change(0)*-10", 0]
				}
			}
		},
		"animation.gogoat.ride_ground_run": {
			"loop": true,
			"bones": {
				"hips": {
					"rotation": [0, "q.r.yaw_change(0)*-10", 0]
				},
				"torso": {
					"rotation": [0, 0, "q.r.yaw_change(0)*-10"]
				},
				"torso2": {
					"rotation": [0, "q.r.yaw_change(0)*20", 0],
					"position": ["q.r.yaw_change(0)*-1.5", 0, "math.abs(q.r.yaw_change(0)*-1.5)"]
				},
				"head": {
					"rotation": [0, "q.r.yaw_change(0)*15", 0]
				},
				"tail": {
					"rotation": [0, "q.r.yaw_change(0)*-20", 0]
				},
				"ftorso2": {
					"rotation": [0, "q.r.yaw_change(0)*20", 0],
					"position": ["q.r.yaw_change(0)*-1.5", 0, "math.abs(q.r.yaw_change(0)*-1.5)"]
				},
				"legs_front": {
					"rotation": [0, 0, 0]
				},
				"legs_back": {
					"rotation": [0, "q.r.yaw_change(0)*-10", 0]
				}
			}
		},
		"animation.gogoat.ride_jump": {
			"loop": true,
			"bones": {
				"body": {
					"position": [0, "math.clamp((q.r.velocity_y(0)*-4),0,4)", 0]
				},
				"hips": {
					"rotation": ["q.r.velocity_y(0)*-20", 0, 0]
				},
				"tail": {
					"rotation": ["q.r.velocity_y(0)*-20+(math.sin(q.anim_time*90*20)*5)", 0, 0]
				},
				"leg_front_left": {
					"rotation": ["-27.5+q.r.velocity_y(0)*30+(math.sin(q.anim_time*90*20-30))", 0, 0],
					"position": [0, "math.clamp((q.r.velocity_y(0)*-3),-3,0)", "math.clamp((q.r.velocity_y(0)*1.2),0,2)"]
				},
				"leg_front_left2": {
					"rotation": ["25+math.clamp((q.r.velocity_y(0)*30),-25,30)+(math.sin(q.anim_time*90*20-120)*3)", 0, 0]
				},
				"leg_front_left3": {
					"rotation": [25, 0, 0],
					"position": [0, 0.75, 0]
				},
				"leg_front_right3": {
					"rotation": [25, 0, 0],
					"position": [0, 0.75, 0]
				},
				"leg_back_left": {
					"rotation": ["q.r.velocity_y(0)*20+(math.sin(q.anim_time*90*20-30))", 0, "math.clamp((q.r.velocity_y(0)*20),-20,0)"]
				},
				"leg_back_right2": {
					"rotation": ["27.5+math.clamp((q.r.velocity_y(0)*30),-27.5,0)", 0, 0]
				},
				"leg_back_left3": {
					"rotation": ["-22.5+math.clamp((q.r.velocity_y(0)*30),0,30)+(math.sin(q.anim_time*90*20-90)*3)", 0, 0]
				},
				"foot_back_left": {
					"rotation": [35, 0, 0],
					"position": [0, 0.5, 0]
				},
				"leg_back_right": {
					"rotation": ["q.r.velocity_y(0)*20+(math.sin(q.anim_time*90*20-90))", 0, "-(math.clamp((q.r.velocity_y(0)*20),-20,0))"]
				},
				"leg_back_left2": {
					"rotation": ["27.5+math.clamp((q.r.velocity_y(0)*30),-27.5,0)", 0, 0]
				},
				"leg_back_right3": {
					"rotation": ["-22.5+math.clamp((q.r.velocity_y(0)*30),0,30)+(math.sin(q.anim_time*90*20-150)*3)", 0, 0]
				},
				"foot_back_right": {
					"rotation": [35, 0, 0],
					"position": [0, 0.5, 0]
				},
				"torso2": {
					"rotation": ["q.r.velocity_y(0)*20", 0, 0],
					"position": [0, 0, "math.clamp((q.r.velocity_y(0)*-1.5),0,1.5)"]
				},
				"head": {
					"rotation": ["q.r.velocity_y(0)*-15", 0, 0],
					"position": [0, 0, "math.clamp((q.r.velocity_y(0)*-1),-1,0)"]
				},
				"head_tuft_left": {
					"rotation": [0, "-math.abs(q.r.velocity_y(0)*15)+(math.sin(q.anim_time*90*20-60)*2)", 0]
				},
				"head_tuft_right": {
					"rotation": [0, "math.abs(q.r.velocity_y(0)*15)-(math.sin(q.anim_time*90*20-60)*2)", 0]
				},
				"nose_hair_left": {
					"rotation": [0, 0, "math.sin(q.anim_time*90*20-30)*2"]
				},
				"nose_hair_right": {
					"rotation": [0, 0, "-(math.sin(q.anim_time*90*20-90)*2)"]
				},
				"ear_right": {
					"rotation": [0, "15+math.abs(q.r.velocity_y(0)*30)-(math.sin(q.anim_time*90*20-120)*5)", 0]
				},
				"ear_left": {
					"rotation": [0, "-15-math.abs(q.r.velocity_y(0)*30)+(math.sin(q.anim_time*90*20-60)*5)", 0]
				},
				"front_scarf_top": {
					"rotation": ["-5+math.abs(q.r.velocity_y(0)*30)+(math.sin(q.anim_time*90*20)*5)", 0, 0]
				},
				"front_scarf_mid": {
					"rotation": ["-17.5+math.abs(q.r.velocity_y(0)*30)+(math.sin(q.anim_time*90*20-60)*5)", 0, 0]
				},
				"front_scarf_bottom": {
					"rotation": ["-15+math.abs(q.r.velocity_y(0)*30)+(math.sin(q.anim_time*90*20-120)*5)", 0, 0]
				},
				"back_scarf_top": {
					"rotation": ["20-math.abs(q.r.velocity_y(0)*30)+(math.sin(q.anim_time*90*20)*5)", 0, 0]
				},
				"back_scarf_mid": {
					"rotation": ["32.5-math.abs(q.r.velocity_y(0)*30)+(math.sin(q.anim_time*90*20-60)*5)", 0, 0]
				},
				"back_scarf_bottom": {
					"rotation": ["32.5-math.abs(q.r.velocity_y(0)*30)+(math.sin(q.anim_time*90*20-120)*5)", 0, 0]
				},
				"right_scarf_top": {
					"rotation": [0, 0, "-(math.abs(q.r.velocity_y(0)*40)+(math.sin(q.anim_time*90*20)*5))"]
				},
				"right_scarf_mid": {
					"rotation": [0, 0, "5-math.abs(q.r.velocity_y(0)*30)+(math.sin(q.anim_time*90*20-60)*5)"]
				},
				"right_scarf_bottom": {
					"rotation": [0, 0, "15-math.abs(q.r.velocity_y(0)*15)+(math.sin(q.anim_time*90*20-120)*5)"]
				},
				"left_scarf_top": {
					"rotation": [0, 0, "math.abs(q.r.velocity_y(0)*40)+(math.sin(q.anim_time*90*20)*5)"]
				},
				"left_scarf_mid": {
					"rotation": [0, 0, "-5+math.abs(q.r.velocity_y(0)*30)+(math.sin(q.anim_time*90*20-60)*5)"]
				},
				"left_scarf_bottom": {
					"rotation": [0, 0, "-15+math.abs(q.r.velocity_y(0)*15)+(math.sin(q.anim_time*90*20-120)*5)"]
				},
				"leg_front_right": {
					"rotation": ["-27.5+q.r.velocity_y(0)*30+(math.sin(q.anim_time*90*20-90))", 0, 0],
					"position": [0, "math.clamp((q.r.velocity_y(0)*-3),-3,0)", "math.clamp((q.r.velocity_y(0)*1.2),0,2)"]
				},
				"leg_front_right2": {
					"rotation": ["25+math.clamp((q.r.velocity_y(0)*30),-25,30)+(math.sin(q.anim_time*90*20-180)*3)", 0, 0]
				}
			}
		},
		"animation.gogoat.sleep": {
			"loop": true,
			"bones": {
				"torso": {
					"rotation": ["-math.sin(q.anim_time*90-90)", 0, 0],
					"position": [0, "-10+math.sin(q.anim_time*90)/4", 0]
				},
				"torso2": {
					"rotation": ["-math.sin(q.anim_time*90-150)", 0, 0]
				},
				"head": {
					"rotation": ["25-math.sin(q.anim_time*90-120)*2", 12.5, 5],
					"position": [0, 1, 3]
				},
				"eye_left": {
					"position": [-0.1, 0, 0.1]
				},
				"eye_right": {
					"position": [0.1, 0, 0.1]
				},
				"eyelid_left": {
					"position": [0.1, 0, -0.1]
				},
				"eyelid_right": {
					"position": [-0.1, 0, -0.1]
				},
				"head_tuft_left": {
					"position": [0, 0, 0]
				},
				"ear_right": {
					"rotation": [0, "42.5-math.sin(q.anim_time*90-150)*4", 0]
				},
				"ear_left": {
					"rotation": [0, "-42.5+math.sin(q.anim_time*90-150)*4", 0]
				},
				"scarf": {
					"rotation": ["-10-math.sin(q.anim_time*90-180)", 0, 0],
					"position": [0, 0.5, 0.5]
				},
				"front_scarf_top": {
					"rotation": ["math.sin(q.anim_time*90-30)*8", 0, 0]
				},
				"front_scarf_mid": {
					"rotation": ["math.sin(q.anim_time*90)*8", 0, 0]
				},
				"front_scarf_bottom": {
					"rotation": ["math.sin(q.anim_time*90+30)*8", 0, 0]
				},
				"back_scarf_top": {
					"rotation": ["-math.sin(q.anim_time*90-30)*8", 0, 0]
				},
				"back_scarf_mid": {
					"rotation": ["-math.sin(q.anim_time*90)*8", 0, 0]
				},
				"back_scarf_bottom": {
					"rotation": ["-math.sin(q.anim_time*90+30)*8", 0, 0]
				},
				"right_scarf_top": {
					"rotation": [0, 0, "-(math.sin(q.anim_time*90-30)*8)"]
				},
				"right_scarf_mid": {
					"rotation": [0, 0, "-(math.sin(q.anim_time*90)*8)"]
				},
				"right_scarf_bottom": {
					"rotation": [0, 0, "-(math.sin(q.anim_time*90+30)*8)"]
				},
				"left_scarf_top": {
					"rotation": [0, 0, "math.sin(q.anim_time*90-30)*8"]
				},
				"left_scarf_mid": {
					"rotation": [0, 0, "math.sin(q.anim_time*90)*8"]
				},
				"left_scarf_bottom": {
					"rotation": [0, 0, "math.sin(q.anim_time*90+30)*8"]
				},
				"tail": {
					"rotation": ["-50+math.sin(q.anim_time*90-90)*8", 0, 0],
					"position": [0, 0.25, 0]
				},
				"leg_front_left": {
					"rotation": [0, 0, 0],
					"position": [0, -8.75, 1.5]
				},
				"leg_front_left2": {
					"rotation": [82.5, 0, 0]
				},
				"leg_front_left3": {
					"rotation": [92.5, 0, 0],
					"position": [0, 0.75, 0]
				},
				"leg_front_right": {
					"rotation": [0, 0, 0],
					"position": [0, -8.75, 1.5]
				},
				"leg_front_right2": {
					"rotation": [82.5, 0, 0]
				},
				"leg_front_right3": {
					"rotation": [92.5, 0, 0],
					"position": [0, 0.75, 0]
				},
				"leg_back_left": {
					"rotation": [-40, -12.5, 0],
					"position": [0, -11, 0]
				},
				"leg_back_right2": {
					"rotation": [37.5, 0, 0]
				},
				"leg_back_left3": {
					"rotation": [-85, 0, 0]
				},
				"foot_back_left": {
					"rotation": [87.5, 0, 0],
					"position": [0, 0, -0.75]
				},
				"leg_back_right": {
					"rotation": [-40, 12.5, 0],
					"position": [0, -11, 0]
				},
				"leg_back_left2": {
					"rotation": [37.5, 0, 0]
				},
				"leg_back_right3": {
					"rotation": [-85, 0, 0]
				},
				"foot_back_right": {
					"rotation": [87.5, 0, 0],
					"position": [0, 0, -0.75]
				}
			}
		},
		"animation.gogoat.battle_idle": {
			"loop": true,
			"bones": {
				"torso": {
					"rotation": ["12.5-math.sin(q.anim_time*90*2-90)", 0, 0],
					"position": [0, "1+math.sin(q.anim_time*90*2)/4", 0]
				},
				"tail": {
					"rotation": ["42.5+math.sin(q.anim_time*90*2-150)*8", 0, 0]
				},
				"head": {
					"rotation": ["2.5+math.sin(q.anim_time*90*2-90)", 0, "math.sin(q.anim_time*90*2-180)*1.5"]
				},
				"torso2": {
					"rotation": ["-12.5-math.sin(q.anim_time*90*2-150)*1.5", 0, 0],
					"position": [0, 0.5, 0]
				},
				"ear_right": {
					"rotation": [10.29354, "38.8697+math.sin(q.anim_time*90*2-150)*8", 16.14054]
				},
				"ear_left": {
					"rotation": [10.29354, "-38.86967-math.sin(q.anim_time*90*2-150)*8", -16.14054]
				},
				"eyelid_angry_left": {
					"position": [0, -0.4, 0]
				},
				"eyelid_angry_right": {
					"position": [0, -0.4, 0]
				},
				"head_tuft_left": {
					"rotation": [0, "-math.sin(q.anim_time*90*2-90)*4", 0]
				},
				"head_tuft_right": {
					"rotation": [0, "math.sin(q.anim_time*90*2-120)*4", 0]
				},
				"nose_hair_left": {
					"rotation": [0, 0, "-math.sin(q.anim_time*90*2-90)*4"]
				},
				"nose_hair_right": {
					"rotation": [0, 0, "-math.sin(q.anim_time*90*2-150)*4"]
				},
				"front_scarf_top": {
					"rotation": ["math.sin(q.anim_time*90*2-30)*4", 0, 0]
				},
				"front_scarf_mid": {
					"rotation": ["math.sin(q.anim_time*90*2-60)*4", 0, 0]
				},
				"front_scarf_bottom": {
					"rotation": ["math.sin(q.anim_time*90*2-90)*4", 0, 0]
				},
				"back_scarf_top": {
					"rotation": ["-math.sin(q.anim_time*90*2-30)*4", 0, 0]
				},
				"back_scarf_mid": {
					"rotation": ["-math.sin(q.anim_time*90*2-60)*4", 0, 0]
				},
				"back_scarf_bottom": {
					"rotation": ["-math.sin(q.anim_time*90*2-90)*4", 0, 0]
				},
				"right_scarf_top": {
					"rotation": [0, 0, "-(math.sin(q.anim_time*90*2-30)*4)"]
				},
				"right_scarf_mid": {
					"rotation": [0, 0, "-(math.sin(q.anim_time*90*2-60)*4)"]
				},
				"right_scarf_bottom": {
					"rotation": [0, 0, "-(math.sin(q.anim_time*90*2-90)*4)"]
				},
				"left_scarf_top": {
					"rotation": [0, 0, "math.sin(q.anim_time*90*2-30)*4"]
				},
				"left_scarf_mid": {
					"rotation": [0, 0, "math.sin(q.anim_time*90*2-60)*4"]
				},
				"left_scarf_bottom": {
					"rotation": [0, 0, "math.sin(q.anim_time*90*2-90)*4"]
				},
				"leg_front_left": {
					"rotation": [0, 0, -20],
					"position": [0, -0.65, 0]
				},
				"leg_front_left3": {
					"rotation": [0, 0, 20]
				},
				"leg_front_right": {
					"rotation": [0, 0, 20],
					"position": [0, -0.65, 0]
				},
				"leg_front_right3": {
					"rotation": [0, 0, -20]
				},
				"leg_back_left": {
					"rotation": [0, 0, -10],
					"position": [0, -0.3, -0.5]
				},
				"foot_back_left": {
					"rotation": [0, 0, 10]
				},
				"leg_back_right": {
					"rotation": [0, 0, 10],
					"position": [0, -0.3, -0.5]
				},
				"foot_back_right": {
					"rotation": [0, 0, -10]
				}
			}
		},
		"animation.gogoat.cry": {
			"animation_length": 2,
			"bones": {
				"head": {
					"rotation": {
						"0.0": [0, 0, 0],
						"0.125": {
							"pre": [-6.87, 0, 0],
							"post": [-6.87, 0, 0],
							"lerp_mode": "catmullrom"
						},
						"0.3333": {
							"post": [7.5, 0, 0],
							"lerp_mode": "catmullrom"
						},
						"0.9167": {
							"post": [-20, 0, 0],
							"lerp_mode": "catmullrom"
						},
						"1.625": {
							"post": [0, 0, 0],
							"lerp_mode": "catmullrom"
						},
						"1.875": [0, 0, 0]
					},
					"position": {
						"0.0": [0, 0, 0],
						"0.3333": {
							"pre": [0, 0.5, 0.25],
							"post": [0, 0.5, 0.25],
							"lerp_mode": "catmullrom"
						},
						"0.9167": {
							"post": [0, 1, 0.5],
							"lerp_mode": "catmullrom"
						},
						"1.625": {
							"post": [0, 0, 0],
							"lerp_mode": "catmullrom"
						},
						"1.875": [0, 0, 0]
					}
				},
				"mouth_open": {
					"position": {
						"0.0": [0, 0, 0],
						"0.375": {
							"pre": [0, 0, 0],
							"post": [0, -0.1, -0.2]
						},
						"1.7917": {
							"pre": [0, -0.1, -0.2],
							"post": [0, 0, 0]
						}
					}
				},
				"nose_hair_left": {
					"rotation": {
						"0.0": [0, 0, 0],
						"0.25": [0, 0, 0],
						"0.375": [0, 0, "math.sin(q.anim_time*90*20)*8"],
						"1.7083": [0, 0, 0]
					},
					"position": {
						"0.0": [0, 0, 0],
						"0.25": [0, 0, 0],
						"1.7083": [0, 0, 0]
					}
				},
				"nose_hair_right": {
					"rotation": {
						"0.0": [0, 0, 0],
						"0.25": [0, 0, 0],
						"0.375": [0, 0, "-(math.sin(q.anim_time*90*20)*8)"],
						"1.7083": [0, 0, 0]
					},
					"position": {
						"0.0": [0, 0, 0],
						"0.25": [0, 0, 0],
						"1.7083": [0, 0, 0]
					}
				},
				"mouth_open1": {
					"position": {
						"0.0": [0, 0, 0],
						"0.375": {
							"pre": [0, 0, 0],
							"post": [0, 0, -0.3]
						},
						"1.7917": {
							"pre": [0, 0, -0.3],
							"post": [0, 0, 0]
						}
					}
				},
				"neck": {
					"rotation": {
						"0.0": [0, 0, 0],
						"0.25": {
							"pre": [7.5, 0, 0],
							"post": [7.5, 0, 0],
							"lerp_mode": "catmullrom"
						},
						"0.75": {
							"post": [-5.06, 0, 0],
							"lerp_mode": "catmullrom"
						},
						"2.0": [0, 0, 0]
					},
					"position": {
						"0.0": [0, 0, 0],
						"0.25": {
							"pre": [0, -1.25, -0.5],
							"post": [0, -1.25, -0.5],
							"lerp_mode": "catmullrom"
						},
						"0.75": {
							"post": [0, -0.32, 0.42],
							"lerp_mode": "catmullrom"
						},
						"0.9167": {
							"post": [0, 0.01, 0.43],
							"lerp_mode": "catmullrom"
						},
						"2.0": [0, 0, 0]
					}
				}
			},
			"sound_effects": {
				"0.25": {
					"effect": "pokemon.gogoat.cry"
				}
			}
		},
		"animation.gogoat.blink": {
			"animation_length": 0.1667,
			"bones": {
				"eye_left": {
					"position": {
						"0.0": [-0.1, 0, 0.1],
						"0.125": {
							"pre": [-0.1, 0, 0.1],
							"post": [-0.1, 0, 0.1]
						},
						"0.1667": {
							"pre": [-0.1, 0, 0.1],
							"post": [0, 0, 0]
						}
					}
				},
				"eye_right": {
					"position": {
						"0.0": [0.1, 0, 0.1],
						"0.125": {
							"pre": [0.1, 0, 0.1],
							"post": [0.1, 0, 0.1]
						},
						"0.1667": {
							"pre": [0.1, 0, 0.1],
							"post": [0, 0, 0]
						}
					}
				},
				"eyelid_left": {
					"position": {
						"0.0": [0.1, 0, -0.1],
						"0.125": {
							"pre": [0.1, 0, -0.1],
							"post": [0.1, 0, -0.1]
						},
						"0.1667": {
							"pre": [0.1, 0, -0.1],
							"post": [0, 0, 0]
						}
					}
				},
				"eyelid_right": {
					"position": {
						"0.0": [-0.1, 0, -0.1],
						"0.125": {
							"pre": [-0.1, 0, -0.1],
							"post": [-0.1, 0, -0.1]
						},
						"0.1667": {
							"pre": [-0.1, 0, -0.1],
							"post": [0, 0, 0]
						}
					}
				}
			}
		},
		"animation.gogoat.walkspeedtest": {
			"loop": true,
			"bones": {
				"gogoat": {
					"position": [0, 0, "47-q.anim_time*90*0.6"]
				}
			}
		},
		"animation.gogoat.runspeedtest": {
			"loop": true,
			"bones": {
				"gogoat": {
					"position": [0, 0, "47-q.anim_time*90*1.8"]
				}
			}
		}
	}
}