{
	"format_version": "1.8.0",
	"animations": {
		"animation.pidove.cry": {
			"animation_length": 1,
			"bones": {
				"neck": {
					"rotation": {
						"0.0": {
							"post": [0, 0, 0],
							"lerp_mode": "catmullrom"
						},
						"0.1667": {
							"post": [7.5, 0, 0],
							"lerp_mode": "catmullrom"
						},
						"0.4167": {
							"post": [-5, 0, 0],
							"lerp_mode": "catmullrom"
						},
						"0.75": {
							"post": [0, 0, 0],
							"lerp_mode": "catmullrom"
						},
						"1.0": {
							"post": [0, 0, 0],
							"lerp_mode": "catmullrom"
						}
					}
				},
				"jaw": {
					"rotation": {
						"0.1667": {
							"pre": [0, 0, 0],
							"post": [0, 0, 0],
							"lerp_mode": "catmullrom"
						},
						"0.3333": {
							"post": [40, 0, 0],
							"lerp_mode": "catmullrom"
						},
						"0.4167": {
							"post": [15, 0, 0],
							"lerp_mode": "catmullrom"
						},
						"0.5833": {
							"post": [30, 0, 0],
							"lerp_mode": "catmullrom"
						},
						"0.75": {
							"post": [0, 0, 0],
							"lerp_mode": "catmullrom"
						}
					}
				},
				"torso": {
					"rotation": {
						"0.0": {
							"post": [0, 0, 0],
							"lerp_mode": "catmullrom"
						},
						"0.1667": {
							"post": [2, 0, 0],
							"lerp_mode": "catmullrom"
						},
						"0.3333": {
							"post": [-5, 0, 0],
							"lerp_mode": "catmullrom"
						},
						"0.5": {
							"post": [-5, 0, 0],
							"lerp_mode": "catmullrom"
						},
						"0.75": {
							"post": [0, 0, 0],
							"lerp_mode": "catmullrom"
						},
						"0.9167": {
							"post": [0, 0, 0],
							"lerp_mode": "catmullrom"
						}
					}
				}
			},
			"sound_effects": {
				"0.1667": {
					"effect": "pokemon.pidove.cry"
				}
			}
		},
		"animation.pidove.blink": {
			"animation_length": 0.1667,
			"bones": {
				"eyelid_left": {
					"position": {
						"0.0": [0.1, 0, -0.1],
						"0.125": [0.1, 0, -0.1],
						"0.1667": [0, 0, 0]
					}
				},
				"eyelid_right": {
					"position": {
						"0.0": [-0.1, 0, -0.1],
						"0.125": [-0.1, 0, -0.1],
						"0.1667": [0, 0, 0]
					}
				}
			}
		},
		"animation.pidove.on_grass_quirk": {
			"animation_length": 5,
			"bones": {
				"torso": {
					"rotation": {
						"0.0": {
							"post": [0, 0, 0],
							"lerp_mode": "catmullrom"
						},
						"0.3333": {
							"post": [15.12353, -7.24305, -1.95155],
							"lerp_mode": "catmullrom"
						},
						"0.875": {
							"post": [19.58552, -15.47374, -9.65996],
							"lerp_mode": "catmullrom"
						},
						"1.3333": {
							"post": [9.08552, -15.47374, -9.65996],
							"lerp_mode": "catmullrom"
						},
						"1.9583": {
							"post": [12.99362, 15.87931, 7.77567],
							"lerp_mode": "catmullrom"
						},
						"2.375": {
							"post": [5.33815, 2.87715, -1.33216],
							"lerp_mode": "catmullrom"
						},
						"2.5833": {
							"post": [7.83815, 2.87715, -1.33216],
							"lerp_mode": "catmullrom"
						},
						"3.0833": {
							"post": [7.83815, 2.87715, -1.33216],
							"lerp_mode": "catmullrom"
						},
						"3.5": {
							"post": [0, 0, 0],
							"lerp_mode": "catmullrom"
						},
						"4.5417": {
							"post": [0, 0, 0],
							"lerp_mode": "catmullrom"
						}
					},
					"position": {
						"0.0": [0, 0, 0],
						"0.3333": {
							"pre": [0, 0, 1],
							"post": [0, 0, 1],
							"lerp_mode": "catmullrom"
						},
						"0.875": {
							"post": [0, 0, 1],
							"lerp_mode": "catmullrom"
						},
						"1.3333": {
							"post": [0, 0, 1],
							"lerp_mode": "catmullrom"
						},
						"1.9583": {
							"post": [0, 0.9, 1],
							"lerp_mode": "catmullrom"
						},
						"2.375": {
							"post": [0, 0, 0],
							"lerp_mode": "catmullrom"
						},
						"2.5833": {
							"post": [0, 0, -1],
							"lerp_mode": "catmullrom"
						},
						"3.0833": {
							"post": [0, 0, -1],
							"lerp_mode": "catmullrom"
						},
						"3.5": [0, 0, 0],
						"4.5417": [0, 0, 0]
					}
				},
				"neck": {
					"rotation": {
						"0.0": {
							"post": [0, 0, 0],
							"lerp_mode": "catmullrom"
						},
						"0.3333": {
							"post": [27.5, 0, 0],
							"lerp_mode": "catmullrom"
						},
						"0.6667": {
							"post": [22.5, 0, 0],
							"lerp_mode": "catmullrom"
						},
						"0.7917": {
							"post": [20.17674, -29.78401, -19.29534],
							"lerp_mode": "catmullrom"
						},
						"1.0": {
							"post": [20.17674, -29.78401, -19.29534],
							"lerp_mode": "catmullrom"
						},
						"1.4167": {
							"post": [20.17674, -29.78401, -19.29534],
							"lerp_mode": "catmullrom"
						},
						"1.5833": {
							"post": [13.83844, -8.64738, 15.27269],
							"lerp_mode": "catmullrom"
						},
						"1.75": {
							"post": [13.83844, -8.64738, 15.27269],
							"lerp_mode": "catmullrom"
						},
						"2.125": {
							"post": [13.83844, -8.64738, 15.27269],
							"lerp_mode": "catmullrom"
						},
						"2.375": {
							"post": [-6.15068, -3.64839, 15.17125],
							"lerp_mode": "catmullrom"
						},
						"2.5833": {
							"post": [40.15237, -11.36351, 5.24315],
							"lerp_mode": "catmullrom"
						},
						"2.6667": {
							"post": [29.43, -12.56, 4.95],
							"lerp_mode": "catmullrom"
						},
						"2.7917": {
							"post": [29.43, -12.56, 4.95],
							"lerp_mode": "catmullrom"
						},
						"2.875": {
							"post": [39.65237, -11.36351, 5.24315],
							"lerp_mode": "catmullrom"
						},
						"2.9583": {
							"post": [29.43, -12.56, 4.95],
							"lerp_mode": "catmullrom"
						},
						"3.0833": {
							"post": [39.65237, -11.36351, 5.24315],
							"lerp_mode": "catmullrom"
						},
						"3.1667": {
							"post": [29.43, -12.56, 4.95],
							"lerp_mode": "catmullrom"
						},
						"3.5": {
							"post": [0, 0, 0],
							"lerp_mode": "catmullrom"
						},
						"4.0417": [0, 0, 0]
					},
					"position": {
						"0.0": {
							"post": [0, 0, 0],
							"lerp_mode": "catmullrom"
						},
						"0.3333": {
							"post": [0, 0, -1],
							"lerp_mode": "catmullrom"
						},
						"0.6667": {
							"post": [0, 0, -1],
							"lerp_mode": "catmullrom"
						},
						"0.7917": {
							"post": [1, 0, -1],
							"lerp_mode": "catmullrom"
						},
						"1.0": {
							"post": [1, 0, -1],
							"lerp_mode": "catmullrom"
						},
						"1.4167": {
							"post": [1, 0, -1],
							"lerp_mode": "catmullrom"
						},
						"1.5833": {
							"post": [0, 0, -1],
							"lerp_mode": "catmullrom"
						},
						"1.75": {
							"post": [0, 0, -1],
							"lerp_mode": "catmullrom"
						},
						"2.125": {
							"post": [0, 0, -1],
							"lerp_mode": "catmullrom"
						},
						"2.375": {
							"post": [0, 0, -1],
							"lerp_mode": "catmullrom"
						},
						"2.5833": {
							"post": [0, -1, -2],
							"lerp_mode": "catmullrom"
						},
						"2.6667": {
							"post": [0, -1.12, -2.12],
							"lerp_mode": "catmullrom"
						},
						"2.75": {
							"post": [0, -1, -2],
							"lerp_mode": "catmullrom"
						},
						"2.8333": {
							"post": [0, -1.12, -2.12],
							"lerp_mode": "catmullrom"
						},
						"2.9167": {
							"post": [0, -1, -2],
							"lerp_mode": "catmullrom"
						},
						"3.0": {
							"post": [0, -1.12, -2.12],
							"lerp_mode": "catmullrom"
						},
						"3.0833": {
							"post": [0, -1, -2],
							"lerp_mode": "catmullrom"
						},
						"3.1667": {
							"post": [0, -1, -2],
							"lerp_mode": "catmullrom"
						},
						"3.5": {
							"post": [0, 0, 0],
							"lerp_mode": "catmullrom"
						},
						"4.0417": [0, 0, 0]
					}
				},
				"chest": {
					"rotation": {
						"0.0": [0, 0, 0],
						"0.3333": {
							"pre": [7.5, 0, 0],
							"post": [7.5, 0, 0],
							"lerp_mode": "catmullrom"
						},
						"0.875": {
							"post": [7.5, 0, 0],
							"lerp_mode": "catmullrom"
						},
						"1.3333": {
							"post": [15, 0, 0],
							"lerp_mode": "catmullrom"
						},
						"1.9583": {
							"post": [20, -7.5, -0.5],
							"lerp_mode": "catmullrom"
						},
						"2.375": {
							"post": [10, 0, 0],
							"lerp_mode": "catmullrom"
						},
						"2.5833": {
							"post": [27.5, 0, 0],
							"lerp_mode": "catmullrom"
						},
						"3.0833": {
							"post": [27.5, 0, 0],
							"lerp_mode": "catmullrom"
						},
						"3.5": {
							"post": [0, 0, 0],
							"lerp_mode": "catmullrom"
						},
						"4.5417": [0, 0, 0]
					}
				},
				"jaw": {
					"rotation": {
						"2.4583": [0, 0, 0],
						"2.5833": [45, 0, 0],
						"2.625": [0, 0, 0],
						"2.7917": [0, 0, 0],
						"2.875": [27.5, 0, 0],
						"2.9583": [0, 0, 0],
						"3.0417": [27.5, 0, 0],
						"3.125": [0, 0, 0],
						"3.2083": [0, 0, 0],
						"3.5": {
							"pre": [40, 0, 0],
							"post": [40, 0, 0],
							"lerp_mode": "catmullrom"
						},
						"3.9167": {
							"post": [40, 0, 0],
							"lerp_mode": "catmullrom"
						},
						"4.1667": [0, 0, 0]
					}
				},
				"eyelid_left": {
					"position": {
						"0.2083": [0, 0, 0],
						"0.25": [0.1, 0, -0.1],
						"0.375": [0.1, 0, -0.1],
						"0.4167": [0, 0, 0],
						"0.625": [0, 0, 0],
						"0.6667": [0.1, 0, -0.1],
						"0.7917": [0.1, 0, -0.1],
						"0.8333": [0, 0, 0],
						"1.4583": [0, 0, 0],
						"1.5": [0.1, 0, -0.1],
						"1.625": [0.1, 0, -0.1],
						"1.6667": [0, 0, 0],
						"2.3333": [0, 0, 0],
						"2.375": [0.1, 0, -0.1],
						"2.5": [0.1, 0, -0.1],
						"2.5417": [0, 0, 0]
					}
				},
				"eyelid_happy_left": {
					"position": {
						"0.0": [0, 0, 0],
						"3.375": {
							"pre": [0, 0, 0],
							"post": [0.1, 0, -0.1]
						},
						"4.0": {
							"pre": [0.1, 0, -0.1],
							"post": [0, 0, 0]
						}
					}
				},
				"eyelid_right": {
					"position": {
						"0.2083": [0, 0, 0],
						"0.25": [-0.1, 0, -0.1],
						"0.375": [-0.1, 0, -0.1],
						"0.4167": [0, 0, 0],
						"0.625": [0, 0, 0],
						"0.6667": [-0.1, 0, -0.1],
						"0.7917": [-0.1, 0, -0.1],
						"0.8333": [0, 0, 0],
						"1.4583": [0, 0, 0],
						"1.5": [-0.1, 0, -0.1],
						"1.625": [-0.1, 0, -0.1],
						"1.6667": [0, 0, 0],
						"2.3333": [0, 0, 0],
						"2.375": [-0.1, 0, -0.1],
						"2.5": [-0.1, 0, -0.1],
						"2.5417": [0, 0, 0]
					}
				},
				"eyelid_happy_right": {
					"position": {
						"0.0": [0, 0, 0],
						"3.375": {
							"pre": [0, 0, 0],
							"post": [-0.1, 0, -0.1]
						},
						"4.0": {
							"pre": [-0.1, 0, -0.1],
							"post": [0, 0, 0]
						}
					}
				},
				"leg_left": {
					"rotation": {
						"0.0": [0, 0, 0],
						"0.3333": [-25, 0, 0],
						"1.8333": [-25, 0, 0],
						"2.0": [-17.31, 0, 0],
						"2.375": [0, 0, 0],
						"2.5833": [26, 0, 0],
						"3.0833": [26, 0, 0],
						"3.5833": [0, 0, 0]
					},
					"position": {
						"0.0": [0, 0, 0],
						"0.3333": [0, -0.27, 1.5],
						"1.8333": [0, -0.27, 1.5],
						"2.0": [0, -0.09, 1.06],
						"2.125": [0, -0.01, 0.71],
						"2.25": [0, 0.02, 0.36],
						"2.375": [0, 0, 0],
						"2.4583": [0, -0.13, -0.345],
						"2.5833": [0, -0.41, -0.8],
						"3.0833": [0, -0.41, -0.8],
						"3.5833": [0, 0, 0]
					}
				},
				"foot_left": {
					"rotation": {
						"0.0": [0, 0, 0],
						"0.3333": [25, 0, 0],
						"1.8333": [25, 0, 0],
						"2.0": [17.31, 0, 0],
						"2.375": [0, 0, 0],
						"2.5833": [-26, 0, 0],
						"3.0833": [-26, 0, 0],
						"3.5833": [0, 0, 0]
					},
					"position": {
						"0.0": [0, 0, 0],
						"0.1667": [0, 0.1, -0.35],
						"0.3333": [0, 0, -0.7],
						"1.8333": [0, 0, -0.7],
						"2.0": [0, 0, -0.48],
						"2.375": [0, 0, 0],
						"2.5833": [0, 0, 0],
						"3.0833": [0, 0, 0],
						"3.5833": [0, 0, 0]
					}
				},
				"leg_right": {
					"rotation": {
						"0.0": [0, 0, 0],
						"0.3333": [-25, 0, 0],
						"1.8333": [-25, 0, 0],
						"2.0": [-17.31, 0, 0],
						"2.375": [0, 0, 0],
						"2.5833": [26, 0, 0],
						"3.0833": [26, 0, 0],
						"3.5833": [0, 0, 0]
					},
					"position": {
						"0.0": [0, 0, 0],
						"0.3333": [0, -0.27, 1.5],
						"1.8333": [0, -0.27, 1.5],
						"2.0": [0, -0.09, 1.06],
						"2.125": [0, -0.01, 0.71],
						"2.25": [0, 0.02, 0.36],
						"2.375": [0, 0, 0],
						"2.4583": [0, -0.13, -0.345],
						"2.5833": [0, -0.41, -0.8],
						"3.0833": [0, -0.41, -0.8],
						"3.5833": [0, 0, 0]
					}
				},
				"foot_right": {
					"rotation": {
						"0.0": [0, 0, 0],
						"0.3333": [25, 0, 0],
						"1.8333": [25, 0, 0],
						"2.0": [17.31, 0, 0],
						"2.375": [0, 0, 0],
						"2.5833": [-26, 0, 0],
						"3.0833": [-26, 0, 0],
						"3.5833": [0, 0, 0]
					},
					"position": {
						"0.0": [0, 0, 0],
						"0.1667": [0, 0.1, -0.35],
						"0.3333": [0, 0, -0.7],
						"1.8333": [0, 0, -0.7],
						"2.0": [0, 0, -0.48],
						"2.375": [0, 0, 0],
						"2.5833": [0, 0, 0],
						"3.0833": [0, 0, 0],
						"3.5833": [0, 0, 0]
					}
				}
			}
		},
		"animation.pidove.look_quirk": {
			"animation_length": 2.5833,
			"bones": {
				"torso": {
					"rotation": {
						"0.0": {
							"post": [0, 0, 0],
							"lerp_mode": "catmullrom"
						},
						"0.3333": {
							"post": [0, 5, -2],
							"lerp_mode": "catmullrom"
						},
						"0.875": {
							"post": [2.56859, 0.23024, -0.49819],
							"lerp_mode": "catmullrom"
						},
						"1.25": {
							"post": [0, -5, 4],
							"lerp_mode": "catmullrom"
						},
						"1.6667": {
							"post": [2.41732, -7.45205, 4.81314],
							"lerp_mode": "catmullrom"
						},
						"2.125": {
							"post": [0, 1, 0],
							"lerp_mode": "catmullrom"
						},
						"2.5833": [0, 0, 0]
					}
				},
				"neck": {
					"rotation": {
						"0.0417": {
							"pre": [0, 0, 0],
							"post": [0, 0, 0],
							"lerp_mode": "catmullrom"
						},
						"0.1667": {
							"post": [-10, 15, 0],
							"lerp_mode": "catmullrom"
						},
						"0.4583": {
							"post": [-10, 15, 0],
							"lerp_mode": "catmullrom"
						},
						"1.0417": {
							"post": [-10, 15, 0],
							"lerp_mode": "catmullrom"
						},
						"1.1667": {
							"post": [-24.77706, -22.3613, -3.28893],
							"lerp_mode": "catmullrom"
						},
						"1.4167": {
							"post": [-24.77706, -22.3613, -3.28893],
							"lerp_mode": "catmullrom"
						},
						"1.7917": {
							"post": [-24.77706, -22.3613, -3.28893],
							"lerp_mode": "catmullrom"
						},
						"1.9583": {
							"post": [0, 1, 0],
							"lerp_mode": "catmullrom"
						},
						"2.3333": {
							"post": [0, 0, 0],
							"lerp_mode": "catmullrom"
						}
					},
					"position": {
						"0.0417": {
							"pre": [0, 0, 0],
							"post": [0, 0, 0],
							"lerp_mode": "catmullrom"
						},
						"0.1667": {
							"post": [-0.5, 0, 0],
							"lerp_mode": "catmullrom"
						},
						"0.4583": {
							"post": [-0.5, 0, 0],
							"lerp_mode": "catmullrom"
						},
						"1.0417": {
							"post": [-0.5, 0, 0],
							"lerp_mode": "catmullrom"
						},
						"1.1667": {
							"post": [0.5, 0, 0.5],
							"lerp_mode": "catmullrom"
						},
						"1.4167": {
							"post": [0.5, 0, 0.5],
							"lerp_mode": "catmullrom"
						},
						"1.7917": {
							"post": [0.5, 0, 0.5],
							"lerp_mode": "catmullrom"
						},
						"1.9583": {
							"post": [0, 0, 0],
							"lerp_mode": "catmullrom"
						},
						"2.3333": {
							"post": [0, 0, 0],
							"lerp_mode": "catmullrom"
						}
					}
				},
				"hair": {
					"rotation": {
						"0.0417": [0, 0, 0],
						"0.125": [0, 0, -5],
						"0.25": [0, 0, 0],
						"1.0417": [0, 0, 0],
						"1.125": [0, 7.5, 15],
						"1.2083": [0, -3.5, -10],
						"1.3333": [0, 0, 0],
						"1.7917": [0, 0, 0],
						"1.875": [-10, 0, -4],
						"1.9583": [6, 0, 2],
						"2.0833": [0, 0, 0]
					}
				},
				"pupil_left": {
					"scale": {
						"0.0": [1, 1, 1],
						"0.1667": {
							"pre": [1, 1, 1],
							"post": [1, 0.7, 0.7]
						},
						"1.0833": {
							"pre": [1, 0.7, 0.7],
							"post": [1, 0.7, 0.7]
						},
						"1.8333": {
							"pre": [1, 0.7, 0.7],
							"post": [1, 1, 1]
						}
					}
				},
				"eyelid_left": {
					"position": {
						"0.0": [0, 0, 0],
						"0.0417": {
							"pre": [0, 0, 0],
							"post": [0.1, 0, -0.1]
						},
						"0.1667": {
							"pre": [0.1, 0, -0.1],
							"post": [0, 0, 0]
						},
						"0.9583": {
							"pre": [0, 0, 0],
							"post": [0.1, 0, -0.1]
						},
						"1.0833": {
							"pre": [0.1, 0, -0.1],
							"post": [0, 0, 0]
						},
						"1.8333": {
							"pre": [0, 0, 0],
							"post": [0.1, 0, -0.1]
						},
						"1.9583": {
							"pre": [0.1, 0, -0.1],
							"post": [0, 0, 0]
						}
					}
				},
				"pupil_right": {
					"scale": {
						"0.0": [1, 1, 1],
						"0.1667": {
							"pre": [1, 1, 1],
							"post": [1, 0.7, 0.7]
						},
						"1.0833": {
							"pre": [1, 0.7, 0.7],
							"post": [1, 0.7, 0.7]
						},
						"1.8333": {
							"pre": [1, 0.7, 0.7],
							"post": [1, 1, 1]
						}
					}
				},
				"eyelid_right": {
					"position": {
						"0.0": [0, 0, 0],
						"0.0417": {
							"pre": [0, 0, 0],
							"post": [-0.1, 0, -0.1]
						},
						"0.1667": {
							"pre": [-0.1, 0, -0.1],
							"post": [0, 0, 0]
						},
						"0.9583": {
							"pre": [0, 0, 0],
							"post": [-0.1, 0, -0.1]
						},
						"1.0833": {
							"pre": [-0.1, 0, -0.1],
							"post": [0, 0, 0]
						},
						"1.8333": {
							"pre": [0, 0, 0],
							"post": [-0.1, 0, -0.1]
						},
						"1.9583": {
							"pre": [-0.1, 0, -0.1],
							"post": [0, 0, 0]
						}
					}
				}
			}
		},
		"animation.pidove.ground_idle": {
			"loop": true,
			"bones": {
				"toe_inner_left": {
					"rotation": [0, 5, 0]
				},
				"toe_outer_left": {
					"rotation": [0, -5, 0]
				},
				"toe_inner_right": {
					"rotation": [0, -5, 0]
				},
				"toe_outer_right": {
					"rotation": [0, 5, 0]
				},
				"hair": {
					"rotation": ["-15+math.sin(q.anim_time*90*3-40)*1", 0, 0]
				},
				"tail": {
					"rotation": ["55+math.sin(q.anim_time*90*3-50)*1", 0, 0]
				},
				"torso": {
					"rotation": ["math.sin(q.anim_time*90*3)-0.5", 0, "math.sin(q.anim_time*90*1.5)*1"],
					"position": [0, "math.sin(q.anim_time*90*3-90)*-0.1", 0]
				},
				"neck": {
					"rotation": ["math.sin(q.anim_time*90*3-30)*-0.5", 0, "math.sin(q.anim_time*90*1.5-30)*-1"]
				},
				"wing_open_left": {
					"rotation": [0, -62.5, 90],
					"position": [0, -3.7, 0.5],
					"scale": 0
				},
				"wing_open_left2": {
					"rotation": [0, -30, 0],
					"position": [-0.8, 0, -0.9]
				},
				"wing_open_left3": {
					"rotation": [0, -25, 0],
					"position": [-1.2, 0, 0]
				},
				"wing_open_left4": {
					"rotation": [0, -30, 0]
				},
				"wing_open_right": {
					"rotation": [0, 65, -90],
					"position": [0, -3.7, 0.5],
					"scale": 0
				},
				"wing_open_right2": {
					"rotation": [0, 30, 0],
					"position": [0.8, 0, -0.9]
				},
				"wing_open_right3": {
					"rotation": [0, 25, 0],
					"position": [1.2, 0, 0]
				},
				"wing_closed_left2": {
					"rotation": ["0+math.sin(q.anim_time*90*3-20)*0.5", 0, 0]
				},
				"wing_closed_left3": {
					"rotation": ["0+math.sin(q.anim_time*90*3-50)*0.75", 0, 0]
				},
				"wing_closed_right2": {
					"rotation": ["0+math.sin(q.anim_time*90*3-20)*0.5", 0, 0]
				},
				"wing_closed_right3": {
					"rotation": ["0+math.sin(q.anim_time*90*3-50)*0.75", 0, 0]
				},
				"chest": {
					"rotation": ["math.sin(q.anim_time*90*3)*-1", 0, 0]
				},
				"wing_closed_left": {
					"rotation": [-2.5, 0, 0]
				},
				"wing_closed_right": {
					"rotation": [-2.5, 0, 0]
				},
				"leg_left": {
					"rotation": [0, -5, 0]
				},
				"leg_right": {
					"rotation": [0, 5, 0]
				}
			}
		},
		"animation.pidove.battle_idle": {
			"loop": true,
			"bones": {
				"toe_inner_left": {
					"rotation": [0, 5, 0]
				},
				"toe_outer_left": {
					"rotation": [0, -5, 0]
				},
				"toe_inner_right": {
					"rotation": [0, -5, 0]
				},
				"toe_outer_right": {
					"rotation": [0, 5, 0]
				},
				"hair": {
					"rotation": ["-15+math.sin(q.anim_time*90*3-40)*1", 0, 0]
				},
				"tail": {
					"rotation": ["35+math.sin(q.anim_time*90*3-50)*1", 0, 0]
				},
				"torso": {
					"rotation": ["math.sin(q.anim_time*90*3)-0.5", 0, "math.sin(q.anim_time*90*1.5)*1"],
					"position": [0, "math.sin(q.anim_time*90*3-90)*-0.1", 0]
				},
				"neck": {
					"rotation": ["math.sin(q.anim_time*90*3-30)*-0.5", 0, "math.sin(q.anim_time*90*1.5-30)*-1"]
				},
				"wing_open_left": {
					"rotation": [0, -62.5, 90],
					"position": [0, -3.7, 0.5],
					"scale": 0
				},
				"wing_open_left2": {
					"rotation": [0, -30, 0],
					"position": [-0.8, 0, -0.9]
				},
				"wing_open_left3": {
					"rotation": [0, -25, 0],
					"position": [-1.2, 0, 0]
				},
				"wing_open_left4": {
					"rotation": [0, -30, 0]
				},
				"wing_open_right": {
					"rotation": [0, 65, -90],
					"position": [0, -3.7, 0.5],
					"scale": 0
				},
				"wing_open_right2": {
					"rotation": [0, 30, 0],
					"position": [0.8, 0, -0.9]
				},
				"wing_open_right3": {
					"rotation": [0, 25, 0],
					"position": [1.2, 0, 0]
				},
				"wing_closed_left2": {
					"rotation": ["0+math.sin(q.anim_time*90*3-20)*0.5", 0, 0]
				},
				"wing_closed_left3": {
					"rotation": ["0+math.sin(q.anim_time*90*3-50)*0.75", 0, 0]
				},
				"wing_closed_right2": {
					"rotation": ["0+math.sin(q.anim_time*90*3-20)*0.5", 0, 0]
				},
				"wing_closed_right3": {
					"rotation": ["0+math.sin(q.anim_time*90*3-50)*0.75", 0, 0]
				},
				"chest": {
					"rotation": ["math.sin(q.anim_time*90*3)*-1", 0, 0]
				},
				"wing_closed_left": {
					"rotation": [-2.5, 0, 0]
				},
				"wing_closed_right": {
					"rotation": [-2.5, 0, 0]
				},
				"leg_left": {
					"rotation": [0, -5, 0]
				},
				"leg_right": {
					"rotation": [0, 5, 0]
				},
				"eyelid_angry_left": {
					"position": [0.1, 0, -0.1]
				},
				"eyelid_angry_right": {
					"position": [-0.1, 0, -0.1]
				}
			}
		},
		"animation.pidove.shoulder_left": {
			"loop": true,
			"bones": {
				"toe_inner_left": {
					"rotation": [0, 5, 0]
				},
				"toe_outer_left": {
					"rotation": [0, -5, 0]
				},
				"toe_inner_right": {
					"rotation": [0, -5, 0]
				},
				"toe_outer_right": {
					"rotation": [0, 5, 0]
				},
				"hair": {
					"rotation": ["-15+math.sin(q.anim_time*90*3-40)*1.5", 0, 0]
				},
				"tail": {
					"rotation": ["15+math.sin(q.anim_time*90*3-50)*1", 0, 0]
				},
				"torso": {
					"rotation": ["17.5+math.sin(q.anim_time*90*3)*0.5", 0, "math.sin(q.anim_time*90*1.5)*1"],
					"position": [0, -1.5, 0]
				},
				"neck": {
					"rotation": ["-16.5+math.sin(q.anim_time*90*3-30)*-1", 0, "math.sin(q.anim_time*90*1.5-30)*-1"]
				},
				"body": {
					"position": [0, 0, 0.75]
				},
				"wing_closed_left2": {
					"rotation": ["0+math.sin(q.anim_time*90*3-20)*0.5", 0, 0]
				},
				"wing_closed_left3": {
					"rotation": ["0+math.sin(q.anim_time*90*3-50)*0.75", 0, 0]
				},
				"wing_closed_right2": {
					"rotation": ["0+math.sin(q.anim_time*90*3-20)*0.5", 0, 0]
				},
				"wing_closed_right3": {
					"rotation": ["0+math.sin(q.anim_time*90*3-50)*0.75", 0, 0]
				},
				"wing_closed_left": {
					"rotation": [-10, 0, 0]
				},
				"wing_closed_right": {
					"rotation": [-10, 0, 0]
				},
				"wing_open_left": {
					"scale": 0
				},
				"wing_open_right": {
					"scale": 0
				}
			}
		},
		"animation.pidove.shoulder_right": {
			"loop": true,
			"bones": {
				"toe_inner_left": {
					"rotation": [0, 5, 0]
				},
				"toe_outer_left": {
					"rotation": [0, -5, 0]
				},
				"toe_inner_right": {
					"rotation": [0, -5, 0]
				},
				"toe_outer_right": {
					"rotation": [0, 5, 0]
				},
				"hair": {
					"rotation": ["-15+math.sin(q.anim_time*90*3-40)*1.5", 0, 0]
				},
				"tail": {
					"rotation": ["27.5+math.sin(q.anim_time*90*3-50)*1", 0, 0]
				},
				"torso": {
					"rotation": ["17.5+math.sin(q.anim_time*90*3)*0.5", 0, "math.sin(q.anim_time*90*1.5)*1"],
					"position": [0, -1.5, 0]
				},
				"neck": {
					"rotation": ["-16.5+math.sin(q.anim_time*90*3-30)*-1", 0, "math.sin(q.anim_time*90*1.5-30)*-1"]
				},
				"body": {
					"position": [0, 0, 0.75]
				},
				"wing_closed_left2": {
					"rotation": ["0+math.sin(q.anim_time*90*3-20)*0.5", 0, 0]
				},
				"wing_closed_left3": {
					"rotation": ["0+math.sin(q.anim_time*90*3-50)*0.75", 0, 0]
				},
				"wing_closed_right2": {
					"rotation": ["0+math.sin(q.anim_time*90*3-20)*0.5", 0, 0]
				},
				"wing_closed_right3": {
					"rotation": ["0+math.sin(q.anim_time*90*3-50)*0.75", 0, 0]
				},
				"wing_closed_left": {
					"rotation": [-12.5, 0, 0]
				},
				"wing_closed_right": {
					"rotation": [-15, 0, 0]
				},
				"wing_open_left": {
					"scale": 0
				},
				"wing_open_right": {
					"scale": 0
				}
			}
		},
		"animation.pidove.ground_walk": {
			"loop": true,
			"animation_length": 1,
			"bones": {
				"toe_inner_left": {
					"rotation": {
						"0.0": [0, 3, 0],
						"0.5": [0, 3, 0],
						"0.6667": {
							"pre": [-27.5, 3, 0],
							"post": [-27.5, 3, 0],
							"lerp_mode": "catmullrom"
						},
						"0.7917": {
							"post": [15.68, 3, 0],
							"lerp_mode": "catmullrom"
						},
						"0.875": {
							"post": [-11, 3, 0],
							"lerp_mode": "catmullrom"
						},
						"1.0": {
							"post": [0, 3, 0],
							"lerp_mode": "catmullrom"
						}
					},
					"position": {
						"0.5": [0, 0, 0],
						"0.6667": [0, -0.1, 0.5],
						"0.7917": [0, 0, 0]
					}
				},
				"toe_outer_left": {
					"rotation": {
						"0.0": [0, -3, 0],
						"0.5": [0, -3, 0],
						"0.6667": {
							"pre": [-27.5, -3, 0],
							"post": [-27.5, -3, 0],
							"lerp_mode": "catmullrom"
						},
						"0.7917": {
							"post": [15.68, -3, 0],
							"lerp_mode": "catmullrom"
						},
						"0.875": {
							"post": [-11, -3, 0],
							"lerp_mode": "catmullrom"
						},
						"1.0": {
							"post": [0, -3, 0],
							"lerp_mode": "catmullrom"
						}
					},
					"position": {
						"0.5": [0, 0, 0],
						"0.6667": [0, -0.1, 0.5],
						"0.7917": [0, 0, 0]
					}
				},
				"wing_left": {
					"rotation": [137.56832, "-79.639+math.sin(q.anim_time*90*8-40)*-3", -47.33504],
					"position": [0, -1.5, -1]
				},
				"wing_left2": {
					"rotation": [0, 30, 0]
				},
				"wing_left3": {
					"rotation": [0, "-45+math.sin(q.anim_time*90*8-70)*1", 0]
				},
				"toe_inner_right": {
					"rotation": {
						"0.0": [0, -3, 0],
						"0.1667": {
							"pre": [-27.5, -3, 0],
							"post": [-27.5, -3, 0],
							"lerp_mode": "catmullrom"
						},
						"0.2917": {
							"post": [15.68, -3, 0],
							"lerp_mode": "catmullrom"
						},
						"0.375": {
							"post": [-11, -3, 0],
							"lerp_mode": "catmullrom"
						},
						"0.5": [0, -3, 0],
						"1.0": [0, -3, 0]
					},
					"position": {
						"0.0": [0, 0, 0],
						"0.1667": [0, -0.1, 0.5],
						"0.2917": [0, 0, 0]
					}
				},
				"toe_outer_right": {
					"rotation": {
						"0.0": [0, 3, 0],
						"0.1667": {
							"pre": [-27.5, 3, 0],
							"post": [-27.5, 3, 0],
							"lerp_mode": "catmullrom"
						},
						"0.2917": {
							"post": [15.68, 3, 0],
							"lerp_mode": "catmullrom"
						},
						"0.375": {
							"post": [-11, 3, 0],
							"lerp_mode": "catmullrom"
						},
						"0.5": [0, 3, 0],
						"1.0": [0, 3, 0]
					},
					"position": {
						"0.0": [0, 0, 0],
						"0.1667": [0, -0.1, 0.5],
						"0.2917": [0, 0, 0]
					}
				},
				"hair": {
					"rotation": ["-15+math.sin(q.anim_time*90*8-120)*-6", 0, 0]
				},
				"tail": {
					"rotation": ["25+math.sin(q.anim_time*90*8-160)*4", 0, 0]
				},
				"wing_right": {
					"rotation": [128.32631, "81.215+math.sin(q.anim_time*90*8-40)*3", 38.14458],
					"position": [0, -1.5, -1]
				},
				"wing_right2": {
					"rotation": [0, -30, 0]
				},
				"wing_right3": {
					"rotation": [0, "45+math.sin(q.anim_time*90*8-70)*-1", 0]
				},
				"torso": {
					"rotation": ["math.sin(q.anim_time*90*8-10)*0", "math.sin(q.anim_time*90*4-90)*1", "math.sin(q.anim_time*90*4-90)*-0.5"],
					"position": [0, "0.3+math.sin(q.anim_time*90*8-80)*0.3", 0]
				},
				"neck": {
					"rotation": ["5+math.sin(q.anim_time*90*8-90)*10", 0, "math.sin(q.anim_time*90*4-90)*0.5"],
					"position": [0, -0.3, -1]
				},
				"head": {
					"rotation": ["-2.5+math.sin(q.anim_time*90*8-90)*-10", 0, 0],
					"position": [0, 0, 0.2]
				},
				"leg_left": {
					"rotation": {
						"0.0": [-20, -5, 0],
						"0.5": [20, -5, 0],
						"0.6667": {
							"pre": [35, -5, 0],
							"post": [35, -5, 0],
							"lerp_mode": "catmullrom"
						},
						"1.0": {
							"post": [-20, -5, 0],
							"lerp_mode": "catmullrom"
						}
					},
					"position": {
						"0.0": [0, -0.45, -2],
						"0.25": [0, -0.35, 0],
						"0.5": [0, -0.45, 2],
						"0.6667": [0, -0.1, 0.5],
						"0.8333": {
							"pre": [0, 0.2, -1.34],
							"post": [0, 0.2, -1.34],
							"lerp_mode": "catmullrom"
						},
						"1.0": {
							"post": [0, -0.45, -2],
							"lerp_mode": "catmullrom"
						}
					}
				},
				"foot_left": {
					"rotation": {
						"0.0": [27.5, 0, 0],
						"0.5": [-20, 0, 0],
						"0.6667": {
							"pre": [13.33, 0, 0],
							"post": [13.33, 0, 0],
							"lerp_mode": "catmullrom"
						},
						"0.8333": {
							"post": [-7.08, 0, 0],
							"lerp_mode": "catmullrom"
						},
						"1.0": {
							"post": [27.5, 0, 0],
							"lerp_mode": "catmullrom"
						}
					},
					"position": {
						"0.0": [0, 0.3, -0.3],
						"1.0": {
							"pre": [0, 0.3, -0.3],
							"post": [0, 0.3, -0.3],
							"lerp_mode": "catmullrom"
						}
					}
				},
				"leg_right": {
					"rotation": {
						"0.0": {
							"post": [20, 5, 0],
							"lerp_mode": "catmullrom"
						},
						"0.1667": {
							"post": [35, 5, 0],
							"lerp_mode": "catmullrom"
						},
						"0.5": [-20, 5, 0],
						"1.0": [20, 5, 0]
					},
					"position": {
						"0.0": {
							"post": [0, -0.45, 2],
							"lerp_mode": "catmullrom"
						},
						"0.1667": {
							"post": [0, -0.1, 0.5],
							"lerp_mode": "catmullrom"
						},
						"0.3333": {
							"post": [0, 0.2, -1.34],
							"lerp_mode": "catmullrom"
						},
						"0.5": [0, -0.45, -2],
						"0.75": [0, -0.35, 0],
						"1.0": [0, -0.45, 2]
					}
				},
				"foot_right": {
					"rotation": {
						"0.0": {
							"post": [-20, 0, 0],
							"lerp_mode": "catmullrom"
						},
						"0.1667": {
							"post": [13.33, 0, 0],
							"lerp_mode": "catmullrom"
						},
						"0.3333": {
							"post": [-7.08, 0, 0],
							"lerp_mode": "catmullrom"
						},
						"0.5": [27.5, 0, 0],
						"1.0": [-20, 0, 0]
					},
					"position": [0, 0.3, -0.3]
				},
				"toe_back_right": {
					"rotation": {
						"0.0": {
							"post": [-10, 0, 0],
							"lerp_mode": "catmullrom"
						},
						"0.25": {
							"post": [-9.91, 0, 0],
							"lerp_mode": "catmullrom"
						},
						"0.4167": {
							"post": [0, 0, 0],
							"lerp_mode": "catmullrom"
						},
						"0.75": {
							"post": [0, 0, 0],
							"lerp_mode": "catmullrom"
						},
						"1.0": {
							"post": [-10, 0, 0],
							"lerp_mode": "catmullrom"
						}
					}
				},
				"chest": {
					"rotation": ["-2.5+math.sin(q.anim_time*90*8-10)*2", "math.sin(q.anim_time*90*4-90)*-2", 0]
				},
				"wing_closed_left": {
					"rotation": [-2.5, 0, 0]
				},
				"wing_closed_left2": {
					"rotation": ["0+math.sin(q.anim_time*90*8-50)*-1", 0, 0]
				},
				"wing_closed_right": {
					"rotation": [-2.5, 0, 0]
				},
				"wing_closed_right2": {
					"rotation": ["0+math.sin(q.anim_time*90*8-50)*-1", 0, 0]
				},
				"leg_left2": {
					"rotation": {
						"0.0": [-7.5, 0, 0],
						"0.5": [0, 0, 0],
						"0.6667": {
							"pre": [-20, 0, 0],
							"post": [-20, 0, 0],
							"lerp_mode": "catmullrom"
						},
						"1.0": {
							"post": [-7.5, 0, 0],
							"lerp_mode": "catmullrom"
						}
					}
				},
				"leg_right2": {
					"rotation": {
						"0.0": {
							"post": [0, 0, 0],
							"lerp_mode": "catmullrom"
						},
						"0.1667": {
							"post": [-20, 0, 0],
							"lerp_mode": "catmullrom"
						},
						"0.5": [-7.5, 0, 0],
						"1.0": [0, 0, 0]
					}
				},
				"wing_open_left": {
					"rotation": [0, -62.5, 90],
					"position": [0, -3.7, 0.5]
				},
				"wing_open_left2": {
					"rotation": [0, -30, 0],
					"position": [-0.8, 0, -0.9]
				},
				"wing_open_left3": {
					"rotation": [0, -25, 0],
					"position": [-1.2, 0, 0]
				},
				"wing_open_left4": {
					"rotation": [0, -30, 0]
				},
				"wing_open_right": {
					"rotation": [0, 65, -90],
					"position": [0, -3.7, 0.5]
				},
				"wing_open_right2": {
					"rotation": [0, 30, 0],
					"position": [0.8, 0, -0.9]
				},
				"wing_open_right3": {
					"rotation": [0, 25, 0],
					"position": [1.2, 0, 0]
				}
			}
		},
		"animation.pidove.walkspeed_test": {
			"loop": true,
			"bones": {
				"pidove": {
					"position": [0, 0, "32-q.anim_time*90*0.12"]
				}
			}
		},
		"animation.pidove.air_idle": {
			"loop": true,
			"animation_length": 2,
			"bones": {
				"neck": {
					"rotation": ["20+math.sin(q.anim_time*90*8-60)*3", 0, 0],
					"position": [0, -0.2, -0.6]
				},
				"torso": {
					"rotation": [-10, 0, 0]
				},
				"body": {
					"rotation": ["math.sin(q.anim_time*90*8-60)*-2", "math.sin(q.anim_time*90*1)*-2", "math.sin(q.anim_time*90*2)*-1"],
					"position": ["0+math.sin(q.anim_time*90*2)*-0.2", "0+math.sin(q.anim_time*90*8+30)*-1.5", 0]
				},
				"tail": {
					"rotation": ["20+math.sin(q.anim_time*90*8-90)*-10", 0, 0]
				},
				"head": {
					"rotation": [-5, 0, 0]
				},
				"hair": {
					"rotation": ["0+math.sin(q.anim_time*90*8-130)*-5", 0, 0]
				},
				"wing_left": {
					"rotation": [25, "-7.8987+math.sin(q.anim_time*90*8)*20", "10.0708+math.sin(q.anim_time*90*8)*-40"]
				},
				"wing_left2": {
					"rotation": [0, -2.5, "0+math.sin(q.anim_time*90*8-40)*-20"]
				},
				"wing_left3": {
					"rotation": [0, 0, "0+math.sin(q.anim_time*90*8-80)*-40"]
				},
				"leg_left": {
					"rotation": [-4.95744, -0.65182, -7.47178]
				},
				"foot_left": {
					"rotation": ["50+math.sin(q.anim_time*90*8-90)*5", 0, 0],
					"position": [0, 0.4, -0.5]
				},
				"toe_back_left": {
					"rotation": [-40, 0, 0]
				},
				"claw_back_left": {
					"rotation": [-25, 0, 0]
				},
				"toe_inner_left": {
					"rotation": ["50.2422179998+math.sin(q.anim_time*90*8-90)*10", 4.81281, 5.7589]
				},
				"claw_inner_left": {
					"rotation": [42.5, 0, 0]
				},
				"toe_outer_left": {
					"rotation": ["50.0268627665+math.sin(q.anim_time*90*8-130)*10", -1.60667, -1.91561]
				},
				"claw_outer_left": {
					"rotation": [40, 0, 0]
				},
				"leg_right": {
					"rotation": [-1.91699, 15.08367, 1.91699]
				},
				"foot_right": {
					"rotation": ["57.5+math.sin(q.anim_time*90*8-90)*5", 0, 0],
					"position": [0, 0.3, -0.7]
				},
				"toe_back_right": {
					"rotation": [-40, 0, 0]
				},
				"claw_back_right": {
					"rotation": [-15, 0, 0]
				},
				"toe_inner_right": {
					"rotation": ["20.158737433+math.sin(q.anim_time*90*8-110)*10", -7.04533, -2.57816]
				},
				"claw_inner_right": {
					"rotation": [62.5, 0, 0]
				},
				"toe_outer_right": {
					"rotation": ["35.102701657+math.sin(q.anim_time*90*8-120)*10", 4.09405, 2.87277]
				},
				"claw_outer_right": {
					"rotation": [47.5, 0, 0]
				},
				"wing_open_left": {
					"rotation": {
						"0.0": [6.21616, 23.09672, -52.9644],
						"0.1667": {
							"pre": [16.97858, -6.85277, 66.23907],
							"post": [16.97858, -6.85277, 66.23907],
							"lerp_mode": "catmullrom"
						},
						"0.5": {
							"post": [6.21616, 23.09672, -52.9644],
							"lerp_mode": "catmullrom"
						},
						"0.6667": {
							"post": [16.97858, -6.85277, 66.23907],
							"lerp_mode": "catmullrom"
						},
						"1.0": [6.21616, 23.09672, -52.9644],
						"1.1667": {
							"pre": [16.97858, -6.85277, 66.23907],
							"post": [16.97858, -6.85277, 66.23907],
							"lerp_mode": "catmullrom"
						},
						"1.5": {
							"post": [6.21616, 23.09672, -52.9644],
							"lerp_mode": "catmullrom"
						},
						"1.6667": {
							"post": [16.97858, -6.85277, 66.23907],
							"lerp_mode": "catmullrom"
						},
						"2.0": [6.21616, 23.09672, -52.9644]
					},
					"position": {
						"0.0": [0, 0, 0],
						"0.1667": {
							"pre": [0, -1, 0],
							"post": [0, -1, 0],
							"lerp_mode": "catmullrom"
						},
						"0.5": {
							"post": [0, 0, 0],
							"lerp_mode": "catmullrom"
						},
						"0.6667": {
							"post": [0, -1, 0],
							"lerp_mode": "catmullrom"
						},
						"1.0": [0, 0, 0],
						"1.1667": {
							"pre": [0, -1, 0],
							"post": [0, -1, 0],
							"lerp_mode": "catmullrom"
						},
						"1.5": {
							"post": [0, 0, 0],
							"lerp_mode": "catmullrom"
						},
						"1.6667": {
							"post": [0, -1, 0],
							"lerp_mode": "catmullrom"
						},
						"2.0": [0, 0, 0]
					}
				},
				"wing_open_left2": {
					"rotation": {
						"0.0": [0, -5, -12.5],
						"0.125": [2.44483, -3.92644, -44.93265],
						"0.25": {
							"pre": [-2.50477, -4.32875, 17.59468],
							"post": [-2.50477, -4.32875, 17.59468],
							"lerp_mode": "catmullrom"
						},
						"0.375": {
							"post": [-3.86628, -3.06971, 39.61996],
							"lerp_mode": "catmullrom"
						},
						"0.5": [0, -5, -12.5],
						"0.625": [2.44483, -3.92644, -44.93265],
						"0.75": {
							"pre": [-2.50477, -4.32875, 17.59468],
							"post": [-2.50477, -4.32875, 17.59468],
							"lerp_mode": "catmullrom"
						},
						"0.875": {
							"post": [-3.86628, -3.06971, 39.61996],
							"lerp_mode": "catmullrom"
						},
						"1.0": [0, -5, -12.5],
						"1.125": [2.44483, -3.92644, -44.93265],
						"1.25": {
							"pre": [-2.50477, -4.32875, 17.59468],
							"post": [-2.50477, -4.32875, 17.59468],
							"lerp_mode": "catmullrom"
						},
						"1.375": {
							"post": [-3.86628, -3.06971, 39.61996],
							"lerp_mode": "catmullrom"
						},
						"1.5": [0, -5, -12.5],
						"1.625": [2.44483, -3.92644, -44.93265],
						"1.75": {
							"pre": [-2.50477, -4.32875, 17.59468],
							"post": [-2.50477, -4.32875, 17.59468],
							"lerp_mode": "catmullrom"
						},
						"1.875": {
							"post": [-3.86628, -3.06971, 39.61996],
							"lerp_mode": "catmullrom"
						},
						"2.0": {
							"post": [0, -5, -12.5],
							"lerp_mode": "catmullrom"
						}
					}
				},
				"wing_open_left3": {
					"rotation": {
						"0.0": [0, -42.5, -10],
						"0.1667": {
							"pre": [9.08984, -39.67986, -17.2352],
							"post": [9.08984, -39.67986, -17.2352],
							"lerp_mode": "catmullrom"
						},
						"0.2917": {
							"post": [-15.74452, -37.73968, 25.63178],
							"lerp_mode": "catmullrom"
						},
						"0.5833": [0, -42.5, -10],
						"0.6667": {
							"pre": [9.08984, -39.67986, -17.2352],
							"post": [9.08984, -39.67986, -17.2352],
							"lerp_mode": "catmullrom"
						},
						"0.7917": {
							"post": [-15.74452, -37.73968, 25.63178],
							"lerp_mode": "catmullrom"
						},
						"1.0": [0, -42.5, -10],
						"1.1667": {
							"pre": [9.08984, -39.67986, -17.2352],
							"post": [9.08984, -39.67986, -17.2352],
							"lerp_mode": "catmullrom"
						},
						"1.2917": {
							"post": [-15.74452, -37.73968, 25.63178],
							"lerp_mode": "catmullrom"
						},
						"1.5833": [0, -42.5, -10],
						"1.6667": {
							"pre": [9.08984, -39.67986, -17.2352],
							"post": [9.08984, -39.67986, -17.2352],
							"lerp_mode": "catmullrom"
						},
						"1.7917": {
							"post": [-15.74452, -37.73968, 25.63178],
							"lerp_mode": "catmullrom"
						},
						"2.0": {
							"post": [0, -42.5, -10],
							"lerp_mode": "catmullrom"
						}
					}
				},
				"wing_open_right": {
					"rotation": {
						"0.0": [6.21616, -23.09672, 52.9644],
						"0.1667": {
							"pre": [16.97858, 6.85277, -66.23907],
							"post": [16.97858, 6.85277, -66.23907],
							"lerp_mode": "catmullrom"
						},
						"0.5": {
							"post": [6.21616, -23.09672, 52.9644],
							"lerp_mode": "catmullrom"
						},
						"0.6667": {
							"post": [16.97858, 6.85277, -66.23907],
							"lerp_mode": "catmullrom"
						},
						"1.0": [6.21616, -23.09672, 52.9644],
						"1.1667": {
							"pre": [16.97858, 6.85277, -66.23907],
							"post": [16.97858, 6.85277, -66.23907],
							"lerp_mode": "catmullrom"
						},
						"1.5": {
							"post": [6.21616, -23.09672, 52.9644],
							"lerp_mode": "catmullrom"
						},
						"1.6667": {
							"post": [16.97858, 6.85277, -66.23907],
							"lerp_mode": "catmullrom"
						},
						"2.0": [6.21616, -23.09672, 52.9644]
					},
					"position": {
						"0.0": [0, 0, 0],
						"0.1667": {
							"pre": [0, -1, 0],
							"post": [0, -1, 0],
							"lerp_mode": "catmullrom"
						},
						"0.5": {
							"post": [0, 0, 0],
							"lerp_mode": "catmullrom"
						},
						"0.6667": {
							"post": [0, -1, 0],
							"lerp_mode": "catmullrom"
						},
						"1.0": [0, 0, 0],
						"1.1667": {
							"pre": [0, -1, 0],
							"post": [0, -1, 0],
							"lerp_mode": "catmullrom"
						},
						"1.5": {
							"post": [0, 0, 0],
							"lerp_mode": "catmullrom"
						},
						"1.6667": {
							"post": [0, -1, 0],
							"lerp_mode": "catmullrom"
						},
						"2.0": [0, 0, 0]
					}
				},
				"wing_open_right2": {
					"rotation": {
						"0.0": [0, 5, 12.5],
						"0.125": [2.44483, 3.92644, 44.93265],
						"0.25": {
							"pre": [-2.50477, 4.32875, -17.59468],
							"post": [-2.50477, 4.32875, -17.59468],
							"lerp_mode": "catmullrom"
						},
						"0.375": {
							"post": [-3.86628, 3.06971, -39.61996],
							"lerp_mode": "catmullrom"
						},
						"0.5": [0, 5, 12.5],
						"0.625": [2.44483, 3.92644, 44.93265],
						"0.75": {
							"pre": [-2.50477, 4.32875, -17.59468],
							"post": [-2.50477, 4.32875, -17.59468],
							"lerp_mode": "catmullrom"
						},
						"0.875": {
							"post": [-3.86628, 3.06971, -39.61996],
							"lerp_mode": "catmullrom"
						},
						"1.0": [0, 5, 12.5],
						"1.125": [2.44483, 3.92644, 44.93265],
						"1.25": {
							"pre": [-2.50477, 4.32875, -17.59468],
							"post": [-2.50477, 4.32875, -17.59468],
							"lerp_mode": "catmullrom"
						},
						"1.375": {
							"post": [-3.86628, 3.06971, -39.61996],
							"lerp_mode": "catmullrom"
						},
						"1.5": [0, 5, 12.5],
						"1.625": [2.44483, 3.92644, 44.93265],
						"1.75": {
							"pre": [-2.50477, 4.32875, -17.59468],
							"post": [-2.50477, 4.32875, -17.59468],
							"lerp_mode": "catmullrom"
						},
						"1.875": {
							"post": [-3.86628, 3.06971, -39.61996],
							"lerp_mode": "catmullrom"
						},
						"2.0": {
							"post": [0, 5, 12.5],
							"lerp_mode": "catmullrom"
						}
					}
				},
				"wing_open_right3": {
					"rotation": {
						"0.0": [0, 42.5, 10],
						"0.1667": {
							"pre": [9.08984, 39.67986, 17.2352],
							"post": [9.08984, 39.67986, 17.2352],
							"lerp_mode": "catmullrom"
						},
						"0.2917": {
							"post": [-15.74452, 37.73968, -25.63178],
							"lerp_mode": "catmullrom"
						},
						"0.5833": [0, 42.5, 10],
						"0.6667": {
							"pre": [9.08984, 39.67986, 17.2352],
							"post": [9.08984, 39.67986, 17.2352],
							"lerp_mode": "catmullrom"
						},
						"0.7917": {
							"post": [-15.74452, 37.73968, -25.63178],
							"lerp_mode": "catmullrom"
						},
						"1.0": [0, 42.5, 10],
						"1.1667": {
							"pre": [9.08984, 39.67986, 17.2352],
							"post": [9.08984, 39.67986, 17.2352],
							"lerp_mode": "catmullrom"
						},
						"1.2917": {
							"post": [-15.74452, 37.73968, -25.63178],
							"lerp_mode": "catmullrom"
						},
						"1.5833": [0, 42.5, 10],
						"1.6667": {
							"pre": [9.08984, 39.67986, 17.2352],
							"post": [9.08984, 39.67986, 17.2352],
							"lerp_mode": "catmullrom"
						},
						"1.7917": {
							"post": [-15.74452, 37.73968, -25.63178],
							"lerp_mode": "catmullrom"
						},
						"2.0": {
							"post": [0, 42.5, 10],
							"lerp_mode": "catmullrom"
						}
					}
				},
				"wing_closed_left": {
					"rotation": {
						"0.0": [-105.96347, 5.57694, -144.67088],
						"0.1667": {
							"pre": [-62.8882, 11.16855, -37.52267],
							"post": [-62.8882, 11.16855, -37.52267],
							"lerp_mode": "catmullrom"
						},
						"0.5": {
							"post": [-105.96347, 5.57694, -144.67088],
							"lerp_mode": "catmullrom"
						},
						"0.6667": {
							"post": [-62.8882, 11.16855, -37.52267],
							"lerp_mode": "catmullrom"
						},
						"1.0": {
							"post": [-105.96347, 5.57694, -144.67088],
							"lerp_mode": "catmullrom"
						},
						"1.1667": {
							"post": [-62.8882, 11.16855, -37.52267],
							"lerp_mode": "catmullrom"
						},
						"1.5": {
							"post": [-105.96347, 5.57694, -144.67088],
							"lerp_mode": "catmullrom"
						},
						"1.6667": {
							"post": [-62.8882, 11.16855, -37.52267],
							"lerp_mode": "catmullrom"
						},
						"2.0": [-105.96347, 5.57694, -144.67088]
					},
					"scale": 0
				},
				"wing_closed_right": {
					"rotation": {
						"0.0": [-105.96347, -5.57694, 144.67088],
						"0.1667": {
							"pre": [-62.8882, -11.16855, 37.52267],
							"post": [-62.8882, -11.16855, 37.52267],
							"lerp_mode": "catmullrom"
						},
						"0.5": {
							"post": [-105.96347, -5.57694, 144.67088],
							"lerp_mode": "catmullrom"
						},
						"0.6667": {
							"post": [-62.8882, -11.16855, 37.52267],
							"lerp_mode": "catmullrom"
						},
						"1.0": {
							"post": [-105.96347, -5.57694, 144.67088],
							"lerp_mode": "catmullrom"
						},
						"1.1667": {
							"post": [-62.8882, -11.16855, 37.52267],
							"lerp_mode": "catmullrom"
						},
						"1.5": {
							"post": [-105.96347, -5.57694, 144.67088],
							"lerp_mode": "catmullrom"
						},
						"1.6667": {
							"post": [-62.8882, -11.16855, 37.52267],
							"lerp_mode": "catmullrom"
						},
						"2.0": [-105.96347, -5.57694, 144.67088]
					},
					"scale": 0
				},
				"leg_left2": {
					"rotation": [-17.5, 0, 0]
				},
				"leg_right2": {
					"rotation": [-22.5, 0, 0]
				},
				"wing_open_left4": {
					"rotation": {
						"0.0": {
							"post": [0, 0, 46.98],
							"lerp_mode": "catmullrom"
						},
						"0.1667": {
							"post": [0, 0, -15],
							"lerp_mode": "catmullrom"
						},
						"0.3333": {
							"post": [0, 0, 44.53],
							"lerp_mode": "catmullrom"
						},
						"0.4583": {
							"post": [0, 0, 46.98],
							"lerp_mode": "catmullrom"
						},
						"0.6667": {
							"post": [0, 0, -15],
							"lerp_mode": "catmullrom"
						},
						"0.8333": {
							"post": [0, 0, 44.53],
							"lerp_mode": "catmullrom"
						},
						"1.0": {
							"post": [0, 0, 46.98],
							"lerp_mode": "catmullrom"
						},
						"1.1667": {
							"post": [0, 0, -15],
							"lerp_mode": "catmullrom"
						},
						"1.3333": {
							"post": [0, 0, 44.53],
							"lerp_mode": "catmullrom"
						},
						"1.4583": {
							"post": [0, 0, 46.98],
							"lerp_mode": "catmullrom"
						},
						"1.6667": {
							"post": [0, 0, -15],
							"lerp_mode": "catmullrom"
						},
						"1.8333": {
							"post": [0, 0, 44.53],
							"lerp_mode": "catmullrom"
						},
						"2.0": {
							"post": [0, 0, 46.98],
							"lerp_mode": "catmullrom"
						}
					}
				},
				"wing_open_right4": {
					"rotation": {
						"0.0": {
							"post": [0, 0, -46.98],
							"lerp_mode": "catmullrom"
						},
						"0.1667": {
							"post": [0, 0, 15],
							"lerp_mode": "catmullrom"
						},
						"0.3333": {
							"post": [0, 0, -44.53],
							"lerp_mode": "catmullrom"
						},
						"0.4583": {
							"post": [0, 0, -46.98],
							"lerp_mode": "catmullrom"
						},
						"0.6667": {
							"post": [0, 0, 15],
							"lerp_mode": "catmullrom"
						},
						"0.8333": {
							"post": [0, 0, -44.53],
							"lerp_mode": "catmullrom"
						},
						"1.0": {
							"post": [0, 0, -46.98],
							"lerp_mode": "catmullrom"
						},
						"1.1667": {
							"post": [0, 0, 15],
							"lerp_mode": "catmullrom"
						},
						"1.3333": {
							"post": [0, 0, -44.53],
							"lerp_mode": "catmullrom"
						},
						"1.4583": {
							"post": [0, 0, -46.98],
							"lerp_mode": "catmullrom"
						},
						"1.6667": {
							"post": [0, 0, 15],
							"lerp_mode": "catmullrom"
						},
						"1.8333": {
							"post": [0, 0, -44.53],
							"lerp_mode": "catmullrom"
						},
						"2.0": {
							"post": [0, 0, -46.98],
							"lerp_mode": "catmullrom"
						}
					}
				},
				"wings_closed": {
					"rotation": [0, 0, 0]
				}
			}
		},
		"animation.pidove.air_fly": {
			"loop": true,
			"animation_length": 2,
			"bones": {
				"neck": {
					"rotation": ["math.sin(q.anim_time*90*8-20)*+13.5", 0, 0],
					"position": [0, 0, 0]
				},
				"torso": {
					"rotation": [17.5, 0, 0]
				},
				"body": {
					"rotation": ["math.sin(q.anim_time*90*8-150)*-3", 0, 0],
					"position": ["0+math.sin(q.anim_time*90*1)*0.2", "0+math.sin(q.anim_time*90*8-40)*1.25", "0+math.sin(q.anim_time*90*8-70)*-0.25"]
				},
				"tail": {
					"rotation": ["math.sin(q.anim_time*90*8-120)*15", 0, 0]
				},
				"head": {
					"rotation": [-12.5, 0, 0]
				},
				"hair": {
					"rotation": ["0+math.sin(q.anim_time*90*8-130)*5", 0, 0]
				},
				"wing_left": {
					"rotation": [15, "-7.8987+math.sin(q.anim_time*90*8)*25", "10.0708+math.sin(q.anim_time*90*8)*-50"]
				},
				"wing_left2": {
					"rotation": [0, -2.5, "0+math.sin(q.anim_time*90*8-40)*-20"]
				},
				"wing_left3": {
					"rotation": [0, -7.5, "math.sin(q.anim_time*90*8-80)*-40"]
				},
				"wing_right": {
					"rotation": [15, "7.8987+math.sin(q.anim_time*90*8)*-25", "-10.0708+math.sin(q.anim_time*90*8)*50"]
				},
				"wing_right2": {
					"rotation": [0, 2.5, "0+math.sin(q.anim_time*90*8-40)*20"]
				},
				"wing_right3": {
					"rotation": [0, 7.5, "math.sin(q.anim_time*90*8-80)*40"]
				},
				"leg_left": {
					"rotation": [22.5, 0, 0]
				},
				"foot_left": {
					"rotation": ["50+math.sin(q.anim_time*90*8-120)*10", 0, 0]
				},
				"toe_back_left": {
					"rotation": [-40, 0, 0]
				},
				"claw_back_left": {
					"rotation": [-25, 0, 0]
				},
				"toe_inner_left": {
					"rotation": [50, 0, 0]
				},
				"claw_inner_left": {
					"rotation": [42.5, 0, 0]
				},
				"toe_outer_left": {
					"rotation": [50, 0, 0]
				},
				"claw_outer_left": {
					"rotation": [40, 0, 0]
				},
				"leg_right": {
					"rotation": [25, 0, 0]
				},
				"foot_right": {
					"rotation": ["57.5+math.sin(q.anim_time*90*8-120)*10", 0, 0]
				},
				"toe_back_right": {
					"rotation": [-40, 0, 0]
				},
				"claw_back_right": {
					"rotation": [-15, 0, 0]
				},
				"toe_inner_right": {
					"rotation": [20, 0, 0]
				},
				"claw_inner_right": {
					"rotation": [62.5, 0, 0]
				},
				"toe_outer_right": {
					"rotation": [35, 0, 0]
				},
				"claw_outer_right": {
					"rotation": [47.5, 0, 0]
				},
				"wing_open_left": {
					"rotation": {
						"0.0": [6.21616, 23.09672, -52.9644],
						"0.1667": {
							"pre": [18.11322, -21.163, 61.59045],
							"post": [18.11322, -21.163, 61.59045],
							"lerp_mode": "catmullrom"
						},
						"0.5": {
							"post": [6.21616, 23.09672, -52.9644],
							"lerp_mode": "catmullrom"
						},
						"0.6667": {
							"post": [18.11322, -21.163, 61.59045],
							"lerp_mode": "catmullrom"
						},
						"1.0": [6.21616, 23.09672, -52.9644],
						"1.1667": {
							"pre": [18.11322, -21.163, 61.59045],
							"post": [18.11322, -21.163, 61.59045],
							"lerp_mode": "catmullrom"
						},
						"1.5": {
							"post": [6.21616, 23.09672, -52.9644],
							"lerp_mode": "catmullrom"
						},
						"1.6667": {
							"post": [18.11322, -21.163, 61.59045],
							"lerp_mode": "catmullrom"
						},
						"2.0": [6.21616, 23.09672, -52.9644]
					},
					"position": {
						"0.0": [0, 0, 0],
						"0.1667": {
							"pre": [0, -1, 0],
							"post": [0, -1, 0],
							"lerp_mode": "catmullrom"
						},
						"0.5": {
							"post": [0, 0, 0],
							"lerp_mode": "catmullrom"
						},
						"0.6667": {
							"post": [0, -1, 0],
							"lerp_mode": "catmullrom"
						},
						"1.0": [0, 0, 0],
						"1.1667": {
							"pre": [0, -1, 0],
							"post": [0, -1, 0],
							"lerp_mode": "catmullrom"
						},
						"1.5": {
							"post": [0, 0, 0],
							"lerp_mode": "catmullrom"
						},
						"1.6667": {
							"post": [0, -1, 0],
							"lerp_mode": "catmullrom"
						},
						"2.0": [0, 0, 0]
					}
				},
				"wing_open_left2": {
					"rotation": {
						"0.0": [0, -5, -12.5],
						"0.125": [2.44483, -3.92644, -44.93265],
						"0.25": {
							"pre": [-2.50477, -4.32875, 17.59468],
							"post": [-2.50477, -4.32875, 17.59468],
							"lerp_mode": "catmullrom"
						},
						"0.375": {
							"post": [-3.86628, -3.06971, 39.61996],
							"lerp_mode": "catmullrom"
						},
						"0.5": [0, -5, -12.5],
						"0.625": [2.44483, -3.92644, -44.93265],
						"0.75": {
							"pre": [-2.50477, -4.32875, 17.59468],
							"post": [-2.50477, -4.32875, 17.59468],
							"lerp_mode": "catmullrom"
						},
						"0.875": {
							"post": [-3.86628, -3.06971, 39.61996],
							"lerp_mode": "catmullrom"
						},
						"1.0": [0, -5, -12.5],
						"1.125": [2.44483, -3.92644, -44.93265],
						"1.25": {
							"pre": [-2.50477, -4.32875, 17.59468],
							"post": [-2.50477, -4.32875, 17.59468],
							"lerp_mode": "catmullrom"
						},
						"1.375": {
							"post": [-3.86628, -3.06971, 39.61996],
							"lerp_mode": "catmullrom"
						},
						"1.5": [0, -5, -12.5],
						"1.625": [2.44483, -3.92644, -44.93265],
						"1.75": {
							"pre": [-2.50477, -4.32875, 17.59468],
							"post": [-2.50477, -4.32875, 17.59468],
							"lerp_mode": "catmullrom"
						},
						"1.875": {
							"post": [-3.86628, -3.06971, 39.61996],
							"lerp_mode": "catmullrom"
						},
						"2.0": {
							"post": [0, -5, -12.5],
							"lerp_mode": "catmullrom"
						}
					}
				},
				"wing_open_left3": {
					"rotation": {
						"0.0": [0, -42.5, -10],
						"0.1667": {
							"pre": [9.08984, -39.67986, -17.2352],
							"post": [9.08984, -39.67986, -17.2352],
							"lerp_mode": "catmullrom"
						},
						"0.2917": {
							"post": [-15.74452, -37.73968, 25.63178],
							"lerp_mode": "catmullrom"
						},
						"0.5833": [0, -42.5, -10],
						"0.6667": {
							"pre": [9.08984, -39.67986, -17.2352],
							"post": [9.08984, -39.67986, -17.2352],
							"lerp_mode": "catmullrom"
						},
						"0.7917": {
							"post": [-15.74452, -37.73968, 25.63178],
							"lerp_mode": "catmullrom"
						},
						"1.0": [0, -42.5, -10],
						"1.1667": {
							"pre": [9.08984, -39.67986, -17.2352],
							"post": [9.08984, -39.67986, -17.2352],
							"lerp_mode": "catmullrom"
						},
						"1.2917": {
							"post": [-15.74452, -37.73968, 25.63178],
							"lerp_mode": "catmullrom"
						},
						"1.5833": [0, -42.5, -10],
						"1.6667": {
							"pre": [9.08984, -39.67986, -17.2352],
							"post": [9.08984, -39.67986, -17.2352],
							"lerp_mode": "catmullrom"
						},
						"1.7917": {
							"post": [-15.74452, -37.73968, 25.63178],
							"lerp_mode": "catmullrom"
						},
						"2.0": {
							"post": [0, -42.5, -10],
							"lerp_mode": "catmullrom"
						}
					}
				},
				"wing_open_right": {
					"rotation": {
						"0.0": [6.21616, -23.09672, 52.9644],
						"0.1667": {
							"pre": [18.11322, 21.163, -61.59045],
							"post": [18.11322, 21.163, -61.59045],
							"lerp_mode": "catmullrom"
						},
						"0.5": {
							"post": [6.21616, -23.09672, 52.9644],
							"lerp_mode": "catmullrom"
						},
						"0.6667": {
							"post": [18.11322, 21.163, -61.59045],
							"lerp_mode": "catmullrom"
						},
						"1.0": [6.21616, -23.09672, 52.9644],
						"1.1667": {
							"pre": [18.11322, 21.163, -61.59045],
							"post": [18.11322, 21.163, -61.59045],
							"lerp_mode": "catmullrom"
						},
						"1.5": {
							"post": [6.21616, -23.09672, 52.9644],
							"lerp_mode": "catmullrom"
						},
						"1.6667": {
							"post": [18.11322, 21.163, -61.59045],
							"lerp_mode": "catmullrom"
						},
						"2.0": [6.21616, -23.09672, 52.9644]
					},
					"position": {
						"0.0": [0, 0, 0],
						"0.1667": {
							"pre": [0, -1, 0],
							"post": [0, -1, 0],
							"lerp_mode": "catmullrom"
						},
						"0.5": {
							"post": [0, 0, 0],
							"lerp_mode": "catmullrom"
						},
						"0.6667": {
							"post": [0, -1, 0],
							"lerp_mode": "catmullrom"
						},
						"1.0": [0, 0, 0],
						"1.1667": {
							"pre": [0, -1, 0],
							"post": [0, -1, 0],
							"lerp_mode": "catmullrom"
						},
						"1.5": {
							"post": [0, 0, 0],
							"lerp_mode": "catmullrom"
						},
						"1.6667": {
							"post": [0, -1, 0],
							"lerp_mode": "catmullrom"
						},
						"2.0": [0, 0, 0]
					}
				},
				"wing_open_right2": {
					"rotation": {
						"0.0": [0, 5, 12.5],
						"0.125": [2.44483, 3.92644, 44.93265],
						"0.25": {
							"pre": [-2.50477, 4.32875, -17.59468],
							"post": [-2.50477, 4.32875, -17.59468],
							"lerp_mode": "catmullrom"
						},
						"0.375": {
							"post": [-3.86628, 3.06971, -39.61996],
							"lerp_mode": "catmullrom"
						},
						"0.5": [0, 5, 12.5],
						"0.625": [2.44483, 3.92644, 44.93265],
						"0.75": {
							"pre": [-2.50477, 4.32875, -17.59468],
							"post": [-2.50477, 4.32875, -17.59468],
							"lerp_mode": "catmullrom"
						},
						"0.875": {
							"post": [-3.86628, 3.06971, -39.61996],
							"lerp_mode": "catmullrom"
						},
						"1.0": [0, 5, 12.5],
						"1.125": [2.44483, 3.92644, 44.93265],
						"1.25": {
							"pre": [-2.50477, 4.32875, -17.59468],
							"post": [-2.50477, 4.32875, -17.59468],
							"lerp_mode": "catmullrom"
						},
						"1.375": {
							"post": [-3.86628, 3.06971, -39.61996],
							"lerp_mode": "catmullrom"
						},
						"1.5": [0, 5, 12.5],
						"1.625": [2.44483, 3.92644, 44.93265],
						"1.75": {
							"pre": [-2.50477, 4.32875, -17.59468],
							"post": [-2.50477, 4.32875, -17.59468],
							"lerp_mode": "catmullrom"
						},
						"1.875": {
							"post": [-3.86628, 3.06971, -39.61996],
							"lerp_mode": "catmullrom"
						},
						"2.0": {
							"post": [0, 5, 12.5],
							"lerp_mode": "catmullrom"
						}
					}
				},
				"wing_open_right3": {
					"rotation": {
						"0.0": [0, 42.5, 10],
						"0.1667": {
							"pre": [9.08984, 39.67986, 17.2352],
							"post": [9.08984, 39.67986, 17.2352],
							"lerp_mode": "catmullrom"
						},
						"0.2917": {
							"post": [-15.74452, 37.73968, -25.63178],
							"lerp_mode": "catmullrom"
						},
						"0.5833": [0, 42.5, 10],
						"0.6667": {
							"pre": [9.08984, 39.67986, 17.2352],
							"post": [9.08984, 39.67986, 17.2352],
							"lerp_mode": "catmullrom"
						},
						"0.7917": {
							"post": [-15.74452, 37.73968, -25.63178],
							"lerp_mode": "catmullrom"
						},
						"1.0": [0, 42.5, 10],
						"1.1667": {
							"pre": [9.08984, 39.67986, 17.2352],
							"post": [9.08984, 39.67986, 17.2352],
							"lerp_mode": "catmullrom"
						},
						"1.2917": {
							"post": [-15.74452, 37.73968, -25.63178],
							"lerp_mode": "catmullrom"
						},
						"1.5833": [0, 42.5, 10],
						"1.6667": {
							"pre": [9.08984, 39.67986, 17.2352],
							"post": [9.08984, 39.67986, 17.2352],
							"lerp_mode": "catmullrom"
						},
						"1.7917": {
							"post": [-15.74452, 37.73968, -25.63178],
							"lerp_mode": "catmullrom"
						},
						"2.0": {
							"post": [0, 42.5, 10],
							"lerp_mode": "catmullrom"
						}
					}
				},
				"chest": {
					"rotation": [-10, 0, 0]
				},
				"wing_open_left4": {
					"rotation": {
						"0.0": {
							"post": [0, 0, 46.98],
							"lerp_mode": "catmullrom"
						},
						"0.1667": {
							"post": [0, 0, -15],
							"lerp_mode": "catmullrom"
						},
						"0.3333": {
							"post": [0, 0, 44.53],
							"lerp_mode": "catmullrom"
						},
						"0.4583": {
							"post": [0, 0, 46.98],
							"lerp_mode": "catmullrom"
						},
						"0.6667": {
							"post": [0, 0, -15],
							"lerp_mode": "catmullrom"
						},
						"0.8333": {
							"post": [0, 0, 44.53],
							"lerp_mode": "catmullrom"
						},
						"1.0": {
							"post": [0, 0, 46.98],
							"lerp_mode": "catmullrom"
						},
						"1.1667": {
							"post": [0, 0, -15],
							"lerp_mode": "catmullrom"
						},
						"1.3333": {
							"post": [0, 0, 44.53],
							"lerp_mode": "catmullrom"
						},
						"1.4583": {
							"post": [0, 0, 46.98],
							"lerp_mode": "catmullrom"
						},
						"1.6667": {
							"post": [0, 0, -15],
							"lerp_mode": "catmullrom"
						},
						"1.8333": {
							"post": [0, 0, 44.53],
							"lerp_mode": "catmullrom"
						},
						"2.0": {
							"post": [0, 0, 46.98],
							"lerp_mode": "catmullrom"
						}
					}
				},
				"wing_open_right4": {
					"rotation": {
						"0.0": {
							"post": [0, 0, -46.98],
							"lerp_mode": "catmullrom"
						},
						"0.1667": {
							"post": [0, 0, 15],
							"lerp_mode": "catmullrom"
						},
						"0.3333": {
							"post": [0, 0, -44.53],
							"lerp_mode": "catmullrom"
						},
						"0.4583": {
							"post": [0, 0, -46.98],
							"lerp_mode": "catmullrom"
						},
						"0.6667": {
							"post": [0, 0, 15],
							"lerp_mode": "catmullrom"
						},
						"0.8333": {
							"post": [0, 0, -44.53],
							"lerp_mode": "catmullrom"
						},
						"1.0": {
							"post": [0, 0, -46.98],
							"lerp_mode": "catmullrom"
						},
						"1.1667": {
							"post": [0, 0, 15],
							"lerp_mode": "catmullrom"
						},
						"1.3333": {
							"post": [0, 0, -44.53],
							"lerp_mode": "catmullrom"
						},
						"1.4583": {
							"post": [0, 0, -46.98],
							"lerp_mode": "catmullrom"
						},
						"1.6667": {
							"post": [0, 0, 15],
							"lerp_mode": "catmullrom"
						},
						"1.8333": {
							"post": [0, 0, -44.53],
							"lerp_mode": "catmullrom"
						},
						"2.0": {
							"post": [0, 0, -46.98],
							"lerp_mode": "catmullrom"
						}
					}
				},
				"wing_closed_left": {
					"rotation": {
						"0.0": [-105.96347, 5.57694, -144.67088],
						"0.1667": {
							"pre": [-62.8882, 11.16855, -37.52267],
							"post": [-62.8882, 11.16855, -37.52267],
							"lerp_mode": "catmullrom"
						},
						"0.5": {
							"post": [-105.96347, 5.57694, -144.67088],
							"lerp_mode": "catmullrom"
						},
						"0.6667": {
							"post": [-62.8882, 11.16855, -37.52267],
							"lerp_mode": "catmullrom"
						},
						"1.0": {
							"post": [-105.96347, 5.57694, -144.67088],
							"lerp_mode": "catmullrom"
						},
						"1.1667": {
							"post": [-62.8882, 11.16855, -37.52267],
							"lerp_mode": "catmullrom"
						},
						"1.5": {
							"post": [-105.96347, 5.57694, -144.67088],
							"lerp_mode": "catmullrom"
						},
						"1.6667": {
							"post": [-62.8882, 11.16855, -37.52267],
							"lerp_mode": "catmullrom"
						},
						"2.0": [-105.96347, 5.57694, -144.67088]
					},
					"scale": 0
				},
				"wing_closed_right": {
					"rotation": {
						"0.0": [-105.96347, -5.57694, 144.67088],
						"0.1667": {
							"pre": [-62.8882, -11.16855, 37.52267],
							"post": [-62.8882, -11.16855, 37.52267],
							"lerp_mode": "catmullrom"
						},
						"0.5": {
							"post": [-105.96347, -5.57694, 144.67088],
							"lerp_mode": "catmullrom"
						},
						"0.6667": {
							"post": [-62.8882, -11.16855, 37.52267],
							"lerp_mode": "catmullrom"
						},
						"1.0": {
							"post": [-105.96347, -5.57694, 144.67088],
							"lerp_mode": "catmullrom"
						},
						"1.1667": {
							"post": [-62.8882, -11.16855, 37.52267],
							"lerp_mode": "catmullrom"
						},
						"1.5": {
							"post": [-105.96347, -5.57694, 144.67088],
							"lerp_mode": "catmullrom"
						},
						"1.6667": {
							"post": [-62.8882, -11.16855, 37.52267],
							"lerp_mode": "catmullrom"
						},
						"2.0": [-105.96347, -5.57694, 144.67088]
					},
					"scale": 0
				}
			}
		},
		"animation.pidove.sleep": {
			"loop": true,
			"bones": {
				"torso": {
					"rotation": ["17.5+math.sin(q.anim_time*90*1)", 0, 0],
					"position": [0, -2, 0]
				},
				"neck": {
					"rotation": ["math.sin(q.anim_time*90*1)", 0, 0]
				},
				"eyelid_left": {
					"position": [0.1, 0, -0.1]
				},
				"eyelid_right": {
					"position": [-0.1, 0, -0.1]
				},
				"tail": {
					"rotation": [60, 0, 0]
				},
				"head_ai": {
					"rotation": ["17.5+math.sin(q.anim_time*90*1)", 0, 0],
					"position": [0, 0, -1]
				},
				"head": {
					"rotation": ["math.sin(q.anim_time*90*1-60)", 0, 0]
				},
				"wing_left": {
					"rotation": [163.77794, -71.82124, -74.54799],
					"position": [0, -1.5, -1]
				},
				"wing_left2": {
					"rotation": [0, 30, 0]
				},
				"wing_left3": {
					"rotation": [0, -32.5, 0]
				},
				"wing_right": {
					"rotation": [163.77794, 71.82124, 74.54799],
					"position": [0, -1.5, -1]
				},
				"wing_right2": {
					"rotation": [0, -30, 0]
				},
				"wing_right3": {
					"rotation": [0, 32.5, 0]
				},
				"wing_open_left": {
					"scale": 0
				},
				"wing_open_right": {
					"scale": 0
				}
			}
		},
		"animation.pidove.recoil": {
			"animation_length": 1.0625,
			"bones": {
				"torso": {
					"rotation": {
						"0.0": {
							"post": [0, 0, 0],
							"lerp_mode": "catmullrom"
						},
						"0.125": {
							"post": [-20, -2, 2],
							"lerp_mode": "catmullrom"
						},
						"0.5": {
							"post": [0, 0, 0],
							"lerp_mode": "catmullrom"
						},
						"0.75": {
							"post": [0, 0, 0],
							"lerp_mode": "catmullrom"
						}
					},
					"position": {
						"0.0": {
							"post": [0, 0, 0],
							"lerp_mode": "catmullrom"
						},
						"0.125": {
							"post": [0, 0, 1],
							"lerp_mode": "catmullrom"
						},
						"0.5": {
							"post": [0, 0, 0],
							"lerp_mode": "catmullrom"
						},
						"0.75": {
							"post": [0, 0, 0],
							"lerp_mode": "catmullrom"
						}
					}
				},
				"tail": {
					"rotation": {
						"0.0": {
							"post": [0, 0, 0],
							"lerp_mode": "catmullrom"
						},
						"0.0625": {
							"post": [30, 0, 0],
							"lerp_mode": "catmullrom"
						},
						"0.25": {
							"post": [-25, 0, 0],
							"lerp_mode": "catmullrom"
						},
						"0.4375": {
							"post": [5, 0, 0],
							"lerp_mode": "catmullrom"
						},
						"0.625": {
							"post": [0, 0, 0],
							"lerp_mode": "catmullrom"
						}
					}
				},
				"neck": {
					"rotation": {
						"0.0": {
							"post": [0, 0, 0],
							"lerp_mode": "catmullrom"
						},
						"0.0625": {
							"post": [27.39121, 3.37562, -3.69066],
							"lerp_mode": "catmullrom"
						},
						"0.3125": {
							"post": [-34.79678, -6.00913, 12.78564],
							"lerp_mode": "catmullrom"
						},
						"0.625": {
							"post": [0, 0, 0],
							"lerp_mode": "catmullrom"
						},
						"0.875": {
							"post": [0, 0, 0],
							"lerp_mode": "catmullrom"
						}
					}
				},
				"jaw": {
					"rotation": {
						"0.0625": {
							"pre": [0, 0, 0],
							"post": [0, 0, 0],
							"lerp_mode": "catmullrom"
						},
						"0.125": [55, 0, 0],
						"0.375": {
							"pre": [50, 0, 0],
							"post": [50, 0, 0],
							"lerp_mode": "catmullrom"
						},
						"0.5": {
							"post": [0, 0, 0],
							"lerp_mode": "catmullrom"
						}
					}
				},
				"hair": {
					"rotation": {
						"0.0625": {
							"pre": [0, 0, 0],
							"post": [0, 0, 0],
							"lerp_mode": "catmullrom"
						},
						"0.1875": {
							"post": [25, 0, 0],
							"lerp_mode": "catmullrom"
						},
						"0.375": {
							"post": [-10, 0, 0],
							"lerp_mode": "catmullrom"
						},
						"0.5625": {
							"post": [0, 0, 0],
							"lerp_mode": "catmullrom"
						}
					}
				},
				"eyelid_left": {
					"position": {
						"0.0": [0, 0, 0],
						"0.0625": {
							"pre": [0, 0, 0],
							"post": [0.1, 0, -0.1]
						},
						"0.1875": {
							"pre": [0.1, 0, -0.1],
							"post": [0, 0, 0]
						},
						"0.5625": {
							"pre": [0, 0, 0],
							"post": [0.1, 0, -0.1]
						},
						"0.6875": {
							"pre": [0.1, 0, -0.1],
							"post": [0, 0, 0]
						}
					}
				},
				"eyelid_right": {
					"position": {
						"0.0": [0, 0, 0],
						"0.0625": {
							"pre": [0, 0, 0],
							"post": [-0.1, 0, -0.1]
						},
						"0.1875": {
							"pre": [-0.1, 0, -0.1],
							"post": [0, 0, 0]
						},
						"0.5625": {
							"pre": [0, 0, 0],
							"post": [-0.1, 0, -0.1]
						},
						"0.6875": {
							"pre": [-0.1, 0, -0.1],
							"post": [0, 0, 0]
						}
					}
				},
				"leg_left": {
					"rotation": {
						"0.0": {
							"post": [0, 0, 0],
							"lerp_mode": "catmullrom"
						}
					}
				},
				"foot_left": {
					"rotation": {
						"0.0": {
							"post": [0, 0, 0],
							"lerp_mode": "catmullrom"
						}
					}
				},
				"toe_back_left": {
					"rotation": {
						"0.0": {
							"post": [0, 0, 0],
							"lerp_mode": "catmullrom"
						}
					}
				},
				"toe_inner_left": {
					"rotation": {
						"0.0": {
							"post": [0, 0, 0],
							"lerp_mode": "catmullrom"
						}
					}
				},
				"claw_inner_left": {
					"rotation": {
						"0.0": {
							"post": [0, 0, 0],
							"lerp_mode": "catmullrom"
						}
					}
				},
				"toe_outer_left": {
					"rotation": {
						"0.0": {
							"post": [0, 0, 0],
							"lerp_mode": "catmullrom"
						}
					}
				},
				"claw_outer_left": {
					"rotation": {
						"0.0": {
							"post": [0, 0, 0],
							"lerp_mode": "catmullrom"
						}
					}
				},
				"leg_right": {
					"rotation": {
						"0.0": {
							"post": [0, 0, 0],
							"lerp_mode": "catmullrom"
						},
						"0.125": {
							"post": [-7.5, 0, 0],
							"lerp_mode": "catmullrom"
						},
						"0.75": {
							"post": [0, 0, 0],
							"lerp_mode": "catmullrom"
						}
					},
					"position": {
						"0.0": {
							"post": [0, 0, 0],
							"lerp_mode": "catmullrom"
						},
						"0.125": {
							"post": [0, -0.1, 0.25],
							"lerp_mode": "catmullrom"
						},
						"0.75": {
							"post": [0, 0, 0],
							"lerp_mode": "catmullrom"
						}
					}
				},
				"foot_right": {
					"rotation": {
						"0.0": {
							"post": [0, 0, 0],
							"lerp_mode": "catmullrom"
						},
						"0.125": {
							"post": [7.5, 0, 0],
							"lerp_mode": "catmullrom"
						},
						"0.75": {
							"post": [0, 0, 0],
							"lerp_mode": "catmullrom"
						}
					}
				},
				"chest": {
					"rotation": {
						"0.0": [0, 0, 0],
						"0.0625": {
							"pre": [5, 0, 0],
							"post": [5, 0, 0],
							"lerp_mode": "catmullrom"
						},
						"0.1875": {
							"post": [-5, 0, 0],
							"lerp_mode": "catmullrom"
						},
						"0.5": {
							"post": [0, 0, 0],
							"lerp_mode": "catmullrom"
						},
						"0.8125": [0, 0, 0]
					}
				},
				"pupil_left": {
					"scale": {
						"0.0": [1, 1, 1],
						"0.1875": {
							"pre": [1, 1, 1],
							"post": [1, 0.7, 0.7]
						},
						"0.6875": {
							"pre": [1, 0.7, 0.7],
							"post": [1, 1, 1]
						}
					}
				},
				"eyelid_angry_left": {
					"scale": {
						"0.0": [1, 1, 1],
						"0.1875": {
							"pre": [1, 1, 1],
							"post": [0, 0, 0]
						},
						"0.6875": {
							"pre": [0, 0, 0],
							"post": [1, 1, 1]
						}
					}
				},
				"pupil_right": {
					"scale": {
						"0.0": [1, 1, 1],
						"0.1875": {
							"pre": [1, 1, 1],
							"post": [1, 0.7, 0.7]
						},
						"0.6875": {
							"pre": [1, 0.7, 0.7],
							"post": [1, 1, 1]
						}
					}
				},
				"eyelid_angry_right": {
					"scale": {
						"0.0": [1, 1, 1],
						"0.1875": {
							"pre": [1, 1, 1],
							"post": [0, 0, 0]
						},
						"0.6875": {
							"pre": [0, 0, 0],
							"post": [1, 1, 1]
						}
					}
				}
			}
		},
		"animation.pidove.angry": {
			"loop": true,
			"bones": {
				"eyelid_angry_left": {
					"position": [0.1, 0, -0.1]
				},
				"eyelid_angry_right": {
					"position": [-0.1, 0, -0.1]
				}
			}
		},
		"animation.pidove.sad": {
			"loop": true,
			"bones": {
				"eyelid_sad_left": {
					"position": [0.1, 0, 0]
				},
				"eyelid_sad_right": {
					"position": [-0.1, 0, 0]
				}
			}
		},
		"animation.pidove.unamused": {
			"loop": true,
			"bones": {
				"eyelid_unamused_left": {
					"position": [0.1, 0, -0.1]
				},
				"eyelid_unamused_right": {
					"position": [-0.1, 0, -0.1]
				}
			}
		},
		"animation.pidove.happy": {
			"loop": true,
			"bones": {
				"eyelid_happy_left": {
					"position": [0.1, 0, -0.1]
				},
				"eyelid_happy_right": {
					"position": [-0.1, 0, -0.1]
				}
			}
		},
		"animation.pidove.surprised": {
			"loop": true,
			"bones": {
				"jaw": {
					"rotation": [55, 0, 0]
				},
				"pupil_left": {
					"scale": [1, 0.7, 0.7]
				},
				"pupil_right": {
					"scale": [1, 0.7, 0.7]
				}
			}
		},
		"animation.pidove.wangs": {
			"loop": true,
			"bones": {
				"wing_open_left": {
					"rotation": [0, 32.5, 0]
				},
				"wing_open_left2": {
					"rotation": [0, 12.5, 0]
				},
				"wing_open_left3": {
					"rotation": [0, -47.5, 0]
				},
				"wing_open_right": {
					"rotation": [0, -32.5, 0]
				},
				"wing_open_right2": {
					"rotation": [0, -12.5, 0]
				},
				"wing_open_right3": {
					"rotation": [0, 47.5, 0]
				}
			}
		},
		"animation.pidove.pose": {
			"loop": true,
			"bones": {
				"neck": {
					"rotation": [7.5, 0, 0],
					"position": [0, 0.5, 0]
				},
				"head_ai": {
					"rotation": [-12.5, 0, 0]
				},
				"jaw": {
					"rotation": [42.5, 0, 0]
				},
				"pupil_left": {
					"position": [-0.02, 0, -0.3]
				},
				"wing_open_left": {
					"rotation": [-60.2511, 6.37102, -23.91751]
				},
				"wing_closed_left": {
					"scale": 0
				},
				"pupil_right": {
					"position": [0, 0, 0.2]
				},
				"wing_open_right": {
					"scale": 0
				}
			}
		}
	}
}