{
	"format_version": "1.8.0",
	"animations": {
		"animation.dragonitemega.ground_idle": {
			"loop": true,
			"animation_length": 8,
			"bones": {
				"torso": {
					"rotation": ["5-math.sin(q.anim_time*90*1-40)*1", "math.cos(q.anim_time*90*0.5)*2", 0],
					"position": [0, "math.sin(q.anim_time*90*1)*0.2", 0]
				},
				"chest": {
					"rotation": ["-5-math.sin(q.anim_time*90*1-80)*1", 0, 0]
				},
				"chest2": {
					"rotation": ["-5-math.sin(q.anim_time*90*1-120)*1", 0, 0]
				},
				"arm_left": {
					"rotation": [9.28293, "-8.4082+math.sin(q.anim_time*90*1-40)*5", 41.81615]
				},
				"arm_left2": {
					"rotation": [0, "17.5+math.sin(q.anim_time*90*1-90)*6", 0]
				},
				"hand_left": {
					"rotation": [0.32902, "7.4928+math.sin(q.anim_time*90*1-150)*2", 2.52154]
				},
				"finger_back_left": {
					"rotation": [0, 0, 15]
				},
				"finger_middle_left": {
					"rotation": [0, 0, 10]
				},
				"finger_front_left": {
					"rotation": [0, 0, 10]
				},
				"arm_right": {
					"rotation": [9.28293, "8.4082-math.sin(q.anim_time*90*1-40)*5", -41.81615]
				},
				"arm_right2": {
					"rotation": [0, "-17.5-math.sin(q.anim_time*90*1-90)*6", 0]
				},
				"hand_right": {
					"rotation": [0.32902, "-7.4928-math.sin(q.anim_time*90*1-150)*2", -2.52154]
				},
				"finger_back_right": {
					"rotation": [0, 0, -15]
				},
				"finger_middle_right": {
					"rotation": [0, 0, -10]
				},
				"finger_front_right": {
					"rotation": [0, 0, -10]
				},
				"head": {
					"rotation": ["10-math.sin(q.anim_time*90*1-210)*2", 0, 0]
				},
				"tail1": {
					"rotation": [-17.5, "0-math.sin(q.anim_time*90*0.5-40)*4", 0]
				},
				"tail2": {
					"rotation": [17.5, "-math.sin(q.anim_time*90*0.5-80)*4", 0]
				},
				"tail3": {
					"rotation": [17.5, "0-math.sin(q.anim_time*90*0.5-120)*4", 0]
				},
				"tail4": {
					"rotation": [17.5, "0-math.sin(q.anim_time*90*0.5-160)*8", 0]
				},
				"tail5": {
					"rotation": [17.5, "0-math.sin(q.anim_time*90*0.5-200)*8", 0]
				},
				"tail6": {
					"rotation": [17.5, "0-math.sin(q.anim_time*90*0.5-220)*10", 0]
				},
				"leg_left": {
					"rotation": [3.61644, -19.6835, -10.62758]
				},
				"leg_left2": {
					"rotation": [2.49762, -0.10901, 2.49762]
				},
				"leg_left3": {
					"rotation": [-0.21803, 2.49048, 2.49526]
				},
				"foot_left": {
					"rotation": [-2.4905, 0.21782, 4.99527]
				},
				"leg_right": {
					"rotation": [3.61644, 19.6835, 10.62758]
				},
				"leg_right2": {
					"rotation": [2.49762, 0.10901, -2.49762]
				},
				"leg_right3": {
					"rotation": [-0.21803, -2.49048, -2.49526]
				},
				"foot_right": {
					"rotation": [-2.4905, -0.21782, -4.99527]
				},
				"wing_left2": {
					"rotation": [0, "27.5+math.sin(q.anim_time*90*1-190)*6", 0]
				},
				"wing_right2": {
					"rotation": [0, "-27.5-math.sin(q.anim_time*90*1-190)*6", 0]
				},
				"wing_left": {
					"rotation": [0, "-15+math.sin(q.anim_time*90*1-110)*6", 5]
				},
				"wing_right": {
					"rotation": [0, "15-math.sin(q.anim_time*90*1-110)*6", -5]
				},
				"neck": {
					"rotation": ["-math.sin(q.anim_time*90*1-160)*2", 0, 0]
				},
				"arm_left3": {
					"position": [3, 0, 0],
					"scale": [1.6, 1, 1]
				},
				"arm_right3": {
					"position": [-4, 0, 0],
					"scale": [1.6, 1, 1]
				},
				"tail7": {
					"rotation": [17.5, "0-math.sin(q.anim_time*90*0.5-220)*10", 0]
				}
			}
		},
		"animation.dragonitemega.battle_idle": {
			"loop": true,
			"animation_length": 8,
			"bones": {
				"torso": {
					"rotation": ["15-math.sin(q.anim_time*90*2-40)*1", "math.cos(q.anim_time*90*1)*2", 0],
					"position": [0, "math.sin(q.anim_time*90*2)*0.2", 0]
				},
				"chest": {
					"rotation": ["2.5-math.sin(q.anim_time*90*1-80)*1", 0, 0]
				},
				"chest2": {
					"rotation": ["-15-math.sin(q.anim_time*90*1-120)*1", 0, 0]
				},
				"arm_left": {
					"rotation": [-36.23904, "6.2267+math.sin(q.anim_time*90*1-40)*5", 13.79205],
					"position": [0, -0.5, 2.1],
					"scale": 1
				},
				"arm_left2": {
					"rotation": [0, "10+math.sin(q.anim_time*90*1-90)*6", 0]
				},
				"hand_left": {
					"rotation": [0.35783, "24.9927+math.sin(q.anim_time*90*1-150)*2", 2.62984]
				},
				"finger_back_left": {
					"rotation": [0, 0, 15]
				},
				"finger_middle_left": {
					"rotation": [0, 0, 10]
				},
				"finger_front_left": {
					"rotation": [0, 0, 10]
				},
				"arm_right": {
					"rotation": [-36.23904, "-6.2267+math.sin(q.anim_time*90*1-40)*5", -13.79205],
					"position": [0, -0.5, 2.1],
					"scale": 1
				},
				"arm_right2": {
					"rotation": [0, "-10+math.sin(q.anim_time*90*1-90)*6", 0]
				},
				"hand_right": {
					"rotation": [0.35783, "-24.9927+math.sin(q.anim_time*90*1-150)*2", -2.62984]
				},
				"finger_back_right": {
					"rotation": [0, 0, -15]
				},
				"finger_middle_right": {
					"rotation": [0, 0, -10]
				},
				"finger_front_right": {
					"rotation": [0, 0, -10]
				},
				"head": {
					"rotation": ["7.5-math.sin(q.anim_time*90*2-210)*2", "-math.cos(q.anim_time*90*1+40)*2", 0]
				},
				"tail1": {
					"rotation": [-20, "-math.sin(q.anim_time*90*0.5-40)*4", 0]
				},
				"tail2": {
					"rotation": [20, "0-math.sin(q.anim_time*90*0.5-80)*4", 0],
					"position": [0, 0, -1]
				},
				"tail3": {
					"rotation": [27.5, "0-math.sin(q.anim_time*90*0.5-120)*4", 0],
					"position": [0, 0, -1]
				},
				"tail4": {
					"rotation": [12.5, "0-math.sin(q.anim_time*90*0.5-160)*8", 0],
					"position": [0, 0, -1]
				},
				"tail5": {
					"rotation": [2.5, "-math.sin(q.anim_time*90*0.5-200)*8", 0]
				},
				"tail6": {
					"rotation": [-10, "0-math.sin(q.anim_time*90*0.5-220)*10", 0]
				},
				"leg_left": {
					"rotation": [-4.57843, -20.16144, -15.92175]
				},
				"leg_left2": {
					"rotation": [2.49762, -0.10901, 2.49762]
				},
				"leg_left3": {
					"rotation": [-0.21803, 2.49048, 2.49526]
				},
				"foot_left": {
					"rotation": [6.82289, -8.11426, 10.29681]
				},
				"leg_right": {
					"rotation": [-4.57843, 20.16144, 15.92175]
				},
				"leg_right2": {
					"rotation": [2.49762, 0.10901, -2.49762]
				},
				"leg_right3": {
					"rotation": [-0.21803, -2.49048, -2.49526]
				},
				"foot_right": {
					"rotation": [6.82289, 8.11426, -10.29681]
				},
				"wing_left2": {
					"rotation": [0, "27.5+math.sin(q.anim_time*90*2-190)*16", 0]
				},
				"wing_right2": {
					"rotation": [0, "-27.5-math.sin(q.anim_time*90*2-190)*16", 0]
				},
				"wing_left": {
					"rotation": [0, "-15+math.sin(q.anim_time*90*2-110)*6", 5],
					"scale": 1
				},
				"wing_right": {
					"rotation": [0, "15-math.sin(q.anim_time*90*2-110)*6", -5],
					"scale": 1
				},
				"neck": {
					"rotation": ["-5-math.sin(q.anim_time*90*1-160)*2", 0, 0]
				},
				"body": {
					"position": [0, -0.6, 0]
				},
				"jaw": {
					"rotation": ["8+math.sin(q.anim_time*90*2-60)*4", 0, 0]
				},
				"arm_right3": {
					"position": [-4, 0, 0],
					"scale": [1.6, 1, 1]
				},
				"arm_left3": {
					"position": [3, 0, 0],
					"scale": [1.6, 1, 1]
				},
				"tail7": {
					"rotation": [-10, "0-math.sin(q.anim_time*90*0.5-220)*10", 0]
				}
			}
		},
		"animation.dragonitemega.ground_walk": {
			"loop": true,
			"animation_length": 4,
			"bones": {
				"torso": {
					"rotation": ["15-math.sin(q.anim_time*90*4)*2", "-math.sin(q.anim_time*90*2)*6", "math.sin(q.anim_time*90*2)*6"],
					"position": [0, "math.clamp(math.sin(q.anim_time*90*4)*1.2,0,2)", 0]
				},
				"chest": {
					"rotation": ["-2.5-math.sin(q.anim_time*90*4-80)*1", "math.sin(q.anim_time*90*2)*4", "-math.sin(q.anim_time*90*2)*3"]
				},
				"chest2": {
					"rotation": ["-5-math.sin(q.anim_time*90*4-120)*1", "math.sin(q.anim_time*90*2)*2", "-math.sin(q.anim_time*90*2)*3"]
				},
				"arm_left": {
					"rotation": [9.28293, "-8.4082+math.sin(q.anim_time*90*2-40)*20", 41.81615],
					"position": [0, 0, "-math.sin(q.anim_time*90*2)*1.5"]
				},
				"arm_left2": {
					"rotation": [0, "17.5+math.sin(q.anim_time*90*2-120)*10", 0]
				},
				"hand_left": {
					"rotation": [0.32902, "7.4928+math.sin(q.anim_time*90*1-150)*2", 2.52154]
				},
				"finger_back_left": {
					"rotation": [0, 0, 15]
				},
				"finger_middle_left": {
					"rotation": [0, 0, 10]
				},
				"finger_front_left": {
					"rotation": [0, 0, 10]
				},
				"arm_right": {
					"rotation": [9.28293, "8.4082+math.sin(q.anim_time*90*2-40)*20", -41.81615],
					"position": [0, 0, "math.sin(q.anim_time*90*2)*1.5"]
				},
				"arm_right2": {
					"rotation": [0, "-17.5+math.sin(q.anim_time*90*2-120)*10", 0]
				},
				"hand_right": {
					"rotation": [0.32902, "-7.4928-math.sin(q.anim_time*90*1-150)*2", -2.52154]
				},
				"finger_back_right": {
					"rotation": [0, 0, -15]
				},
				"finger_middle_right": {
					"rotation": [0, 0, -10]
				},
				"finger_front_right": {
					"rotation": [0, 0, -10]
				},
				"head": {
					"rotation": ["-5-math.sin(q.anim_time*90*4-210)*3", 0, 0]
				},
				"tail1": {
					"rotation": [-17.5, "0-math.sin(q.anim_time*90*2-40)*4", 0]
				},
				"tail2": {
					"rotation": [10, "0-math.sin(q.anim_time*90*2-80)*4", 0]
				},
				"tail3": {
					"rotation": [15.00893, "-0.1348-math.sin(q.anim_time*90*2-120)*4", -0.36719]
				},
				"tail4": {
					"rotation": [15, "-math.sin(q.anim_time*90*2-160)*8", 0]
				},
				"tail5": {
					"rotation": [7.5, "0-math.sin(q.anim_time*90*2-200)*8", 0]
				},
				"tail6": {
					"rotation": [0, "0-math.sin(q.anim_time*90*2-220)*10", 0]
				},
				"leg_left": {
					"rotation": {
						"0.0": {
							"post": [12.74, -22.01, -11.62],
							"lerp_mode": "catmullrom"
						},
						"0.5": {
							"post": [21.86078, -24.33289, -12.60514],
							"lerp_mode": "catmullrom"
						},
						"1.0417": {
							"post": [39.39788, -24.60805, -18.31005],
							"lerp_mode": "catmullrom"
						},
						"1.375": {
							"post": [-7.512, -27.12167, -9.58996],
							"lerp_mode": "catmullrom"
						},
						"1.5": {
							"post": [3.62, -19.68, -10.63],
							"lerp_mode": "catmullrom"
						},
						"2.5": {
							"post": [21.86078, -24.33289, -12.60514],
							"lerp_mode": "catmullrom"
						},
						"3.0417": {
							"post": [39.39788, -24.60805, -18.31005],
							"lerp_mode": "catmullrom"
						},
						"3.375": {
							"post": [-7.512, -27.12167, -9.58996],
							"lerp_mode": "catmullrom"
						},
						"3.5": {
							"post": [3.62, -19.68, -10.63],
							"lerp_mode": "catmullrom"
						},
						"4.0": {
							"post": [12.74, -22.01, -11.62],
							"lerp_mode": "catmullrom"
						}
					},
					"position": {
						"0.0": [1, -0.4, -2.2],
						"0.5": [1, -0.4, 1.3],
						"0.875": [1, 1.92, -0.51],
						"1.2917": [1, 1.9, -3.84],
						"1.4167": [1, 3.1, -5.7],
						"1.5": [1, -0.4, -5.7],
						"2.5": [1, -0.4, 1.3],
						"2.875": [1, 1.92, -0.51],
						"3.2917": [1, 1.9, -3.84],
						"3.4167": [1, 3.1, -5.7],
						"3.5": [1, -0.4, -5.7],
						"4.0": [1, -0.4, -2.2]
					}
				},
				"leg_left2": {
					"rotation": {
						"0.0": {
							"post": [0, 0, 0],
							"lerp_mode": "catmullrom"
						},
						"0.5": {
							"post": [0, 0, 0],
							"lerp_mode": "catmullrom"
						},
						"0.875": {
							"post": [12.5, 0, 0],
							"lerp_mode": "catmullrom"
						},
						"1.4583": {
							"post": [0, 0, 0],
							"lerp_mode": "catmullrom"
						},
						"2.5": {
							"post": [0, 0, 0],
							"lerp_mode": "catmullrom"
						},
						"2.875": {
							"post": [12.5, 0, 0],
							"lerp_mode": "catmullrom"
						},
						"3.4583": {
							"post": [0, 0, 0],
							"lerp_mode": "catmullrom"
						},
						"4.0": {
							"post": [0, 0, 0],
							"lerp_mode": "catmullrom"
						}
					},
					"position": {
						"0.0": {
							"post": [0, 0, 0],
							"lerp_mode": "catmullrom"
						},
						"0.5": {
							"post": [0, 0, 0],
							"lerp_mode": "catmullrom"
						},
						"0.875": {
							"post": [0, 1.2, 0],
							"lerp_mode": "catmullrom"
						},
						"1.4583": {
							"post": [0, 0, 0],
							"lerp_mode": "catmullrom"
						},
						"2.5": {
							"post": [0, 0, 0],
							"lerp_mode": "catmullrom"
						},
						"2.875": {
							"post": [0, 1.2, 0],
							"lerp_mode": "catmullrom"
						},
						"3.4583": {
							"post": [0, 0, 0],
							"lerp_mode": "catmullrom"
						},
						"4.0": {
							"post": [0, 0, 0],
							"lerp_mode": "catmullrom"
						}
					}
				},
				"foot_left": {
					"rotation": {
						"0.0": [0, 0, 10],
						"0.5": [0, 0, 10],
						"0.9167": [0, 0, 10],
						"1.1667": [-11.6232, 0, 10],
						"1.5": [0, 0, 10],
						"2.0": [0, 0, 10],
						"2.9167": [0, 0, 10],
						"3.1667": [-11.6232, 0, 10],
						"3.5": [0, 0, 10],
						"4.0": [0, 0, 10]
					}
				},
				"leg_right": {
					"rotation": {
						"0.0": {
							"post": [40.15, 24.77, 18.3],
							"lerp_mode": "catmullrom"
						},
						"0.0417": {
							"post": [39.39788, 24.60805, 18.31005],
							"lerp_mode": "catmullrom"
						},
						"0.375": {
							"post": [-7.512, 27.12167, 9.58996],
							"lerp_mode": "catmullrom"
						},
						"0.5": {
							"post": [3.62, 19.68, 10.63],
							"lerp_mode": "catmullrom"
						},
						"1.0": {
							"post": [12.74, 22.01, 11.62],
							"lerp_mode": "catmullrom"
						},
						"1.5": {
							"post": [21.86078, 24.33289, 12.60514],
							"lerp_mode": "catmullrom"
						},
						"2.0417": {
							"post": [39.39788, 24.60805, 18.31005],
							"lerp_mode": "catmullrom"
						},
						"2.375": {
							"post": [-7.512, 27.12167, 9.58996],
							"lerp_mode": "catmullrom"
						},
						"2.5": {
							"post": [3.62, 19.68, 10.63],
							"lerp_mode": "catmullrom"
						},
						"3.5": {
							"post": [21.86078, 24.33289, 12.60514],
							"lerp_mode": "catmullrom"
						},
						"4.0": {
							"post": [40.15, 24.77, 18.3],
							"lerp_mode": "catmullrom"
						}
					},
					"position": {
						"0.0": [-1, 1.91, -1.51],
						"0.2917": [-1, 1.9, -3.84],
						"0.4167": [-1, 3.1, -5.7],
						"0.5": [-1, -0.4, -5.7],
						"1.0": [-1, -0.4, -2.2],
						"1.5": [-1, -0.4, 1.3],
						"1.875": [-1, 1.92, -0.51],
						"2.2917": [-1, 1.9, -3.84],
						"2.4167": [-1, 3.1, -5.7],
						"2.5": [-1, -0.4, -5.7],
						"3.5": [-1, -0.4, 1.3],
						"3.875": [-1, 1.92, -0.51],
						"4.0": [-1, 1.91, -1.51]
					}
				},
				"leg_right2": {
					"rotation": {
						"0.0": {
							"post": [11.25, 0, 0],
							"lerp_mode": "catmullrom"
						},
						"0.4583": {
							"post": [0, 0, 0],
							"lerp_mode": "catmullrom"
						},
						"1.0": {
							"post": [0, 0, 0],
							"lerp_mode": "catmullrom"
						},
						"1.5": {
							"post": [0, 0, 0],
							"lerp_mode": "catmullrom"
						},
						"1.875": {
							"post": [12.5, 0, 0],
							"lerp_mode": "catmullrom"
						},
						"2.4583": {
							"post": [0, 0, 0],
							"lerp_mode": "catmullrom"
						},
						"3.5": {
							"post": [0, 0, 0],
							"lerp_mode": "catmullrom"
						},
						"3.875": {
							"post": [12.5, 0, 0],
							"lerp_mode": "catmullrom"
						},
						"4.0": {
							"post": [11.25, 0, 0],
							"lerp_mode": "catmullrom"
						}
					},
					"position": {
						"0.0": {
							"post": [0, 1.08, 0],
							"lerp_mode": "catmullrom"
						},
						"0.4583": {
							"post": [0, 0, 0],
							"lerp_mode": "catmullrom"
						},
						"1.0": {
							"post": [0, 0, 0],
							"lerp_mode": "catmullrom"
						},
						"1.5": {
							"post": [0, 0, 0],
							"lerp_mode": "catmullrom"
						},
						"1.875": {
							"post": [0, 1.2, 0],
							"lerp_mode": "catmullrom"
						},
						"2.4583": {
							"post": [0, 0, 0],
							"lerp_mode": "catmullrom"
						},
						"3.5": {
							"post": [0, 0, 0],
							"lerp_mode": "catmullrom"
						},
						"3.875": {
							"post": [0, 1.2, 0],
							"lerp_mode": "catmullrom"
						},
						"4.0": {
							"post": [0, 1.08, 0],
							"lerp_mode": "catmullrom"
						}
					}
				},
				"foot_right": {
					"rotation": {
						"0.0": [-3.87, 0, -10],
						"0.1667": [-11.6232, 0, -10],
						"0.5": [0, 0, -10],
						"1.0": [0, 0, -10],
						"1.5": [0, 0, -10],
						"1.9167": [0, 0, -10],
						"2.1667": [-11.6232, 0, -10],
						"2.5": [0, 0, -10],
						"3.0": [0, 0, -10],
						"3.9167": [0, 0, -10],
						"4.0": [-3.87, 0, -10]
					}
				},
				"wing_left2": {
					"rotation": [0, "27.5+math.sin(q.anim_time*90*4-190)*15", 0]
				},
				"wing_right2": {
					"rotation": [0, "-27.5-math.sin(q.anim_time*90*4-190)*15", 0]
				},
				"wing_left": {
					"rotation": [0, "-15+math.sin(q.anim_time*90*4-110)*6", 5],
					"scale": 1
				},
				"wing_right": {
					"rotation": [0, "15-math.sin(q.anim_time*90*4-110)*6", -5]
				},
				"neck": {
					"rotation": ["-math.sin(q.anim_time*90*4-160)*2", "math.sin(q.anim_time*90*2)*2", "-math.sin(q.anim_time*90*2-60)*4"]
				},
				"body": {
					"position": {
						"0.0": [0, 0, 0],
						"0.5": [0, 0, 0],
						"0.5833": [0, -0.4, 0],
						"0.6667": [0, 0.3, 0],
						"0.75": [0, -0.12, 0],
						"0.875": [0, 0.12, 0],
						"1.0833": [0, 0, 0],
						"1.5": [0, 0, 0],
						"1.5833": [0, -0.4, 0],
						"1.6667": [0, 0.3, 0],
						"1.75": [0, -0.12, 0],
						"1.875": [0, 0.12, 0],
						"2.0833": [0, 0, 0],
						"2.5": [0, 0, 0],
						"2.5833": [0, -0.4, 0],
						"2.6667": [0, 0.3, 0],
						"2.75": [0, -0.12, 0],
						"2.875": [0, 0.12, 0],
						"3.0833": [0, 0, 0],
						"3.5": [0, 0, 0],
						"3.5833": [0, -0.4, 0],
						"3.6667": [0, 0.3, 0],
						"3.75": [0, -0.12, 0],
						"3.875": [0, 0.12, 0],
						"4.0": [0, 0, 0]
					}
				},
				"foot_left2": {
					"rotation": {
						"0.0": [-9.13, 0, 0],
						"0.5": [-17.5, 0, 0],
						"0.9167": [-20.38, 0, 0],
						"1.125": [-17.15, 0, 0],
						"1.5": [-18.06, 0, 0],
						"1.5417": [0, 0, 0],
						"2.4583": [-17.5, 0, 0],
						"2.875": [-20.38, 0, 0],
						"3.0833": [-17.15, 0, 0],
						"3.4583": [-18.06, 0, 0],
						"3.5": [0, 0, 0],
						"4.0": [-9.13, 0, 0]
					}
				},
				"foot_right2": {
					"rotation": {
						"0.0": [-18.44, 0, 0],
						"0.0833": [-17.15, 0, 0],
						"0.4583": [-18.06, 0, 0],
						"0.5": [0, 0, 0],
						"1.0": [-9.13, 0, 0],
						"1.5": [-17.5, 0, 0],
						"1.9167": [-20.38, 0, 0],
						"2.125": [-17.15, 0, 0],
						"2.5": [-18.06, 0, 0],
						"2.5417": [0, 0, 0],
						"3.4583": [-17.5, 0, 0],
						"3.875": [-20.38, 0, 0],
						"4.0": [-18.44, 0, 0]
					}
				},
				"arm_right3": {
					"position": [-4, 0, 0],
					"scale": [1.6, 1, 1]
				},
				"arm_left3": {
					"position": [3, 0, 0],
					"scale": [1.6, 1, 1]
				},
				"tail7": {
					"rotation": [0, "0-math.sin(q.anim_time*90*2-220)*10", 0]
				}
			}
		},
		"animation.dragonitemega.sleep": {
			"loop": true,
			"animation_length": 8,
			"bones": {
				"torso": {
					"rotation": ["15-math.sin(q.anim_time*90*0.5-40)*0.5", 0, 0]
				},
				"chest": {
					"rotation": ["-15-math.sin(q.anim_time*90*1-80)*0.5", 0, 0],
					"position": [0, -0.4, 0]
				},
				"chest2": {
					"rotation": ["12.5-math.sin(q.anim_time*90*1-120)*0.5", 0, 0]
				},
				"arm_left": {
					"rotation": [33.04474, "33.5148+math.sin(q.anim_time*90*1-40)*1", 49.06754],
					"position": [0, 0, -2.1]
				},
				"arm_left2": {
					"rotation": [0, "52.5+math.sin(q.anim_time*90*1-90)*1", 0]
				},
				"hand_left": {
					"rotation": [0.32902, "7.4928+math.sin(q.anim_time*90*1-150)*2", 2.52154]
				},
				"finger_back_left": {
					"rotation": [0, 0, 15]
				},
				"finger_middle_left": {
					"rotation": [0, 0, 10]
				},
				"finger_front_left": {
					"rotation": [0, 0, 10]
				},
				"arm_right": {
					"rotation": [33.04474, "-33.5148+math.sin(q.anim_time*90*1-40)*1", -49.06754],
					"position": [0, 0, -2.1]
				},
				"arm_right2": {
					"rotation": [0, "-52.5-math.sin(q.anim_time*90*1-90)*1", 0]
				},
				"hand_right": {
					"rotation": [0.32902, "-7.4928-math.sin(q.anim_time*90*1-150)*2", -2.52154]
				},
				"finger_back_right": {
					"rotation": [0, 0, -15]
				},
				"finger_middle_right": {
					"rotation": [0, 0, -10]
				},
				"finger_front_right": {
					"rotation": [0, 0, -10]
				},
				"head": {
					"rotation": ["10-math.sin(q.anim_time*90*1-210)*2", 0, 0]
				},
				"tail1": {
					"rotation": [-15.66164, "16+math.sin(q.anim_time*90*0.5)*0.5", -4.23457],
					"position": [-2.8, 0, 0]
				},
				"tail2": {
					"rotation": [0, "20+math.sin(q.anim_time*90*0.5-50)*1", 0]
				},
				"tail3": {
					"rotation": [0, "25+math.sin(q.anim_time*90*0.5-100)*3", 0]
				},
				"tail4": {
					"rotation": [-2.5, "32.5+math.sin(q.anim_time*90*0.5-140)*5", 0]
				},
				"tail5": {
					"rotation": [-2.5, "35+math.sin(q.anim_time*90*0.5-170)*7", 0]
				},
				"tail6": {
					"rotation": [0, "22.5+math.sin(q.anim_time*90*0.5-190)*9", 0]
				},
				"leg_left": {
					"rotation": [-80.47731, -33.79181, 0.64941],
					"position": [0, -1.4, 0]
				},
				"leg_left2": {
					"rotation": [2.49762, -0.10901, 2.49762]
				},
				"leg_left3": {
					"rotation": [-0.21803, 2.49048, 2.49526]
				},
				"leg_right": {
					"rotation": [-80.47731, 33.79181, -0.64941],
					"position": [0, -1.4, 0]
				},
				"leg_right2": {
					"rotation": [2.49762, 0.10901, -2.49762]
				},
				"leg_right3": {
					"rotation": [-0.21803, -2.49048, -2.49526]
				},
				"wing_left2": {
					"rotation": [0, "27.5+math.sin(q.anim_time*90*1-190)*6", 0]
				},
				"wing_right2": {
					"rotation": [0, "-27.5-math.sin(q.anim_time*90*1-190)*6", 0]
				},
				"wing_left": {
					"rotation": [0, "-15+math.sin(q.anim_time*90*1-110)*6", 5],
					"scale": 1
				},
				"wing_right": {
					"rotation": [0, "15-math.sin(q.anim_time*90*1-110)*6", -5]
				},
				"neck": {
					"rotation": ["15-math.sin(q.anim_time*90*1-160)*2", 0, 0],
					"position": [0, -0.6, -0.4]
				},
				"body": {
					"position": [0, -8, 0]
				},
				"eyelid_left": {
					"position": [0.1, 0, -0.1]
				},
				"eyelid_right": {
					"position": [-0.1, 0, -0.1]
				},
				"foot_left2": {
					"rotation": [-15, 0, 0]
				},
				"foot_right2": {
					"rotation": [-15, 0, 0]
				},
				"arm_right3": {
					"position": [-4, 0, 0],
					"scale": [1.6, 1, 1]
				},
				"arm_left3": {
					"position": [3, 0, 0],
					"scale": [1.6, 1, 1]
				},
				"tail7": {
					"rotation": [0, "22.5+math.sin(q.anim_time*90*0.5-190)*9", 0]
				}
			}
		},
		"animation.dragonitemega.air_idle": {
			"loop": true,
			"animation_length": 8,
			"bones": {
				"torso": {
					"rotation": [27.5, 0, 0]
				},
				"chest": {
					"rotation": ["-10+math.sin(q.anim_time*90*1-80)*2", 0, 0]
				},
				"chest2": {
					"rotation": ["5+math.sin(q.anim_time*90*1-120)*2", 0, 0]
				},
				"arm_left": {
					"rotation": [19.2287, "1.4503-math.sin(q.anim_time*90*1-40)*5", 29.32841]
				},
				"arm_left2": {
					"rotation": [0, "17.5+math.sin(q.anim_time*90*1-90)*6", 0]
				},
				"hand_left": {
					"rotation": [0.32902, "7.4928+math.sin(q.anim_time*90*1-150)*2", 2.52154]
				},
				"finger_back_left": {
					"rotation": [0, 0, 15]
				},
				"finger_middle_left": {
					"rotation": [0, 0, 10]
				},
				"finger_front_left": {
					"rotation": [0, 0, 10]
				},
				"arm_right": {
					"rotation": [19.2287, "-1.4503-math.sin(q.anim_time*90*1-40)*5", -29.32841]
				},
				"arm_right2": {
					"rotation": [0, "-17.5-math.sin(q.anim_time*90*1-90)*6", 0]
				},
				"hand_right": {
					"rotation": [0.32902, "-7.4928-math.sin(q.anim_time*90*1-150)*2", -2.52154]
				},
				"finger_back_right": {
					"rotation": [0, 0, -15]
				},
				"finger_middle_right": {
					"rotation": [0, 0, -10]
				},
				"finger_front_right": {
					"rotation": [0, 0, -10]
				},
				"head": {
					"rotation": ["-10+math.sin(q.anim_time*90*1-60)*4", 0, 0],
					"position": [0, -1.75, 0]
				},
				"tail1": {
					"rotation": ["-37.5+math.sin(q.anim_time*90*1-160)*2", "0-math.sin(q.anim_time*90*1-40)*4", 0]
				},
				"tail2": {
					"rotation": ["17.5+math.sin(q.anim_time*90*1-200)*2", "-math.sin(q.anim_time*90*1-80)*4", 0]
				},
				"tail3": {
					"rotation": ["15+math.sin(q.anim_time*90*1-240)*2", "-math.sin(q.anim_time*90*1-120)*4", 0]
				},
				"tail4": {
					"rotation": ["15+math.sin(q.anim_time*90*1-280)*2", "0-math.sin(q.anim_time*90*1-160)*8", 0]
				},
				"tail5": {
					"rotation": [25, "-math.sin(q.anim_time*90*1-200)*8", 0]
				},
				"tail6": {
					"rotation": [20, "-math.sin(q.anim_time*90*1-220)*10", 0]
				},
				"leg_left": {
					"rotation": ["3.6164-math.sin(q.anim_time*90*1+120)*4", -19.6835, -10.62758],
					"position": [0, -0.4, 0]
				},
				"leg_left2": {
					"rotation": [24.99762, -0.10901, 2.49762],
					"position": [0, 0.6, 0]
				},
				"leg_left3": {
					"rotation": [-0.21803, 2.49048, 2.49526]
				},
				"foot_left": {
					"rotation": ["10.0891-math.sin(q.anim_time*90*1-250)*4", -7.16744, 3.68505]
				},
				"leg_right": {
					"rotation": ["3.6164-math.sin(q.anim_time*90*1+120)*4", 19.6835, 10.62758],
					"position": [0, -0.4, 0]
				},
				"leg_right2": {
					"rotation": [24.99762, 0.10901, -2.49762],
					"position": [0, 0.6, 0]
				},
				"leg_right3": {
					"rotation": [-0.21803, -2.49048, -2.49526]
				},
				"foot_right": {
					"rotation": ["10.0891-math.sin(q.anim_time*90*1-250)*4", 7.16744, -3.68505]
				},
				"wing_left2": {
					"rotation": [0, "27.5+math.sin(q.anim_time*90*1-60)*40", 0]
				},
				"wing_right2": {
					"rotation": [0, "-27.5-math.sin(q.anim_time*90*1-60)*40", 0]
				},
				"wing_left": {
					"rotation": ["0.1201+math.cos(q.anim_time*90*1+60)*20", "-19.9232+math.sin(q.anim_time*90*1+60)*40", 4.11867]
				},
				"wing_right": {
					"rotation": ["0.21+math.cos(q.anim_time*90*1+60)*20", "22.384-math.sin(q.anim_time*90*1+60)*40", -3.66844]
				},
				"neck": {
					"rotation": ["math.sin(q.anim_time*90*1-160)*6", 0, 0]
				},
				"body": {
					"rotation": ["-math.sin(q.anim_time*90*1-120)*4", 0, 0],
					"position": [0, "7.3+math.sin(q.anim_time*90*1)*2", 0]
				},
				"arm_right3": {
					"position": [-4, 0, 0],
					"scale": [1.6, 1, 1]
				},
				"arm_left3": {
					"position": [3, 0, 0],
					"scale": [1.6, 1, 1]
				},
				"tail7": {
					"rotation": [20, "-math.sin(q.anim_time*90*1-220)*10", 0]
				}
			}
		},
		"animation.dragonitemega.air_fly": {
			"loop": true,
			"animation_length": 8,
			"bones": {
				"torso": {
					"rotation": [55, 0, 0]
				},
				"chest": {
					"rotation": ["-7.5+math.sin(q.anim_time*90*2-80)*2", 0, 0]
				},
				"chest2": {
					"rotation": ["5+math.sin(q.anim_time*90*2-120)*2", 0, 0]
				},
				"arm_left": {
					"rotation": [38.37313, "7.2977-math.sin(q.anim_time*90*1-40)*5", 35.40265]
				},
				"arm_left2": {
					"rotation": [0, "17.5+math.sin(q.anim_time*90*1-90)*6", 0]
				},
				"hand_left": {
					"rotation": [0.32902, "7.4928+math.sin(q.anim_time*90*1-150)*2", 2.52154]
				},
				"finger_back_left": {
					"rotation": [0, 0, 15]
				},
				"finger_middle_left": {
					"rotation": [0, 0, 10]
				},
				"finger_front_left": {
					"rotation": [0, 0, 10]
				},
				"arm_right": {
					"rotation": [38.37313, "-7.2977-math.sin(q.anim_time*90*1-40)*5", -35.40265]
				},
				"arm_right2": {
					"rotation": [0, "-17.5-math.sin(q.anim_time*90*1-90)*6", 0]
				},
				"hand_right": {
					"rotation": [0.32902, "-7.4928-math.sin(q.anim_time*90*1-150)*2", -2.52154]
				},
				"finger_back_right": {
					"rotation": [0, 0, -15]
				},
				"finger_middle_right": {
					"rotation": [0, 0, -10]
				},
				"finger_front_right": {
					"rotation": [0, 0, -10]
				},
				"head": {
					"rotation": ["-37.5+math.sin(q.anim_time*90*2-60)*4", 0, 0],
					"position": [0, -1.75, 0]
				},
				"tail1": {
					"rotation": [-47.5, "0-math.sin(q.anim_time*90*2-40)*4", 0]
				},
				"tail2": {
					"rotation": ["5+math.sin(q.anim_time*90*2-200)*2", "0-math.sin(q.anim_time*90*2-80)*4", 0]
				},
				"tail3": {
					"rotation": ["10+math.sin(q.anim_time*90*2-240)*2", "-math.sin(q.anim_time*90*2-120)*4", 0]
				},
				"tail4": {
					"rotation": ["-2.5+math.sin(q.anim_time*90*2-280)*2", "0-math.sin(q.anim_time*90*2-160)*8", 0]
				},
				"tail5": {
					"rotation": [-10, "-math.sin(q.anim_time*90*2-200)*8", 0]
				},
				"tail6": {
					"rotation": [-12.5, "0-math.sin(q.anim_time*90*2-220)*10", 0]
				},
				"leg_left": {
					"rotation": ["36.1164-math.sin(q.anim_time*90*1+120)*4", -19.6835, -10.62758],
					"position": [0, -0.4, 0]
				},
				"leg_left2": {
					"rotation": [24.99762, -0.10901, 2.49762],
					"position": [0, 0.6, 0]
				},
				"leg_left3": {
					"rotation": [-0.21803, 2.49048, 2.49526]
				},
				"foot_left": {
					"rotation": ["27.5891-math.sin(q.anim_time*90*1-250)*4", -7.16744, 3.68505]
				},
				"leg_right": {
					"rotation": ["36.1164-math.sin(q.anim_time*90*1+120)*4", 19.6835, 10.62758],
					"position": [0, -0.4, 0]
				},
				"leg_right2": {
					"rotation": [24.99762, 0.10901, -2.49762],
					"position": [0, 0.6, 0]
				},
				"leg_right3": {
					"rotation": [-0.21803, -2.49048, -2.49526]
				},
				"foot_right": {
					"rotation": ["27.5891-math.sin(q.anim_time*90*1-250)*4", 7.16744, -3.68505]
				},
				"wing_left2": {
					"rotation": [0, "27.5+math.sin(q.anim_time*90*2-60)*40", 0]
				},
				"wing_right2": {
					"rotation": [0, "-27.5-math.sin(q.anim_time*90*2-60)*40", 0]
				},
				"wing_left": {
					"rotation": ["0.1201+math.cos(q.anim_time*90*2+60)*20", "-19.9232+math.sin(q.anim_time*90*2+60)*40", 4.11867]
				},
				"wing_right": {
					"rotation": ["0.1201+math.cos(q.anim_time*90*2+60)*20", "19.9232-math.sin(q.anim_time*90*2+60)*40", -4.11867]
				},
				"neck": {
					"rotation": ["-5+math.sin(q.anim_time*90*2-160)*3", 0, 0]
				},
				"body": {
					"rotation": ["-math.sin(q.anim_time*90*2-120)*4", 0, 0],
					"position": [0, "7.8+math.sin(q.anim_time*90*2)*2", -5.6]
				},
				"arm_right3": {
					"position": [-4, 0, 0],
					"scale": [1.6, 1, 1]
				},
				"arm_left3": {
					"position": [3, 0, 0],
					"scale": [1.6, 1, 1]
				},
				"tail7": {
					"rotation": [-12.5, "0-math.sin(q.anim_time*90*2-220)*10", 0]
				}
			},
			"timeline": {
				"1.5": "q.has_entity ? { q.sound('animation.leather.wing_flap.medium'); };",
				"3.5": "q.has_entity ? { q.sound('animation.leather.wing_flap.medium'); };",
				"5.5": "q.has_entity ? { q.sound('animation.leather.wing_flap.medium'); };",
				"7.5": "q.has_entity ? { q.sound('animation.leather.wing_flap.medium'); };"
			}
		},
		"animation.dragonitemega.water_idle": {
			"loop": true,
			"animation_length": 8,
			"bones": {
				"torso": {
					"rotation": [37.5, 0, 0]
				},
				"chest": {
					"rotation": ["-5-math.sin(q.anim_time*90*1-80)*1", 0, 0]
				},
				"chest2": {
					"rotation": ["-5-math.sin(q.anim_time*90*1-120)*1", 0, 0]
				},
				"arm_left": {
					"rotation": [-22.00669, "2.1583+math.sin(q.anim_time*90*1-40)*5", 9.73742]
				},
				"arm_left2": {
					"rotation": [0, "17.5+math.sin(q.anim_time*90*1-90)*6", 0]
				},
				"hand_left": {
					"rotation": [0.32902, "7.4928+math.sin(q.anim_time*90*1-150)*2", 2.52154]
				},
				"finger_back_left": {
					"rotation": [0, 0, 15]
				},
				"finger_middle_left": {
					"rotation": [0, 0, 10]
				},
				"finger_front_left": {
					"rotation": [0, 0, 10]
				},
				"arm_right": {
					"rotation": [-22.00669, "-2.1583-math.sin(q.anim_time*90*1-40)*5", -9.73742]
				},
				"arm_right2": {
					"rotation": [0, "-17.5-math.sin(q.anim_time*90*1-90)*6", 0]
				},
				"hand_right": {
					"rotation": [0.32902, "-7.4928-math.sin(q.anim_time*90*1-150)*2", -2.52154]
				},
				"finger_back_right": {
					"rotation": [0, 0, -15]
				},
				"finger_middle_right": {
					"rotation": [0, 0, -10]
				},
				"finger_front_right": {
					"rotation": [0, 0, -10]
				},
				"head": {
					"rotation": ["-20-math.sin(q.anim_time*90*1-210)*1", 0, 0]
				},
				"tail1": {
					"rotation": [-40, "0-math.sin(q.anim_time*90*0.5-40)*4", 0]
				},
				"tail2": {
					"rotation": [7.5, "-math.sin(q.anim_time*90*0.5-80)*4", 0]
				},
				"tail3": {
					"rotation": [20, "-math.sin(q.anim_time*90*0.5-120)*4", 0]
				},
				"tail4": {
					"rotation": [22.5, "0-math.sin(q.anim_time*90*0.5-160)*8", 0]
				},
				"tail5": {
					"rotation": [25, "-math.sin(q.anim_time*90*0.5-200)*8", 0]
				},
				"tail6": {
					"rotation": [20, "-math.sin(q.anim_time*90*0.5-240)*10", 0]
				},
				"leg_left": {
					"rotation": ["17.4334+math.sin(q.anim_time*90*1+80)*4", -29.26061, -13.79496],
					"position": [0, -1, 0]
				},
				"leg_left2": {
					"rotation": [2.49762, -0.10901, 2.49762]
				},
				"leg_left3": {
					"rotation": [-0.21803, 2.49048, 2.49526]
				},
				"foot_left": {
					"rotation": ["12.5095+math.sin(q.anim_time*90*1)*4", 0.21782, 4.99527]
				},
				"leg_right": {
					"rotation": ["17.4334+math.sin(q.anim_time*90*1+80)*4", 29.26061, 13.79496],
					"position": [0, -1, 0]
				},
				"leg_right2": {
					"rotation": [2.49762, 0.10901, -2.49762]
				},
				"leg_right3": {
					"rotation": [-0.21803, -2.49048, -2.49526]
				},
				"foot_right": {
					"rotation": ["12.5095+math.sin(q.anim_time*90*1)*4", -0.21782, -4.99527]
				},
				"wing_left2": {
					"rotation": [0, "27.5+math.sin(q.anim_time*90*1-190)*6", 0]
				},
				"wing_right2": {
					"rotation": [0, "-27.5-math.sin(q.anim_time*90*1-190)*6", 0]
				},
				"wing_left": {
					"rotation": [0, "-15+math.sin(q.anim_time*90*1-110)*6", 5],
					"scale": 1
				},
				"wing_right": {
					"rotation": [0, "15-math.sin(q.anim_time*90*1-110)*6", -5]
				},
				"neck": {
					"rotation": ["-math.sin(q.anim_time*90*1-160)*2", 0, 0]
				},
				"body": {
					"position": [0, "7+math.sin(q.anim_time*90*1)*1", 0]
				},
				"foot_left2": {
					"rotation": ["-10+math.sin(q.anim_time*90*1+60)*5", 0, 0]
				},
				"foot_right2": {
					"rotation": ["-10+math.sin(q.anim_time*90*1+60)*5", 0, 0]
				},
				"arm_right3": {
					"position": [-4, 0, 0],
					"scale": [1.6, 1, 1]
				},
				"arm_left3": {
					"position": [3, 0, 0],
					"scale": [1.6, 1, 1]
				},
				"tail7": {
					"rotation": [20, "-math.sin(q.anim_time*90*0.5-240)*10", 0]
				}
			}
		},
		"animation.dragonitemega.water_swim": {
			"loop": true,
			"animation_length": 8,
			"bones": {
				"torso": {
					"rotation": [80, 0, 0]
				},
				"chest": {
					"rotation": ["-2.5-math.sin(q.anim_time*90*2-40)*2", 0, 0]
				},
				"chest2": {
					"rotation": ["-5-math.sin(q.anim_time*90*2-80)*2", 0, 0]
				},
				"arm_left": {
					"rotation": [-5.87894, "-17.2228+math.sin(q.anim_time*90*1-40)*5", 59.44675]
				},
				"arm_left2": {
					"rotation": [0, "17.5+math.sin(q.anim_time*90*1-90)*6", 0]
				},
				"hand_left": {
					"rotation": [0.32902, "7.4928+math.sin(q.anim_time*90*1-150)*2", 2.52154]
				},
				"finger_back_left": {
					"rotation": [0, 0, 15]
				},
				"finger_middle_left": {
					"rotation": [0, 0, 10]
				},
				"finger_front_left": {
					"rotation": [0, 0, 10]
				},
				"arm_right": {
					"rotation": [-5.87894, "17.2228+math.sin(q.anim_time*90*1-40)*5", -59.44675]
				},
				"arm_right2": {
					"rotation": [0, "-17.5-math.sin(q.anim_time*90*1-90)*6", 0]
				},
				"hand_right": {
					"rotation": [0.32902, "-7.4928-math.sin(q.anim_time*90*1-150)*2", -2.52154]
				},
				"finger_back_right": {
					"rotation": [0, 0, -15]
				},
				"finger_middle_right": {
					"rotation": [0, 0, -10]
				},
				"finger_front_right": {
					"rotation": [0, 0, -10]
				},
				"head": {
					"rotation": ["-67.5-math.sin(q.anim_time*90*2+280)*6", 0, 0]
				},
				"tail1": {
					"rotation": ["-72.5-math.sin(q.anim_time*90*2-40)*4", "-math.sin(q.anim_time*90*0.5-40)*4", 0],
					"position": [0, 0, 4.1]
				},
				"tail2": {
					"rotation": ["2.5+math.sin(q.anim_time*90*2-90)*4", "-math.sin(q.anim_time*90*0.5-80)*4", 0]
				},
				"tail3": {
					"rotation": ["2.5+math.sin(q.anim_time*90*2-120)*4", "0-math.sin(q.anim_time*90*0.5-120)*4", 0]
				},
				"tail4": {
					"rotation": ["math.sin(q.anim_time*90*2-160)*8", "-math.sin(q.anim_time*90*0.5-160)*8", 0]
				},
				"tail5": {
					"rotation": ["-2.5+math.sin(q.anim_time*90*2-200)*8", "0-math.sin(q.anim_time*90*0.5-200)*8", 0]
				},
				"tail6": {
					"rotation": ["math.sin(q.anim_time*90*2-240)*10", "-math.sin(q.anim_time*90*0.5-240)*10", 0]
				},
				"leg_left": {
					"rotation": ["71.9798+math.sin(q.anim_time*90*2)*4", -5.09473, -20.56347],
					"position": [0, -5, 0]
				},
				"leg_left2": {
					"rotation": [2.49762, -0.10901, 2.49762]
				},
				"leg_left3": {
					"rotation": [-0.21803, 2.49048, 2.49526]
				},
				"foot_left": {
					"rotation": ["30.0095+math.sin(q.anim_time*90*2+30)*6", 0.21782, 4.99527]
				},
				"leg_right": {
					"rotation": ["71.9798+math.sin(q.anim_time*90*2-90)*4", 5.09473, 20.56347],
					"position": [0, -5, 0]
				},
				"leg_right2": {
					"rotation": [2.49762, 0.10901, -2.49762]
				},
				"leg_right3": {
					"rotation": [-0.21803, -2.49048, -2.49526]
				},
				"foot_right": {
					"rotation": ["30.0095+math.sin(q.anim_time*90*2-60)*6", -0.21782, -4.99527]
				},
				"wing_left2": {
					"rotation": [0, "27.5+math.sin(q.anim_time*90*1-190)*6+math.sin(q.anim_time*90*2-60)*20", 0]
				},
				"wing_right2": {
					"rotation": [0, "-27.5+math.sin(q.anim_time*90*1-190)*-6+math.sin(q.anim_time*90*2-60)*-20", 0]
				},
				"wing_left": {
					"rotation": [
						"math.cos(q.anim_time*90*20)*1+math.cos(q.anim_time*90*2+60)*15",
						"-5-math.sin(q.anim_time*90*2-110)*12+math.sin(q.anim_time*90*2+60)*10",
						5.00003
					]
				},
				"wing_right": {
					"rotation": [
						"math.cos(q.anim_time*90*20)*1+math.cos(q.anim_time*90*2+60)*15",
						"5-math.sin(q.anim_time*90*2-110)*-12+math.sin(q.anim_time*90*2+60)*-10",
						-5.00003
					]
				},
				"neck": {
					"rotation": ["-math.sin(q.anim_time*90*2-200)*6", 0, 0]
				},
				"body": {
					"rotation": ["-math.cos(q.anim_time*90*2)*8", 0, "-math.cos(q.anim_time*90*0.5)*3"],
					"position": [0, "7+math.sin(q.anim_time*90*2)*3", 0]
				},
				"foot_left2": {
					"rotation": ["7.5+math.sin(q.anim_time*90*2-40)*7", 0, 0],
					"position": [0, 0, "0.6+math.sin(q.anim_time*90*2-40)*0.2"]
				},
				"legs": {
					"position": [0, 3, 0]
				},
				"toe_inner_left": {
					"rotation": [5, 0, 0]
				},
				"toe_middle_left": {
					"rotation": [7.5, 0, 0]
				},
				"toe_outer_left": {
					"rotation": [5, 0, 0]
				},
				"foot_right2": {
					"rotation": ["7.5+math.sin(q.anim_time*90*2-130)*7", 0, 0],
					"position": [0, 0, "0.6+math.sin(q.anim_time*90*2-40)*0.2"]
				},
				"toe_inner_right": {
					"rotation": [5, 0, 0]
				},
				"toe_middle_right": {
					"rotation": [7.5, 0, 0]
				},
				"toe_outer_right": {
					"rotation": [5, 0, 0]
				},
				"arm_right3": {
					"position": [-4, 0, 0],
					"scale": [1.6, 1, 1]
				},
				"arm_left3": {
					"position": [3, 0, 0],
					"scale": [1.6, 1, 1]
				},
				"tail7": {
					"rotation": ["math.sin(q.anim_time*90*2-240)*10", "-math.sin(q.anim_time*90*0.5-240)*10", 0]
				}
			}
		},
		"animation.dragonitemega.surfacewater_idle": {
			"loop": true,
			"animation_length": 8,
			"bones": {
				"torso": {
					"rotation": {
						"0.0": [37.5, 0, 0],
						"0.8333": [35, 0, 0]
					}
				},
				"chest": {
					"rotation": {
						"0.0": ["-5-math.sin(q.anim_time*90*1-80)*1", 0, 0],
						"0.8333": ["-10-math.sin(q.anim_time*90*1-80)*1", 0, 0]
					}
				},
				"chest2": {
					"rotation": {
						"0.0": ["-5-math.sin(q.anim_time*90*1-120)*1", 0, 0],
						"0.8333": ["-7.5-math.sin(q.anim_time*90*1-120)*1", 0, 0]
					}
				},
				"arm_left": {
					"rotation": [-22.00669, "2.1583+math.sin(q.anim_time*90*1-40)*5", 9.73742]
				},
				"arm_left2": {
					"rotation": [0, "17.5+math.sin(q.anim_time*90*1-90)*6", 0]
				},
				"hand_left": {
					"rotation": [0.32902, "7.4928+math.sin(q.anim_time*90*1-150)*2", 2.52154]
				},
				"finger_back_left": {
					"rotation": [0, 0, 15]
				},
				"finger_middle_left": {
					"rotation": [0, 0, 10]
				},
				"finger_front_left": {
					"rotation": [0, 0, 10]
				},
				"arm_right": {
					"rotation": [-22.00669, "-2.1583-math.sin(q.anim_time*90*1-40)*5", -9.73742]
				},
				"arm_right2": {
					"rotation": [0, "-17.5-math.sin(q.anim_time*90*1-90)*6", 0]
				},
				"hand_right": {
					"rotation": [0.32902, "-7.4928-math.sin(q.anim_time*90*1-150)*2", -2.52154]
				},
				"finger_back_right": {
					"rotation": [0, 0, -15]
				},
				"finger_middle_right": {
					"rotation": [0, 0, -10]
				},
				"finger_front_right": {
					"rotation": [0, 0, -10]
				},
				"head": {
					"rotation": {
						"0.0": ["-20-math.sin(q.anim_time*90*1-210)*1", 0, 0],
						"0.8333": ["-12.5-math.sin(q.anim_time*90*1-210)*1", 0, 0]
					}
				},
				"tail1": {
					"rotation": [-50, "0-math.sin(q.anim_time*90*0.5-40)*4", 0]
				},
				"tail2": {
					"rotation": [7.5, "-math.sin(q.anim_time*90*0.5-80)*4", 0]
				},
				"tail3": {
					"rotation": [12.5, "0-math.sin(q.anim_time*90*0.5-120)*4", 0]
				},
				"tail4": {
					"rotation": [15, "-math.sin(q.anim_time*90*0.5-160)*8", 0]
				},
				"tail5": {
					"rotation": [25, "-math.sin(q.anim_time*90*0.5-200)*8", 0]
				},
				"tail6": {
					"rotation": [20, "-math.sin(q.anim_time*90*0.5-240)*10", 0]
				},
				"leg_left": {
					"rotation": ["17.4334+math.sin(q.anim_time*90*1+80)*4", -29.26061, -13.79496],
					"position": [0, -1, 0]
				},
				"leg_left2": {
					"rotation": [2.49762, -0.10901, 2.49762]
				},
				"leg_left3": {
					"rotation": [-0.21803, 2.49048, 2.49526]
				},
				"foot_left": {
					"rotation": ["12.5095+math.sin(q.anim_time*90*1)*4", 0.21782, 4.99527]
				},
				"leg_right": {
					"rotation": ["17.4334+math.sin(q.anim_time*90*1+80)*4", 29.26061, 13.79496],
					"position": [0, -1, 0]
				},
				"leg_right2": {
					"rotation": [2.49762, 0.10901, -2.49762]
				},
				"leg_right3": {
					"rotation": [-0.21803, -2.49048, -2.49526]
				},
				"foot_right": {
					"rotation": ["12.5095+math.sin(q.anim_time*90*1)*4", -0.21782, -4.99527]
				},
				"wing_left2": {
					"rotation": [0, "27.5+math.sin(q.anim_time*90*1-190)*6", 0]
				},
				"wing_right2": {
					"rotation": [0, "-27.5-math.sin(q.anim_time*90*1-190)*6", 0]
				},
				"wing_left": {
					"rotation": [0, "-15+math.sin(q.anim_time*90*1-110)*6", 5],
					"scale": 1
				},
				"wing_right": {
					"rotation": [0, "15-math.sin(q.anim_time*90*1-110)*6", -5]
				},
				"neck": {
					"rotation": {
						"0.0": ["-math.sin(q.anim_time*90*1-160)*2", 0, 0],
						"0.8333": ["-5-math.sin(q.anim_time*90*1-160)*2", 0, 0]
					}
				},
				"body": {
					"position": [0, "-30+math.sin(q.anim_time*90*1)*1", 0]
				},
				"foot_left2": {
					"rotation": ["-10+math.sin(q.anim_time*90*1+60)*5", 0, 0]
				},
				"foot_right2": {
					"rotation": ["-10+math.sin(q.anim_time*90*1+60)*5", 0, 0]
				},
				"arm_right3": {
					"position": [-4, 0, 0],
					"scale": [1.6, 1, 1]
				},
				"tail7": {
					"rotation": [20, "-math.sin(q.anim_time*90*0.5-240)*10", 0]
				}
			}
		},
		"animation.dragonitemega.surfacewater_swim": {
			"loop": true,
			"animation_length": 8,
			"bones": {
				"torso": {
					"rotation": [80, 0, 0]
				},
				"chest": {
					"rotation": ["-10-math.sin(q.anim_time*90*2-40)*2", 0, 0]
				},
				"chest2": {
					"rotation": ["-7.5-math.sin(q.anim_time*90*2-80)*2", 0, 0]
				},
				"arm_left": {
					"rotation": [-5.87894, "-17.2228+math.sin(q.anim_time*90*1-40)*5", 59.44675]
				},
				"arm_left2": {
					"rotation": [0, "17.5+math.sin(q.anim_time*90*1-90)*6", 0]
				},
				"hand_left": {
					"rotation": [0.32902, "7.4928+math.sin(q.anim_time*90*1-150)*2", 2.52154]
				},
				"finger_back_left": {
					"rotation": [0, 0, 15]
				},
				"finger_middle_left": {
					"rotation": [0, 0, 10]
				},
				"finger_front_left": {
					"rotation": [0, 0, 10]
				},
				"arm_right": {
					"rotation": [-5.87894, "17.2228+math.sin(q.anim_time*90*1-40)*5", -59.44675]
				},
				"arm_right2": {
					"rotation": [0, "-17.5-math.sin(q.anim_time*90*1-90)*6", 0]
				},
				"hand_right": {
					"rotation": [0.32902, "-7.4928-math.sin(q.anim_time*90*1-150)*2", -2.52154]
				},
				"finger_back_right": {
					"rotation": [0, 0, -15]
				},
				"finger_middle_right": {
					"rotation": [0, 0, -10]
				},
				"finger_front_right": {
					"rotation": [0, 0, -10]
				},
				"head": {
					"rotation": ["-47.5-math.sin(q.anim_time*90*2+280)*6", 0, 0]
				},
				"tail1": {
					"rotation": ["-77.5-math.sin(q.anim_time*90*2-40)*4", "-math.sin(q.anim_time*90*0.5-40)*4", 0],
					"position": [0, 0, 4.1]
				},
				"tail2": {
					"rotation": ["math.sin(q.anim_time*90*2-90)*4", "0-math.sin(q.anim_time*90*0.5-80)*4", 0]
				},
				"tail3": {
					"rotation": ["math.sin(q.anim_time*90*2-120)*4", "-math.sin(q.anim_time*90*0.5-120)*4", 0]
				},
				"tail4": {
					"rotation": ["-2.5+math.sin(q.anim_time*90*2-160)*8", "0-math.sin(q.anim_time*90*0.5-160)*8", 0]
				},
				"tail5": {
					"rotation": ["-5+math.sin(q.anim_time*90*2-200)*8", "-math.sin(q.anim_time*90*0.5-200)*8", 0]
				},
				"tail6": {
					"rotation": ["math.sin(q.anim_time*90*2-240)*10", "-math.sin(q.anim_time*90*0.5-240)*10", 0]
				},
				"leg_left": {
					"rotation": ["71.9798+math.sin(q.anim_time*90*2)*4", -5.09473, -20.56347],
					"position": [0, -5, 0]
				},
				"leg_left2": {
					"rotation": [2.49762, -0.10901, 2.49762]
				},
				"leg_left3": {
					"rotation": [-0.21803, 2.49048, 2.49526]
				},
				"foot_left": {
					"rotation": ["30.0095+math.sin(q.anim_time*90*2+30)*6", 0.21782, 4.99527]
				},
				"leg_right": {
					"rotation": ["71.9798+math.sin(q.anim_time*90*2-90)*4", 5.09473, 20.56347],
					"position": [0, -5, 0]
				},
				"leg_right2": {
					"rotation": [2.49762, 0.10901, -2.49762]
				},
				"leg_right3": {
					"rotation": [-0.21803, -2.49048, -2.49526]
				},
				"foot_right": {
					"rotation": ["30.0095+math.sin(q.anim_time*90*2-60)*6", -0.21782, -4.99527]
				},
				"wing_left2": {
					"rotation": [0, "27.5+math.sin(q.anim_time*90*1-190)*6+math.sin(q.anim_time*90*2-60)*10", 0]
				},
				"wing_right2": {
					"rotation": [0, "-27.5+math.sin(q.anim_time*90*1-190)*-6+math.sin(q.anim_time*90*2-60)*-10", 0]
				},
				"wing_left": {
					"rotation": ["math.cos(q.anim_time*90*2+60)*3", "-5-math.sin(q.anim_time*90*2-110)*12+math.sin(q.anim_time*90*2+60)*5", 5.00003]
				},
				"wing_right": {
					"rotation": ["math.cos(q.anim_time*90*2+60)*3", "5-math.sin(q.anim_time*90*2-110)*-12+math.sin(q.anim_time*90*2+60)*-10", -5.00003]
				},
				"neck": {
					"rotation": ["-12.5-math.sin(q.anim_time*90*2-200)*6", 0, 0]
				},
				"body": {
					"rotation": ["-math.cos(q.anim_time*90*2)*8", 0, "-math.cos(q.anim_time*90*0.5)*3"],
					"position": [0, "-22+math.sin(q.anim_time*90*2)*3", 0]
				},
				"foot_left2": {
					"rotation": ["7.5+math.sin(q.anim_time*90*2-40)*7", 0, 0],
					"position": [0, 0, "0.6+math.sin(q.anim_time*90*2-40)*0.2"]
				},
				"legs": {
					"position": [0, 2, 0]
				},
				"toe_inner_left": {
					"rotation": [5, 0, 0]
				},
				"toe_middle_left": {
					"rotation": [7.5, 0, 0]
				},
				"toe_outer_left": {
					"rotation": [5, 0, 0]
				},
				"foot_right2": {
					"rotation": ["7.5+math.sin(q.anim_time*90*2-130)*7", 0, 0],
					"position": [0, 0, "0.6+math.sin(q.anim_time*90*2-40)*0.2"]
				},
				"toe_inner_right": {
					"rotation": [5, 0, 0]
				},
				"toe_middle_right": {
					"rotation": [7.5, 0, 0]
				},
				"toe_outer_right": {
					"rotation": [5, 0, 0]
				},
				"arm_right3": {
					"position": [-4, 0, 0],
					"scale": [1.6, 1, 1]
				},
				"arm_left3": {
					"position": [3, 0, 0],
					"scale": [1.6, 1, 1]
				},
				"tail7": {
					"rotation": ["math.sin(q.anim_time*90*2-240)*10", "-math.sin(q.anim_time*90*0.5-240)*10", 0]
				}
			}
		},
		"animation.dragonitemega.blink": {
			"animation_length": 0.1667,
			"bones": {
				"eyelid_left": {
					"position": {
						"0.0": [0.1, 0, -0.1],
						"0.125": [0.1, 0, -0.1],
						"0.1667": [0, 0, 0]
					}
				},
				"eyelid_right": {
					"position": {
						"0.0": [-0.1, 0, -0.1],
						"0.125": [-0.1, 0, -0.1],
						"0.1667": [0, 0, 0]
					}
				},
				"arm_right3": {
					"position": [-4, 0, 0],
					"scale": [1.6, 1, 1]
				},
				"arm_left3": {
					"position": [3, 0, 0],
					"scale": [1.6, 1, 1]
				}
			}
		},
		"animation.dragonitemega.cry": {
			"animation_length": 2.5,
			"bones": {
				"chest": {
					"rotation": {
						"0.0": [0, 0, 0],
						"0.0833": {
							"pre": [1, 0, 0],
							"post": [1, 0, 0],
							"lerp_mode": "catmullrom"
						},
						"0.625": {
							"post": [-3, 0, 0],
							"lerp_mode": "catmullrom"
						},
						"1.375": {
							"post": [0, 0, 0],
							"lerp_mode": "catmullrom"
						},
						"1.9167": [0, 0, 0]
					}
				},
				"chest2": {
					"rotation": {
						"0.0": [0, 0, 0],
						"0.1667": [2.5, 0, 0],
						"1.75": [0, 0, 0]
					}
				},
				"neck": {
					"rotation": {
						"0.0": [0, 0, 0],
						"0.2917": {
							"pre": [2.5, 0, 0],
							"post": [2.5, 0, 0],
							"lerp_mode": "catmullrom"
						},
						"1.2083": {
							"post": [-2.5, 0, 0],
							"lerp_mode": "catmullrom"
						},
						"1.75": [0, 0, 0]
					}
				},
				"head": {
					"rotation": {
						"0.0": [0, 0, 0],
						"0.125": {
							"pre": [5, 0, 0],
							"post": [5, 0, 0],
							"lerp_mode": "catmullrom"
						},
						"0.5": {
							"post": [-7.5, 0, 0],
							"lerp_mode": "catmullrom"
						},
						"0.7083": {
							"post": [-2.5, 0, 0],
							"lerp_mode": "catmullrom"
						},
						"1.1667": {
							"post": [-5, 0, 0],
							"lerp_mode": "catmullrom"
						},
						"1.6667": {
							"post": [1, 0, 0],
							"lerp_mode": "catmullrom"
						},
						"2.4583": [0, 0, 0]
					}
				},
				"jaw": {
					"rotation": {
						"0.0": [0, 0, 0],
						"0.1667": {
							"pre": [0, 0, 0],
							"post": [0, 0, 0],
							"lerp_mode": "catmullrom"
						},
						"0.3333": {
							"post": [27.5, 0, 0],
							"lerp_mode": "catmullrom"
						},
						"0.4583": {
							"post": [35, 0, 0],
							"lerp_mode": "catmullrom"
						},
						"0.5417": {
							"post": [2.5, 0, 0],
							"lerp_mode": "catmullrom"
						},
						"0.75": {
							"post": [17.5, 0, 0],
							"lerp_mode": "catmullrom"
						},
						"0.9167": {
							"post": [17.5, 0, 0],
							"lerp_mode": "catmullrom"
						},
						"1.2083": {
							"post": [2.5, 0, 0],
							"lerp_mode": "catmullrom"
						},
						"1.5417": [0, 0, 0]
					}
				},
				"arm_right3": {
					"position": [-4, 0, 0],
					"scale": [1.6, 1, 1]
				},
				"arm_left3": {
					"position": [3, 0, 0],
					"scale": [1.6, 1, 1]
				}
			},
			"sound_effects": {
				"0.125": {
					"effect": "pokemon.dragonitemega.cry"
				}
			}
		},
		"animation.dragonitemega.shock": {
			"loop": true,
			"bones": {
				"pupil_left": {
					"scale": [0.7, 0.7, 1]
				},
				"eye_shine_left": {
					"position": [0, -0.5, 0]
				},
				"pupil_right": {
					"scale": [0.7, 0.7, 1]
				},
				"eye_shine_right": {
					"position": [0, -0.5, 0]
				},
				"jaw": {
					"rotation": [27.5, 0, 0]
				},
				"eye_left": {
					"position": [0, 0, 0],
					"scale": 1
				},
				"arm_right3": {
					"position": [-4, 0, 0],
					"scale": [1.6, 1, 1]
				},
				"arm_left3": {
					"position": [3, 0, 0],
					"scale": [1.6, 1, 1]
				}
			}
		},
		"animation.dragonitemega.angry": {
			"loop": true,
			"bones": {
				"eye_angry_left": {
					"position": [0.1, 0, -0.1]
				},
				"eye_shine_left": {
					"position": [0, -1, 0]
				},
				"eye_shine_right": {
					"position": [0, -1, 0]
				},
				"eye_angry_right": {
					"position": [-0.1, 0, -0.1]
				},
				"arm_right3": {
					"position": [-4, 0, 0],
					"scale": [1.6, 1, 1]
				},
				"arm_left3": {
					"position": [3, 0, 0],
					"scale": [1.6, 1, 1]
				}
			}
		},
		"animation.dragonitemega.sad": {
			"loop": true,
			"bones": {
				"eye_sad_left": {
					"position": [0.1, 0, -0.1]
				},
				"eye_sad_right": {
					"position": [-0.1, 0, -0.1]
				},
				"arm_right3": {
					"position": [-4, 0, 0],
					"scale": [1.6, 1, 1]
				},
				"arm_left3": {
					"position": [3, 0, 0],
					"scale": [1.6, 1, 1]
				}
			}
		},
		"animation.dragonitemega.happy": {
			"loop": true,
			"bones": {
				"eyelid_happy_left": {
					"position": [0.1, 0, -0.1]
				},
				"eyelid_happy_right": {
					"position": [-0.1, 0, -0.1]
				},
				"jaw": {
					"rotation": [27.5, 0, 0]
				},
				"arm_right3": {
					"position": [-4, 0, 0],
					"scale": [1.6, 1, 1]
				},
				"arm_left3": {
					"position": [3, 0, 0],
					"scale": [1.6, 1, 1]
				}
			}
		},
		"animation.dragonitemega.hurt": {
			"loop": true,
			"bones": {
				"eyelid_recoil_left": {
					"position": [0.1, 0, -0.1]
				},
				"eyelid_recoil_right": {
					"position": [-0.1, 0, -0.1]
				},
				"arm_right3": {
					"position": [-4, 0, 0],
					"scale": [1.6, 1, 1]
				},
				"arm_left3": {
					"position": [3, 0, 0],
					"scale": [1.6, 1, 1]
				}
			}
		}
	}
}