{
	"format_version": "1.8.0",
	"animations": {
		"animation.jolteon.ground_idle": {
			"loop": true,
			"bones": {
				"body": {
					"position": [0, -0.2, 0]
				},
				"ear_left": {
					"rotation": ["-13.0399-math.sin(query.anim_time*90*3-230)*1", -9.07633, "-0.7937282276-math.sin(query.anim_time*90*3-230)*2"]
				},
				"ear_left2": {
					"rotation": ["-2.5-math.sin(query.anim_time*90*3-290)*1", 0, 0]
				},
				"ear_right": {
					"rotation": ["-13.0399-math.sin(query.anim_time*90*3-230)*1", 9.07633, "0.7937+math.sin(query.anim_time*90*3-230)*2"]
				},
				"ear_right2": {
					"rotation": ["-2.5-math.sin(query.anim_time*90*3-270)*1", 0, 0]
				},
				"tail": {
					"rotation": ["12.5-math.sin(query.anim_time*90*3-140)*3", 0, 0]
				},
				"tail2": {
					"rotation": ["-4.8089-math.sin(query.anim_time*90*3-190)*3", 1.38955, -1.04339]
				},
				"tail3": {
					"rotation": ["10-math.sin(query.anim_time*90*3-160)*2", 0, 0]
				},
				"front_leg_left": {
					"rotation": [7.98643, -0.14861, -3.76809],
					"position": [0, -0.75, 0]
				},
				"elbow_left": {
					"rotation": [-27.5, 0, 0]
				},
				"frontpaw_left": {
					"rotation": [19.65886, -15.81823, 0.61721],
					"position": [0, 0, 0.25]
				},
				"front_leg_right": {
					"rotation": ["7.2683+math.sin(query.anim_time*90*3-0)*0.5", 1.60665, -0.36967],
					"position": [0, -0.5, 0]
				},
				"elbow_right": {
					"rotation": ["-24.788-math.sin(query.anim_time*90*3-0)*0.5", 2.91282, 1.6855]
				},
				"frontpaw_right": {
					"rotation": [18.95216, 2.4135, -0.31851],
					"position": [0, "0-math.sin(query.anim_time*90*3-0)*0.03", "0-math.sin(query.anim_time*90*3-0)*0.03"]
				},
				"back_leg_left": {
					"rotation": [3, "0-math.sin(query.anim_time*90*3-0)*1.5", -4]
				},
				"ankle_left": {
					"rotation": [-7.5, 0, 0]
				},
				"foot_left": {
					"rotation": [9.31784, "-0.733+math.sin(query.anim_time*90*3-0)*1", 3.2994],
					"position": [0, 0.4, 0]
				},
				"back_leg_right": {
					"rotation": [3, "0-math.sin(query.anim_time*90*3-0)*1.5", 4]
				},
				"ankle_right": {
					"rotation": [-14.9347, -2.39046, -1.08425]
				},
				"foot_right": {
					"rotation": ["22.5992376245-math.sin(query.anim_time*90*3-0)*0.5", "4.9664+math.sin(query.anim_time*90*3-0)*1.5", -9.275],
					"position": [0, 0.1, 0]
				},
				"umbreon": {
					"position": [0, -0.25, 0]
				},
				"torso": {
					"rotation": ["5-math.sin(query.anim_time*90*3-80)*1", 0, 0],
					"position": [0, "0-math.sin(query.anim_time*90*3)*0.3", 0]
				},
				"neck": {
					"rotation": ["0-math.sin(query.anim_time*90*3-140)*1", 0, 0]
				},
				"head_angle": {
					"rotation": ["4.6766-math.sin(query.anim_time*90*3-260)*2", 2.12289, -1.15078]
				},
				"ear_left3": {
					"rotation": ["0+math.sin(query.anim_time*90*3-150)*2", 0, 0]
				},
				"ear_right3": {
					"rotation": ["0+math.sin(query.anim_time*90*3-120)*2", 0, 0]
				},
				"tail4": {
					"rotation": ["7.5-math.sin(query.anim_time*90*3-220)*3", 0, 0]
				},
				"tail_left": {
					"rotation": ["0-math.sin(query.anim_time*90*3-130)*2", 0, 0]
				},
				"tail_right": {
					"rotation": ["0-math.sin(query.anim_time*90*3-130)*2", 0, 0]
				},
				"torso3": {
					"rotation": [-7.5, 0, 0]
				},
				"frill_left": {
					"rotation": [0, 0, "0+math.sin(query.anim_time*90*3-70)*2"]
				},
				"frill_right": {
					"rotation": [0, 0, "0-math.sin(query.anim_time*90*3-70)*2"]
				},
				"frill_top": {
					"rotation": ["0-math.sin(query.anim_time*90*3-170)*1.5", 0, 0]
				},
				"frill_bottom": {
					"rotation": ["0+math.sin(query.anim_time*90*3-60)*3", 0, 0]
				},
				"ear2_right": {
					"rotation": [0, "17.5+math.sin(query.anim_time*90*3-130)*2", 0]
				},
				"ear2_left": {
					"rotation": [0, "-17.5-math.sin(query.anim_time*90*3-150)*2", 0]
				},
				"backleg_left": {
					"rotation": [17.4384, "1.4978-math.sin(query.anim_time*90*3-0)*1", -4.77477]
				},
				"knee_left": {
					"rotation": [-20, 0, 0]
				},
				"backleg_right": {
					"rotation": [19.8423, "2.5587-math.sin(query.anim_time*90*3-0)*1.5", 10.44761]
				},
				"knee_right": {
					"rotation": [-25, 0, 0]
				}
			}
		},
		"animation.jolteon.ground_walk": {
			"loop": true,
			"animation_length": 4,
			"bones": {
				"torso": {
					"rotation": ["0+math.sin(query.anim_time*90*6-80)*1", "0+math.sin(query.anim_time*90*3-100)*3", "0-math.sin(query.anim_time*90*3-160)*2"],
					"position": [0, "0-math.sin(query.anim_time*90*6+20)*0.3", 0]
				},
				"torso2": {
					"rotation": [0, "0-math.sin(query.anim_time*90*3-100)*3", "0+math.sin(query.anim_time*90*3-160)*2"]
				},
				"torso3": {
					"rotation": [0, "0-math.sin(query.anim_time*90*3-80)*2", "0+math.sin(query.anim_time*90*3-80)*2"]
				},
				"neck": {
					"rotation": [0, 0, 0]
				},
				"head_angle": {
					"rotation": ["0+math.sin(query.anim_time*90*6-140)*1", "0-math.sin(query.anim_time*90*3-140)*2", "0-math.sin(query.anim_time*90*3-80)*2"]
				},
				"ear_left": {
					"rotation": ["-13.0399-math.sin(query.anim_time*90*3-230)*1", -9.07633, "-0.7937282276-math.sin(query.anim_time*90*3-230)*2.5"]
				},
				"ear_left2": {
					"rotation": ["-7.5+math.sin(query.anim_time*90*6-260)*1", 0, 0]
				},
				"ear_left3": {
					"rotation": ["-10+math.sin(query.anim_time*90*6-280)*2", 0, 0]
				},
				"ear_right": {
					"rotation": ["-13.0399-math.sin(query.anim_time*90*3-230)*1", 9.07633, "0.7937-math.sin(query.anim_time*90*3-230)*2.5"]
				},
				"ear_right2": {
					"rotation": ["-7.5+math.sin(query.anim_time*90*6-240)*1", 0, 0]
				},
				"ear_right3": {
					"rotation": ["-10+math.sin(query.anim_time*90*6-260)*2", 0, 0]
				},
				"tail": {
					"rotation": ["12.5-math.sin(query.anim_time*90*6-140)*3", 0, 0]
				},
				"tail2": {
					"rotation": ["-4.8089-math.sin(query.anim_time*90*6-190)*3", 1.38955, -1.04339]
				},
				"tail3": {
					"rotation": [7.5, "math.sin(query.anim_time*90*3-220)*5", 0]
				},
				"tail4": {
					"rotation": [0, "0+math.sin(query.anim_time*90*3-280)*6", 0]
				},
				"front_leg_left": {
					"rotation": ["2.5+math.sin(q.anim_time*90*3-100)*15", 0, -2],
					"position": [0, "0+math.clamp(-math.sin(q.anim_time*90*3)*1.5,0,1.5)", "0+math.sin(q.anim_time*90*3-80)*0.5"]
				},
				"elbow_left": {
					"rotation": {
						"0.0": {
							"post": [-10, 0, 0],
							"lerp_mode": "catmullrom"
						},
						"0.625": {
							"post": [-10, 0, 0],
							"lerp_mode": "catmullrom"
						},
						"1.0833": {
							"post": [-12.56441, 0, 0],
							"lerp_mode": "catmullrom"
						},
						"1.3333": {
							"post": [-10, 0, 0],
							"lerp_mode": "catmullrom"
						},
						"1.9583": {
							"post": [-10, 0, 0],
							"lerp_mode": "catmullrom"
						},
						"2.4167": {
							"post": [-12.56441, 0, 0],
							"lerp_mode": "catmullrom"
						},
						"2.6667": {
							"post": [-10, 0, 0],
							"lerp_mode": "catmullrom"
						},
						"3.2917": {
							"post": [-10, 0, 0],
							"lerp_mode": "catmullrom"
						},
						"3.75": {
							"post": [-12.56441, 0, 0],
							"lerp_mode": "catmullrom"
						},
						"4.0": {
							"post": [-10, 0, 0],
							"lerp_mode": "catmullrom"
						}
					}
				},
				"frontpaw_left": {
					"rotation": {
						"0.0": {
							"post": [22.5, 0, 2],
							"lerp_mode": "catmullrom"
						},
						"0.625": {
							"post": [-7.5, 0, 2],
							"lerp_mode": "catmullrom"
						},
						"0.9167": {
							"post": [25, 0, 2],
							"lerp_mode": "catmullrom"
						},
						"1.1667": {
							"post": [-1.25, 0, 2],
							"lerp_mode": "catmullrom"
						},
						"1.3333": {
							"post": [22.5, 0, 2],
							"lerp_mode": "catmullrom"
						},
						"1.9583": {
							"post": [-7.5, 0, 2],
							"lerp_mode": "catmullrom"
						},
						"2.25": {
							"post": [25, 0, 2],
							"lerp_mode": "catmullrom"
						},
						"2.5": {
							"post": [-1.25, 0, 2],
							"lerp_mode": "catmullrom"
						},
						"2.6667": {
							"post": [22.5, 0, 2],
							"lerp_mode": "catmullrom"
						},
						"3.2917": {
							"post": [-7.5, 0, 2],
							"lerp_mode": "catmullrom"
						},
						"3.5833": {
							"post": [25, 0, 2],
							"lerp_mode": "catmullrom"
						},
						"3.8333": {
							"post": [-1.25, 0, 2],
							"lerp_mode": "catmullrom"
						},
						"4.0": {
							"post": [22.5, 0, 2],
							"lerp_mode": "catmullrom"
						}
					},
					"position": {
						"0.0": {
							"post": [0, 0, 0],
							"lerp_mode": "catmullrom"
						},
						"0.375": {
							"post": [0, 0.45, 0],
							"lerp_mode": "catmullrom"
						},
						"0.625": {
							"post": [0, 0.35, 0],
							"lerp_mode": "catmullrom"
						},
						"1.3333": {
							"post": [0, 0, 0],
							"lerp_mode": "catmullrom"
						},
						"1.7083": {
							"post": [0, 0.45, 0],
							"lerp_mode": "catmullrom"
						},
						"1.9583": {
							"post": [0, 0.35, 0],
							"lerp_mode": "catmullrom"
						},
						"2.6667": {
							"post": [0, 0, 0],
							"lerp_mode": "catmullrom"
						},
						"3.0417": {
							"post": [0, 0.45, 0],
							"lerp_mode": "catmullrom"
						},
						"3.2917": {
							"post": [0, 0.35, 0],
							"lerp_mode": "catmullrom"
						},
						"4.0": {
							"post": [0, 0, 0],
							"lerp_mode": "catmullrom"
						}
					}
				},
				"front_leg_right": {
					"rotation": ["2.5-math.sin(q.anim_time*90*3-100)*15", 0, 2],
					"position": [0, "0+math.clamp(math.sin(q.anim_time*90*3)*1.5,0,1.5)", "0-math.sin(q.anim_time*90*3-80)*0.5"]
				},
				"elbow_right": {
					"rotation": {
						"0.0": {
							"post": [-10.16, 0, 0],
							"lerp_mode": "catmullrom"
						},
						"0.4167": {
							"post": [-12.56441, 0, 0],
							"lerp_mode": "catmullrom"
						},
						"0.6667": {
							"post": [-10, 0, 0],
							"lerp_mode": "catmullrom"
						},
						"1.2917": {
							"post": [-10, 0, 0],
							"lerp_mode": "catmullrom"
						},
						"1.75": {
							"post": [-12.56441, 0, 0],
							"lerp_mode": "catmullrom"
						},
						"2.0": {
							"post": [-10, 0, 0],
							"lerp_mode": "catmullrom"
						},
						"2.625": {
							"post": [-10, 0, 0],
							"lerp_mode": "catmullrom"
						},
						"3.0833": {
							"post": [-12.56441, 0, 0],
							"lerp_mode": "catmullrom"
						},
						"3.3333": {
							"post": [-10, 0, 0],
							"lerp_mode": "catmullrom"
						},
						"3.9583": {
							"post": [-10, 0, 0],
							"lerp_mode": "catmullrom"
						},
						"4.0": {
							"post": [-10.16, 0, 0],
							"lerp_mode": "catmullrom"
						}
					}
				},
				"frontpaw_right": {
					"rotation": {
						"0.0": {
							"post": [-5.62, 0, -2],
							"lerp_mode": "catmullrom"
						},
						"0.25": {
							"post": [25, 0, -2],
							"lerp_mode": "catmullrom"
						},
						"0.5": {
							"post": [-1.25, 0, -2],
							"lerp_mode": "catmullrom"
						},
						"0.6667": {
							"post": [22.5, 0, -2],
							"lerp_mode": "catmullrom"
						},
						"1.2917": {
							"post": [-7.5, 0, -2],
							"lerp_mode": "catmullrom"
						},
						"1.5833": {
							"post": [25, 0, -2],
							"lerp_mode": "catmullrom"
						},
						"1.8333": {
							"post": [-1.25, 0, -2],
							"lerp_mode": "catmullrom"
						},
						"2.0": {
							"post": [22.5, 0, -2],
							"lerp_mode": "catmullrom"
						},
						"2.625": {
							"post": [-7.5, 0, -2],
							"lerp_mode": "catmullrom"
						},
						"2.9167": {
							"post": [25, 0, -2],
							"lerp_mode": "catmullrom"
						},
						"3.1667": {
							"post": [-1.25, 0, -2],
							"lerp_mode": "catmullrom"
						},
						"3.3333": {
							"post": [22.5, 0, -2],
							"lerp_mode": "catmullrom"
						},
						"4.0": {
							"post": [-5.62, 0, -2],
							"lerp_mode": "catmullrom"
						}
					},
					"position": {
						"0.0": {
							"post": [0, 0.33, 0],
							"lerp_mode": "catmullrom"
						},
						"0.6667": {
							"post": [0, 0, 0],
							"lerp_mode": "catmullrom"
						},
						"1.0417": {
							"post": [0, 0.45, 0],
							"lerp_mode": "catmullrom"
						},
						"1.2917": {
							"post": [0, 0.35, 0],
							"lerp_mode": "catmullrom"
						},
						"2.0": {
							"post": [0, 0, 0],
							"lerp_mode": "catmullrom"
						},
						"2.375": {
							"post": [0, 0.45, 0],
							"lerp_mode": "catmullrom"
						},
						"2.625": {
							"post": [0, 0.35, 0],
							"lerp_mode": "catmullrom"
						},
						"3.3333": {
							"post": [0, 0, 0],
							"lerp_mode": "catmullrom"
						},
						"3.7083": {
							"post": [0, 0.45, 0],
							"lerp_mode": "catmullrom"
						},
						"4.0": {
							"post": [0, 0.33, 0],
							"lerp_mode": "catmullrom"
						}
					}
				},
				"back_leg_left": {
					"rotation": ["0.5+math.sin(q.anim_time*90*3-40)*15", 0, -4],
					"position": [0, "0+math.clamp(-math.sin(q.anim_time*90*3+60)*1.5,0,1.5)", "0+math.sin(q.anim_time*90*3-20)*0.5"]
				},
				"ankle_left": {
					"rotation": {
						"0.0": {
							"post": [-5, 0, 0],
							"lerp_mode": "catmullrom"
						},
						"0.3333": {
							"post": [-5, 0, 0],
							"lerp_mode": "catmullrom"
						},
						"0.625": {
							"post": [0, 0, 0],
							"lerp_mode": "catmullrom"
						},
						"0.9583": {
							"post": [-5, 0, 0],
							"lerp_mode": "catmullrom"
						},
						"1.1667": {
							"post": [-5, 0, 0],
							"lerp_mode": "catmullrom"
						},
						"1.3333": {
							"post": [-5, 0, 0],
							"lerp_mode": "catmullrom"
						},
						"1.6667": {
							"post": [-5, 0, 0],
							"lerp_mode": "catmullrom"
						},
						"1.9583": {
							"post": [0, 0, 0],
							"lerp_mode": "catmullrom"
						},
						"2.2917": {
							"post": [-5, 0, 0],
							"lerp_mode": "catmullrom"
						},
						"2.5": {
							"post": [-5, 0, 0],
							"lerp_mode": "catmullrom"
						},
						"2.6667": {
							"post": [-5, 0, 0],
							"lerp_mode": "catmullrom"
						},
						"3.0": {
							"post": [-5, 0, 0],
							"lerp_mode": "catmullrom"
						},
						"3.2917": {
							"post": [0, 0, 0],
							"lerp_mode": "catmullrom"
						},
						"3.625": {
							"post": [-5, 0, 0],
							"lerp_mode": "catmullrom"
						},
						"3.8333": {
							"post": [-5, 0, 0],
							"lerp_mode": "catmullrom"
						},
						"4.0": {
							"post": [-5, 0, 0],
							"lerp_mode": "catmullrom"
						}
					}
				},
				"foot_left": {
					"rotation": {
						"0.0": {
							"post": [12, 0, 4],
							"lerp_mode": "catmullrom"
						},
						"0.4583": {
							"post": [-13, 0, 4],
							"lerp_mode": "catmullrom"
						},
						"0.6667": {
							"post": [12, 0, 4],
							"lerp_mode": "catmullrom"
						},
						"0.9167": {
							"post": [-1.75, 0, 4],
							"lerp_mode": "catmullrom"
						},
						"1.125": {
							"post": [19.5, 0, 4],
							"lerp_mode": "catmullrom"
						},
						"1.3333": {
							"post": [12, 0, 4],
							"lerp_mode": "catmullrom"
						},
						"1.7917": {
							"post": [-13, 0, 4],
							"lerp_mode": "catmullrom"
						},
						"2.0": {
							"post": [12, 0, 4],
							"lerp_mode": "catmullrom"
						},
						"2.25": {
							"post": [-1.75, 0, 4],
							"lerp_mode": "catmullrom"
						},
						"2.4583": {
							"post": [19.5, 0, 4],
							"lerp_mode": "catmullrom"
						},
						"2.6667": {
							"post": [12, 0, 4],
							"lerp_mode": "catmullrom"
						},
						"3.125": {
							"post": [-13, 0, 4],
							"lerp_mode": "catmullrom"
						},
						"3.3333": {
							"post": [12, 0, 4],
							"lerp_mode": "catmullrom"
						},
						"3.5833": {
							"post": [-1.75, 0, 4],
							"lerp_mode": "catmullrom"
						},
						"3.7917": {
							"post": [19.5, 0, 4],
							"lerp_mode": "catmullrom"
						},
						"4.0": {
							"post": [12, 0, 4],
							"lerp_mode": "catmullrom"
						}
					},
					"position": {
						"0.0": {
							"post": [0, 0.5, 0],
							"lerp_mode": "catmullrom"
						},
						"0.25": {
							"post": [0, 0.24, -0.16],
							"lerp_mode": "catmullrom"
						},
						"0.4583": {
							"post": [0, -0.25, -0.25],
							"lerp_mode": "catmullrom"
						},
						"0.6667": {
							"post": [0, -0.1, -0.2],
							"lerp_mode": "catmullrom"
						},
						"1.125": {
							"post": [0, 0.4, 0],
							"lerp_mode": "catmullrom"
						},
						"1.3333": {
							"post": [0, 0.5, 0],
							"lerp_mode": "catmullrom"
						},
						"1.5833": {
							"post": [0, 0.24, -0.16],
							"lerp_mode": "catmullrom"
						},
						"1.7917": {
							"post": [0, -0.25, -0.25],
							"lerp_mode": "catmullrom"
						},
						"2.0": {
							"post": [0, -0.1, -0.2],
							"lerp_mode": "catmullrom"
						},
						"2.4583": {
							"post": [0, 0.4, 0],
							"lerp_mode": "catmullrom"
						},
						"2.6667": {
							"post": [0, 0.5, 0],
							"lerp_mode": "catmullrom"
						},
						"2.9167": {
							"post": [0, 0.24, -0.16],
							"lerp_mode": "catmullrom"
						},
						"3.125": {
							"post": [0, -0.25, -0.25],
							"lerp_mode": "catmullrom"
						},
						"3.3333": {
							"post": [0, -0.1, -0.2],
							"lerp_mode": "catmullrom"
						},
						"3.7917": {
							"post": [0, 0.4, 0],
							"lerp_mode": "catmullrom"
						},
						"4.0": {
							"post": [0, 0.5, 0],
							"lerp_mode": "catmullrom"
						}
					}
				},
				"back_leg_right": {
					"rotation": ["0.5-math.sin(q.anim_time*90*3-40)*15", 0, 4],
					"position": [0, "0+math.clamp(math.sin(q.anim_time*90*3+60)*1.5,0,1.5)", "0-math.sin(q.anim_time*90*3-20)*0.5"]
				},
				"ankle_right": {
					"rotation": {
						"0.0": {
							"post": [-0.18, 0, 0],
							"lerp_mode": "catmullrom"
						},
						"0.2917": {
							"post": [-5, 0, 0],
							"lerp_mode": "catmullrom"
						},
						"0.5": {
							"post": [-5, 0, 0],
							"lerp_mode": "catmullrom"
						},
						"0.6667": {
							"post": [-5, 0, 0],
							"lerp_mode": "catmullrom"
						},
						"1.0": {
							"post": [-5, 0, 0],
							"lerp_mode": "catmullrom"
						},
						"1.2917": {
							"post": [0, 0, 0],
							"lerp_mode": "catmullrom"
						},
						"1.625": {
							"post": [-5, 0, 0],
							"lerp_mode": "catmullrom"
						},
						"1.8333": {
							"post": [-5, 0, 0],
							"lerp_mode": "catmullrom"
						},
						"2.0": {
							"post": [-5, 0, 0],
							"lerp_mode": "catmullrom"
						},
						"2.3333": {
							"post": [-5, 0, 0],
							"lerp_mode": "catmullrom"
						},
						"2.625": {
							"post": [0, 0, 0],
							"lerp_mode": "catmullrom"
						},
						"2.9583": {
							"post": [-5, 0, 0],
							"lerp_mode": "catmullrom"
						},
						"3.1667": {
							"post": [-5, 0, 0],
							"lerp_mode": "catmullrom"
						},
						"3.3333": {
							"post": [-5, 0, 0],
							"lerp_mode": "catmullrom"
						},
						"3.6667": {
							"post": [-5, 0, 0],
							"lerp_mode": "catmullrom"
						},
						"3.9583": {
							"post": [0, 0, 0],
							"lerp_mode": "catmullrom"
						},
						"4.0": {
							"post": [-0.18, 0, 0],
							"lerp_mode": "catmullrom"
						}
					}
				},
				"foot_right": {
					"rotation": {
						"0.0": {
							"post": [12, 0, -4],
							"lerp_mode": "catmullrom"
						},
						"0.25": {
							"post": [-1.75, 0, -4],
							"lerp_mode": "catmullrom"
						},
						"0.4583": {
							"post": [19.5, 0, -4],
							"lerp_mode": "catmullrom"
						},
						"0.6667": {
							"post": [12, 0, -4],
							"lerp_mode": "catmullrom"
						},
						"1.125": {
							"post": [-13, 0, -4],
							"lerp_mode": "catmullrom"
						},
						"1.3333": {
							"post": [12, 0, -4],
							"lerp_mode": "catmullrom"
						},
						"1.5833": {
							"post": [-1.75, 0, -4],
							"lerp_mode": "catmullrom"
						},
						"1.7917": {
							"post": [19.5, 0, -4],
							"lerp_mode": "catmullrom"
						},
						"2.0": {
							"post": [12, 0, -4],
							"lerp_mode": "catmullrom"
						},
						"2.4583": {
							"post": [-13, 0, -4],
							"lerp_mode": "catmullrom"
						},
						"2.6667": {
							"post": [12, 0, -4],
							"lerp_mode": "catmullrom"
						},
						"2.9167": {
							"post": [-1.75, 0, -4],
							"lerp_mode": "catmullrom"
						},
						"3.125": {
							"post": [19.5, 0, -4],
							"lerp_mode": "catmullrom"
						},
						"3.3333": {
							"post": [12, 0, -4],
							"lerp_mode": "catmullrom"
						},
						"3.7917": {
							"post": [-13, 0, -4],
							"lerp_mode": "catmullrom"
						},
						"4.0": {
							"post": [12, 0, -4],
							"lerp_mode": "catmullrom"
						}
					},
					"position": {
						"0.0": {
							"post": [0, -0.1, -0.2],
							"lerp_mode": "catmullrom"
						},
						"0.4583": {
							"post": [0, 0.4, 0],
							"lerp_mode": "catmullrom"
						},
						"0.6667": {
							"post": [0, 0.5, 0],
							"lerp_mode": "catmullrom"
						},
						"0.9167": {
							"post": [0, 0.24, -0.16],
							"lerp_mode": "catmullrom"
						},
						"1.125": {
							"post": [0, -0.25, -0.25],
							"lerp_mode": "catmullrom"
						},
						"1.3333": {
							"post": [0, -0.1, -0.2],
							"lerp_mode": "catmullrom"
						},
						"1.7917": {
							"post": [0, 0.4, 0],
							"lerp_mode": "catmullrom"
						},
						"2.0": {
							"post": [0, 0.5, 0],
							"lerp_mode": "catmullrom"
						},
						"2.25": {
							"post": [0, 0.24, -0.16],
							"lerp_mode": "catmullrom"
						},
						"2.4583": {
							"post": [0, -0.25, -0.25],
							"lerp_mode": "catmullrom"
						},
						"2.6667": {
							"post": [0, -0.1, -0.2],
							"lerp_mode": "catmullrom"
						},
						"3.125": {
							"post": [0, 0.4, 0],
							"lerp_mode": "catmullrom"
						},
						"3.3333": {
							"post": [0, 0.5, 0],
							"lerp_mode": "catmullrom"
						},
						"3.5833": {
							"post": [0, 0.24, -0.16],
							"lerp_mode": "catmullrom"
						},
						"3.7917": {
							"post": [0, -0.25, -0.25],
							"lerp_mode": "catmullrom"
						},
						"4.0": {
							"post": [0, -0.1, -0.2],
							"lerp_mode": "catmullrom"
						}
					}
				},
				"body": {
					"position": [0, -0.75, 0]
				},
				"tail_left": {
					"rotation": ["0-math.sin(query.anim_time*90*6-130)*2", 0, 0]
				},
				"tail_right": {
					"rotation": ["0-math.sin(query.anim_time*90*6-130)*2", 0, 0]
				},
				"frill_left": {
					"rotation": [0, 0, "0+math.sin(query.anim_time*90*3-130)*2"]
				},
				"frill_right": {
					"rotation": [0, 0, "0+math.sin(query.anim_time*90*3-130)*3"]
				},
				"frill_top": {
					"rotation": ["0-math.sin(query.anim_time*90*6-180)*1.5", 0, 0]
				},
				"frill_bottom": {
					"rotation": ["0+math.sin(query.anim_time*90*6-180)*2", 0, 0]
				},
				"ear2_right": {
					"rotation": [0, "17.5+math.sin(query.anim_time*90*3-130)*2", 0]
				},
				"ear2_left": {
					"rotation": [0, "-17.5+math.sin(query.anim_time*90*3-150)*2", 0]
				},
				"backleg_left": {
					"rotation": ["0.5+math.sin(q.anim_time*90*3-40)*15", 0, -4],
					"position": [0, "0+math.clamp(-math.sin(q.anim_time*90*3+60)*1.5,0,1.5)", "0+math.sin(q.anim_time*90*3-20)*0.5"]
				},
				"legfluff_left": {
					"rotation": [0, 0, 0]
				},
				"legfluff_left2": {
					"rotation": [0, "10-math.sin(query.anim_time*90*3-130)*7", 0]
				},
				"backleg_right": {
					"rotation": ["0.5-math.sin(q.anim_time*90*3-40)*15", 0, 4],
					"position": [0, "0+math.clamp(math.sin(q.anim_time*90*3+60)*1.5,0,1.5)", "0-math.sin(q.anim_time*90*3-20)*0.5"]
				},
				"legfluff_right2": {
					"rotation": [0, "0-math.sin(query.anim_time*90*3-130)*7", 0]
				}
			}
		},
		"animation.jolteon.battle_idle": {
			"loop": true,
			"bones": {
				"body": {
					"position": [0, -2.2, 0]
				},
				"ear_left": {
					"rotation": ["-13.0399-math.sin(query.anim_time*90*3-230)*1", -9.07633, "-0.7937282276-math.sin(query.anim_time*90*3-230)*2"]
				},
				"ear_left2": {
					"rotation": ["-2.5-math.sin(query.anim_time*90*3-290)*1", 0, 0]
				},
				"ear_right": {
					"rotation": ["-13.0399-math.sin(query.anim_time*90*3-230)*1", 9.07633, "0.7937+math.sin(query.anim_time*90*3-230)*2"]
				},
				"ear_right2": {
					"rotation": ["-2.5-math.sin(query.anim_time*90*3-270)*1", 0, 0]
				},
				"tail": {
					"rotation": ["12.5-math.sin(query.anim_time*90*3-140)*3", 0, 0]
				},
				"tail2": {
					"rotation": ["-4.8089-math.sin(query.anim_time*90*3-190)*3", 1.38955, -1.04339]
				},
				"tail3": {
					"rotation": ["10-math.sin(query.anim_time*90*3-160)*2", 0, 0]
				},
				"front_leg_left": {
					"rotation": ["20.0608917456+math.sin(query.anim_time*90*3-0)*1.5", 2.5839, -23.58695],
					"position": [0, -0.75, 0]
				},
				"elbow_left": {
					"rotation": ["-50-math.sin(query.anim_time*90*3-0)*1.5", 0, 0]
				},
				"frontpaw_left": {
					"rotation": [27.46012, -20.30837, 15.68063],
					"position": [0, "-math.sin(query.anim_time*90*3-0)*0.1", "0.25-math.sin(query.anim_time*90*3-0)*0.02"]
				},
				"front_leg_right": {
					"rotation": ["-0.0850828083+math.sin(query.anim_time*90*3-0)*0.5", -0.64686, 16.98637]
				},
				"elbow_right": {
					"rotation": ["-34.9161538527-math.sin(query.anim_time*90*3-0)*0.5", -1.29876, -7.38733]
				},
				"frontpaw_right": {
					"rotation": [35.78554, 5.61356, -9.81726],
					"position": [0, "0-math.sin(query.anim_time*90*3-0)*0.03", "0-math.sin(query.anim_time*90*3-0)*0.03"]
				},
				"back_leg_left": {
					"rotation": [3, "0-math.sin(query.anim_time*90*3-0)*1.5", -4]
				},
				"ankle_left": {
					"rotation": ["-22.5-math.sin(query.anim_time*90*3-0)*1", 0, 0]
				},
				"foot_left": {
					"rotation": [3.92503, "-4.0162+math.sin(query.anim_time*90*3-0)*1.5", "12.7545+math.sin(query.anim_time*90*3-0)*0.4"],
					"position": ["0+math.sin(query.anim_time*90*3-0)*0.08", "0.2-math.sin(query.anim_time*90*3-0)*0.1", "0-math.sin(query.anim_time*90*3-0)*0.03"]
				},
				"back_leg_right": {
					"rotation": [3, "0-math.sin(query.anim_time*90*3-0)*1.5", 4]
				},
				"ankle_right": {
					"rotation": ["-27.4154741582-math.sin(query.anim_time*90*3-0)*1", -7.38542, -1.30962]
				},
				"foot_right": {
					"rotation": [27.19574, "3.6369+math.sin(query.anim_time*90*3-0)*1.5", "-8.8808+math.sin(query.anim_time*90*3-0)*0.8"],
					"position": ["0-math.sin(query.anim_time*90*3-0)*0.04", "0.1-math.sin(query.anim_time*90*3-0)*0.1", "0-math.sin(query.anim_time*90*3-0)*0.03"]
				},
				"umbreon": {
					"position": [0, -0.25, 0]
				},
				"torso": {
					"rotation": ["-math.sin(query.anim_time*90*3-80)*1", 0, 0],
					"position": [0, "0-math.sin(query.anim_time*90*3)*0.3", 0]
				},
				"neck": {
					"rotation": ["0-math.sin(query.anim_time*90*3-140)*1", 0, 0]
				},
				"head_angle": {
					"rotation": ["2.1766-math.sin(query.anim_time*90*3-260)*2", 2.12289, -1.15078]
				},
				"ear_left3": {
					"rotation": ["0+math.sin(query.anim_time*90*3-150)*2", 0, 0]
				},
				"ear_right3": {
					"rotation": ["0+math.sin(query.anim_time*90*3-120)*2", 0, 0]
				},
				"tail4": {
					"rotation": ["7.5-math.sin(query.anim_time*90*3-220)*3", 0, 0]
				},
				"tail_left": {
					"rotation": ["0-math.sin(query.anim_time*90*3-130)*2", 0, 0]
				},
				"tail_right": {
					"rotation": ["0-math.sin(query.anim_time*90*3-130)*2", 0, 0]
				},
				"frill_left": {
					"rotation": [0, 0, "0+math.sin(query.anim_time*90*3-70)*2"]
				},
				"frill_right": {
					"rotation": [0, 0, "0-math.sin(query.anim_time*90*3-70)*2"]
				},
				"frill_top": {
					"rotation": ["0-math.sin(query.anim_time*90*3-170)*1.5", 0, 0]
				},
				"frill_bottom": {
					"rotation": ["0+math.sin(query.anim_time*90*3-60)*3", 0, 0]
				},
				"ear2_right": {
					"rotation": [0, "17.5+math.sin(query.anim_time*90*3-130)*2", 0]
				},
				"ear2_left": {
					"rotation": [0, "-17.5-math.sin(query.anim_time*90*3-150)*2", 0]
				},
				"backleg_left": {
					"rotation": ["16.94+math.sin(query.anim_time*90*3-0)*1", "4.46-math.sin(query.anim_time*90*3-0)*1.5", -14.34]
				},
				"legfluff_left2": {
					"rotation": [0, "0-math.sin(query.anim_time*90*3-100)*3", 0]
				},
				"backleg_right": {
					"rotation": ["0+math.sin(query.anim_time*90*3-0)*1", "0-math.sin(query.anim_time*90*3-0)*1.5", 17.5]
				},
				"legfluff_right2": {
					"rotation": [0, "0-math.sin(query.anim_time*90*3-100)*3", 0]
				}
			}
		},
		"animation.jolteon.cry": {
			"animation_length": 1.5,
			"bones": {
				"neck": {
					"rotation": {
						"0.0": {
							"post": [0, 0, 0],
							"lerp_mode": "catmullrom"
						},
						"0.0833": {
							"post": [2.5, 0, 0],
							"lerp_mode": "catmullrom"
						},
						"0.25": {
							"post": [-2.5, 0, 0],
							"lerp_mode": "catmullrom"
						},
						"0.5417": {
							"post": [-3.5, 0, 0],
							"lerp_mode": "catmullrom"
						},
						"0.8333": {
							"post": [0, 0, 0],
							"lerp_mode": "catmullrom"
						},
						"1.2917": {
							"post": [0, 0, 0],
							"lerp_mode": "catmullrom"
						}
					}
				},
				"head_angle": {
					"rotation": {
						"0.0": {
							"post": [0, 0, 0],
							"lerp_mode": "catmullrom"
						},
						"0.125": {
							"post": [2.5, 0, 0],
							"lerp_mode": "catmullrom"
						},
						"0.2917": {
							"post": [-2.5, 0, 0],
							"lerp_mode": "catmullrom"
						},
						"0.625": {
							"post": [-3.5, 0, 0],
							"lerp_mode": "catmullrom"
						},
						"0.8333": {
							"post": [0, 0, 0],
							"lerp_mode": "catmullrom"
						},
						"1.375": {
							"post": [0, 0, 0],
							"lerp_mode": "catmullrom"
						}
					}
				},
				"mouth": {
					"position": {
						"0.0": [0, 0, 0],
						"0.125": [0, 0, 0],
						"0.1667": [0, 0, -0.1],
						"0.7083": [0, 0, -0.1],
						"0.75": [0, 0, 0]
					}
				},
				"eyelid_left": {
					"position": {
						"0.0": [0, 0, 0],
						"0.0833": {"pre": [0, 0, 0], "post": [0.1, 0, -0.1]},
						"0.7083": {"pre": [0.1, 0, -0.1], "post": [0, 0, 0]}
					}
				},
				"eyelid_right": {
					"position": {
						"0.0": [0, 0, 0],
						"0.0833": {"pre": [0, 0, 0], "post": [-0.1, 0, -0.1]},
						"0.7083": {"pre": [-0.1, 0, -0.1], "post": [0, 0, 0]}
					}
				},
				"eye_left": {
					"position": {
						"0.0": [0, 0, 0],
						"0.0833": {"pre": [0, 0, 0], "post": [-0.1, 0, 0.1]},
						"0.7083": {"pre": [-0.1, 0, 0.1], "post": [0, 0, 0]}
					}
				},
				"eye_right": {
					"position": {
						"0.0": [0, 0, 0],
						"0.0833": {"pre": [0, 0, 0], "post": [0.1, 0, 0.1]},
						"0.7083": {"pre": [0.1, 0, 0.1], "post": [0, 0, 0]}
					}
				},
				"jaw": {
					"rotation": {
						"0.0": {
							"post": [0, 0, 0],
							"lerp_mode": "catmullrom"
						},
						"0.1667": {
							"post": [31.32, 0, 0],
							"lerp_mode": "catmullrom"
						},
						"0.625": {
							"post": [37.5, 0, 0],
							"lerp_mode": "catmullrom"
						},
						"0.875": {
							"post": [0, 0, 0],
							"lerp_mode": "catmullrom"
						}
					},
					"position": {
						"0.0": {
							"post": [0, 0, 0],
							"lerp_mode": "catmullrom"
						},
						"0.125": {
							"post": [0, 0, 0],
							"lerp_mode": "catmullrom"
						},
						"0.1667": {
							"post": [0, 0, -0.1],
							"lerp_mode": "catmullrom"
						},
						"0.7083": {
							"post": [0, 0, -0.1],
							"lerp_mode": "catmullrom"
						},
						"0.75": {
							"post": [0, 0, 0],
							"lerp_mode": "catmullrom"
						}
					}
				}
			},
			"sound_effects": {
				"0.125": {
					"effect": "pokemon.jolteon.cry"
				}
			}
		},
		"animation.jolteon.blink": {
			"animation_length": 0.1667,
			"bones": {
				"eye_right": {
					"position": {
						"0.0": [0.1, 0, 0.1],
						"0.1667": {"pre": [0.1, 0, 0.1], "post": [0, 0, 0]}
					}
				},
				"eye_left": {
					"position": {
						"0.0": [-0.1, 0, 0.1],
						"0.1667": {"pre": [-0.1, 0, 0.1], "post": [0, 0, 0]}
					}
				},
				"eyelid_right": {
					"position": {
						"0.0": [-0.1, 0, -0.1],
						"0.1667": {"pre": [-0.1, 0, -0.1], "post": [0, 0, 0]}
					}
				},
				"eyelid_left": {
					"position": {
						"0.0": [0.1, 0, -0.1],
						"0.1667": {"pre": [0.1, 0, -0.1], "post": [0, 0, 0]}
					}
				}
			}
		},
		"animation.jolteon.hold_item": {
			"loop": true,
			"bones": {
				"jaw": {
					"rotation": [32.5, 0, 0]
				}
			}
		},
		"animation.jolteon.pose": {
			"loop": true,
			"bones": {
				"body": {
					"rotation": [0, 47.5, 0]
				},
				"torso": {
					"rotation": [20, 0, 0]
				},
				"torso2": {
					"rotation": [-2.5, 0, 0]
				},
				"torso3": {
					"rotation": [-22.5, 0, 0]
				},
				"head_angle": {
					"rotation": [12.5, -32.5, 27.5]
				},
				"front_leg_left": {
					"rotation": [40, 0, 0]
				},
				"elbow_left": {
					"rotation": [-45, 0, 0]
				},
				"frontpaw_left": {
					"rotation": [85, 0, 0]
				},
				"front_leg_right": {
					"rotation": [-17.5, -5, -7.5],
					"position": [0, -1, 0]
				},
				"elbow_right": {
					"rotation": [7.5, 0, 0]
				},
				"frontpaw_right": {
					"rotation": [10, 0, 10]
				},
				"backleg_left": {
					"rotation": [25, -10, -7.5]
				},
				"ankle_left": {
					"rotation": [52.5, 0, 0]
				},
				"foot_left": {
					"rotation": [47.5, 0, 0]
				},
				"backleg_right": {
					"rotation": [50, 7.5, 7.5]
				},
				"ankle_right": {
					"rotation": [40, 0, 0]
				},
				"foot_right": {
					"rotation": [22.5, 0, 0]
				},
				"ear_left": {
					"rotation": [37.5, -37.5, 0]
				},
				"ear_right": {
					"rotation": [37.5, 37.5, 0]
				}
			}
		}
	}
}