{
	"format_version": "1.8.0",
	"animations": {
		"animation.vibrava.ground_idle": {
			"loop": true,
			"animation_length": 4,
			"bones": {
				"body": {
					"position": [0, -1.5, 0]
				},
				"head": {
					"rotation": ["2.5+math.sin(q.anim_time*90*6-60)*2", "0+math.sin(q.anim_time*90*3+90)*2", 0]
				},
				"wing_base_left": {
					"rotation": [15, -65, -7.5]
				},
				"leg_front_left": {
					"rotation": [-5, 15, -15],
					"position": ["math.sin(q.anim_time*90*3+30)*0.25", 0, 0]
				},
				"leg_back_left": {
					"rotation": [5, -15, -15],
					"position": ["math.sin(q.anim_time*90*3+10)*0.25", 0, 0]
				},
				"leg_front_right": {
					"rotation": [-5, -15, 15],
					"position": ["(math.sin(q.anim_time*90*3+30)*0.25)", 0, 0]
				},
				"leg_back_right": {
					"rotation": [5, 15, 15],
					"position": ["(math.sin(q.anim_time*90*3+10)*0.25)", 0, 0]
				},
				"wing_front_left": {
					"rotation": [0, 0, "-2.5+math.sin(q.anim_time*90*6)*-1"]
				},
				"wing_back_left": {
					"rotation": [0, 0, "-15+math.sin(q.anim_time*90*6-30)*-1"]
				},
				"wing_base_right": {
					"rotation": [15, 65, 7.5]
				},
				"wing_front_right": {
					"rotation": [0, 0, "2.5+math.sin(q.anim_time*90*6)*1"]
				},
				"wing_back_right": {
					"rotation": [0, 0, "15+math.sin(q.anim_time*90*6-30)*1"]
				},
				"antenna_left": {
					"rotation": ["-5+math.sin(q.anim_time*90*6-120)*1", -10, 0]
				},
				"antenna_left2": {
					"rotation": ["-22.5+math.sin(q.anim_time*90*6-180)*3", 0, 0]
				},
				"antenna_right": {
					"rotation": ["-5+math.sin(q.anim_time*90*6-120)*1", 10, 0]
				},
				"antenna_right2": {
					"rotation": ["-22.5+math.sin(q.anim_time*90*6-180)*3", 0, 0]
				},
				"torso": {
					"rotation": ["-2.5+math.sin(q.anim_time*90*6+90)*1", "math.sin(q.anim_time*90*3+120)*-1", "math.sin(q.anim_time*90*3+120)*-1"],
					"position": ["math.sin(q.anim_time*90*3+30)*0.3", "math.sin(q.anim_time*90*6)*0.1", 0]
				},
				"tail": {
					"rotation": ["5+math.sin(q.anim_time*90*6+30)*1", 0, 0]
				},
				"tail2": {
					"rotation": ["5+math.sin(q.anim_time*90*6-30)*2", 0, 0]
				},
				"tail3": {
					"rotation": ["2.5+math.sin(q.anim_time*90*6-90)*2", 0, 0]
				},
				"tail4": {
					"rotation": ["5+math.sin(q.anim_time*90*6-120)*3", 0, 0]
				},
				"tail_fin_left": {
					"rotation": ["2+math.sin(q.anim_time*90*6-150)*4", 0, 0]
				},
				"tail_fin_right": {
					"rotation": ["2+math.sin(q.anim_time*90*6-150)*4", 0, 0]
				},
				"leg_front_left2": {
					"rotation": [0, 0, "(math.sin(q.anim_time*90*3+30)*3)"],
					"position": [0.25, -0.25, 0]
				},
				"toes_front_left": {
					"rotation": [0, 0, "(15+math.sin(q.anim_time*90*3+30)*-4)"]
				},
				"toe_inner_front_left": {
					"rotation": [0, 0, "(-15+math.sin(q.anim_time*90*3+30)*3)"]
				},
				"toe_outer_front_left": {
					"rotation": [0, 0, 22.5]
				},
				"leg_back_left2": {
					"rotation": [0, 0, "(math.sin(q.anim_time*90*3+10)*3)"],
					"position": [0, 0, 0]
				},
				"toes_back_left": {
					"rotation": [0, 0, "(15+math.sin(q.anim_time*90*3+10)*-4)"]
				},
				"toe_inner_back_left": {
					"rotation": [0, 0, "(-15+math.sin(q.anim_time*90*3+10)*3)"]
				},
				"toe_outer_back_left": {
					"rotation": [0, 0, 22.5]
				},
				"leg_front_right2": {
					"rotation": [0, 0, "(math.sin(q.anim_time*90*3+30)*3)"],
					"position": [-0.25, -0.25, 0]
				},
				"toes_front_right": {
					"rotation": [0, 0, "(-15+math.sin(q.anim_time*90*3+30)*-4)"]
				},
				"toe_inner_front_right": {
					"rotation": [0, 0, "(15+math.sin(q.anim_time*90*3+30)*3)"]
				},
				"toe_outer_front_right": {
					"rotation": [0, 0, -22.5]
				},
				"leg_back_right2": {
					"rotation": [0, 0, "(math.sin(q.anim_time*90*3+10)*3)"],
					"position": [0, 0, 0]
				},
				"toes_back_right": {
					"rotation": [0, 0, "(-15+math.sin(q.anim_time*90*3+10)*-4)"]
				},
				"toe_inner_back_right": {
					"rotation": [0, 0, "(15+math.sin(q.anim_time*90*3+10)*3)"]
				},
				"toe_outer_back_right": {
					"rotation": [0, 0, -22.5]
				}
			}
		},
		"animation.vibrava.blink": {
			"animation_length": 0.1667,
			"bones": {
				"eyelid_left": {
					"position": {
						"0.0": [2, 0, 0],
						"0.125": [2, 0, 0],
						"0.1667": [0, 0, 0]
					}
				},
				"eyelid_right": {
					"position": {
						"0.0": [-2, 0, 0],
						"0.125": [-2, 0, 0],
						"0.1667": [0, 0, 0]
					}
				}
			}
		},
		"animation.vibrava.air_idle": {
			"loop": true,
			"animation_length": 4,
			"bones": {
				"body": {
					"rotation": ["math.sin(q.anim_time*90*3)*-2", 0, "math.sin(q.anim_time*90*1)*1"],
					"position": ["math.sin(q.anim_time*90*1-60)*1", "math.sin(q.anim_time*90*3-60)*0.5+math.sin(q.anim_time*90*18-60)*0.1", 0]
				},
				"torso": {
					"rotation": [-1.5, -0.86603, -0.86603],
					"position": [0.15, 0, 0]
				},
				"tail": {
					"rotation": ["5.5+math.sin(q.anim_time*90*3-30)*-1", 0, 0]
				},
				"tail2": {
					"rotation": ["4+math.sin(q.anim_time*90*3-90)*-2", 0, 0]
				},
				"tail3": {
					"rotation": ["0.5+math.sin(q.anim_time*90*3-120)*-2", 0, 0]
				},
				"tail4": {
					"rotation": ["4+math.sin(q.anim_time*90*3-150)*-2", 0, 0]
				},
				"tail_fin_left": {
					"rotation": ["0+math.sin(q.anim_time*90*3-180)*-5", 0, 0]
				},
				"tail_fin_right": {
					"rotation": ["0+math.sin(q.anim_time*90*3-180)*-5", 0, 0]
				},
				"head": {
					"rotation": ["math.sin(q.anim_time*90*3-30)*3", 0, 0]
				},
				"antenna_left": {
					"rotation": ["-5+math.sin(q.anim_time*90*3-60)*3", -10, 0]
				},
				"antenna_left2": {
					"rotation": ["-22.5+math.sin(q.anim_time*90*3-60)*5", 0, 0]
				},
				"antenna_right": {
					"rotation": ["-5+math.sin(q.anim_time*90*3)*3", 10, 0]
				},
				"antenna_right2": {
					"rotation": ["-22.5+math.sin(q.anim_time*90*3-60)*5", 0, 0]
				},
				"wing_front_left": {
					"rotation": [0, 30, "-(math.sin(q.anim_time*90*18-30)*-20)"]
				},
				"wing_back_left": {
					"rotation": [0, -30, "-(math.sin(q.anim_time*90*18-30)*20)"]
				},
				"wing_front_right": {
					"rotation": [0, -30, "math.sin(q.anim_time*90*18-30)*-20"]
				},
				"wing_back_right": {
					"rotation": [0, 30, "math.sin(q.anim_time*90*18-30)*20"]
				},
				"leg_front_left": {
					"rotation": [8, 12, "30+math.sin(q.anim_time*90*3+30)*-2+math.sin(q.anim_time*90*1-30)*4"]
				},
				"leg_front_left2": {
					"rotation": [0, 0, "-90+72.5+math.sin(q.anim_time*90*3-30)*-2+math.sin(q.anim_time*90*1-90)*4"]
				},
				"toes_front_left": {
					"rotation": [0, 0, 10]
				},
				"toe_inner_front_left": {
					"rotation": [0, 0, "-27.5+math.sin(q.anim_time*90*3-90)*-5"]
				},
				"toe_outer_front_left": {
					"rotation": [0, 0, "32.5+math.sin(q.anim_time*90*3-90)*5"]
				},
				"leg_back_left": {
					"rotation": [-8, -12, "42.5+math.sin(q.anim_time*90*3+30)*-2+math.sin(q.anim_time*90*1-30)*4"]
				},
				"leg_back_left2": {
					"rotation": [0, 0, "-90+52.5+math.sin(q.anim_time*90*3-45)*-2+math.sin(q.anim_time*90*1-105)*4"]
				},
				"toes_back_left": {
					"rotation": [0, 0, 10]
				},
				"toe_inner_back_left": {
					"rotation": [0, 0, "-27.5+math.sin(q.anim_time*90*3-90)*-5"]
				},
				"toe_outer_back_left": {
					"rotation": [0, 0, "32.5+math.sin(q.anim_time*90*3-90)*5"]
				},
				"leg_front_right": {
					"rotation": [8, -12, "-30+math.sin(q.anim_time*90*3+30)*-2+math.sin(q.anim_time*90*1-30)*4"]
				},
				"leg_front_right2": {
					"rotation": [0, 0, "90-72.5+math.sin(q.anim_time*90*3-30)*-2+math.sin(q.anim_time*90*1-90)*4"]
				},
				"toes_front_right": {
					"rotation": [0, 0, -10]
				},
				"toe_inner_front_right": {
					"rotation": [0, 0, "27.5+math.sin(q.anim_time*90*3-90)*5"]
				},
				"toe_outer_front_right": {
					"rotation": [0, 0, "-32.5+math.sin(q.anim_time*90*3-90)*-5"]
				},
				"leg_back_right": {
					"rotation": [-8, 12, "-42.5+math.sin(q.anim_time*90*3+30)*-2+math.sin(q.anim_time*90*1-30)*4"]
				},
				"leg_back_right2": {
					"rotation": [0, 0, "90-52.5+math.sin(q.anim_time*90*3-45)*-2+math.sin(q.anim_time*90*1-105)*4"]
				},
				"toes_back_right": {
					"rotation": [0, 0, -10]
				},
				"toe_inner_back_right": {
					"rotation": [0, 0, "27.5+math.sin(q.anim_time*90*3-90)*5"]
				},
				"toe_outer_back_right": {
					"rotation": [0, 0, "-32.5+math.sin(q.anim_time*90*3-90)*-5"]
				}
			}
		},
		"animation.vibrava.air_fly": {
			"loop": true,
			"animation_length": 4,
			"bones": {
				"body": {
					"rotation": ["math.sin(q.anim_time*90*3)*+3", 0, "math.sin(q.anim_time*90*1)*1"],
					"position": ["math.sin(q.anim_time*90*1-60)*1", "math.sin(q.anim_time*90*3-60)*0.5+math.sin(q.anim_time*90*18-60)*0.1", -4]
				},
				"torso": {
					"rotation": [-1.5, -0.86603, -0.86603],
					"position": [0.15, 0, 0]
				},
				"tail": {
					"rotation": ["0.5+math.sin(q.anim_time*90*3-30)*-1", 0, 0]
				},
				"tail2": {
					"rotation": ["-1+math.sin(q.anim_time*90*3-90)*-2", 0, 0]
				},
				"tail3": {
					"rotation": ["-2+math.sin(q.anim_time*90*3-120)*-2", 0, 0]
				},
				"tail4": {
					"rotation": ["-1+math.sin(q.anim_time*90*3-150)*-2", 0, 0]
				},
				"tail_fin_left": {
					"rotation": ["0+math.sin(q.anim_time*90*3-180)*-5", 0, 0]
				},
				"tail_fin_right": {
					"rotation": ["0+math.sin(q.anim_time*90*3-180)*-5", 0, 0]
				},
				"head": {
					"rotation": ["-2.5+math.sin(q.anim_time*90*3-30)*3", 0, 0]
				},
				"antenna_left": {
					"rotation": ["-5+math.sin(q.anim_time*90*3-60)*3", -10, 0]
				},
				"antenna_left2": {
					"rotation": ["-22.5+math.sin(q.anim_time*90*3-60)*5", 0, 0]
				},
				"antenna_right": {
					"rotation": ["-5+math.sin(q.anim_time*90*3)*3", 10, 0]
				},
				"antenna_right2": {
					"rotation": ["-22.5+math.sin(q.anim_time*90*3-60)*5", 0, 0]
				},
				"wing_front_left": {
					"rotation": [0, 30, "-(math.sin(q.anim_time*90*18-30)*-20)"]
				},
				"wing_back_left": {
					"rotation": [0, -30, "-(math.sin(q.anim_time*90*18-30)*20)"]
				},
				"wing_front_right": {
					"rotation": [0, -30, "math.sin(q.anim_time*90*18-30)*-20"]
				},
				"wing_back_right": {
					"rotation": [0, 30, "math.sin(q.anim_time*90*18-30)*20"]
				},
				"leg_front_left": {
					"rotation": [8, -2, "42.5+math.sin(q.anim_time*90*3+30)*-2+math.sin(q.anim_time*90*1-30)*4"]
				},
				"leg_front_left2": {
					"rotation": [0, 0, "-90+72.5+math.sin(q.anim_time*90*3-30)*-2+math.sin(q.anim_time*90*1-90)*4"]
				},
				"toes_front_left": {
					"rotation": [0, 0, 10]
				},
				"toe_inner_front_left": {
					"rotation": [0, 0, "-27.5+math.sin(q.anim_time*90*3-90)*5"]
				},
				"toe_outer_front_left": {
					"rotation": [0, 0, "47.5+math.sin(q.anim_time*90*3-90)*-5"]
				},
				"leg_back_left": {
					"rotation": [-8, -12, "60+math.sin(q.anim_time*90*3+30)*-2+math.sin(q.anim_time*90*1-30)*4"]
				},
				"leg_back_left2": {
					"rotation": [0, 0, "-90+47.5+math.sin(q.anim_time*90*3-45)*-2+math.sin(q.anim_time*90*1-105)*4"]
				},
				"toes_back_left": {
					"rotation": [0, 0, 10]
				},
				"toe_inner_back_left": {
					"rotation": [0, 0, "-50+math.sin(q.anim_time*90*3-90)*5"]
				},
				"toe_outer_back_left": {
					"rotation": [0, 0, "32.5+math.sin(q.anim_time*90*3-90)*-5"]
				},
				"leg_front_right": {
					"rotation": [8, 2, "-42.5+math.sin(q.anim_time*90*3+30)*-2+math.sin(q.anim_time*90*1-30)*4"]
				},
				"leg_front_right2": {
					"rotation": [0, 0, "90-62.5+math.sin(q.anim_time*90*3-30)*-2+math.sin(q.anim_time*90*1-90)*4"]
				},
				"toes_front_right": {
					"rotation": [0, 0, -10]
				},
				"toe_inner_front_right": {
					"rotation": [0, 0, "27.5+math.sin(q.anim_time*90*3-90)*5"]
				},
				"toe_outer_front_right": {
					"rotation": [0, 0, "-47.5+math.sin(q.anim_time*90*3-90)*-5"]
				},
				"leg_back_right": {
					"rotation": [-8, 12, "-60+math.sin(q.anim_time*90*3+30)*-2+math.sin(q.anim_time*90*1-30)*4"]
				},
				"leg_back_right2": {
					"rotation": [0, 0, "90-47.5+math.sin(q.anim_time*90*3-45)*-2+math.sin(q.anim_time*90*1-105)*4"]
				},
				"toes_back_right": {
					"rotation": [0, 0, -10]
				},
				"toe_inner_back_right": {
					"rotation": [0, 0, "50+math.sin(q.anim_time*90*3-90)*5"]
				},
				"toe_outer_back_right": {
					"rotation": [0, 0, "-32.5+math.sin(q.anim_time*90*3-90)*-5"]
				},
				"legs_front": {
					"rotation": [12.5, 0, 0],
					"position": [0, -0.5, 0]
				},
				"legs_back": {
					"rotation": [15, 0, 0],
					"position": [0, -0.5, 0]
				}
			}
		},
		"animation.vibrava.cry": {
			"animation_length": 2,
			"bones": {
				"torso": {
					"rotation": {
						"0.0": {
							"post": [0, 0, 0],
							"lerp_mode": "catmullrom"
						},
						"0.2917": {
							"post": [0, 0, 0],
							"lerp_mode": "catmullrom"
						},
						"0.4167": {
							"post": [0.5, 0, 0],
							"lerp_mode": "catmullrom"
						},
						"0.5833": {
							"post": [-2.26, 0, 0],
							"lerp_mode": "catmullrom"
						},
						"0.75": {
							"post": [-1.9, 0, 0],
							"lerp_mode": "catmullrom"
						},
						"0.9583": {
							"post": [-1.17, 0, 0],
							"lerp_mode": "catmullrom"
						},
						"1.25": {
							"post": [-1.15, 0, 0],
							"lerp_mode": "catmullrom"
						},
						"1.4583": {
							"post": [-0.175, 0, 0],
							"lerp_mode": "catmullrom"
						},
						"2.0": {
							"post": [0, 0, 0],
							"lerp_mode": "catmullrom"
						}
					}
				},
				"tail": {
					"rotation": {
						"0.0": {
							"post": [0, 0, 0],
							"lerp_mode": "catmullrom"
						},
						"0.3333": {
							"post": [0, 0, 0],
							"lerp_mode": "catmullrom"
						},
						"0.4583": {
							"post": [-0.5, 0, 0],
							"lerp_mode": "catmullrom"
						},
						"0.625": {
							"post": [5.61, 0, 0],
							"lerp_mode": "catmullrom"
						},
						"0.75": {
							"post": [5.25, 0, 0],
							"lerp_mode": "catmullrom"
						},
						"0.9583": {
							"post": [4.52, 0, 0],
							"lerp_mode": "catmullrom"
						},
						"1.25": {
							"post": [4.5, 0, 0],
							"lerp_mode": "catmullrom"
						},
						"1.4583": {
							"post": [0.75, 0, 0],
							"lerp_mode": "catmullrom"
						},
						"2.0": {
							"post": [0, 0, 0],
							"lerp_mode": "catmullrom"
						}
					}
				},
				"tail2": {
					"rotation": {
						"0.0": {
							"post": [0, 0, 0],
							"lerp_mode": "catmullrom"
						},
						"0.4583": {
							"post": [0, 0, 0],
							"lerp_mode": "catmullrom"
						},
						"0.5833": {
							"post": [-0.5, 0, 0],
							"lerp_mode": "catmullrom"
						},
						"0.75": {
							"post": [3.86, 0, 0],
							"lerp_mode": "catmullrom"
						},
						"0.875": {
							"post": [4, 0, 0],
							"lerp_mode": "catmullrom"
						},
						"1.0833": {
							"post": [3.27, 0, 0],
							"lerp_mode": "catmullrom"
						},
						"1.375": {
							"post": [3.25, 0, 0],
							"lerp_mode": "catmullrom"
						},
						"1.5833": {
							"post": [0.25, 0, 0],
							"lerp_mode": "catmullrom"
						},
						"2.0": {
							"post": [0, 0, 0],
							"lerp_mode": "catmullrom"
						}
					}
				},
				"tail3": {
					"rotation": {
						"0.0": {
							"post": [0, 0, 0],
							"lerp_mode": "catmullrom"
						},
						"0.3333": {
							"post": [0, 0, 0],
							"lerp_mode": "catmullrom"
						},
						"0.4167": {
							"post": [-0.1, 0, 0],
							"lerp_mode": "catmullrom"
						},
						"0.5": {
							"post": ["4+math.sin(q.anim_time*90*30)*1", 0, 0],
							"lerp_mode": "catmullrom"
						},
						"1.1667": {
							"post": ["4+math.sin(q.anim_time*90*30)*1", 0, 0],
							"lerp_mode": "catmullrom"
						},
						"1.7083": {
							"post": [0, 0, 0],
							"lerp_mode": "catmullrom"
						},
						"2.0": {
							"post": [0, 0, 0],
							"lerp_mode": "catmullrom"
						}
					}
				},
				"tail4": {
					"rotation": {
						"0.0": {
							"post": [0, 0, 0],
							"lerp_mode": "catmullrom"
						},
						"0.375": {
							"post": [0, 0, 0],
							"lerp_mode": "catmullrom"
						},
						"0.4583": {
							"post": [-0.25, 0, 0],
							"lerp_mode": "catmullrom"
						},
						"0.5417": {
							"post": ["10+math.sin(q.anim_time*90*30)*2", 0, 0],
							"lerp_mode": "catmullrom"
						},
						"1.2083": {
							"post": ["10+math.sin(q.anim_time*90*30)*2", 0, 0],
							"lerp_mode": "catmullrom"
						},
						"1.75": {
							"post": [0, 0, 0],
							"lerp_mode": "catmullrom"
						},
						"2.0": {
							"post": [0, 0, 0],
							"lerp_mode": "catmullrom"
						}
					}
				},
				"tail_fin_left": {
					"rotation": {
						"0.0": {
							"post": [0, 0, 0],
							"lerp_mode": "catmullrom"
						},
						"0.4167": {
							"post": [0, 0, 0],
							"lerp_mode": "catmullrom"
						},
						"0.5": {
							"post": [0, 0, -0.75],
							"lerp_mode": "catmullrom"
						},
						"0.5833": {
							"post": [0, 0, "-7+math.sin(q.anim_time*90*30)*5"],
							"lerp_mode": "catmullrom"
						},
						"1.25": {
							"post": [0, 0, "-7+math.sin(q.anim_time*90*30)*5"],
							"lerp_mode": "catmullrom"
						},
						"1.7917": {
							"post": [0, 0, 0],
							"lerp_mode": "catmullrom"
						},
						"2.0": {
							"post": [0, 0, 0],
							"lerp_mode": "catmullrom"
						}
					}
				},
				"tail_fin_right": {
					"rotation": {
						"0.0": {
							"post": [0, 0, 0],
							"lerp_mode": "catmullrom"
						},
						"0.4167": {
							"post": [0, 0, 0],
							"lerp_mode": "catmullrom"
						},
						"0.5": {
							"post": [0, 0, 0.75],
							"lerp_mode": "catmullrom"
						},
						"0.5833": {
							"post": [0, 0, "7-math.sin(q.anim_time*90*30)*5"],
							"lerp_mode": "catmullrom"
						},
						"1.25": {
							"post": [0, 0, "7-math.sin(q.anim_time*90*30)*5"],
							"lerp_mode": "catmullrom"
						},
						"1.7917": {
							"post": [0, 0, 0],
							"lerp_mode": "catmullrom"
						},
						"2.0": {
							"post": [0, 0, 0],
							"lerp_mode": "catmullrom"
						}
					}
				},
				"head": {
					"rotation": {
						"0.0": {
							"post": [0, 0, 0],
							"lerp_mode": "catmullrom"
						},
						"0.375": {
							"post": [0, 0, 0],
							"lerp_mode": "catmullrom"
						},
						"0.5": {
							"post": [0.5, 0, 0],
							"lerp_mode": "catmullrom"
						},
						"0.6667": {
							"post": [-5.61, 0, 0],
							"lerp_mode": "catmullrom"
						},
						"0.75": {
							"post": [-5.25, 0, 0],
							"lerp_mode": "catmullrom"
						},
						"0.9583": {
							"post": [-4.52, 0, 0],
							"lerp_mode": "catmullrom"
						},
						"1.25": {
							"post": [-4.5, 0, 0],
							"lerp_mode": "catmullrom"
						},
						"1.4583": {
							"post": [-0.75, 0, 0],
							"lerp_mode": "catmullrom"
						},
						"2.0": {
							"post": [0, 0, 0],
							"lerp_mode": "catmullrom"
						}
					}
				},
				"antenna_left": {
					"rotation": {
						"0.0": {
							"post": [0, 0, 0],
							"lerp_mode": "catmullrom"
						},
						"0.2917": {
							"post": [0, 0, 0],
							"lerp_mode": "catmullrom"
						},
						"0.4167": {
							"post": [0.5, 0, 0],
							"lerp_mode": "catmullrom"
						},
						"0.5833": {
							"post": [-5.61, 0, 0],
							"lerp_mode": "catmullrom"
						},
						"0.75": {
							"post": [-6.5, 0, 0],
							"lerp_mode": "catmullrom"
						},
						"1.0833": {
							"post": [-5.77, 0, 0],
							"lerp_mode": "catmullrom"
						},
						"1.375": {
							"post": [-6, 0, 0],
							"lerp_mode": "catmullrom"
						},
						"1.5833": {
							"post": [-0.25, 0, 0],
							"lerp_mode": "catmullrom"
						},
						"2.0": {
							"post": [0, 0, 0],
							"lerp_mode": "catmullrom"
						}
					}
				},
				"antenna_left2": {
					"rotation": {
						"0.0": {
							"post": [0, 0, 0],
							"lerp_mode": "catmullrom"
						},
						"0.2083": {
							"post": [0, 0, 0],
							"lerp_mode": "catmullrom"
						},
						"0.4583": {
							"post": [0.5, 0, 0],
							"lerp_mode": "catmullrom"
						},
						"0.625": {
							"post": [-5.61, 0, 0],
							"lerp_mode": "catmullrom"
						},
						"0.7917": {
							"post": [-6.5, 0, 0],
							"lerp_mode": "catmullrom"
						},
						"1.0": {
							"post": [-5.77, 0, 0],
							"lerp_mode": "catmullrom"
						},
						"1.3333": {
							"post": [-6, 0, 0],
							"lerp_mode": "catmullrom"
						},
						"1.7083": {
							"post": [-0.25, 0, 0],
							"lerp_mode": "catmullrom"
						},
						"2.0": {
							"post": [0, 0, 0],
							"lerp_mode": "catmullrom"
						}
					}
				},
				"antenna_right": {
					"rotation": {
						"0.0": {
							"post": [0, 0, 0],
							"lerp_mode": "catmullrom"
						},
						"0.3333": {
							"post": [0, 0, 0],
							"lerp_mode": "catmullrom"
						},
						"0.4583": {
							"post": [0.5, 0, 0],
							"lerp_mode": "catmullrom"
						},
						"0.625": {
							"post": [-5.61, 0, 0],
							"lerp_mode": "catmullrom"
						},
						"0.7917": {
							"post": [-6.5, 0, 0],
							"lerp_mode": "catmullrom"
						},
						"1.125": {
							"post": [-5.77, 0, 0],
							"lerp_mode": "catmullrom"
						},
						"1.4167": {
							"post": [-6, 0, 0],
							"lerp_mode": "catmullrom"
						},
						"1.625": {
							"post": [-0.25, 0, 0],
							"lerp_mode": "catmullrom"
						},
						"2.0": {
							"post": [0, 0, 0],
							"lerp_mode": "catmullrom"
						}
					}
				},
				"antenna_right2": {
					"rotation": {
						"0.0": {
							"post": [0, 0, 0],
							"lerp_mode": "catmullrom"
						},
						"0.25": {
							"post": [0, 0, 0],
							"lerp_mode": "catmullrom"
						},
						"0.5": {
							"post": [0.5, 0, 0],
							"lerp_mode": "catmullrom"
						},
						"0.6667": {
							"post": [-5.61, 0, 0],
							"lerp_mode": "catmullrom"
						},
						"0.8333": {
							"post": [-6.5, 0, 0],
							"lerp_mode": "catmullrom"
						},
						"1.0417": {
							"post": [-5.77, 0, 0],
							"lerp_mode": "catmullrom"
						},
						"1.375": {
							"post": [-6, 0, 0],
							"lerp_mode": "catmullrom"
						},
						"1.75": {
							"post": [-0.25, 0, 0],
							"lerp_mode": "catmullrom"
						},
						"2.0": {
							"post": [0, 0, 0],
							"lerp_mode": "catmullrom"
						}
					}
				},
				"mouth_closed": {
					"position": {
						"0.5": [0, 0, 0],
						"0.5417": {"pre": [0, 0, 0], "post": [0, 0.1, 0]},
						"0.6667": {"pre": [0, 0.1, 0], "post": [0, 0, 0]},
						"0.7917": {"pre": [0, 0, 0], "post": [0, 0.1, 0]},
						"0.9583": {"pre": [0, 0.1, 0], "post": [0, 0, 0]},
						"1.0417": {"pre": [0, 0, 0], "post": [0, 0.1, 0]},
						"1.1667": {"pre": [0, 0.1, 0], "post": [0, 0, 0]}
					}
				},
				"mouth_open": {
					"position": {
						"0.5": [0, 0, 0],
						"0.5417": {"pre": [0, 0, 0], "post": [0, -0.1, 0]},
						"0.6667": {"pre": [0, -0.1, 0], "post": [0, 0, 0]},
						"0.7917": {"pre": [0, 0, 0], "post": [0, -0.1, 0]},
						"0.9583": {"pre": [0, -0.1, 0], "post": [0, 0, 0]},
						"1.0417": {"pre": [0, 0, 0], "post": [0, -0.1, 0]},
						"1.1667": {"pre": [0, -0.1, 0], "post": [0, 0, 0]}
					}
				},
				"teeth_left": {
					"rotation": {
						"0.0": {
							"post": [0, 0, 0],
							"lerp_mode": "catmullrom"
						},
						"0.4167": {
							"post": [0, 0, 0],
							"lerp_mode": "catmullrom"
						},
						"0.5": {
							"post": [0, 0, -0.75],
							"lerp_mode": "catmullrom"
						},
						"0.5833": {
							"post": [0, 0, "-7+math.sin(q.anim_time*90*40)*5"],
							"lerp_mode": "catmullrom"
						},
						"1.25": {
							"post": [0, 0, "math.sin(q.anim_time*90*20+40)*5"],
							"lerp_mode": "catmullrom"
						},
						"1.5": {
							"post": [0, 0, 0],
							"lerp_mode": "catmullrom"
						}
					}
				},
				"teeth_right": {
					"rotation": {
						"0.0": {
							"post": [0, 0, 0],
							"lerp_mode": "catmullrom"
						},
						"0.4167": {
							"post": [0, 0, 0],
							"lerp_mode": "catmullrom"
						},
						"0.5": {
							"post": [0, 0, 0.75],
							"lerp_mode": "catmullrom"
						},
						"0.5833": {
							"post": [0, 0, "7-math.sin(q.anim_time*90*40)*5"],
							"lerp_mode": "catmullrom"
						},
						"1.25": {
							"post": [0, 0, "-math.sin(q.anim_time*90*20+40)*5"],
							"lerp_mode": "catmullrom"
						},
						"1.5": {
							"post": [0, 0, 0],
							"lerp_mode": "catmullrom"
						}
					}
				}
			},
			"sound_effects": {
				"0.5417": {
					"effect": "pokemon.vibrava.cry"
				}
			}
		},
		"animation.vibrava.sleep": {
			"loop": true,
			"bones": {
				"body": {
					"position": [0, -1.5, 0]
				},
				"head": {
					"rotation": [0.76795, 2, 0]
				},
				"wing_base_left": {
					"rotation": [15, -65, -7.5]
				},
				"leg_front_left": {
					"rotation": [-5, 0, -62.5],
					"position": [0.125, -3, 0]
				},
				"leg_back_left": {
					"rotation": [10, 0, -62.5],
					"position": [0.125, -3, 0]
				},
				"leg_front_right": {
					"rotation": [-5, 0, 62.5],
					"position": [-0.125, -3, 0]
				},
				"leg_back_right": {
					"rotation": [10, 0, 62.5],
					"position": [-0.125, -3, 0]
				},
				"wing_front_left": {
					"rotation": [0, 0, 15]
				},
				"wing_back_left": {
					"rotation": [0, -5, 10.5]
				},
				"wing_base_right": {
					"rotation": [15, 65, 7.5]
				},
				"wing_front_right": {
					"rotation": [0, 0, -15]
				},
				"wing_back_right": {
					"rotation": [0, 5, -10.5]
				},
				"antenna_left": {
					"rotation": ["(7.5+math.sin(q.anim_time*90*1-120)*1)", -10, 0]
				},
				"antenna_left2": {
					"rotation": ["(-12.5+math.sin(q.anim_time*90*1-180)*3)", 0, 0]
				},
				"antenna_right": {
					"rotation": ["(7.5+math.sin(q.anim_time*90*1-110)*1)", 10, 0]
				},
				"antenna_right2": {
					"rotation": ["(-12.5+math.sin(q.anim_time*90*1-170)*3)", 0, 0]
				},
				"torso": {
					"rotation": [-1.5, 0, 0],
					"position": [0, -3, 0]
				},
				"tail": {
					"rotation": [-4.5, 0, 0]
				},
				"tail2": {
					"rotation": [-11, 0, 0]
				},
				"tail3": {
					"rotation": ["2.5+math.sin(q.anim_time*90*1-90)*1", "math.sin(q.anim_time*90*1/2+120)*-0.5", 0]
				},
				"tail4": {
					"rotation": ["8+math.sin(q.anim_time*90*1-120)*2", "math.sin(q.anim_time*90*1/2+80)*-1", 0]
				},
				"tail_fin_left": {
					"rotation": [0, 0, 0]
				},
				"tail_fin_right": {
					"rotation": [0, 0, 0]
				},
				"leg_front_left2": {
					"rotation": [0, 0, 46.5],
					"position": [0.25, -0.75, 0]
				},
				"toes_front_left": {
					"rotation": [0, 0, 13]
				},
				"toe_inner_front_left": {
					"rotation": [0, 0, -13.5]
				},
				"toe_outer_front_left": {
					"rotation": [0, 0, 22.5]
				},
				"leg_back_left2": {
					"rotation": [0, 0, 46.5],
					"position": [0.25, -0.75, 0]
				},
				"toes_back_left": {
					"rotation": [0, 0, 14.30541]
				},
				"toe_inner_back_left": {
					"rotation": [0, 0, -14.47906]
				},
				"toe_outer_back_left": {
					"rotation": [0, 0, 22.5]
				},
				"leg_front_right2": {
					"rotation": [0, 0, -46.5],
					"position": [-0.25, -0.75, 0]
				},
				"toes_front_right": {
					"rotation": [0, 0, -17]
				},
				"toe_inner_front_right": {
					"rotation": [0, 0, 16.5]
				},
				"toe_outer_front_right": {
					"rotation": [0, 0, -22.5]
				},
				"leg_back_right2": {
					"rotation": [0, 0, -46.5],
					"position": [-0.25, -0.75, 0]
				},
				"toes_back_right": {
					"rotation": [0, 0, -15.69459]
				},
				"toe_inner_back_right": {
					"rotation": [0, 0, 15.52094]
				},
				"toe_outer_back_right": {
					"rotation": [0, 0, -22.5]
				}
			}
		},
		"animation.vibrava.look_left_quirk": {
			"animation_length": 2.5,
			"bones": {
				"head": {
					"rotation": {
						"0.0": {
							"post": [0, 0, 0],
							"lerp_mode": "catmullrom"
						},
						"0.25": {
							"post": [-17.5, -10, 0],
							"lerp_mode": "catmullrom"
						},
						"0.5": {
							"post": [-30, -40, 0],
							"lerp_mode": "catmullrom"
						},
						"1.3333": {
							"post": [-30, -40, 0],
							"lerp_mode": "catmullrom"
						},
						"1.6667": {
							"post": [0, 0, 0],
							"lerp_mode": "catmullrom"
						},
						"2.2083": {
							"post": [0, 0, 0],
							"lerp_mode": "catmullrom"
						},
						"2.5": {
							"post": [0, 0, 0],
							"lerp_mode": "catmullrom"
						}
					},
					"position": {
						"0.0": {
							"post": [0, 0, 0],
							"lerp_mode": "catmullrom"
						},
						"0.5": {
							"post": [-0.15, 1, 1],
							"lerp_mode": "catmullrom"
						},
						"1.3333": {
							"post": [-0.15, 1, 1],
							"lerp_mode": "catmullrom"
						},
						"1.6667": {
							"post": [0, 0, 0],
							"lerp_mode": "catmullrom"
						},
						"2.0": {
							"post": [0, 0, 0],
							"lerp_mode": "catmullrom"
						}
					}
				},
				"antenna_left": {
					"rotation": {
						"0.0": {
							"post": [0, 0, 0],
							"lerp_mode": "catmullrom"
						},
						"0.375": {
							"post": [7.5, 15, 0],
							"lerp_mode": "catmullrom"
						},
						"0.75": {
							"post": [0, -6.5, 0],
							"lerp_mode": "catmullrom"
						},
						"1.375": {
							"post": [0, -13, 0],
							"lerp_mode": "catmullrom"
						},
						"1.625": {
							"post": [-10, -30.5, 0],
							"lerp_mode": "catmullrom"
						},
						"1.9583": {
							"post": [0, 0, 0],
							"lerp_mode": "catmullrom"
						},
						"2.5": {
							"post": [0, 0, 0],
							"lerp_mode": "catmullrom"
						}
					}
				},
				"antenna_right": {
					"rotation": {
						"0.0": {
							"post": [0, 0, 0],
							"lerp_mode": "catmullrom"
						},
						"0.3333": {
							"post": [5, 15, 0],
							"lerp_mode": "catmullrom"
						},
						"0.7083": {
							"post": [0, 0, 0],
							"lerp_mode": "catmullrom"
						},
						"1.3333": {
							"post": [0, -4.5, 0],
							"lerp_mode": "catmullrom"
						},
						"1.5833": {
							"post": [-10, -23, 0],
							"lerp_mode": "catmullrom"
						},
						"1.9167": {
							"post": [0, 0, 0],
							"lerp_mode": "catmullrom"
						},
						"2.5": {
							"post": [0, 0, 0],
							"lerp_mode": "catmullrom"
						}
					}
				},
				"antenna_left2": {
					"rotation": {
						"0.0": {
							"post": [0, 0, 0],
							"lerp_mode": "catmullrom"
						},
						"0.375": {
							"post": [-10, 5.5, 0],
							"lerp_mode": "catmullrom"
						},
						"0.75": {
							"post": [-8.25, 0, 0],
							"lerp_mode": "catmullrom"
						},
						"1.2917": {
							"post": [-3.5, -3, 0],
							"lerp_mode": "catmullrom"
						},
						"1.625": {
							"post": [0, -17, 0],
							"lerp_mode": "catmullrom"
						},
						"1.9583": {
							"post": [0, 0, 0],
							"lerp_mode": "catmullrom"
						},
						"2.5": {
							"post": [0, 0, 0],
							"lerp_mode": "catmullrom"
						}
					}
				},
				"antenna_right2": {
					"rotation": {
						"0.0": {
							"post": [0, 0, 0],
							"lerp_mode": "catmullrom"
						},
						"0.3333": {
							"post": [-10, 2, 0],
							"lerp_mode": "catmullrom"
						},
						"0.7083": {
							"post": [-8.25, 0, 0],
							"lerp_mode": "catmullrom"
						},
						"1.25": {
							"post": [-3.5, 0, 0],
							"lerp_mode": "catmullrom"
						},
						"1.5833": {
							"post": [0, -14, 0],
							"lerp_mode": "catmullrom"
						},
						"1.9167": {
							"post": [0, 0, 0],
							"lerp_mode": "catmullrom"
						},
						"2.5": {
							"post": [0, 0, 0],
							"lerp_mode": "catmullrom"
						}
					}
				},
				"wings": {
					"rotation": {
						"0.0": {
							"post": [0, 0, 0],
							"lerp_mode": "catmullrom"
						},
						"0.25": {
							"post": [0, -3.5, 0],
							"lerp_mode": "catmullrom"
						},
						"0.5": {
							"post": [0, -30, 0],
							"lerp_mode": "catmullrom"
						},
						"1.3333": {
							"post": [0, -30, 0],
							"lerp_mode": "catmullrom"
						},
						"1.6667": {
							"post": [0, 0, 0],
							"lerp_mode": "catmullrom"
						},
						"2.2083": {
							"post": [0, 0, 0],
							"lerp_mode": "catmullrom"
						},
						"2.5": {
							"post": [0, 0, 0],
							"lerp_mode": "catmullrom"
						}
					}
				}
			}
		},
		"animation.vibrava.look_right_quirk": {
			"animation_length": 2.5,
			"bones": {
				"head": {
					"rotation": {
						"0.0": {
							"post": [0, 0, 0],
							"lerp_mode": "catmullrom"
						},
						"0.25": {
							"post": [-17.5, 10, 0],
							"lerp_mode": "catmullrom"
						},
						"0.5": {
							"post": [-30, 40, 0],
							"lerp_mode": "catmullrom"
						},
						"1.3333": {
							"post": [-30, 40, 0],
							"lerp_mode": "catmullrom"
						},
						"1.6667": {
							"post": [0, 0, 0],
							"lerp_mode": "catmullrom"
						},
						"2.2083": {
							"post": [0, 0, 0],
							"lerp_mode": "catmullrom"
						},
						"2.5": {
							"post": [0, 0, 0],
							"lerp_mode": "catmullrom"
						}
					},
					"position": {
						"0.0": {
							"post": [0, 0, 0],
							"lerp_mode": "catmullrom"
						},
						"0.5": {
							"post": [0.15, 1, 1],
							"lerp_mode": "catmullrom"
						},
						"1.3333": {
							"post": [0.15, 1, 1],
							"lerp_mode": "catmullrom"
						},
						"1.6667": {
							"post": [0, 0, 0],
							"lerp_mode": "catmullrom"
						},
						"2.0": {
							"post": [0, 0, 0],
							"lerp_mode": "catmullrom"
						}
					}
				},
				"antenna_left": {
					"rotation": {
						"0.0": {
							"post": [0, 0, 0],
							"lerp_mode": "catmullrom"
						},
						"0.3333": {
							"post": [5, -15, 0],
							"lerp_mode": "catmullrom"
						},
						"0.7083": {
							"post": [0, 0, 0],
							"lerp_mode": "catmullrom"
						},
						"1.3333": {
							"post": [0, 4.5, 0],
							"lerp_mode": "catmullrom"
						},
						"1.5833": {
							"post": [-10, 23, 0],
							"lerp_mode": "catmullrom"
						},
						"1.9167": {
							"post": [0, 0, 0],
							"lerp_mode": "catmullrom"
						},
						"2.5": {
							"post": [0, 0, 0],
							"lerp_mode": "catmullrom"
						}
					}
				},
				"antenna_right": {
					"rotation": {
						"0.0": {
							"post": [0, 0, 0],
							"lerp_mode": "catmullrom"
						},
						"0.375": {
							"post": [7.5, -15, 0],
							"lerp_mode": "catmullrom"
						},
						"0.75": {
							"post": [0, 6.5, 0],
							"lerp_mode": "catmullrom"
						},
						"1.375": {
							"post": [0, 13, 0],
							"lerp_mode": "catmullrom"
						},
						"1.625": {
							"post": [-10, 30.5, 0],
							"lerp_mode": "catmullrom"
						},
						"1.9583": {
							"post": [0, 0, 0],
							"lerp_mode": "catmullrom"
						},
						"2.5": {
							"post": [0, 0, 0],
							"lerp_mode": "catmullrom"
						}
					}
				},
				"antenna_left2": {
					"rotation": {
						"0.0": {
							"post": [0, 0, 0],
							"lerp_mode": "catmullrom"
						},
						"0.3333": {
							"post": [-10, -2, 0],
							"lerp_mode": "catmullrom"
						},
						"0.7083": {
							"post": [-8.25, 0, 0],
							"lerp_mode": "catmullrom"
						},
						"1.25": {
							"post": [-3.5, 0, 0],
							"lerp_mode": "catmullrom"
						},
						"1.5833": {
							"post": [0, 14, 0],
							"lerp_mode": "catmullrom"
						},
						"1.9167": {
							"post": [0, 0, 0],
							"lerp_mode": "catmullrom"
						},
						"2.5": {
							"post": [0, 0, 0],
							"lerp_mode": "catmullrom"
						}
					}
				},
				"antenna_right2": {
					"rotation": {
						"0.0": {
							"post": [0, 0, 0],
							"lerp_mode": "catmullrom"
						},
						"0.375": {
							"post": [-10, -5.5, 0],
							"lerp_mode": "catmullrom"
						},
						"0.75": {
							"post": [-8.25, 0, 0],
							"lerp_mode": "catmullrom"
						},
						"1.2917": {
							"post": [-3.5, 3, 0],
							"lerp_mode": "catmullrom"
						},
						"1.625": {
							"post": [0, 17, 0],
							"lerp_mode": "catmullrom"
						},
						"1.9583": {
							"post": [0, 0, 0],
							"lerp_mode": "catmullrom"
						},
						"2.5": {
							"post": [0, 0, 0],
							"lerp_mode": "catmullrom"
						}
					}
				},
				"wings": {
					"rotation": {
						"0.0": {
							"post": [0, 0, 0],
							"lerp_mode": "catmullrom"
						},
						"0.25": {
							"post": [0, 3.5, 0],
							"lerp_mode": "catmullrom"
						},
						"0.5": {
							"post": [0, 30, 0],
							"lerp_mode": "catmullrom"
						},
						"1.3333": {
							"post": [0, 30, 0],
							"lerp_mode": "catmullrom"
						},
						"1.6667": {
							"post": [0, 0, 0],
							"lerp_mode": "catmullrom"
						},
						"2.2083": {
							"post": [0, 0, 0],
							"lerp_mode": "catmullrom"
						},
						"2.5": {
							"post": [0, 0, 0],
							"lerp_mode": "catmullrom"
						}
					}
				}
			}
		}
	}
}