{
	"format_version": "1.8.0",
	"animations": {
		"animation.skiploom.ground_idle": {
			"loop": true,
			"animation_length": 4,
			"bones": {
				"foot_right": {
					"rotation": ["10+math.sin(q.anim_time*90*2)*10", 22.5, 0],
					"position": ["-math.sin(q.anim_time*90*2)*0.1", "0.4+math.sin(q.anim_time*90*2)*0.4", 0]
				},
				"foot_left": {
					"rotation": ["10+math.sin(q.anim_time*90*2)*10", -22.5, 0],
					"position": ["math.sin(q.anim_time*90*2)*0.1", "0.4+math.sin(q.anim_time*90*2)*0.4", 0]
				},
				"arm_right": {
					"rotation": ["30.7072+math.sin(q.anim_time*90*2+90)*4", 10.06228, 3.74072],
					"position": [0, "-math.sin(q.anim_time*90*2+90)*0.05", 0]
				},
				"arm_left": {
					"rotation": ["30.7072+math.sin(q.anim_time*90*2+90)*4", -10.06228, -3.74072],
					"position": [0, "-math.sin(q.anim_time*90*2+90)*0.05", 0]
				},
				"tail": {
					"rotation": ["-17.5-math.sin(q.anim_time*90*2+110)*6", "math.sin(q.anim_time*90*1+55)*12", 0]
				},
				"tail2": {
					"rotation": [12.5, "math.sin(q.anim_time*90*1-30)*12", 0],
					"position": [0, 0, -0.25]
				},
				"ear_left": {
					"rotation": [0, 0, "25+math.sin(q.anim_time*90*2+20)*4"],
					"position": [0, "-0.1-math.sin(q.anim_time*90*2+20)*0.1", 0]
				},
				"petal_front_right": {
					"rotation": ["70+math.sin(q.anim_time*90*2+10)*4", 0, 0]
				},
				"petal_front_left": {
					"rotation": [0, 0, "70+math.sin(q.anim_time*90*2+10)*4"]
				},
				"petal_back_left": {
					"rotation": ["-70-math.sin(q.anim_time*90*2+10)*4", 0, 0]
				},
				"ear_right": {
					"rotation": [0, 0, "-25-math.sin(q.anim_time*90*2+20)*4"],
					"position": [0, "-0.1-math.sin(q.anim_time*90*2+20)*0.1", 0]
				},
				"petal_back_right": {
					"rotation": [0, 0, "-70-math.sin(q.anim_time*90*2+10)*4"]
				},
				"body": {
					"position": [0, 0, "-math.sin(q.anim_time*90*2)*0.3"]
				},
				"torso": {
					"rotation": ["-2+math.sin(q.anim_time*90*2+65)*1.7", 0, 0],
					"position": [0, "0.5+math.sin(q.anim_time*90*2)*0.4", 0]
				},
				"toe_left": {
					"rotation": ["-10-math.sin(q.anim_time*90*2)*10", 0, 0]
				},
				"toe_right": {
					"rotation": ["-10-math.sin(q.anim_time*90*2)*10", 0, 0]
				}
			}
		},
		"animation.skiploom.ground_walk": {
			"loop": true,
			"animation_length": 1,
			"bones": {
				"leg_left": {
					"rotation": ["math.clamp(math.sin(q.anim_time*90*4)*10,0,180)", "math.sin(q.anim_time*90*4)*4", "-math.clamp(-math.sin(q.anim_time*90*4)*6,0,180)"],
					"position": [
						0,
						"math.clamp(-math.sin(q.anim_time*90*4)*0.8,0,180)+math.clamp(math.sin(q.anim_time*90*4)*0.35,0,180)",
						"-1+math.sin(q.anim_time*90*4-90)*1"
					]
				},
				"leg_right": {
					"rotation": ["math.clamp(-math.sin(q.anim_time*90*4)*10,0,180)", "math.sin(q.anim_time*90*4)*4", "math.clamp(math.sin(q.anim_time*90*4)*6,0,180)"],
					"position": [
						0,
						"math.clamp(math.sin(q.anim_time*90*4)*0.8,0,180)+math.clamp(-math.sin(q.anim_time*90*4)*0.35,0,180)",
						"-0.75-math.sin(q.anim_time*90*4-90)*1"
					]
				},
				"leaf_right4": {
					"rotation": [0, 0, "-2.5-math.sin(q.anim_time*90*4-140)*5"]
				},
				"leaf_right5": {
					"rotation": [0, 0, "-10-math.sin(q.anim_time*90*4-180)*6"]
				},
				"leaf_left4": {
					"rotation": [0, 0, "2.5-math.sin(q.anim_time*90*4-140)*5"]
				},
				"leaf_left5": {
					"rotation": [0, 0, "10-math.sin(q.anim_time*90*4-180)*6"]
				},
				"leaf_right": {
					"rotation": [0, 0, "-5-math.sin(q.anim_time*90*4-20)*8"]
				},
				"leaf_right2": {
					"rotation": [0, 0, "-2.5-math.sin(q.anim_time*90*4-60)*4"]
				},
				"leaf_right3": {
					"rotation": [0, 0, "-7.5-math.sin(q.anim_time*90*4-100)*5"]
				},
				"leaf_left": {
					"rotation": [0, 0, "5-math.sin(q.anim_time*90*4-20)*8"]
				},
				"leaf_left2": {
					"rotation": [0, 0, "2.5-math.sin(q.anim_time*90*4-60)*4"]
				},
				"leaf_left3": {
					"rotation": [0, 0, "7.5-math.sin(q.anim_time*90*4-100)*5"]
				},
				"leaves": {
					"rotation": [0, "math.sin(q.anim_time*90*4+120)*3", 0]
				},
				"body": {
					"rotation": [0, "-math.sin(q.anim_time*90*4)*4", 0],
					"position": [0, "math.abs(math.sin(q.anim_time*90*4)*0.08)", 0]
				},
				"torso": {
					"rotation": ["-2.5-math.sin(q.anim_time*90*8-45)*2", "-math.sin(q.anim_time*90*4)*1.5", "math.sin(q.anim_time*90*4-25)*3"],
					"position": ["math.sin(q.anim_time*90*4)*0.05", "math.abs(math.sin(q.anim_time*90*4)*0.6)", 0]
				},
				"petal_front_right": {
					"rotation": ["70+math.sin(q.anim_time*90*8-90)*4", 0, 0]
				},
				"petal_front_left": {
					"rotation": [0, 0, "70+math.sin(q.anim_time*90*8-90)*4"]
				},
				"petal_back_left": {
					"rotation": ["-70-math.sin(q.anim_time*90*8-90)*4", 0, 0]
				},
				"petal_back_right": {
					"rotation": [0, 0, "-70-math.sin(q.anim_time*90*8-90)*4"]
				},
				"arm_left": {
					"rotation": ["27.7622+math.sin(q.anim_time*90*8)*8", -1.16546, -2.12878]
				},
				"arm_right": {
					"rotation": ["27.7622+math.sin(q.anim_time*90*8)*8", 1.16546, 2.12878]
				},
				"tail": {
					"rotation": ["-12.5-math.sin(q.anim_time*90*8+30)*4", "math.sin(q.anim_time*90*4+70)*14", 0]
				},
				"tail2": {
					"rotation": ["7.5-math.sin(q.anim_time*90*8-50)*6", "0+math.sin(q.anim_time*90*4-20)*12", 0],
					"position": [0, 0, -0.2]
				},
				"ear_left": {
					"rotation": [0, 0, "22.5+math.sin(q.anim_time*90*8-35)*3"],
					"position": [0, "-0.1-math.sin(q.anim_time*90*8-35)*0.1", 0]
				},
				"ear_right": {
					"rotation": [0, 0, "-22.5-math.sin(q.anim_time*90*8-35)*3"],
					"position": [0, "-0.1-math.sin(q.anim_time*90*8-35)*0.1", 0]
				},
				"foot_left": {
					"rotation": [
						"0+math.clamp(math.sin(q.anim_time*90*4)*10,0,180)",
						"-5+math.sin(q.anim_time*90*4)*4",
						"0-math.clamp(-math.sin(q.anim_time*90*4)*6,0,180)+math.clamp(-math.sin(q.anim_time*90*4)*2,0,180)"
					],
					"position": [
						0,
						"math.clamp(-math.sin(q.anim_time*90*4)*0.8,0,180)+math.clamp(math.sin(q.anim_time*90*4)*0.35,0,180)",
						"-1+math.sin(q.anim_time*90*4-90)*1"
					]
				},
				"toe_left": {
					"rotation": ["-math.clamp(math.sin(q.anim_time*90*4)*10,0,180)", 0, 0]
				},
				"foot_right": {
					"rotation": [
						"math.clamp(-math.sin(q.anim_time*90*4)*10,0,180)",
						"5+math.sin(q.anim_time*90*4)*4",
						"math.clamp(math.sin(q.anim_time*90*4)*6,0,180)-math.clamp(math.sin(q.anim_time*90*4)*2,0,180)"
					],
					"position": [
						0,
						"math.clamp(math.sin(q.anim_time*90*4)*0.8,0,180)+math.clamp(-math.sin(q.anim_time*90*4)*0.35,0,180)",
						"-0.75-math.sin(q.anim_time*90*4-90)*1"
					]
				},
				"toe_right": {
					"rotation": ["-math.clamp(-math.sin(q.anim_time*90*4)*10,0,180)", 0, 0]
				}
			}
		},
		"animation.skiploom.battle_idle": {
			"loop": true,
			"animation_length": 2,
			"bones": {
				"foot_right": {
					"rotation": ["15+math.sin(q.anim_time*90*4)*14", 22.5, 0],
					"position": ["-math.sin(q.anim_time*90*4)*0.2", "0.4+math.sin(q.anim_time*90*4)*0.5", 0]
				},
				"foot_left": {
					"rotation": ["15+math.sin(q.anim_time*90*4)*14", -22.5, 0],
					"position": ["math.sin(q.anim_time*90*4)*0.2", "0.4+math.sin(q.anim_time*90*4)*0.5", 0]
				},
				"arm_right": {
					"rotation": ["20.7072+math.sin(q.anim_time*90*4+90)*6", 10.06228, 3.74072],
					"position": [0, "-math.sin(q.anim_time*90*2+90)*0.07", 0]
				},
				"arm_left": {
					"rotation": ["20.7072+math.sin(q.anim_time*90*4+90)*6", -10.06228, -3.74072],
					"position": [0, "-math.sin(q.anim_time*90*2+90)*0.07", 0]
				},
				"tail": {
					"rotation": ["-17.5-math.sin(q.anim_time*90*4+110)*6", "math.sin(q.anim_time*90*2+55)*16", 0]
				},
				"tail2": {
					"rotation": [12.5, "math.sin(q.anim_time*90*2-30)*16", 0],
					"position": [0, 0, -0.25]
				},
				"ear_left": {
					"rotation": [0, 0, "25+math.sin(q.anim_time*90*4+20)*6"],
					"position": [0, "-0.1-math.sin(q.anim_time*90*4+20)*0.1", 0]
				},
				"petal_front_right": {
					"rotation": ["72.5+math.sin(q.anim_time*90*4+10)*6", 0, 0]
				},
				"petal_front_left": {
					"rotation": [0, 0, "72.5+math.sin(q.anim_time*90*4+10)*6"]
				},
				"petal_back_left": {
					"rotation": ["-72.5-math.sin(q.anim_time*90*4+10)*6", 0, 0]
				},
				"ear_right": {
					"rotation": [0, 0, "-25-math.sin(q.anim_time*90*4+20)*6"],
					"position": [0, "-0.1-math.sin(q.anim_time*90*4+20)*0.1", 0]
				},
				"petal_back_right": {
					"rotation": [0, 0, "-72.5-math.sin(q.anim_time*90*4+10)*6"]
				},
				"body": {
					"position": [0, 0.1, "-math.sin(q.anim_time*90*4)*0.5"]
				},
				"torso": {
					"rotation": ["-1.5+math.sin(q.anim_time*90*4+65)*1.7", "math.sin(q.anim_time*90*2+45)*2", 0],
					"position": [0, "0.5+math.sin(q.anim_time*90*4)*0.5", 0]
				},
				"toe_left": {
					"rotation": ["-15-math.sin(q.anim_time*90*4)*14", 0, 0]
				},
				"toe_right": {
					"rotation": ["-15-math.sin(q.anim_time*90*4)*14", 0, 0]
				}
			}
		},
		"animation.skiploom.air_idle": {
			"loop": true,
			"bones": {
				"body": {
					"rotation": ["-1.5-math.sin(q.anim_time*90*2+65)*1.25", "-math.sin(q.anim_time*90*2+90)*0.5", 0],
					"position": ["math.sin(q.anim_time*90*2+90)*0.075", "2.75+math.sin(q.anim_time*90*2)*0.65", 0]
				},
				"foot_right": {
					"rotation": ["70+math.sin(q.anim_time*90*2+55)*5", 5, 10]
				},
				"foot_left": {
					"rotation": ["70+math.sin(q.anim_time*90*2+55)*5", -5, -10]
				},
				"tail": {
					"rotation": ["-30-math.sin(q.anim_time*90*2+65)*6", "-math.sin(q.anim_time*90*2+125)*4", 0],
					"position": [0, "-0.3-math.sin(q.anim_time*90*2+65)*0.05", 0]
				},
				"ear_left": {
					"rotation": [0, 0, "10-math.sin(q.anim_time*90*2-155)*18"],
					"position": [0, "-0.2+math.sin(q.anim_time*90*2-90)*0.2", 0]
				},
				"arm_right": {
					"rotation": ["40.754+math.sin(q.anim_time*90*2+75)*8", 3.57613, 5.45586],
					"position": [0, "-0.1-math.sin(q.anim_time*90*2+75)*0.05", 0.2]
				},
				"arm_left": {
					"rotation": ["40.754+math.sin(q.anim_time*90*2+75)*8", -3.57613, -5.45586],
					"position": [0, "-0.1-math.sin(q.anim_time*90*2+75)*0.05", 0.2]
				},
				"tail2": {
					"rotation": ["5-math.sin(q.anim_time*90*2-35)*12", "-math.sin(q.anim_time*90*2+45)*8", 0],
					"position": [0, 0, -0.2]
				},
				"petal_front_right": {
					"rotation": ["75+math.sin(q.anim_time*90*2+45)*6", 0, 0]
				},
				"petal_front_left": {
					"rotation": [0, 0, "75+math.sin(q.anim_time*90*2+45)*6"]
				},
				"petal_back_left": {
					"rotation": ["-75-math.sin(q.anim_time*90*2+45)*6", 0, 0]
				},
				"feet": {
					"position": [0, 1, 1]
				},
				"ear_right": {
					"rotation": [0, 0, "-10+math.sin(q.anim_time*90*2-165)*18"],
					"position": [0, "-0.2+math.sin(q.anim_time*90*2-90)*0.2", 0]
				},
				"petal_back_right": {
					"rotation": [0, 0, "-75-math.sin(q.anim_time*90*2+45)*6"]
				}
			}
		},
		"animation.skiploom.air_fly": {
			"loop": true,
			"bones": {
				"body": {
					"rotation": ["11-math.sin(q.anim_time*90*2+65)*1.25", "0-math.sin(q.anim_time*90*2+90)*0.5", 0],
					"position": ["math.sin(q.anim_time*90*2+90)*0.075", "2.75+math.sin(q.anim_time*90*2)*0.75", -0.5]
				},
				"foot_right": {
					"rotation": ["122.3451+math.sin(q.anim_time*90*2+55)*5", -1.03055, 5.53628],
					"position": [0, -1, 0]
				},
				"foot_left": {
					"rotation": ["122.3451+math.sin(q.anim_time*90*2+55)*5", 1.03055, -5.53628],
					"position": [0, -1, 0]
				},
				"tail": {
					"rotation": ["-15-math.sin(q.anim_time*90*2+65)*6", "0-math.sin(q.anim_time*90*2+125)*4", 0],
					"position": [0, "-math.sin(q.anim_time*90*2+65)*0.05", 0]
				},
				"ear_left": {
					"rotation": [0, -10, "10-math.sin(q.anim_time*90*2-155)*18"],
					"position": ["math.sin(q.anim_time*90*2-180)*0.1", "-0.2+math.sin(q.anim_time*90*2-90)*0.2", 0]
				},
				"arm_right": {
					"rotation": ["40.754+math.sin(q.anim_time*90*2+75)*8", 3.57613, 5.45586],
					"position": [0, "-0.1-math.sin(q.anim_time*90*2+75)*0.05", 0.2]
				},
				"arm_left": {
					"rotation": ["40.754+math.sin(q.anim_time*90*2+75)*8", -3.57613, -5.45586],
					"position": [0, "-0.1-math.sin(q.anim_time*90*2+75)*0.05", 0.2]
				},
				"tail2": {
					"rotation": ["5-math.sin(q.anim_time*90*2-35)*12", "-math.sin(q.anim_time*90*2+45)*8", 0],
					"position": [0, 0, -0.2]
				},
				"petal_front_right": {
					"rotation": ["75+math.sin(q.anim_time*90*2+45)*6", 0, 0]
				},
				"petal_front_left": {
					"rotation": [0, 0, "75+math.sin(q.anim_time*90*2+45)*6"]
				},
				"petal_back_left": {
					"rotation": ["-75-math.sin(q.anim_time*90*2+45)*6", 0, 0]
				},
				"feet": {
					"position": [0, 1, 1]
				},
				"ear_right": {
					"rotation": [0, 10, "-10+math.sin(q.anim_time*90*2-165)*18"],
					"position": ["-math.sin(q.anim_time*90*2-180)*0.1", "-0.2+math.sin(q.anim_time*90*2-90)*0.2", 0]
				},
				"petal_back_right": {
					"rotation": [0, 0, "-75-math.sin(q.anim_time*90*2+45)*6"]
				},
				"torso": {
					"rotation": [-5, 0, 0]
				}
			}
		},
		"animation.skiploom.fly_overlay": {
			"loop": true,
			"bones": {
				"leaves": {
					"rotation": [0, "math.mod(q.anim_time*1.5, 1)*360", 0]
				},
				"flower": {
					"rotation": [0, "-math.mod(q.anim_time*1, 1)*360", 0]
				}
			}
		},
		"animation.skiploom.sleep": {
			"loop": true,
			"bones": {
				"foot_right": {
					"rotation": [0, 22.5, 0]
				},
				"foot_left": {
					"rotation": [0, -22.5, 0]
				},
				"torso": {
					"rotation": ["5+Math.cos(query.anim_time*90*1)*1", 0, 0],
					"position": [0, -1.25, 0]
				},
				"arm_right": {
					"rotation": ["5+Math.cos(query.anim_time*90*1)*-2", 22.5, 0]
				},
				"arm_left": {
					"rotation": ["5+Math.cos(query.anim_time*90*1)*-2", -22.5, 0]
				},
				"eye_right": {
					"position": [0, 0, 0.1]
				},
				"eyelid_right": {
					"position": [0, 0, -0.1]
				},
				"eye_left": {
					"position": [0, 0, 0.1]
				},
				"eyelid_left": {
					"position": [0, 0, -0.1]
				},
				"mouth_closed": {
					"position": [0, 0, 0.1]
				},
				"tail": {
					"rotation": ["-42.5+Math.cos(query.anim_time*90*1)*-3", 0, 0]
				},
				"tail2": {
					"rotation": [35, 0, 0],
					"position": [0, -0.25, -0.5]
				},
				"ear_left": {
					"rotation": [0, "0+Math.cos(query.anim_time*90*1-90)*2", 45],
					"position": [-0.25, 0, 0]
				},
				"petal_front_right": {
					"rotation": [80, 0, 0]
				},
				"petal_front_left": {
					"rotation": [0, 0, 80]
				},
				"petal_back_left": {
					"rotation": [-80, 0, 0]
				},
				"mouth_straight": {
					"position": [0, 0, -0.1]
				},
				"feet": {
					"rotation": [170, 0, 0],
					"position": [0, -1.5, 3]
				},
				"ear_right": {
					"rotation": [0, "0+Math.cos(query.anim_time*90*1-90)*-2", -45],
					"position": [0.25, 0, 0]
				},
				"petal_back_right": {
					"rotation": [0, 0, -80]
				},
				"flower": {
					"rotation": ["0+Math.cos(query.anim_time*90*1-90)*2", 0, "0+Math.cos(query.anim_time*90*1-90)*2"]
				}
			}
		},
		"animation.skiploom.air_sleep": {
			"loop": true,
			"bones": {
				"body": {
					"rotation": ["8.5-math.sin(q.anim_time*90*2+65)*1.25", "-math.sin(q.anim_time*90*2+90)*0.5", 0],
					"position": ["math.sin(q.anim_time*90*2+90)*0.05", "2.25+math.sin(q.anim_time*90*2)*0.45", 0]
				},
				"foot_right": {
					"rotation": ["82.5+math.sin(q.anim_time*90*2+55)*5", 5, 10]
				},
				"foot_left": {
					"rotation": ["82.5+math.sin(q.anim_time*90*2+55)*5", -5, -10]
				},
				"tail": {
					"rotation": ["-60-math.sin(q.anim_time*90*2+65)*6", "-math.sin(q.anim_time*90*2+125)*4", 0],
					"position": [0, "-0.3-math.sin(q.anim_time*90*2+65)*0.05", -0.5]
				},
				"ear_left": {
					"rotation": [0, 0, "20-math.sin(q.anim_time*90*2-155)*15"],
					"position": [0, "-0.2+math.sin(q.anim_time*90*2-90)*0.1", 0]
				},
				"arm_right": {
					"rotation": ["46.5338+math.sin(q.anim_time*90*2+75)*8", -9.82298, -9.46315],
					"position": [0, "-0.1-math.sin(q.anim_time*90*2+75)*0.05", 0.5]
				},
				"arm_left": {
					"rotation": ["46.5338+math.sin(q.anim_time*90*2+75)*8", 9.82298, 9.46315],
					"position": [0, "-0.1-math.sin(q.anim_time*90*2+75)*0.05", 0.5]
				},
				"tail2": {
					"rotation": ["5-math.sin(q.anim_time*90*2-35)*12", "-math.sin(q.anim_time*90*2+45)*8", 0],
					"position": [0, 0, -0.2]
				},
				"petal_front_right": {
					"rotation": ["75+math.sin(q.anim_time*90*2+45)*6", 0, 0]
				},
				"petal_front_left": {
					"rotation": [0, 0, "75+math.sin(q.anim_time*90*2+45)*6"]
				},
				"petal_back_left": {
					"rotation": ["-75-math.sin(q.anim_time*90*2+45)*6", 0, 0]
				},
				"feet": {
					"position": [0, 1, 1]
				},
				"ear_right": {
					"rotation": [0, 0, "-20+math.sin(q.anim_time*90*2-165)*15"],
					"position": [0, "-0.2+math.sin(q.anim_time*90*2-90)*0.1", 0]
				},
				"petal_back_right": {
					"rotation": [0, 0, "-75-math.sin(q.anim_time*90*2+45)*6"]
				},
				"mouth_closed": {
					"position": [0, 0, 0.1]
				},
				"mouth_straight": {
					"position": [0, 0, -0.1]
				},
				"eye_left": {
					"position": [0, 0, 0.1]
				},
				"eyelid_left": {
					"position": [0, 0, -0.1]
				},
				"eye_right": {
					"position": [0, 0, 0.1]
				},
				"eyelid_right": {
					"position": [0, 0, -0.1]
				}
			}
		},
		"animation.skiploom.blink": {
			"animation_length": 0.1667,
			"bones": {
				"eyelid_right": {
					"position": {
						"0.0": [0, 0, -0.1],
						"0.1667": {
							"pre": [0, 0, -0.1],
							"post": [0, 0, 0]
						}
					}
				},
				"eyelid_left": {
					"position": {
						"0.0": [0, 0, -0.1],
						"0.1667": {
							"pre": [0, 0, -0.1],
							"post": [0, 0, 0]
						}
					}
				},
				"eye_right": {
					"position": {
						"0.0": [0, 0, 0.1],
						"0.1667": {
							"pre": [0, 0, 0.1],
							"post": [0, 0, 0]
						}
					}
				},
				"eye_left": {
					"position": {
						"0.0": [0, 0, 0.1],
						"0.1667": {
							"pre": [0, 0, 0.1],
							"post": [0, 0, 0]
						}
					}
				}
			}
		},
		"animation.skiploom.cry": {
			"animation_length": 1,
			"bones": {
				"mouth_open_big": {
					"position": {
						"0.0": [0, 0, 0],
						"0.1667": {
							"pre": [0, 0, 0],
							"post": [0, 0, -0.12]
						},
						"0.25": {
							"pre": [0, 0, -0.12],
							"post": [0, 0, -0.12]
						},
						"0.4167": {
							"pre": [0, 0, -0.12],
							"post": [0, 0, 0]
						}
					}
				},
				"torso": {
					"rotation": {
						"0.0": [0, 0, 0],
						"0.0833": [-2.5, 0, 0],
						"0.2083": [2.5, 0, 0],
						"0.3333": [-5, 0, 0],
						"0.5": [-1.67, 0, 0],
						"0.6667": [0, 0, 0]
					}
				},
				"mouth_closed": {
					"position": {
						"0.0": [0, 0, 0],
						"0.0833": {
							"pre": [0, 0, 0],
							"post": [0, 0, 1]
						},
						"0.625": {
							"pre": [0, 0, 1],
							"post": [0, 0, 0]
						}
					}
				},
				"mouth_open": {
					"position": {
						"0.0": [0, 0, 0],
						"0.0833": {
							"pre": [0, 0, 0],
							"post": [0, 0, -0.1]
						},
						"0.2083": {
							"pre": [0, 0, -0.1],
							"post": [0, 0, 0]
						},
						"0.2917": {
							"pre": [0, 0, 0],
							"post": [0, 0, -0.1]
						},
						"0.625": {
							"pre": [0, 0, -0.1],
							"post": [0, 0, 0]
						}
					}
				},
				"mouth_open_small": {
					"position": {
						"0.0": [0, 0, 0],
						"0.2083": {
							"pre": [0, 0, 0],
							"post": [0, 0, -0.1]
						},
						"0.2917": {
							"pre": [0, 0, -0.1],
							"post": [0, 0, 0]
						}
					}
				},
				"petal_front_right": {
					"rotation": {
						"0.0": [0, 0, 0],
						"0.0833": [5, 0, 0],
						"0.2083": [-5, 0, 0],
						"0.25": [0, 0, 0],
						"0.2917": [5, 0, 0],
						"0.375": [1, 0, 0],
						"0.4583": [0, 0, 0]
					}
				},
				"petal_front_left": {
					"rotation": {
						"0.0": [0, 0, 0],
						"0.0833": [0, 0, 5],
						"0.2083": [0, 0, -5],
						"0.25": [0, 0, 0],
						"0.2917": [0, 0, 5],
						"0.375": [0, 0, 1],
						"0.4583": [0, 0, 0]
					}
				},
				"petal_back_left": {
					"rotation": {
						"0.0": [0, 0, 0],
						"0.0833": [-5, 0, 0],
						"0.2083": [5, 0, 0],
						"0.25": [0, 0, 0],
						"0.2917": [-5, 0, 0],
						"0.375": [-1, 0, 0],
						"0.4583": [0, 0, 0]
					}
				},
				"petal_back_right": {
					"rotation": {
						"0.0": [0, 0, 0],
						"0.0833": [0, 0, -5],
						"0.2083": [0, 0, 5],
						"0.25": [0, 0, 0],
						"0.2917": [0, 0, -5],
						"0.375": [0, 0, -1],
						"0.4583": [0, 0, 0]
					}
				},
				"ear_left": {
					"rotation": {
						"0.0": [0, 0, 0],
						"0.0417": [0, 0, 5],
						"0.125": [0, 0, 2.5],
						"0.2083": [0, 0, -5],
						"0.2917": [0, 0, -2.5],
						"0.3333": [0, 0, 5],
						"0.5": [0, 0, 0]
					}
				},
				"ear_right": {
					"rotation": {
						"0.0": [0, 0, 0],
						"0.0417": [0, 0, -5],
						"0.125": [0, 0, -2.5],
						"0.2083": [0, 0, 5],
						"0.2917": [0, 0, 2.5],
						"0.3333": [0, 0, -5],
						"0.5": [0, 0, 0]
					}
				}
			},
			"sound_effects": {
				"0.0": {
					"effect": "pokemon.skiploom.cry"
				}
			}
		},
		"animation.skiploom.shock": {
			"loop": true,
			"bones": {
				"mouth_closed": {
					"position": [0, 0, 0.1]
				},
				"mouth_open_tall": {
					"position": [0, 0, -0.1]
				}
			}
		},
		"animation.skiploom.angry": {
			"loop": true,
			"bones": {
				"eye_left": {
					"rotation": [0, 0, -12.5]
				},
				"eye_right": {
					"rotation": [0, 0, 12.5]
				},
				"mouth_open_frown": {
					"position": [0, 0, -0.1]
				},
				"mouth_closed": {
					"position": [0, 0, 0.1]
				}
			}
		},
		"animation.skiploom.sad": {
			"loop": true,
			"bones": {
				"eye_left": {
					"rotation": [0, 0, 10]
				},
				"eye_right": {
					"rotation": [0, 0, -10]
				},
				"mouth_closed": {
					"position": [0, 0, 0.1]
				},
				"mouth_frown": {
					"position": [0, 0, -0.1]
				}
			}
		},
		"animation.skiploom.happy": {
			"loop": true,
			"bones": {
				"eye_left": {
					"position": [0, 0, 0.1]
				},
				"eye_right": {
					"position": [0, 0, 0.1]
				},
				"mouth_open": {
					"position": [0, 0, -0.1]
				},
				"mouth_closed": {
					"position": [0, 0, 0.1]
				},
				"eyelid_happy_left": {
					"position": [0, 0, -0.1]
				},
				"eyelid_happy_right": {
					"position": [0, 0, -0.1]
				}
			}
		},
		"animation.skiploom.unamused": {
			"loop": true,
			"bones": {
				"mouth_closed": {
					"position": [0, 0, 0.1]
				},
				"mouth_straight": {
					"position": [0, 0, -0.1]
				}
			}
		},
		"animation.skiploom.hurt": {
			"loop": true,
			"bones": {
				"eye_left": {
					"position": [0, 0, 0.1]
				},
				"eye_right": {
					"position": [0, 0, 0.1]
				},
				"mouth_closed": {
					"position": [0, 0, 0.1]
				},
				"mouth_frown": {
					"position": [0, 0, -0.1]
				},
				"eyelid_happy_left": {
					"rotation": [0, 0, -90],
					"position": [0.5, 0.5, -0.1]
				},
				"eyelid_happy_right": {
					"rotation": [0, 0, 90],
					"position": [-0.5, 0.5, -0.1]
				}
			}
		}
	}
}