{
	"format_version": "1.8.0",
	"animations": {
		"animation.rufflet.ground_idle": {
			"loop": true,
			"bones": {
				"neck": {
					"rotation": [10, 0, 0],
					"position": [0, 0.5, 0]
				},
				"head": {
					"rotation": ["-5-math.sin(q.anim_time*90*4-150)", 0, "math.sin(q.anim_time*90*2-90)*2"],
					"position": [0, -0.49619, -0.08716]
				},
				"jaw": {
					"rotation": [0, 0, 0]
				},
				"tail": {
					"rotation": ["17.5+math.sin(q.anim_time*90*4-90)*6", 0, 0]
				},
				"torso": {
					"rotation": ["-5-math.sin(q.anim_time*90*4-90)/2", 0, "math.cos(q.anim_time*90*4)/3"],
					"position": [0, "math.sin(q.anim_time*90*4)/8", 0]
				},
				"wing_open_left": {
					"rotation": [0, -75, 90],
					"position": [1, -0.9, -1.7],
					"scale": 0
				},
				"wing_closed_left": {
					"rotation": ["-15-math.sin(q.anim_time*90*4-120)", 0, 0],
					"position": [0, -0.10098, 0.2235]
				},
				"wing_closed_left2": {
					"rotation": ["20-math.sin(q.anim_time*90*4-150)*1.5", 0, 0]
				},
				"chest_feathers_right": {
					"rotation": [0, 0, 60]
				},
				"chest_feathers_left": {
					"rotation": [0, 0, -60]
				},
				"leg_left": {
					"rotation": ["-2+math.sin(q.anim_time*90*4-30)*2", -17.5, 0],
					"position": ["math.sin(q.anim_time*90*4-30)/36", 0, "-math.sin(q.anim_time*90*4-30)/12"]
				},
				"toe_inner_left": {
					"rotation": [0, -15, 0]
				},
				"toe_outer_left": {
					"rotation": [0, 15, 0]
				},
				"wing_open_right": {
					"rotation": [0, 75, -90],
					"position": [-1, -0.9, -1.7],
					"scale": 0
				},
				"wing_closed_right": {
					"rotation": ["-15-math.sin(q.anim_time*90*4-120)", 0, 0],
					"position": [0, -0.10098, 0.2235]
				},
				"wing_closed_right2": {
					"rotation": ["20-math.sin(q.anim_time*90*4-150)*1.5", 0, 0]
				},
				"leg_right": {
					"rotation": ["-2+math.sin(q.anim_time*90*4-30)*2", 17.5, 0],
					"position": ["-(math.sin(q.anim_time*90*4-30)/36)", 0, "-math.sin(q.anim_time*90*4-30)/12"]
				},
				"toe_inner_right": {
					"rotation": [0, 15, 0]
				},
				"toe_outer_right": {
					"rotation": [0, -15, 0]
				},
				"wing_open_left2": {
					"rotation": [0, -17.5, 0]
				},
				"wing_open_right2": {
					"rotation": [0, 17.5, 0]
				},
				"chest_feathers_middle": {
					"rotation": ["-math.sin(q.anim_time*90*4-150)*8", 0, 0]
				},
				"head_feather": {
					"rotation": ["7.5+math.sin(q.anim_time*90*4-90)*3", 0, 0]
				},
				"head_feather2": {
					"rotation": ["-2.5+math.sin(q.anim_time*90*4-120)*4", 0, 0]
				},
				"foot_left": {
					"rotation": ["2+-math.sin(q.anim_time*90*4-30)*2", 0, 0]
				},
				"foot_right": {
					"rotation": ["2+-math.sin(q.anim_time*90*4-30)*2", 0, 0]
				}
			}
		},
		"animation.rufflet.quirk_ground_idle1": {
			"animation_length": 2,
			"bones": {
				"head": {
					"rotation": {
						"0.0": [0, 0, 0],
						"0.125": {
							"pre": [12.5, 0, 0],
							"post": [12.5, 0, 0],
							"lerp_mode": "catmullrom"
						},
						"0.2917": {
							"post": [-8.44414, 19.03669, -6.14088],
							"lerp_mode": "catmullrom"
						},
						"0.5833": {
							"post": [-8.44414, 19.03669, -6.14088],
							"lerp_mode": "catmullrom"
						},
						"0.75": {
							"post": [4.06, 0, 0],
							"lerp_mode": "catmullrom"
						},
						"0.9167": {
							"post": [-8.44414, -19.03669, 6.14088],
							"lerp_mode": "catmullrom"
						},
						"1.25": {
							"post": [-8.44414, -19.03669, 6.14088],
							"lerp_mode": "catmullrom"
						},
						"1.4583": {
							"post": [-6.72207, -9.51834, 3.07044],
							"lerp_mode": "catmullrom"
						},
						"1.6667": {
							"post": [0, 0, 0],
							"lerp_mode": "catmullrom"
						},
						"2.0": [0, 0, 0]
					},
					"position": {
						"0.0": [0, 0, 0],
						"0.125": {
							"pre": [0, 0, -0.25],
							"post": [0, 0, -0.25],
							"lerp_mode": "catmullrom"
						},
						"0.2917": {
							"post": [0, 0, 0],
							"lerp_mode": "catmullrom"
						},
						"0.5833": {
							"post": [0, 0, 0],
							"lerp_mode": "catmullrom"
						},
						"0.9167": {
							"post": [0, 0, 0],
							"lerp_mode": "catmullrom"
						},
						"1.25": {
							"post": [0, 0, 0],
							"lerp_mode": "catmullrom"
						},
						"1.6667": {
							"post": [0, 0, 0],
							"lerp_mode": "catmullrom"
						},
						"2.0": [0, 0, 0]
					}
				},
				"head_feather": {
					"rotation": {
						"0.0": [0, 0, 0],
						"0.2083": {
							"pre": [0, 0, 25],
							"post": [0, 0, 25],
							"lerp_mode": "catmullrom"
						},
						"0.375": {
							"post": [0, 0, 0],
							"lerp_mode": "catmullrom"
						},
						"0.5417": [0, 0, 0],
						"0.6667": [0, 0, 0],
						"0.8333": {
							"pre": [-0.41812, 4.44769, -31.53975],
							"post": [-0.41812, 4.44769, -31.53975],
							"lerp_mode": "catmullrom"
						},
						"1.0": {
							"post": [0, 0, 0],
							"lerp_mode": "catmullrom"
						},
						"1.1667": [0, 0, 0]
					},
					"position": {
						"0.0": [0, 0, 0],
						"0.375": {
							"pre": [0, 0, 0],
							"post": [0, 0, 0],
							"lerp_mode": "catmullrom"
						},
						"0.5417": [0, 0, 0],
						"1.0": {
							"pre": [0, 0, 0],
							"post": [0, 0, 0],
							"lerp_mode": "catmullrom"
						},
						"1.1667": [0, 0, 0]
					}
				},
				"pupil_left": {
					"position": {
						"0.0": [0, 0, 0],
						"0.2917": {
							"pre": [0, 0, 0],
							"post": [-0.25, 0, 0]
						},
						"0.9167": {
							"pre": [-0.25, 0, 0],
							"post": [0.5, 0, 0]
						},
						"1.6667": {
							"pre": [0.5, 0, 0],
							"post": [0, 0, 0]
						}
					}
				},
				"eyelid_left": {
					"position": {
						"0.0": [0, 0, 0],
						"0.125": {
							"pre": [0, 0, 0],
							"post": [0, 0, -0.1]
						},
						"0.2917": {
							"pre": [0, 0, -0.1],
							"post": [0, 0, 0]
						},
						"0.5833": {
							"pre": [0, 0, 0],
							"post": [0, 0, -0.1]
						},
						"0.9167": {
							"pre": [0, 0, -0.1],
							"post": [0, 0, 0]
						},
						"1.4583": {
							"pre": [0, 0, 0],
							"post": [0, 0, -0.1]
						},
						"1.6667": {
							"pre": [0, 0, -0.1],
							"post": [0, 0, 0]
						}
					}
				},
				"pupil_right": {
					"position": {
						"0.0": [0, 0, 0],
						"0.2917": {
							"pre": [0, 0, 0],
							"post": [-0.5, 0, 0]
						},
						"0.9167": {
							"pre": [-0.5, 0, 0],
							"post": [0.25, 0, 0]
						},
						"1.6667": {
							"pre": [0.25, 0, 0],
							"post": [0, 0, 0]
						}
					}
				},
				"eyelid_right": {
					"position": {
						"0.0": [0, 0, 0],
						"0.125": {
							"pre": [0, 0, 0],
							"post": [0, 0, -0.1]
						},
						"0.2917": {
							"pre": [0, 0, -0.1],
							"post": [0, 0, 0]
						},
						"0.5833": {
							"pre": [0, 0, 0],
							"post": [0, 0, -0.1]
						},
						"0.9167": {
							"pre": [0, 0, -0.1],
							"post": [0, 0, 0]
						},
						"1.4583": {
							"pre": [0, 0, 0],
							"post": [0, 0, -0.1]
						},
						"1.6667": {
							"pre": [0, 0, -0.1],
							"post": [0, 0, 0]
						}
					}
				}
			}
		},
		"animation.rufflet.ground_walk": {
			"loop": true,
			"animation_length": 1,
			"bones": {
				"neck": {
					"rotation": [2.5, 0, "-math.sin(q.anim_time*90*4-60)*12"],
					"position": [0, 0.5, -1]
				},
				"head": {
					"rotation": ["-14.5-math.sin(q.anim_time*90*8-30)", 0, "-math.sin(q.anim_time*90*4)*4"],
					"position": [0, -0.4, "-0.3-math.sin(q.anim_time*90*8-30)/6"]
				},
				"jaw": {
					"rotation": [0, 0, 0]
				},
				"tail": {
					"rotation": ["-11-math.sin(q.anim_time*90*8-60)*5", 0, 0]
				},
				"torso": {
					"rotation": [13, 0, "math.sin(q.anim_time*90*4)*12"],
					"position": [0, "math.sin(q.anim_time*90*8-90)*0.75", 0]
				},
				"wing_open_left": {
					"rotation": [0, -75, 90],
					"position": [1, -0.9, -1.7],
					"scale": 0
				},
				"wing_closed_left": {
					"rotation": [-15, 0, 0],
					"position": [0, -0.10098, 0.2235]
				},
				"wing_closed_left2": {
					"rotation": [20, 0, 0]
				},
				"chest_feathers_right": {
					"rotation": [0, 0, 60]
				},
				"chest_feathers_left": {
					"rotation": [0, 0, -60]
				},
				"leg_left": {
					"rotation": {
						"0.0": [-18.57, -9.64, 0],
						"0.2083": [0, -15, 0],
						"0.4167": {
							"pre": [15, -15, 0],
							"post": [15, -15, 0],
							"lerp_mode": "catmullrom"
						},
						"0.7917": {
							"post": [-24.10158, -13.60519, -0.04641],
							"lerp_mode": "catmullrom"
						},
						"0.9167": [-26, -7.5, 0],
						"1.0": [-18.57, -9.64, 0]
					},
					"position": {
						"0.0": [-0.03, -0.72, -2],
						"0.2083": {
							"pre": [-0.25, 0, 0],
							"post": [-0.25, 0, 0],
							"lerp_mode": "catmullrom"
						},
						"0.4167": {
							"post": [-0.25, 0.5, 0.25],
							"lerp_mode": "catmullrom"
						},
						"0.7917": {
							"post": [-0.25, 1.75, -3.1],
							"lerp_mode": "catmullrom"
						},
						"0.9167": [0.01472, -0.6994, -2.67564],
						"1.0": [-0.03, -0.72, -2]
					}
				},
				"toe_inner_left": {
					"rotation": {
						"0.0": [0, -15, 0],
						"0.2083": [0, -15, 0],
						"0.5": {
							"pre": [30, -20, -10],
							"post": [30, -20, -10],
							"lerp_mode": "catmullrom"
						},
						"0.7917": {
							"post": [0, -20, -10],
							"lerp_mode": "catmullrom"
						},
						"0.9167": [0, -15, 0],
						"1.0": [0, -15, 0]
					},
					"position": {
						"0.0": [0, 0, 0],
						"0.2083": [0, 0, 0],
						"0.5": {
							"pre": [0.25, -0.35, -0.5],
							"post": [0.25, -0.35, -0.5],
							"lerp_mode": "catmullrom"
						},
						"0.7917": {
							"post": [0.25, -0.1, 0],
							"lerp_mode": "catmullrom"
						},
						"0.9167": [0, 0, 0],
						"1.0": [0, 0, 0]
					}
				},
				"toe_outer_left": {
					"rotation": {
						"0.0": [0, 15, 0],
						"0.2083": [0, 15, 0],
						"0.5": {
							"pre": [27.5, 20, 10],
							"post": [27.5, 20, 10],
							"lerp_mode": "catmullrom"
						},
						"0.7917": {
							"post": [0, 20, 10],
							"lerp_mode": "catmullrom"
						},
						"0.9167": [0, 15, 0],
						"1.0": [0, 15, 0]
					},
					"position": {
						"0.0": [0, 0, 0],
						"0.2083": [0, 0, 0],
						"0.5": {
							"pre": [-0.25, -0.375, -0.5],
							"post": [-0.25, -0.375, -0.5],
							"lerp_mode": "catmullrom"
						},
						"0.7917": {
							"post": [-0.25, -0.125, 0],
							"lerp_mode": "catmullrom"
						},
						"0.9167": [0, 0, 0],
						"1.0": [0, 0, 0]
					}
				},
				"wing_open_right": {
					"rotation": [0, 75, -90],
					"position": [-1, -0.9, -1.7],
					"scale": 0
				},
				"wing_closed_right": {
					"rotation": [-15, 0, 0],
					"position": [0, -0.10098, 0.2235]
				},
				"wing_closed_right2": {
					"rotation": [20, 0, 0]
				},
				"leg_right": {
					"rotation": {
						"0.0": {
							"post": [9.23, 14.87, 0.01],
							"lerp_mode": "catmullrom"
						},
						"0.2917": {
							"post": [-24.10158, 13.60519, 0.04641],
							"lerp_mode": "catmullrom"
						},
						"0.4167": [-26, 7.5, 0],
						"0.5": [-18.57, 9.64, 0],
						"0.7083": [0, 15, 0],
						"0.9167": {
							"pre": [15, 15, 0],
							"post": [15, 15, 0],
							"lerp_mode": "catmullrom"
						},
						"1.0": {
							"post": [9.23, 14.87, 0.01],
							"lerp_mode": "catmullrom"
						}
					},
					"position": {
						"0.0": {
							"post": [0.26, 0.8, -0.32],
							"lerp_mode": "catmullrom"
						},
						"0.2917": {
							"post": [0.25, 1.75, -3.1],
							"lerp_mode": "catmullrom"
						},
						"0.4167": [-0.01472, -0.6994, -2.67564],
						"0.5": [0.03, -0.72, -2],
						"0.7083": {
							"pre": [0.25, 0, 0],
							"post": [0.25, 0, 0],
							"lerp_mode": "catmullrom"
						},
						"0.9167": {
							"post": [0.25, 0.5, 0.25],
							"lerp_mode": "catmullrom"
						},
						"1.0": {
							"post": [0.26, 0.8, -0.32],
							"lerp_mode": "catmullrom"
						}
					}
				},
				"toe_inner_right": {
					"rotation": {
						"0.0": {
							"post": [30, 20, 10],
							"lerp_mode": "catmullrom"
						},
						"0.2917": {
							"post": [0, 20, 10],
							"lerp_mode": "catmullrom"
						},
						"0.4167": [0, 15, 0],
						"0.5": [0, 15, 0],
						"0.7083": [0, 15, 0],
						"1.0": {
							"pre": [30, 20, 10],
							"post": [30, 20, 10],
							"lerp_mode": "catmullrom"
						}
					},
					"position": {
						"0.0": {
							"post": [-0.25, -0.35, -0.5],
							"lerp_mode": "catmullrom"
						},
						"0.2917": {
							"post": [-0.25, -0.1, 0],
							"lerp_mode": "catmullrom"
						},
						"0.4167": [0, 0, 0],
						"0.5": [0, 0, 0],
						"0.7083": [0, 0, 0],
						"1.0": {
							"pre": [-0.25, -0.35, -0.5],
							"post": [-0.25, -0.35, -0.5],
							"lerp_mode": "catmullrom"
						}
					}
				},
				"toe_outer_right": {
					"rotation": {
						"0.0": {
							"post": [27.5, -20, -10],
							"lerp_mode": "catmullrom"
						},
						"0.2917": {
							"post": [0, -20, -10],
							"lerp_mode": "catmullrom"
						},
						"0.4167": [0, -15, 0],
						"0.5": [0, -15, 0],
						"0.7083": [0, -15, 0],
						"1.0": {
							"pre": [27.5, -20, -10],
							"post": [27.5, -20, -10],
							"lerp_mode": "catmullrom"
						}
					},
					"position": {
						"0.0": {
							"post": [0.25, -0.375, -0.5],
							"lerp_mode": "catmullrom"
						},
						"0.2917": {
							"post": [0.25, -0.125, 0],
							"lerp_mode": "catmullrom"
						},
						"0.4167": [0, 0, 0],
						"0.5": [0, 0, 0],
						"0.7083": [0, 0, 0],
						"1.0": {
							"pre": [0.25, -0.375, -0.5],
							"post": [0.25, -0.375, -0.5],
							"lerp_mode": "catmullrom"
						}
					}
				},
				"wing_open_left2": {
					"rotation": [0, -17.5, 0]
				},
				"wing_open_right2": {
					"rotation": [0, 17.5, 0]
				},
				"chest_feathers_middle": {
					"rotation": ["-math.sin(q.anim_time*90*8+150)*8", 0, 0]
				},
				"head_feather": {
					"rotation": ["12-math.sin(q.anim_time*90*8+150)*4", 0, 0]
				},
				"head_feather2": {
					"rotation": ["-6-math.sin(q.anim_time*90*8+180)*6", 0, 0]
				},
				"leg_left2": {
					"rotation": {
						"0.0": [0, 0, 0],
						"0.2917": [0, 0, 0],
						"0.4167": {
							"pre": [-12.5, 0, 0],
							"post": [-12.5, 0, 0],
							"lerp_mode": "catmullrom"
						},
						"0.9167": [0, 0, 0],
						"1.0": [0, 0, 0]
					},
					"position": {
						"0.0": [0, 0.25, 0],
						"0.0833": [0, 0, 0],
						"0.4167": [0, 0.48815, 0.10822],
						"0.7917": [0, 0, 0],
						"0.9167": [0, 0.5, 0],
						"1.0": [0, 0.25, 0]
					}
				},
				"foot_left": {
					"rotation": {
						"0.0": [18.57, 0, 0],
						"0.2083": [0, 0, 0],
						"0.5417": {
							"pre": [-3.36127, 0.38198, -3.61279],
							"post": [-3.36127, 0.38198, -3.61279],
							"lerp_mode": "catmullrom"
						},
						"0.7917": {
							"post": [47.49, 0.29, -2.73],
							"lerp_mode": "catmullrom"
						},
						"0.9167": [26, 0, 0],
						"1.0": [18.57, 0, 0]
					},
					"position": {
						"0.0": [0, 0.4, 0],
						"0.0833": [0, 0.4, 0],
						"0.2083": [0, -0.1, 0],
						"0.4167": {
							"pre": [-0.014, 0.24407, 0.19773],
							"post": [-0.014, 0.24407, 0.19773],
							"lerp_mode": "catmullrom"
						},
						"0.7917": {
							"post": [-0.014, -0.00593, -0.05227],
							"lerp_mode": "catmullrom"
						},
						"0.9167": [0, 0, 0],
						"1.0": [0, 0.4, 0]
					}
				},
				"toe_middle_left": {
					"rotation": {
						"0.0": [0, 0, 0],
						"0.2083": [0, 0, 0],
						"0.4167": {
							"pre": [22.5, 0, 0],
							"post": [22.5, 0, 0],
							"lerp_mode": "catmullrom"
						},
						"0.5417": {
							"post": [24.06, 0, 0],
							"lerp_mode": "catmullrom"
						},
						"0.7917": {
							"post": [0, 0, 0],
							"lerp_mode": "catmullrom"
						},
						"0.9167": [0, 0, 0],
						"1.0": [0, 0, 0]
					},
					"position": {
						"0.0": [0, 0, 0],
						"0.2083": [0, 0, 0],
						"0.4167": {
							"pre": [0, 0.06668, -0.23888],
							"post": [0, 0.06668, -0.23888],
							"lerp_mode": "catmullrom"
						},
						"0.7917": {
							"post": [0, 0, 0],
							"lerp_mode": "catmullrom"
						},
						"0.9167": [0, 0, 0],
						"1.0": [0, 0, 0]
					}
				},
				"toe_back_left": {
					"rotation": {
						"0.0": [0, 0, 0],
						"0.2083": [0, 0, 0],
						"0.4167": {
							"pre": [-40, 0, 0],
							"post": [-40, 0, 0],
							"lerp_mode": "catmullrom"
						},
						"0.7917": {
							"post": [-32.5, 0, 2.5],
							"lerp_mode": "catmullrom"
						},
						"0.9167": [0, 0, 0],
						"1.0": [0, 0, 0]
					}
				},
				"leg_right2": {
					"rotation": {
						"0.0": {
							"post": [-11.72, 0, 0],
							"lerp_mode": "catmullrom"
						},
						"0.4167": [0, 0, 0],
						"0.5": [0, 0, 0],
						"0.7917": [0, 0, 0],
						"0.9167": {
							"pre": [-12.5, 0, 0],
							"post": [-12.5, 0, 0],
							"lerp_mode": "catmullrom"
						},
						"1.0": {
							"post": [-11.72, 0, 0],
							"lerp_mode": "catmullrom"
						}
					},
					"position": {
						"0.0": [0, 0.38, 0.08],
						"0.2917": [0, 0, 0],
						"0.4167": [0, 0.5, 0],
						"0.5": [0, 0.25, 0],
						"0.5833": [0, 0, 0],
						"0.9167": [0, 0.48815, 0.10822],
						"1.0": [0, 0.38, 0.08]
					}
				},
				"foot_right": {
					"rotation": {
						"0.0": {
							"post": [-5.64, -0.35, 3.35],
							"lerp_mode": "catmullrom"
						},
						"0.0417": {
							"post": [-3.36127, -0.38198, 3.61279],
							"lerp_mode": "catmullrom"
						},
						"0.2917": {
							"post": [47.49, -0.29, 2.73],
							"lerp_mode": "catmullrom"
						},
						"0.4167": [26, 0, 0],
						"0.5": [18.57, 0, 0],
						"0.7083": [0, 0, 0],
						"1.0": {
							"pre": [-5.64, -0.35, 3.35],
							"post": [-5.64, -0.35, 3.35],
							"lerp_mode": "catmullrom"
						}
					},
					"position": {
						"0.0": {
							"post": [0.02, 0.22, 0.17],
							"lerp_mode": "catmullrom"
						},
						"0.2917": {
							"post": [0.014, -0.00593, -0.05227],
							"lerp_mode": "catmullrom"
						},
						"0.4167": [0, 0, 0],
						"0.5": [0, 0.4, 0],
						"0.5833": [0, 0.4, 0],
						"0.7083": [0, -0.1, 0],
						"0.9167": {
							"pre": [0.014, 0.24407, 0.19773],
							"post": [0.014, 0.24407, 0.19773],
							"lerp_mode": "catmullrom"
						},
						"1.0": {
							"post": [0.02, 0.22, 0.17],
							"lerp_mode": "catmullrom"
						}
					}
				},
				"toe_middle_right": {
					"rotation": {
						"0.0": {
							"post": [26.21, 0, 0],
							"lerp_mode": "catmullrom"
						},
						"0.0417": {
							"post": [24.06, 0, 0],
							"lerp_mode": "catmullrom"
						},
						"0.2917": {
							"post": [0, 0, 0],
							"lerp_mode": "catmullrom"
						},
						"0.4167": [0, 0, 0],
						"0.5": [0, 0, 0],
						"0.7083": [0, 0, 0],
						"0.9167": {
							"pre": [22.5, 0, 0],
							"post": [22.5, 0, 0],
							"lerp_mode": "catmullrom"
						},
						"1.0": {
							"post": [26.21, 0, 0],
							"lerp_mode": "catmullrom"
						}
					},
					"position": {
						"0.0": {
							"post": [0, 0.06, -0.21],
							"lerp_mode": "catmullrom"
						},
						"0.2917": {
							"post": [0, 0, 0],
							"lerp_mode": "catmullrom"
						},
						"0.4167": [0, 0, 0],
						"0.5": [0, 0, 0],
						"0.7083": [0, 0, 0],
						"0.9167": {
							"pre": [0, 0.06668, -0.23888],
							"post": [0, 0.06668, -0.23888],
							"lerp_mode": "catmullrom"
						},
						"1.0": {
							"post": [0, 0.06, -0.21],
							"lerp_mode": "catmullrom"
						}
					}
				},
				"toe_back_right": {
					"rotation": {
						"0.0": {
							"post": [-42.01, 0, -0.48],
							"lerp_mode": "catmullrom"
						},
						"0.2917": {
							"post": [-32.5, 0, -2.5],
							"lerp_mode": "catmullrom"
						},
						"0.4167": [0, 0, 0],
						"0.5": [0, 0, 0],
						"0.7083": [0, 0, 0],
						"0.9167": {
							"pre": [-40, 0, 0],
							"post": [-40, 0, 0],
							"lerp_mode": "catmullrom"
						},
						"1.0": {
							"post": [-42.01, 0, -0.48],
							"lerp_mode": "catmullrom"
						}
					}
				}
			}
		},
		"animation.rufflet.air_idle": {
			"loop": true,
			"animation_length": 1.5,
			"bones": {
				"torso": {
					"rotation": ["-5-math.sin(q.anim_time*90*16/3)*2", 0, 0],
					"position": [0, 0, 0]
				},
				"tail": {
					"rotation": ["-15-math.sin(q.anim_time*90*16/3-100)*4", 0, 0]
				},
				"wing_closed_left": {
					"rotation": [-90, 0, -90],
					"position": [2, -0.5, 0],
					"scale": 0
				},
				"wing_closed_right": {
					"rotation": [-90, 0, 90],
					"position": [-2, -0.5, 0],
					"scale": 0
				},
				"wing_open_left": {
					"rotation": ["math.cos(q.anim_time*90*16/3-30)*12", "22.5+math.cos(q.anim_time*90*16/3-40)*4", "math.sin(q.anim_time*90*16/3-40)*48"],
					"position": [0, "-math.sin(q.anim_time*90*16/3-40)/2", "-math.sin(q.anim_time*90*16/3-40)/8"]
				},
				"wing_open_left2": {
					"rotation": {
						"0.0": [0, "-25-math.clamp((math.sin(q.anim_time*90*6-120)*20),0,50)", "math.sin(q.anim_time*90*6-90)*8"],
						"0.8333": {
							"pre": [0, "-38-math.clamp((math.sin(q.anim_time*90*16/3-120)*20),0,50)", "math.sin(q.anim_time*90*16/3-90)*8"],
							"post": [0, "-38-math.clamp((math.sin(q.anim_time*90*16/3-120)*20),0,50)", "math.sin(q.anim_time*90*16/3-90)*8"],
							"lerp_mode": "catmullrom"
						},
						"1.0": [0, "-31.1-math.clamp((math.sin(q.anim_time*90*16/3-120)*20),0,50)", "math.sin(q.anim_time*90*16/3-90)*8"],
						"1.5": [0, "-25-math.clamp((math.sin(q.anim_time*90*6-120)*20),0,50)", "math.sin(q.anim_time*90*6-90)*8"]
					}
				},
				"wing_open_right": {
					"rotation": ["-math.cos(q.anim_time*90*16/3-30)*-12", "-22.5-math.cos(q.anim_time*90*16/3-40)*4", "-(math.sin(q.anim_time*90*16/3-40)*48)"],
					"position": [0, "-math.sin(q.anim_time*90*16/3-40)/2", "-math.sin(q.anim_time*90*16/3-40)/8"]
				},
				"wing_open_right2": {
					"rotation": {
						"0.0": [0, "25+math.clamp((math.sin(q.anim_time*90*16/3-120)*20),0,50)", "-(math.sin(q.anim_time*90*16/3-90)*8)"],
						"0.8333": {
							"pre": [0, "38+math.clamp((math.sin(q.anim_time*90*16/3-120)*20),0,50)", "-(math.sin(q.anim_time*90*16/3-90)*8)"],
							"post": [0, "38+math.clamp((math.sin(q.anim_time*90*16/3-120)*20),0,50)", "-(math.sin(q.anim_time*90*16/3-90)*8)"],
							"lerp_mode": "catmullrom"
						},
						"1.0": [0, "31.1+math.clamp((math.sin(q.anim_time*90*16/3-120)*20),0,50)", "-(math.sin(q.anim_time*90*16/3-90)*8)"],
						"1.5": [0, "25-math.clamp((math.sin(q.anim_time*90*6-120)*20),0,50)", "-(math.sin(q.anim_time*90*6-90)*8)"]
					}
				},
				"head": {
					"rotation": ["5-math.sin(q.anim_time*90*16/3-30)*2", 0, 0]
				},
				"leg_left": {
					"rotation": ["-41.9194421301+math.sin(q.anim_time*90*16/3-60)*8", -20.061, -0.67551],
					"position": [-0.35, 0, -0.5]
				},
				"foot_left": {
					"rotation": [20, 0, 0]
				},
				"toe_middle_left": {
					"rotation": ["20+math.sin(q.anim_time*90*16/3-90)*8", 0, 0]
				},
				"talon_middle_left": {
					"rotation": [25, 0, 0]
				},
				"toe_back_left": {
					"rotation": [-25, 0, 0]
				},
				"talon_back_left": {
					"rotation": [-15, 0, 0]
				},
				"toe_inner_left": {
					"rotation": ["22.5+math.sin(q.anim_time*90*16/3-90)*8", 0, 0],
					"position": [0, -0.3, 0]
				},
				"talon_inner_left": {
					"rotation": [25, 0, 0]
				},
				"toe_outer_left": {
					"rotation": ["22.5+math.sin(q.anim_time*90*16/3-90)*8", 0, 0],
					"position": [0, -0.3, 0]
				},
				"talon_outer_left": {
					"rotation": [25, 0, 0]
				},
				"leg_right": {
					"rotation": ["-41.9194421301+math.sin(q.anim_time*90*16/3-60)*8", 20.061, 0.67551],
					"position": [0.35, 0, -0.5]
				},
				"foot_right": {
					"rotation": [20, 0, 0]
				},
				"toe_middle_right": {
					"rotation": ["20+math.sin(q.anim_time*90*16/3-90)*8", 0, 0]
				},
				"talon_middle_right": {
					"rotation": [25, 0, 0]
				},
				"toe_back_right": {
					"rotation": [-25, 0, 0]
				},
				"talon_back_right": {
					"rotation": [-15, 0, 0]
				},
				"toe_inner_right": {
					"rotation": ["22.5+math.sin(q.anim_time*90*16/3-90)*8", 0, 0],
					"position": [0, -0.3, 0]
				},
				"talon_inner_right": {
					"rotation": [25, 0, 0]
				},
				"toe_outer_right": {
					"rotation": ["22.5+math.sin(q.anim_time*90*16/3-90)*8", 0, 0],
					"position": [0, -0.3, 0]
				},
				"talon_outer_right": {
					"rotation": [25, 0, 0]
				},
				"body": {
					"position": [0, "math.sin(q.anim_time*90*16/3-90)", 0]
				},
				"chest_feathers_middle": {
					"rotation": ["math.sin(q.anim_time*90*16/3-100)*16", 0, 0]
				},
				"chest_feathers_left": {
					"rotation": [0, 0, "-85+math.sin(q.anim_time*90*16/3-30)*24"]
				},
				"chest_feathers_right": {
					"rotation": [0, 0, "85-math.sin(q.anim_time*90*16/3-30)*24"]
				},
				"wing_open_left3": {
					"rotation": [0, 0, "math.sin(q.anim_time*90*16/3-120)*24"]
				},
				"wing_open_left4": {
					"rotation": [0, 0, "math.sin(q.anim_time*90*16/3-150)*36"]
				},
				"wing_open_right3": {
					"rotation": [0, 0, "-(math.sin(q.anim_time*90*16/3-120)*24)"]
				},
				"wing_open_right4": {
					"rotation": [0, 0, "-(math.sin(q.anim_time*90*16/3-150)*36)"]
				},
				"head_feather": {
					"rotation": ["12.5-math.sin(q.anim_time*90*16/3-90)*8", 0, 0]
				},
				"head_feather2": {
					"rotation": ["-math.sin(q.anim_time*90*16/3-150)*8", 0, 0]
				}
			}
		},
		"animation.rufflet.air_fly": {
			"loop": true,
			"animation_length": 1,
			"bones": {
				"torso": {
					"rotation": ["17.5-math.sin(q.anim_time*90*4)*2", 0, 0],
					"position": [0, 0, 0]
				},
				"tail": {
					"rotation": ["-22.5-math.sin(q.anim_time*90*8-100)*4", 0, 0]
				},
				"wing_closed_left": {
					"rotation": [-90, 0, -90],
					"position": [2, -0.5, 0],
					"scale": 0
				},
				"wing_closed_right": {
					"rotation": [-90, 0, 90],
					"position": [-2, -0.5, 0],
					"scale": 0
				},
				"wing_open_left": {
					"rotation": ["-12.5+math.cos(q.anim_time*90*8)*16", "22.5+math.cos(q.anim_time*90*8-40)*12", "math.sin(q.anim_time*90*8-40)*48"],
					"position": [0, "-0.4-math.sin(q.anim_time*90*8-40)/2", "-math.sin(q.anim_time*90*8-40)/8"]
				},
				"wing_open_left2": {
					"rotation": [0, "-25-math.clamp((math.sin(q.anim_time*90*8-150)*50),0,50)", "math.sin(q.anim_time*90*8-90)*8"]
				},
				"wing_open_right": {
					"rotation": ["-12.5+math.cos(q.anim_time*90*8)*16", "-22.5-math.cos(q.anim_time*90*8-40)*12", "-(math.sin(q.anim_time*90*8-40)*48)"],
					"position": [0, "-0.4-math.sin(q.anim_time*90*8-40)/2", "-math.sin(q.anim_time*90*8-40)/8"]
				},
				"wing_open_right2": {
					"rotation": [0, "25+math.clamp((math.sin(q.anim_time*90*8-150)*50),0,50)", "-(math.sin(q.anim_time*90*8-90)*8)"]
				},
				"head": {
					"rotation": ["-10-math.sin(q.anim_time*90*8-30)*2", 0, 0]
				},
				"leg_left": {
					"rotation": ["0.405+math.sin(q.anim_time*90*8-60)*4", -5.06198, -0.637],
					"position": [-0.35, 2, -0.25]
				},
				"foot_left": {
					"rotation": [17.5, 0, 0]
				},
				"toe_middle_left": {
					"rotation": ["97.5+math.sin(q.anim_time*90*8-90)*4", 0, 0],
					"position": [0, 1.25, 0]
				},
				"talon_middle_left": {
					"rotation": [25, 0, 0]
				},
				"toe_back_left": {
					"rotation": [-45, 0, 0]
				},
				"talon_back_left": {
					"rotation": [-15, 0, 0]
				},
				"toe_inner_left": {
					"rotation": ["100+math.sin(q.anim_time*90*8-90)*4", -25, 0],
					"position": [0.4, -0.3, -0.1]
				},
				"talon_inner_left": {
					"rotation": [25, 0, 0]
				},
				"toe_outer_left": {
					"rotation": ["97.5+math.sin(q.anim_time*90*8-90)*4", 25, 0],
					"position": [-0.4, -0.3, -0.25]
				},
				"talon_outer_left": {
					"rotation": [25, 0, 0]
				},
				"leg_right": {
					"rotation": ["0.405+math.sin(q.anim_time*90*8-60)*4", 5.06198, 0.637],
					"position": [0.35, 2, -0.25]
				},
				"foot_right": {
					"rotation": [17.5, 0, 0]
				},
				"toe_middle_right": {
					"rotation": ["97.5+math.sin(q.anim_time*90*8-90)*4", 0, 0],
					"position": [0, 1.25, 0]
				},
				"talon_middle_right": {
					"rotation": [25, 0, 0]
				},
				"toe_back_right": {
					"rotation": [-45, 0, 0]
				},
				"talon_back_right": {
					"rotation": [-15, 0, 0]
				},
				"toe_inner_right": {
					"rotation": ["100+math.sin(q.anim_time*90*8-90)*4", 25, 0],
					"position": [-0.4, -0.3, -0.1]
				},
				"talon_inner_right": {
					"rotation": [25, 0, 0]
				},
				"toe_outer_right": {
					"rotation": ["97.5+math.sin(q.anim_time*90*8-90)*4", -25, 0],
					"position": [0.4, -0.3, -0.25]
				},
				"talon_outer_right": {
					"rotation": [25, 0, 0]
				},
				"body": {
					"rotation": [12.5, 0, 0],
					"position": [0, "1.5+math.sin(q.anim_time*90*8-90)", 0.5]
				},
				"chest_feathers_middle": {
					"rotation": ["math.sin(q.anim_time*90*8-100)*16", 0, 0]
				},
				"chest_feathers_left": {
					"rotation": [0, 0, "-100+math.sin(q.anim_time*90*8-30)*24"]
				},
				"chest_feathers_right": {
					"rotation": [0, 0, "100-math.sin(q.anim_time*90*8-30)*24"]
				},
				"wing_open_left3": {
					"rotation": [0, 0, "math.sin(q.anim_time*90*8-120)*36"]
				},
				"wing_open_left4": {
					"rotation": [0, 0, "math.sin(q.anim_time*90*8-150)*36"]
				},
				"wing_open_right3": {
					"rotation": [0, 0, "-(math.sin(q.anim_time*90*8-120)*36)"]
				},
				"wing_open_right4": {
					"rotation": [0, 0, "-(math.sin(q.anim_time*90*8-150)*36)"]
				},
				"head_feather": {
					"rotation": ["12.5-math.sin(q.anim_time*90*8-90)*4", 0, 0]
				},
				"head_feather2": {
					"rotation": ["-10-math.sin(q.anim_time*90*8-150)*6", 0, 0]
				},
				"neck": {
					"rotation": [-12.5, 0, 0],
					"position": [0, 0, -0.75]
				},
				"leg_left2": {
					"position": [0, 0.5, 0]
				},
				"leg_right2": {
					"position": [0, 0.5, 0]
				}
			}
		},
		"animation.rufflet.sleep": {
			"loop": true,
			"bones": {
				"torso": {
					"rotation": ["-10-math.sin(q.anim_time*90-90)", 0, 0],
					"position": [0, "-2.5+math.sin(q.anim_time*90)/4", 1]
				},
				"chest_feathers_middle": {
					"rotation": ["-math.sin(q.anim_time*90-180)*4", 0, 0]
				},
				"wing_closed_left": {
					"rotation": ["12.5-math.sin(q.anim_time*90-150)*2", 0, 0]
				},
				"wing_closed_left2": {
					"rotation": ["17.5-math.sin(q.anim_time*90-180)*4", 0, 0]
				},
				"wing_closed_right": {
					"rotation": ["12.5-math.sin(q.anim_time*90-150)*2", 0, 0]
				},
				"wing_closed_right2": {
					"rotation": ["17.5-math.sin(q.anim_time*90-180)*4", 0, 0]
				},
				"wing_open_left": {
					"scale": 0
				},
				"wing_open_right": {
					"scale": 0
				},
				"neck": {
					"rotation": [20, 0, 0]
				},
				"head": {
					"rotation": ["-2.5-math.sin(q.anim_time*90-150)*2", -12.5, 0],
					"position": [0, 0.25, -0.5]
				},
				"head_feather": {
					"rotation": ["-math.sin(q.anim_time*90-180)", 0, 0]
				},
				"head_feather2": {
					"rotation": ["-math.sin(q.anim_time*90-210)*2", 0, 0]
				},
				"eyelid_left": {
					"position": [0, 0, -0.1]
				},
				"eyelid_right": {
					"position": [0, 0, -0.1]
				},
				"leg_left": {
					"position": [0, -0.75, 0]
				},
				"leg_left2": {
					"position": [0, 0.75, 0]
				},
				"leg_right": {
					"position": [0, -0.75, 0]
				},
				"leg_right2": {
					"position": [0, 0.75, 0]
				}
			}
		},
		"animation.rufflet.recoil": {
			"animation_length": 1,
			"bones": {
				"torso": {
					"rotation": {
						"0.0": [0, 0, 0],
						"0.0833": [-7.5, 0, 0],
						"0.625": {
							"pre": [0, 0, 0],
							"post": [0, 0, 0],
							"lerp_mode": "catmullrom"
						},
						"1.0": [0, 0, 0]
					},
					"position": {
						"0.0": [0, 0, 0],
						"0.0833": [0, 0, 0.5],
						"0.625": {
							"pre": [0, 0, 0],
							"post": [0, 0, 0],
							"lerp_mode": "catmullrom"
						},
						"1.0": [0, 0, 0]
					}
				},
				"neck": {
					"rotation": {
						"0.0": [0, 0, 0],
						"0.2083": {
							"pre": [-15, 0, 0],
							"post": [-15, 0, 0],
							"lerp_mode": "catmullrom"
						},
						"0.625": {
							"post": [0, 0, 0],
							"lerp_mode": "catmullrom"
						},
						"1.0": [0, 0, 0]
					}
				},
				"head": {
					"rotation": {
						"0.0": [0, 0, 0],
						"0.0833": [15, 0, 0],
						"0.2083": {
							"pre": [-2.5, 0, 0],
							"post": [-2.5, 0, 0],
							"lerp_mode": "catmullrom"
						},
						"0.4167": {
							"post": [-9.84, 0, 0],
							"lerp_mode": "catmullrom"
						},
						"0.625": {
							"post": [0, 0, 0],
							"lerp_mode": "catmullrom"
						},
						"1.0": [0, 0, 0]
					},
					"position": {
						"0.0": [0, 0, 0],
						"0.2083": {
							"pre": [0, 0, 0.5],
							"post": [0, 0, 0.5],
							"lerp_mode": "catmullrom"
						},
						"0.625": {
							"post": [0, 0, 0],
							"lerp_mode": "catmullrom"
						},
						"1.0": [0, 0, 0]
					}
				},
				"eyelid_left": {
					"position": {
						"0.0": [0, 0, -0.1],
						"0.4167": {
							"pre": [0, 0, -0.1],
							"post": [0, 0, 0]
						}
					}
				},
				"eyelid_right": {
					"position": {
						"0.0": [0, 0, -0.1],
						"0.4167": {
							"pre": [0, 0, -0.1],
							"post": [0, 0, 0]
						}
					}
				}
			}
		},
		"animation.rufflet.cry": {
			"animation_length": 0.7917,
			"bones": {
				"neck": {
					"rotation": {
						"0.0": {
							"post": [0, 0, 0],
							"lerp_mode": "catmullrom"
						},
						"0.0833": {
							"post": [-10, 0, 0],
							"lerp_mode": "catmullrom"
						},
						"0.1667": {
							"post": [2.5, 0, 0],
							"lerp_mode": "catmullrom"
						},
						"0.25": {
							"post": [0, 0, 0],
							"lerp_mode": "catmullrom"
						},
						"0.375": {
							"post": [0, 0, 0],
							"lerp_mode": "catmullrom"
						}
					},
					"position": {
						"0.0": {
							"post": [0, 0, 0],
							"lerp_mode": "catmullrom"
						},
						"0.375": {
							"post": [0, 0, 0],
							"lerp_mode": "catmullrom"
						}
					}
				},
				"head": {
					"rotation": {
						"0.0": {
							"post": [0, 0, 0],
							"lerp_mode": "catmullrom"
						},
						"0.0833": {
							"post": [5, 0, 0],
							"lerp_mode": "catmullrom"
						},
						"0.1667": {
							"post": [-2.94, 0, 0],
							"lerp_mode": "catmullrom"
						},
						"0.375": {
							"post": [0, 0, 0],
							"lerp_mode": "catmullrom"
						}
					},
					"position": {
						"0.0": {
							"post": [0, 0, 0],
							"lerp_mode": "catmullrom"
						},
						"0.375": {
							"post": [0, 0, 0],
							"lerp_mode": "catmullrom"
						}
					}
				},
				"jaw": {
					"rotation": {
						"0.0": {
							"post": [0, 0, 0],
							"lerp_mode": "catmullrom"
						},
						"0.0833": {
							"post": [45, 0, 0],
							"lerp_mode": "catmullrom"
						},
						"0.1667": {
							"post": [0, 0, 0],
							"lerp_mode": "catmullrom"
						},
						"0.25": {
							"post": [47.5, 0, 0],
							"lerp_mode": "catmullrom"
						},
						"0.375": {
							"post": [0, 0, 0],
							"lerp_mode": "catmullrom"
						}
					},
					"position": {
						"0.0": {
							"post": [0, 0, 0],
							"lerp_mode": "catmullrom"
						},
						"0.375": {
							"post": [0, 0, 0],
							"lerp_mode": "catmullrom"
						}
					}
				},
				"torso": {
					"rotation": {
						"0.0": [0, 0, 0],
						"0.0833": {
							"pre": [-2.5, 0, 0],
							"post": [-2.5, 0, 0],
							"lerp_mode": "catmullrom"
						},
						"0.2083": {
							"post": [0, 0, 0],
							"lerp_mode": "catmullrom"
						},
						"0.2917": {
							"post": [-2.5, 0, 0],
							"lerp_mode": "catmullrom"
						},
						"0.4583": {
							"post": [-0.56, 0, 0],
							"lerp_mode": "catmullrom"
						},
						"0.7917": [0, 0, 0]
					}
				},
				"head_feather": {
					"rotation": {
						"0.0": [0, 0, 0],
						"0.0833": {
							"pre": [7.5, 0, 0],
							"post": [7.5, 0, 0],
							"lerp_mode": "catmullrom"
						},
						"0.1667": {
							"post": [-5, 0, 0],
							"lerp_mode": "catmullrom"
						},
						"0.2917": {
							"post": [2, 0, 0],
							"lerp_mode": "catmullrom"
						},
						"0.4583": {
							"post": [0, 0, 0],
							"lerp_mode": "catmullrom"
						},
						"0.6667": [0, 0, 0]
					}
				},
				"head_feather2": {
					"rotation": {
						"0.0": [0, 0, 0],
						"0.125": {
							"pre": [-7.5, 0, 0],
							"post": [-7.5, 0, 0],
							"lerp_mode": "catmullrom"
						},
						"0.2083": {
							"post": [2.5, 0, 0],
							"lerp_mode": "catmullrom"
						},
						"0.3333": {
							"post": [-12.5, 0, 0],
							"lerp_mode": "catmullrom"
						},
						"0.5": {
							"post": [-2.1, 0, 0],
							"lerp_mode": "catmullrom"
						},
						"0.75": [0, 0, 0]
					}
				}
			},
			"sound_effects": {
				"0.0833": {
					"effect": "pokemon.rufflet.cry"
				}
			}
		},
		"animation.rufflet.blink": {
			"animation_length": 0.1667,
			"bones": {
				"eyelid_left": {
					"position": {
						"0.0": [0, 0, -0.1],
						"0.125": {
							"pre": [0, 0, -0.1],
							"post": [0, 0, -0.1]
						},
						"0.1667": {
							"pre": [0, 0, -0.1],
							"post": [0, 0, 0]
						}
					}
				},
				"eyelid_right": {
					"position": {
						"0.0": [0, 0, -0.1],
						"0.125": {
							"pre": [0, 0, -0.1],
							"post": [0, 0, -0.1]
						},
						"0.1667": {
							"pre": [0, 0, -0.1],
							"post": [0, 0, 0]
						}
					}
				}
			}
		},
		"animation.rufflet.walkspeedtest": {
			"loop": true,
			"bones": {
				"rufflet": {
					"position": [0, 0, "47-q.anim_time*90*0.14"]
				}
			}
		},
		"animation.rufflet.scaletest": {
			"loop": true,
			"bones": {
				"rufflet": {
					"scale": 0.75
				}
			}
		}
	}
}