{
	"format_version": "1.8.0",
	"animations": {
		"animation.dragonair.ground_idle": {
			"loop": true,
			"animation_length": 4,
			"bones": {
				"body": {
					"position": [0, "math.sin(q.anim_time*90*1+60)*-0.5", "math.sin(q.anim_time*90*1+60)*-0.4"]
				},
				"neck3": {
					"rotation": ["-10+math.sin(q.anim_time*90*1-150)*3", -7.5, 0]
				},
				"gem": {
					"rotation": [-15, 0, 0]
				},
				"head": {
					"rotation": ["17+math.sin(q.anim_time*90*1-120)*-2+math.sin(q.anim_time*90*1)*-6", 0.05179, 0.04188]
				},
				"neck2": {
					"rotation": ["-15+math.sin(q.anim_time*90*1-60)*5", -4.9407, 0.54193]
				},
				"neck": {
					"rotation": ["12.5+math.sin(q.anim_time*90*1)*4", 12.5, 0],
					"position": [0.2, 0, 0.8]
				},
				"segment1": {
					"rotation": ["47.547+math.sin(q.anim_time*90*1+60)*5", 12, 0.34277]
				},
				"segment2": {
					"rotation": ["37.8179+math.sin(q.anim_time*90*1+60)*-5", -5.78965, 2.36827]
				},
				"segment3": {
					"rotation": [3.74777, -2.73501, "24+math.sin(q.anim_time*90*1+30)*1"],
					"position": [0, 0, 0.2]
				},
				"segment4": {
					"rotation": [-1.36519, 0.54554, "32+math.sin(q.anim_time*90*1)*2"],
					"position": [0, 0, 0]
				},
				"segment5": {
					"rotation": [-0.65081, -3.98475, "37+math.sin(q.anim_time*90*1-60)*3"],
					"position": [0, 0, 0]
				},
				"segment6": {
					"rotation": ["17+math.sin(q.anim_time*90*1)*-4", -0.87703, "20+math.sin(q.anim_time*90*1-120)*10"]
				},
				"segment7": {
					"rotation": ["25+math.sin(q.anim_time*90*1-40)*-7", -0.85406, "10+math.sin(q.anim_time*90*1-150)*15"]
				},
				"segment8": {
					"rotation": ["16+math.sin(q.anim_time*90*1-80)*-12", 1.70246, "15+math.sin(q.anim_time*90*1-180)*25"]
				},
				"mouth": {
					"position": [0, 0, 0]
				},
				"wing_left": {
					"rotation": ["math.sin(q.anim_time*90*1-150)*5", "math.sin(q.anim_time*90*1-30)*-3", 0]
				},
				"wing_right": {
					"rotation": ["math.sin(q.anim_time*90*1-150)*5", "math.sin(q.anim_time*90*1-30)*3", 0]
				},
				"gem_tail1": {
					"position": [0, -1, 0]
				},
				"gem_tail2": {
					"position": [0, -1, 0]
				}
			}
		},
		"animation.dragonair.ground_walk": {
			"loop": true,
			"animation_length": 4,
			"bones": {
				"body": {
					"rotation": [0, "math.sin(q.anim_time*90*2)*15", 0],
					"position": ["math.sin(q.anim_time*90*2-90)*-4", 0, 0]
				},
				"neck3": {
					"rotation": ["-7.5+math.sin(q.anim_time*90*4-90)*-3", 0, "math.sin(q.anim_time*90*2-90)*3"]
				},
				"gem": {
					"rotation": [-15, 0, 0]
				},
				"head": {
					"rotation": ["-12.5+math.sin(q.anim_time*90*4-30)*1", "math.sin(q.anim_time*90*2-30)*-20", "math.sin(q.anim_time*90*2-90)*-3"]
				},
				"neck2": {
					"rotation": ["-15+math.sin(q.anim_time*90*4-60)*-2", 0, "math.sin(q.anim_time*90*2-30)*-4"]
				},
				"neck": {
					"rotation": ["40+math.sin(q.anim_time*90*4-30)*3", 0, "math.sin(q.anim_time*90*2-90)*8"]
				},
				"segment1": {
					"rotation": [55, 0, "math.sin(q.anim_time*90*2-60)*6"]
				},
				"segment2": {
					"rotation": [28, 0, "math.sin(q.anim_time*90*2-60)*-6"],
					"position": ["math.sin(q.anim_time*90*2-60)*0.3", 0.5, 0]
				},
				"segment3": {
					"rotation": [3.24777, 0, "math.sin(q.anim_time*90*2-130)*-10"]
				},
				"segment4": {
					"rotation": [0.63481, 0, "math.sin(q.anim_time*90*2-160)*-14"]
				},
				"segment5": {
					"rotation": ["math.sin(q.anim_time*90*4-12)*-1-1", 0, "math.sin(q.anim_time*90*2-170)*-18"]
				},
				"segment6": {
					"rotation": ["17+math.sin(q.anim_time*90*4-30)*-3", 0, "math.sin(q.anim_time*90*2-230)*-22"]
				},
				"segment7": {
					"rotation": ["10+math.sin(q.anim_time*90*4-90)*-5", 0, "math.sin(q.anim_time*90*2-270)*-26"]
				},
				"segment8": {
					"rotation": ["math.sin(q.anim_time*90*4-90)*-8", 0, "math.sin(q.anim_time*90*2-310)*-30"]
				},
				"mouth": {
					"position": [0, 0, 0]
				},
				"wing_left": {
					"rotation": ["-10+math.sin(q.anim_time*90*4-180)*4", "math.sin(q.anim_time*90*2-60)*7", "math.sin(q.anim_time*90*2-60)*3-2"]
				},
				"wing_right": {
					"rotation": ["-10+math.sin(q.anim_time*90*4-180)*4", "math.sin(q.anim_time*90*2-60)*7", "math.sin(q.anim_time*90*2-60)*3-2"]
				},
				"gem_tail1": {
					"position": [0, -1, 0]
				},
				"gem_tail2": {
					"position": [0, -1, 0]
				}
			}
		},
		"animation.dragonair.ground_run": {
			"loop": true,
			"animation_length": 4,
			"bones": {
				"body": {
					"rotation": [0, "math.sin(q.anim_time*90*4)*15", 0],
					"position": ["math.sin(q.anim_time*90*4-90)*-4", -2, 0]
				},
				"neck3": {
					"rotation": ["-15+math.sin(q.anim_time*90*8-90)*-3", 0, "0+math.sin(q.anim_time*90*4-90)*3"]
				},
				"gem": {
					"rotation": [-15, 0, 0]
				},
				"head": {
					"rotation": ["-12.5+math.sin(q.anim_time*90*8-30)*1", "math.sin(q.anim_time*90*4-30)*-20", "math.sin(q.anim_time*90*4-90)*-3"]
				},
				"neck2": {
					"rotation": ["-10+math.sin(q.anim_time*90*8-60)*-2", 0, "math.sin(q.anim_time*90*4-30)*-4"]
				},
				"neck": {
					"rotation": ["55+math.sin(q.anim_time*90*8-30)*3", 0, "math.sin(q.anim_time*90*4-90)*8"]
				},
				"segment1": {
					"rotation": [67.5, 0, "0+math.sin(q.anim_time*90*4-60)*6"]
				},
				"segment2": {
					"rotation": [19.5, 0, "math.sin(q.anim_time*90*4-60)*-6"],
					"position": ["math.sin(q.anim_time*90*4-60)*0.3", 0.5, 0]
				},
				"segment3": {
					"rotation": [0.74777, 0, "math.sin(q.anim_time*90*4-130)*-10"]
				},
				"segment4": {
					"rotation": [0.63481, 0, "math.sin(q.anim_time*90*4-160)*-14"]
				},
				"segment5": {
					"rotation": ["math.sin(q.anim_time*90*8-12)*-1-1", 0, "math.sin(q.anim_time*90*4-170)*-18"]
				},
				"segment6": {
					"rotation": ["17+math.sin(q.anim_time*90*8-30)*-3", 0, "math.sin(q.anim_time*90*4-230)*-22"]
				},
				"segment7": {
					"rotation": ["10+math.sin(q.anim_time*90*8-90)*-5", 0, "math.sin(q.anim_time*90*4-270)*-26"]
				},
				"segment8": {
					"rotation": ["math.sin(q.anim_time*90*8-90)*-8", 0, "math.sin(q.anim_time*90*4-310)*-30"]
				},
				"mouth": {
					"position": [0, 0, 0]
				},
				"wing_left": {
					"rotation": ["-24.7083+math.sin(q.anim_time*90*8-180)*4", "0.8369+math.sin(q.anim_time*90*4-60)*9", "-(math.sin(q.anim_time*90*4-60)*3+5.7731)"]
				},
				"wing_right": {
					"rotation": ["-24.7083+math.sin(q.anim_time*90*8-180)*4", "-0.8369+math.sin(q.anim_time*90*4-60)*9", "math.sin(q.anim_time*90*4-60)*3+5.7731"]
				},
				"gem_tail1": {
					"position": [0, -1, 0]
				},
				"gem_tail2": {
					"position": [0, -1, 0]
				},
				"head2": {
					"rotation": [-10, 0, 0],
					"position": [0, 0, 0.6]
				}
			}
		},
		"animation.dragonair.battle_idle": {
			"loop": true,
			"animation_length": 4,
			"bones": {
				"body": {
					"position": [0, "2.75+math.sin(q.anim_time*90*1+60)*-0.5", "math.sin(q.anim_time*90*1+60)*-0.4"]
				},
				"neck3": {
					"rotation": ["-10+math.sin(q.anim_time*90*1-150)*3", -7.5, 0]
				},
				"gem": {
					"rotation": [-15, 0, 0]
				},
				"head": {
					"rotation": ["17+math.sin(q.anim_time*90*1-120)*-2+math.sin(q.anim_time*90*1)*-6", 0.05179, 0.04188]
				},
				"neck2": {
					"rotation": ["-15+math.sin(q.anim_time*90*1-60)*5", -4.9407, 0.54193]
				},
				"neck": {
					"rotation": ["12.5+math.sin(q.anim_time*90*1)*4", 12.5, 0],
					"position": [0.2, 0, 0.8]
				},
				"segment1": {
					"rotation": ["47.547+math.sin(q.anim_time*90*1+60)*5", 12, 0.34277]
				},
				"segment2": {
					"rotation": ["17.8179+math.sin(q.anim_time*90*1+60)*-5", -5.78965, 2.36827]
				},
				"segment3": {
					"rotation": [18.74777, -2.73501, "24+math.sin(q.anim_time*90*1+30)*1"],
					"position": [0, 0, 0.2]
				},
				"segment4": {
					"rotation": [-1.36519, 0.54554, "32+math.sin(q.anim_time*90*1)*2"],
					"position": [0, 0, 0]
				},
				"segment5": {
					"rotation": [-0.65081, -3.98475, "37+math.sin(q.anim_time*90*1-60)*3+math.sin(q.anim_time*90*12-30)*-0.5"],
					"position": [0, 0, 0]
				},
				"segment6": {
					"rotation": [
						"17+math.sin(q.anim_time*90*1)*-4+math.sin(q.anim_time*90*4)*-1",
						-0.87703,
						"20+math.sin(q.anim_time*90*1-120)*10+math.sin(q.anim_time*90*12-90)*-2"
					]
				},
				"segment7": {
					"rotation": [
						"25+math.sin(q.anim_time*90*1-40)*-7+math.sin(q.anim_time*90*4-60)*-6",
						-0.85406,
						"37+math.sin(q.anim_time*90*1-60)*3+math.sin(q.anim_time*90*12-150)*-8"
					]
				},
				"segment8": {
					"rotation": [
						"16+math.sin(q.anim_time*90*1-80)*-12+math.sin(q.anim_time*90*4-120)*-12",
						1.70246,
						"15+math.sin(q.anim_time*90*1-180)*25+math.sin(q.anim_time*90*12-210)*-20"
					]
				},
				"mouth": {
					"position": [0, 0, 0]
				},
				"wing_left": {
					"rotation": ["math.sin(q.anim_time*90*1-150)*5", "math.sin(q.anim_time*90*1-30)*-3", 0]
				},
				"wing_right": {
					"rotation": ["math.sin(q.anim_time*90*1-150)*5", "math.sin(q.anim_time*90*1-30)*3", 0]
				},
				"gem_tail1": {
					"position": [0, -1, 0]
				},
				"gem_tail2": {
					"position": [0, -1, 0]
				}
			}
		},
		"animation.dragonair.water_idle": {
			"loop": true,
			"animation_length": 8,
			"bones": {
				"body": {
					"rotation": ["math.sin(q.anim_time*90*0.5+90)*-2", "math.sin(q.anim_time*90*1)*2", 0],
					"position": ["math.sin(q.anim_time*90*1+45)*0.2", "math.sin(q.anim_time*90*0.5+45)*2", 0]
				},
				"neck": {
					"rotation": ["43.5+math.sin(q.anim_time*90*0.5+150)*-6", 0, 0],
					"position": [0, -0.5, 0]
				},
				"neck2": {
					"rotation": ["-20+math.sin(q.anim_time*90*0.5+120)*12", 0, 0]
				},
				"neck3": {
					"rotation": ["-20+math.sin(q.anim_time*90*0.5+90)*5", 0, 0]
				},
				"head": {
					"rotation": ["22.5+math.sin(q.anim_time*90*0.5+120)*-8", "math.sin(q.anim_time*90*1)*-2", 0],
					"position": [0, -0.5, 0.5]
				},
				"head2": {
					"rotation": [-20, 0, 0],
					"position": [0, 0, 0.5]
				},
				"wing_left": {
					"rotation": [0, 0, "2+math.sin(q.anim_time*90*0.5-30)*-4"]
				},
				"wing_right": {
					"rotation": [0, 0, "-2+math.sin(q.anim_time*90*0.5-30)*7"]
				},
				"segment1": {
					"rotation": ["52+math.sin(q.anim_time*90*0.5+120)*-2", 0, 0]
				},
				"segment2": {
					"rotation": ["26.5+math.sin(q.anim_time*90*0.5+90)*-4", 0, "math.sin(q.anim_time*90*1-60)*-2"],
					"position": ["math.sin(q.anim_time*90*1-60)*0.1", 1.25, 0]
				},
				"segment3": {
					"rotation": ["13+math.sin(q.anim_time*90*0.5+30)*-5", 0, "math.sin(q.anim_time*90*1-120)*-3"],
					"position": ["math.sin(q.anim_time*90*1-120)*0.1", 0, 0]
				},
				"segment4": {
					"rotation": ["7.5+math.sin(q.anim_time*90*0.5-30)*-7", 0, "math.sin(q.anim_time*90*1-160)*-5"]
				},
				"segment5": {
					"rotation": ["6+math.sin(q.anim_time*90*0.5-60)*-10", 0, "math.sin(q.anim_time*90*1-180)*-6"]
				},
				"segment6": {
					"rotation": ["10+math.sin(q.anim_time*90*0.5-90)*-14", 0, "math.sin(q.anim_time*90*1-200)*-7"]
				},
				"segment7": {
					"rotation": ["math.sin(q.anim_time*90*0.5-120)*-17.5", 0, "math.sin(q.anim_time*90*1-230)*-8"]
				},
				"segment8": {
					"rotation": ["math.sin(q.anim_time*90*0.5-150)*-20-20", 0, "math.sin(q.anim_time*90*1-260)*-10"]
				}
			}
		},
		"animation.dragonair.water_swim": {
			"loop": true,
			"animation_length": 8,
			"bones": {
				"body": {
					"rotation": [90, "math.sin(q.anim_time*90*2)*8", 0],
					"position": ["math.sin(q.anim_time*90*2+90)*2", "math.sin(q.anim_time*90*1+120)*1", 0]
				},
				"neck": {
					"rotation": ["math.sin(q.anim_time*90*1+10)*2", 0, "math.sin(q.anim_time*90*2+60)*-8"],
					"position": [0, 0, -0.2]
				},
				"neck2": {
					"rotation": ["math.sin(q.anim_time*90*1+40)*2", 0, "math.sin(q.anim_time*90*2+90)*-8"]
				},
				"neck3": {
					"rotation": ["math.sin(q.anim_time*90*1+10)*2", 0, "math.sin(q.anim_time*90*2+150)*-8"]
				},
				"head": {
					"rotation": [-90, 0, 0],
					"position": [0, 1, -1.5]
				},
				"head2": {
					"rotation": ["math.sin(q.anim_time*90*1+60)*2", "math.sin(q.anim_time*90*2+190)*9", 0]
				},
				"wing_left": {
					"rotation": [0, "math.sin(q.anim_time*90*8)*1+math.sin(q.anim_time*90*2-30)*8", "2+math.sin(q.anim_time*90*2-30)*7"]
				},
				"wing_right": {
					"rotation": [0, "2+math.sin(q.anim_time*90*8)*1+math.sin(q.anim_time*90*2-30)*7", "-2+math.sin(q.anim_time*90*2-30)*7"]
				},
				"segment1": {
					"rotation": ["math.sin(q.anim_time*90*1)*2", 0, "math.sin(q.anim_time*90*2-30)*-3"]
				},
				"segment2": {
					"rotation": ["math.sin(q.anim_time*90*1-30)*3", 0, "math.sin(q.anim_time*90*2-90)*-6"]
				},
				"segment3": {
					"rotation": ["math.sin(q.anim_time*90*1-60)*4", 0, "math.sin(q.anim_time*90*2-120)*-8"]
				},
				"segment4": {
					"rotation": ["math.sin(q.anim_time*90*1-90)*6", 0, "math.sin(q.anim_time*90*2-150)*-10"]
				},
				"segment5": {
					"rotation": ["math.sin(q.anim_time*90*1-120)*8", 0, "math.sin(q.anim_time*90*2-180)*-14"]
				},
				"segment6": {
					"rotation": ["math.sin(q.anim_time*90*1-150)*12", 0, "math.sin(q.anim_time*90*2-210)*-17"]
				},
				"segment7": {
					"rotation": ["math.sin(q.anim_time*90*1-180)*18", 0, "math.sin(q.anim_time*90*2-240)*-21"]
				},
				"segment8": {
					"rotation": ["math.sin(q.anim_time*90*1-210)*25", 0, "math.sin(q.anim_time*90*2-270)*-28"]
				}
			}
		},
		"animation.dragonair.surfacewater_idle": {
			"loop": true,
			"animation_length": 8,
			"bones": {
				"body": {
					"rotation": ["math.sin(q.anim_time*90*0.5+90)*-2", "math.sin(q.anim_time*90*1)*2", 0],
					"position": ["math.sin(q.anim_time*90*1+45)*0.2", "-9+math.sin(q.anim_time*90*0.5-65)*-0.6", 0]
				},
				"neck": {
					"rotation": ["38.5+math.sin(q.anim_time*90*1+150)*-2", 0, 0],
					"position": [0, -0.5, 0]
				},
				"neck2": {
					"rotation": ["-22.5+math.sin(q.anim_time*90*1+120)*2", 0, 0]
				},
				"neck3": {
					"rotation": ["-17.5+math.sin(q.anim_time*90*1+90)*4", 0, 0]
				},
				"head": {
					"rotation": ["27.5+math.sin(q.anim_time*90*1+120)*-6", "math.sin(q.anim_time*90*1)*-2", 0],
					"position": [0, -0.5, 0.5]
				},
				"head2": {
					"rotation": [-22.5, 0, 0],
					"position": [0, 0, 0.5]
				},
				"wing_left": {
					"rotation": [0, 0, "2+math.sin(q.anim_time*90*0.5-30)*-4"]
				},
				"wing_right": {
					"rotation": [0, 0, "-2+math.sin(q.anim_time*90*0.5-30)*7"]
				},
				"segment1": {
					"rotation": ["57+math.sin(q.anim_time*90*0.5+120)*-2", 0, 0]
				},
				"segment2": {
					"rotation": ["24+math.sin(q.anim_time*90*0.5+90)*-2", 0, "math.sin(q.anim_time*90*1-60)*-2"],
					"position": ["math.sin(q.anim_time*90*1-60)*0.1", 1.25, 0]
				},
				"segment3": {
					"rotation": ["13+math.sin(q.anim_time*90*0.5+30)*-3", 0, "math.sin(q.anim_time*90*1-120)*-3"],
					"position": ["math.sin(q.anim_time*90*1-120)*0.1", 0, 0]
				},
				"segment4": {
					"rotation": ["7.5+math.sin(q.anim_time*90*0.5-30)*-4", 0, "math.sin(q.anim_time*90*1-160)*-5"]
				},
				"segment5": {
					"rotation": ["-9+math.sin(q.anim_time*90*0.5-60)*-5", 0, "math.sin(q.anim_time*90*1-180)*-6"]
				},
				"segment6": {
					"rotation": ["-10+math.sin(q.anim_time*90*0.5-90)*-6", 0, "math.sin(q.anim_time*90*1-200)*-7"]
				},
				"segment7": {
					"rotation": ["-12.5+math.sin(q.anim_time*90*0.5-120)*-10", 0, "math.sin(q.anim_time*90*1-230)*-8"]
				},
				"segment8": {
					"rotation": ["-15+math.sin(q.anim_time*90*0.5-150)*-15", 0, "math.sin(q.anim_time*90*1-260)*-10"]
				}
			}
		},
		"animation.dragonair.surfacewater_swim": {
			"loop": true,
			"animation_length": 8,
			"bones": {
				"body": {
					"rotation": [0, "math.sin(q.anim_time*90*2)*8", 0],
					"position": ["math.sin(q.anim_time*90*2+90)*2", "-9.5+math.sin(q.anim_time*90*1-85)*-0.4", 0]
				},
				"neck": {
					"rotation": ["42.5+math.sin(q.anim_time*90*1)*2", 0, "math.sin(q.anim_time*90*2+60)*-2"],
					"position": [0, 0, -0.2]
				},
				"neck2": {
					"rotation": ["-20+math.sin(q.anim_time*90*1+30)*3", 0, "math.sin(q.anim_time*90*2+90)*-2"]
				},
				"neck3": {
					"rotation": ["-17.5+math.sin(q.anim_time*90*1)*3", 0, "math.sin(q.anim_time*90*2+150)*-2"]
				},
				"head": {
					"rotation": ["math.sin(q.anim_time*90*1)*-7", "math.sin(q.anim_time*90*2+190)*4", 0]
				},
				"wing_left": {
					"rotation": ["math.sin(q.anim_time*90*1-90)*-5", "-2+math.sin(q.anim_time*90*2-30)*5", "2+math.sin(q.anim_time*90*2-30)*5"]
				},
				"wing_right": {
					"rotation": ["math.sin(q.anim_time*90*1-90)*-5", "2+math.sin(q.anim_time*90*2-30)*5", "-2+math.sin(q.anim_time*90*2-30)*5"]
				},
				"segment1": {
					"rotation": ["62.5+math.sin(q.anim_time*90*1)*2", 0, "math.sin(q.anim_time*90*2-30)*-3"]
				},
				"segment2": {
					"rotation": ["17.5+math.sin(q.anim_time*90*1-30)*3", 0, "math.sin(q.anim_time*90*2-90)*-6"]
				},
				"segment3": {
					"rotation": ["7.5+math.sin(q.anim_time*90*1-60)*4", 0, "math.sin(q.anim_time*90*2-120)*-8"]
				},
				"segment4": {
					"rotation": ["7+math.sin(q.anim_time*90*1-90)*3", 0, "math.sin(q.anim_time*90*2-150)*-10"]
				},
				"segment5": {
					"rotation": ["math.sin(q.anim_time*90*1-120)*4", 0, "math.sin(q.anim_time*90*2-180)*-14"]
				},
				"segment6": {
					"rotation": ["math.sin(q.anim_time*90*1-150)*6", 0, "math.sin(q.anim_time*90*2-210)*-17"]
				},
				"segment7": {
					"rotation": ["math.sin(q.anim_time*90*1-150)*6", 0, "math.sin(q.anim_time*90*2-240)*-21"]
				},
				"segment8": {
					"rotation": ["-12+math.sin(q.anim_time*90*1-210)*16", 0, "math.sin(q.anim_time*90*2-270)*-28"]
				}
			}
		},
		"animation.dragonair.sleep": {
			"loop": true,
			"animation_length": 8,
			"bones": {
				"body": {
					"position": [0, -5.02199, -0.25981]
				},
				"neck": {
					"rotation": ["91.5726+math.sin(q.anim_time*90*0.5)*1", -54.1247, 0.49087],
					"position": [0.75, -0.25, -0.25]
				},
				"neck2": {
					"rotation": ["-0.3596+math.sin(q.anim_time*90*0.5)*1", -2.43635, 39.13885],
					"position": [0, 0, -0.5]
				},
				"neck3": {
					"rotation": ["2.5+math.sin(q.anim_time*90*0.5)*-2", 0, 32.5]
				},
				"head": {
					"rotation": [-2.59808, 0, 0]
				},
				"eyelid_left": {
					"position": [0.1, 0, 0]
				},
				"eyelid_right": {
					"position": [-0.1, 0, 0]
				},
				"head2": {
					"rotation": ["-85.7351+math.sin(q.anim_time*90*0.5-60)*2", 3.45429, 44.2998],
					"position": [0.75, -2.5, 0.5]
				},
				"wing_left": {
					"rotation": ["-15.4105+math.sin(q.anim_time*90*0.5-150)*5", "-(math.sin(q.anim_time*90*0.5-30)*-3.5339)", -2.47598]
				},
				"wing_right": {
					"rotation": ["-15.4105+math.sin(q.anim_time*90*0.5-150)*5", "math.sin(q.anim_time*90*0.5-30)*-3.5339", 2.47598]
				},
				"segment1": {
					"rotation": [91.6525, -40.18299, -4.2378],
					"position": [0.75, 0.25, -0.75]
				},
				"segment2": {
					"rotation": [0.26675, -0.66586, -29.3676]
				},
				"segment3": {
					"rotation": [-4.20405, 5.6842, -36.7242],
					"position": [-0.5, 0.75, 0]
				},
				"segment4": {
					"rotation": ["-1.9856+math.sin(q.anim_time*90*0.5-30)*1", -4.26772, -40.83982],
					"position": [0, 0.75, -0.1]
				},
				"segment5": {
					"rotation": ["-2.3291+math.sin(q.anim_time*90*0.5-60)*-1", -1.52401, -37.1775]
				},
				"segment6": {
					"rotation": ["0.9256+math.sin(q.anim_time*90*0.5-90)*-2", 0.29269, -49.14743]
				},
				"segment7": {
					"rotation": ["-9.9963+math.sin(q.anim_time*90*0.5-120)*-4", -8.1283, -41.61724]
				},
				"segment8": {
					"rotation": ["math.sin(q.anim_time*90*0.5-150)*-10.9703", 3.1679, -57.39212]
				}
			}
		},
		"animation.dragonair.water_sleep": {
			"loop": true,
			"animation_length": 8,
			"bones": {
				"body": {
					"rotation": ["math.sin(q.anim_time*90*0.5+90)*-2", "math.sin(q.anim_time*90*1)*2", 0],
					"position": ["math.sin(q.anim_time*90*1+45)*0.2", "math.sin(q.anim_time*90*0.5+45)*2", 0]
				},
				"neck": {
					"rotation": ["48.5+math.sin(q.anim_time*90*0.5+150)*-6", 0, 0],
					"position": [0, -0.5, 0]
				},
				"neck2": {
					"rotation": ["10+math.sin(q.anim_time*90*0.5+120)*12", 0, 0]
				},
				"neck3": {
					"rotation": ["15+math.sin(q.anim_time*90*0.5+90)*5", 0, 0]
				},
				"head": {
					"rotation": ["22.5+math.sin(q.anim_time*90*0.5+120)*-8", "math.sin(q.anim_time*90*1)*-2", 0],
					"position": [0, -0.5, 0.5]
				},
				"eyelid_left": {
					"position": [0.1, 0, 0]
				},
				"eyelid_right": {
					"position": [-0.1, 0, 0]
				},
				"head2": {
					"rotation": [-5, 0, 0],
					"position": [0, 0, -0.5]
				},
				"wing_left": {
					"rotation": ["-15.4105+math.sin(q.anim_time*90*0.5-150)*5", "-(math.sin(q.anim_time*90*0.5-30)*-3.5339)", -2.47598]
				},
				"wing_right": {
					"rotation": ["-15.4105+math.sin(q.anim_time*90*0.5-150)*5", "math.sin(q.anim_time*90*0.5-30)*-3.5339", 2.47598]
				},
				"segment1": {
					"rotation": ["27+math.sin(q.anim_time*90*0.5+120)*-2", 0, 0]
				},
				"segment2": {
					"rotation": ["-13.5+math.sin(q.anim_time*90*0.5+90)*-4", 0, "math.sin(q.anim_time*90*1-60)*-2"],
					"position": ["math.sin(q.anim_time*90*1-60)*0.1", 1.25, 0]
				},
				"segment3": {
					"rotation": ["-19.5+math.sin(q.anim_time*90*0.5+30)*-5", 0, "math.sin(q.anim_time*90*1-120)*-3"],
					"position": ["math.sin(q.anim_time*90*1-120)*0.1", 0, 0]
				},
				"segment4": {
					"rotation": ["-22.5+math.sin(q.anim_time*90*0.5-30)*-7", 0, "math.sin(q.anim_time*90*1-160)*-5"]
				},
				"segment5": {
					"rotation": ["-26.5+math.sin(q.anim_time*90*0.5-60)*-10", 0, "math.sin(q.anim_time*90*1-180)*-6"]
				},
				"segment6": {
					"rotation": ["-30+math.sin(q.anim_time*90*0.5-90)*-14", 0, "math.sin(q.anim_time*90*1-200)*-7"]
				},
				"segment7": {
					"rotation": ["-31.5+math.sin(q.anim_time*90*0.5-120)*-17.5", 0, "math.sin(q.anim_time*90*1-230)*-8"]
				},
				"segment8": {
					"rotation": ["math.sin(q.anim_time*90*0.5-150)*-20+2.5", 0, "math.sin(q.anim_time*90*1-260)*-10"]
				}
			}
		},
		"animation.dragonair.cry": {
			"animation_length": 2.625,
			"bones": {
				"neck": {
					"rotation": {
						"0.0": {
							"post": [0, 0, 0],
							"lerp_mode": "catmullrom"
						},
						"0.3333": {
							"post": [4, 0, 0],
							"lerp_mode": "catmullrom"
						},
						"0.7083": {
							"post": [11.87, 0, 0],
							"lerp_mode": "catmullrom"
						},
						"1.4167": {
							"post": [2.87, 0, 0],
							"lerp_mode": "catmullrom"
						},
						"2.625": {
							"post": [0, 0, 0],
							"lerp_mode": "catmullrom"
						}
					}
				},
				"neck2": {
					"rotation": {
						"0.0": {
							"post": [0, 0, 0],
							"lerp_mode": "catmullrom"
						},
						"0.4167": {
							"post": [5, 0, 0],
							"lerp_mode": "catmullrom"
						},
						"0.7917": {
							"post": [6.84, 0, 0],
							"lerp_mode": "catmullrom"
						},
						"1.2083": {
							"post": [5.89, 0, 0],
							"lerp_mode": "catmullrom"
						},
						"1.7083": {
							"post": [0, 0, 0],
							"lerp_mode": "catmullrom"
						}
					}
				},
				"neck3": {
					"rotation": {
						"0.0": {
							"post": [0, 0, 0],
							"lerp_mode": "catmullrom"
						},
						"0.6667": {
							"post": [8.28, 0, 0],
							"lerp_mode": "catmullrom"
						},
						"1.25": {
							"post": [9.6, 0, 0],
							"lerp_mode": "catmullrom"
						},
						"2.5": {
							"post": [0, 0, 0],
							"lerp_mode": "catmullrom"
						}
					}
				},
				"head": {
					"rotation": {
						"0.0": {
							"post": [0, 0, 0],
							"lerp_mode": "catmullrom"
						},
						"0.375": {
							"post": [-24.5, 0, 0],
							"lerp_mode": "catmullrom"
						},
						"0.6667": {
							"post": [-32.95, 0, 0],
							"lerp_mode": "catmullrom"
						},
						"1.0417": {
							"post": [-28.97, 0, 0],
							"lerp_mode": "catmullrom"
						},
						"1.5417": {
							"post": [-10.28, 0, 0],
							"lerp_mode": "catmullrom"
						},
						"2.0417": {
							"post": [-0.59, 0, 0],
							"lerp_mode": "catmullrom"
						},
						"2.6667": {
							"post": [0, 0, 0],
							"lerp_mode": "catmullrom"
						}
					}
				},
				"muzzle": {
					"rotation": {
						"0.0": [0, 0, 0],
						"0.2083": [-5.09, 0, 0],
						"0.25": ["-5+math.sin(q.anim_time*90*40)*2", 0, 0],
						"0.5833": [-3, 0, 0],
						"0.625": ["7+math.sin(q.anim_time*90*30)*2", 0, 0],
						"1.0": [1, 0, 0],
						"1.25": [0, 0, 0]
					},
					"position": {
						"0.0": [0, 0, 0],
						"0.2083": [0, 0, 0.3],
						"0.5833": [0, 0, 0.3],
						"0.625": [0, 0, 0]
					}
				},
				"wing_left": {
					"rotation": {
						"0.0": {
							"post": [0, 0, 0],
							"lerp_mode": "catmullrom"
						},
						"0.4583": {
							"post": [12, 0, 0],
							"lerp_mode": "catmullrom"
						},
						"1.0": {
							"post": [-23, 0, -6],
							"lerp_mode": "catmullrom"
						},
						"2.7083": {
							"post": [0, 0, 0],
							"lerp_mode": "catmullrom"
						}
					}
				},
				"wing_right": {
					"rotation": {
						"0.0": {
							"post": [0, 0, 0],
							"lerp_mode": "catmullrom"
						},
						"0.4583": {
							"post": [12, 0, 0],
							"lerp_mode": "catmullrom"
						},
						"1.0": {
							"post": [-23, 0, 6],
							"lerp_mode": "catmullrom"
						},
						"2.7083": {
							"post": [0, 0, 0],
							"lerp_mode": "catmullrom"
						}
					}
				}
			},
			"sound_effects": {
				"0.2083": {
					"effect": "pokemon.dragonair.cry"
				}
			}
		},
		"animation.dragonair.blink": {
			"animation_length": 0.16667,
			"bones": {
				"eyelid_left": {
					"position": {
						"0.0": [0.1, 0, 0],
						"0.125": [0.1, 0, 0],
						"0.1667": [0, 0, 0]
					}
				},
				"eyelid_right": {
					"position": {
						"0.0": [-0.1, 0, 0],
						"0.125": [-0.1, 0, 0],
						"0.1667": [0, 0, 0]
					}
				}
			}
		},
		"animation.dragonair.new": {
			"loop": true
		}
	}
}