{
	"format_version": "1.8.0",
	"animations": {
		"animation.bronzong.ground_idle": {
			"loop": true,
			"bones": {
				"body": {
					"rotation": [
						"5.5+math.sin(q.anim_time*90*0.4+90)*3",
						"math.sin(q.anim_time*90*2+180)*0.3",
						"math.sin(q.anim_time*90*0.7+180)*1.5 +math.sin(q.anim_time*90*2.5+180)*0.25"
					],
					"position": ["math.sin(q.anim_time*90*0.5+165)*0.8", "4+math.sin(q.anim_time*90*0.7)*1.2", 0]
				},
				"arm_left": {
					"rotation": [0, 0, 55]
				},
				"arm_left2": {
					"rotation": [0, "1+math.sin(q.anim_time*90*0.8)*3.3", "-12.5+math.sin(q.anim_time*90*0.7)*1.3"]
				},
				"arm_left3": {
					"rotation": [0, "math.sin(q.anim_time*90*0.7+56)*4.6", "-7.5+math.sin(q.anim_time*90*0.7+45)*2.5"]
				},
				"arm_left4": {
					"rotation": [0, "math.sin(q.anim_time*90*0.7+90)*5.6", "-10+math.sin(q.anim_time*90*0.7+130)*3"]
				},
				"arm_right": {
					"rotation": [0, 0, -55]
				},
				"arm_right2": {
					"rotation": [0, "-1+math.sin(q.anim_time*90*0.8)*3.3", "12.5-math.sin(q.anim_time*90*0.7)*1.3"]
				},
				"arm_right3": {
					"rotation": [0, "-(math.sin(q.anim_time*90*0.7+56)*4.6)", "7.5-math.sin(q.anim_time*90*0.7+45)*2.5"]
				},
				"arm_right4": {
					"rotation": [0, "-(math.sin(q.anim_time*90*0.7+90)*5.6)", "10-math.sin(q.anim_time*90*0.7+130)*3"]
				}
			}
		},
		"animation.bronzong.ground_walk": {
			"loop": true,
			"bones": {
				"body": {
					"rotation": ["32.5+math.sin(q.anim_time*90*1-60)*-2", "0+math.sin(q.anim_time*90*0.5-120)*-2", "0+math.sin(q.anim_time*90*0.5-150)*-2"],
					"position": ["0+math.sin(q.anim_time*90*0.5-60)*1", "5+math.sin(q.anim_time*90*1)*1.2", 0]
				},
				"arm_left": {
					"rotation": [0, "-10+math.sin(q.anim_time*90*1-90)*-4", "50+math.sin(q.anim_time*90*1-90)*-4"]
				},
				"arm_left2": {
					"rotation": [1.31845, "-9.913580675+math.sin(q.anim_time*90*1-120)*-4", -7.61435]
				},
				"arm_left3": {
					"rotation": [0.88045, "-9.961558098+math.sin(q.anim_time*90*1-150)*-4", -5.07673]
				},
				"arm_left4": {
					"rotation": [1.75378, "-9.84655194+math.sin(q.anim_time*90*1-180)*-4", -10.15108]
				},
				"arm_right": {
					"rotation": [0, "10+math.sin(q.anim_time*90*1-90)*4", "-50+math.sin(q.anim_time*90*1-90)*4"]
				},
				"arm_right2": {
					"rotation": [1.31845, "9.9136+math.sin(q.anim_time*90*1-120)*4", 7.61435]
				},
				"arm_right3": {
					"rotation": [0.88045, "9.9616+math.sin(q.anim_time*90*1-150)*4", 5.07673]
				},
				"arm_right4": {
					"rotation": [1.75378, "9.8466+math.sin(q.anim_time*90*1-180)*4", 10.15108]
				}
			}
		},
		"animation.bronzong.ground_run": {
			"loop": true,
			"bones": {
				"body2": {
					"rotation": [0, 0, "0+Math.cos((query.anim_time)*90*2)*-4"],
					"position": ["0+Math.cos((query.anim_time)*90*2)*1", 0, 0]
				},
				"body": {
					"rotation": ["25+Math.cos((query.anim_time)*90*4-90)*1", 0, 0],
					"position": [0, "6+Math.cos((query.anim_time)*90*4)*1", "0+Math.cos((query.anim_time)*90*4-45)*0.5"]
				},
				"arm_left": {
					"rotation": [0, -13, "50+Math.cos((query.anim_time)*90*4)*2"]
				},
				"arm_left2": {
					"rotation": [0, -9, "-12.5+Math.cos((query.anim_time)*90*4-45)*2"]
				},
				"arm_left3": {
					"rotation": [0, -15, "-12.5+Math.cos((query.anim_time)*90*4-90)*2"]
				},
				"arm_left4": {
					"rotation": [0, 0, "-10+Math.cos((query.anim_time)*90*4-135)*2"]
				},
				"arm_right": {
					"rotation": [0, 13, "-50+Math.cos((query.anim_time)*90*4)*-2"]
				},
				"arm_right2": {
					"rotation": [0, 9, "12.5+Math.cos((query.anim_time)*90*4-45)*-2"]
				},
				"arm_right3": {
					"rotation": [0, 15, "12.5+Math.cos((query.anim_time)*90*4-90)*-2"]
				},
				"arm_right4": {
					"rotation": [0, 0, "10+Math.cos((query.anim_time)*90*4-135)*-2"]
				}
			}
		},
		"animation.bronzong.mount_run": {
			"loop": true,
			"bones": {
				"body2": {
					"rotation": ["0+Math.cos((query.anim_time)*90*2-90)*2", 0, "0+Math.cos((query.anim_time)*90*2)*2"],
					"position": [0, "4+Math.cos((query.anim_time)*90*4)*0.5", 0]
				},
				"arm_left": {
					"rotation": [0, 0, "45+Math.cos((query.anim_time)*90*4-90)*-2"]
				},
				"arm_left2": {
					"rotation": [0, 0, "-5+Math.cos((query.anim_time)*90*4-130)*-2"]
				},
				"arm_left3": {
					"rotation": [0, 0, "-7.5+Math.cos((query.anim_time)*90*4-170)*-2"]
				},
				"arm_left4": {
					"rotation": [0, 0, "-5+Math.cos((query.anim_time)*90*4-210)*-2"]
				},
				"arm_right": {
					"rotation": [0, 0, "-45+Math.cos((query.anim_time)*90*4-90)*2"]
				},
				"arm_right2": {
					"rotation": [0, 0, "5+Math.cos((query.anim_time)*90*4-130)*2"]
				},
				"arm_right3": {
					"rotation": [0, 0, "7.5+Math.cos((query.anim_time)*90*4-170)*2"]
				},
				"arm_right4": {
					"rotation": [0, 0, "5+Math.cos(query.anim_time*90*4-210)*2"]
				},
				"seat_1_locator": {
					"rotation": [0, 0, 0]
				},
				"seat_2_locator": {
					"rotation": [0, 0, 0]
				}
			}
		},
		"animation.bronzong.ride_mount_run": {
			"loop": true,
			"bones": {
				"body2": {
					"rotation": [
						"-0+math.clamp(q.r.input_forward(10) + q.r.velocity_forward, -1.0, 1.0)*20",
						0,
						"0+math.clamp(q.r.input_right(10) + q.r.velocity_right, -1.0, 1.0)*-20"
					],
					"position": [0, 0, 0]
				},
				"arm_left": {
					"rotation": [
						0,
						"-0+math.clamp(q.r.input_forward(10) + q.r.velocity_forward, -1.0, 1.0)*-13",
						"0+math.clamp(q.r.input_right(10) + q.r.velocity_right(0),0,1)*10"
					]
				},
				"arm_left2": {
					"rotation": [
						0,
						"-0+math.clamp(q.r.input_forward(10) + q.r.velocity_forward, -1.0, 1.0)*-9",
						"0+math.clamp(q.r.input_right(14) + q.r.velocity_right(4),0,1)*-10"
					]
				},
				"arm_left3": {
					"rotation": [
						0,
						"-0+math.clamp(q.r.input_forward(10) + q.r.velocity_forward, -1.0, 1.0)*-5",
						"0+math.clamp(q.r.input_right(18) + q.r.velocity_right(8),0,1)*-20"
					]
				},
				"arm_left4": {
					"rotation": [
						0,
						"-0+math.clamp(q.r.input_forward(10) + q.r.velocity_forward, -1.0, 1.0)*-5",
						"0+math.clamp(q.r.input_right(22) + q.r.velocity_right(12),0,1)*-20"
					]
				},
				"arm_right": {
					"rotation": [
						0,
						"-0+math.clamp(q.r.input_forward(10) + q.r.velocity_forward, -1.0, 1.0)*13",
						"0+math.clamp(q.r.input_right(10) + q.r.velocity_right(0),-1,0)*10"
					]
				},
				"arm_right2": {
					"rotation": [
						0,
						"-0+math.clamp(q.r.input_forward(10) + q.r.velocity_forward, -1.0, 1.0)*9",
						"0+math.clamp(q.r.input_right(14) + q.r.velocity_right(4),-1,0)*-10"
					]
				},
				"arm_right3": {
					"rotation": [
						0,
						"-0+math.clamp(q.r.input_forward(10) + q.r.velocity_forward, -1.0, 1.0)*5",
						"0+math.clamp(q.r.input_right(18) + q.r.velocity_right(8),-1,0)*-20"
					]
				},
				"arm_right4": {
					"rotation": [
						0,
						"-0+math.clamp(q.r.input_forward(10) + q.r.velocity_forward, -1.0, 1.0)*5",
						"0+math.clamp(q.r.input_right(22) + q.r.velocity_right(12),-1,0)*-20"
					]
				},
				"seat_1_locator": {
					"rotation": [0, 0, 0]
				},
				"seat_2_locator": {
					"rotation": [0, 0, 0]
				}
			}
		},
		"animation.bronzong.status": {
			"animation_length": 4.5,
			"bones": {
				"body": {
					"rotation": [5.5, 0, 0],
					"position": {
						"0.0": [0, 4, 0],
						"0.125": [0, 4, 0],
						"0.25": ["0+math.sin(q.anim_time*90*32-60)*0.3", 4, 0],
						"0.5": [0, 4, 0],
						"0.625": ["0+math.sin(q.anim_time*90*32-60)*0.3", 4, 0],
						"0.8333": [0, 4, 0],
						"0.9583": ["0+math.sin(q.anim_time*90*32-60)*0.5", 4, 0],
						"1.9167": [0, 4, 0]
					}
				},
				"eye_light_left": {
					"position": {
						"0.0": [0, 0, 0],
						"0.3333": {"pre": [0, 0, 0], "post": [0, 0, -1]},
						"2.1667": {"pre": [0, 0, -1], "post": [0, 0, 0]}
					}
				},
				"eye_light_right": {
					"position": {
						"0.0": [0, 0, 0],
						"0.3333": {"pre": [0, 0, 0], "post": [0, 0, -1]},
						"2.1667": {"pre": [0, 0, -1], "post": [0, 0, 0]}
					}
				},
				"arm_left": {
					"rotation": {
						"0.0": {
							"post": [0, 0, 55],
							"lerp_mode": "catmullrom"
						},
						"0.25": {
							"post": [0, 0, 44.5],
							"lerp_mode": "catmullrom"
						},
						"1.7083": {
							"post": [0, 0, 11],
							"lerp_mode": "catmullrom"
						},
						"2.4583": {
							"post": [0, 0, 55.5],
							"lerp_mode": "catmullrom"
						},
						"3.4167": [0, 0, 56]
					}
				},
				"arm_left2": {
					"rotation": {
						"0.0": {
							"post": [0, 0, -12.5],
							"lerp_mode": "catmullrom"
						},
						"1.125": {
							"post": [0, 0, -19],
							"lerp_mode": "catmullrom"
						},
						"1.7917": {
							"post": [0, 0, -13.55],
							"lerp_mode": "catmullrom"
						},
						"2.75": {
							"post": [0, 0, -10.5],
							"lerp_mode": "catmullrom"
						},
						"3.6667": [0, 0, -12]
					}
				},
				"arm_left3": {
					"rotation": {
						"0.0": {
							"post": [0, 0, -7.5],
							"lerp_mode": "catmullrom"
						},
						"0.9583": {
							"post": [0, 0, -19.5],
							"lerp_mode": "catmullrom"
						},
						"2.125": {
							"post": [0, 0, -24.5],
							"lerp_mode": "catmullrom"
						},
						"2.9583": {
							"post": [0, 0, -6],
							"lerp_mode": "catmullrom"
						},
						"3.8333": [0, 0, -7.5]
					}
				},
				"arm_left4": {
					"rotation": {
						"0.0": {
							"post": [0, 0, -10],
							"lerp_mode": "catmullrom"
						},
						"0.9583": {
							"post": [0, 0, -13.5],
							"lerp_mode": "catmullrom"
						},
						"1.7917": {
							"post": [0, 0, -13.5],
							"lerp_mode": "catmullrom"
						},
						"2.5833": {
							"post": [0, 0, -9],
							"lerp_mode": "catmullrom"
						},
						"4.0": [0, 0, -10]
					}
				},
				"arm_right": {
					"rotation": {
						"0.0": {
							"post": [0, 0, -55],
							"lerp_mode": "catmullrom"
						},
						"0.25": {
							"post": [0, 0, -44.5],
							"lerp_mode": "catmullrom"
						},
						"1.7083": {
							"post": [0, 0, -11],
							"lerp_mode": "catmullrom"
						},
						"2.4583": {
							"post": [0, 0, -55.5],
							"lerp_mode": "catmullrom"
						},
						"3.4167": [0, 0, -56]
					}
				},
				"arm_right2": {
					"rotation": {
						"0.0": {
							"post": [0, 0, 12.5],
							"lerp_mode": "catmullrom"
						},
						"1.125": {
							"post": [0, 0, 19],
							"lerp_mode": "catmullrom"
						},
						"1.7917": {
							"post": [0, 0, 13.55],
							"lerp_mode": "catmullrom"
						},
						"2.75": {
							"post": [0, 0, 10.5],
							"lerp_mode": "catmullrom"
						},
						"3.6667": [0, 0, 12]
					}
				},
				"arm_right3": {
					"rotation": {
						"0.0": {
							"post": [0, 0, 7.5],
							"lerp_mode": "catmullrom"
						},
						"0.9583": {
							"post": [0, 0, 19.5],
							"lerp_mode": "catmullrom"
						},
						"2.125": {
							"post": [0, 0, 24.5],
							"lerp_mode": "catmullrom"
						},
						"2.9583": {
							"post": [0, 0, 6],
							"lerp_mode": "catmullrom"
						},
						"3.8333": [0, 0, 7.5]
					}
				},
				"arm_right4": {
					"rotation": {
						"0.0": {
							"post": [0, 0, 10],
							"lerp_mode": "catmullrom"
						},
						"0.9583": {
							"post": [0, 0, 13.5],
							"lerp_mode": "catmullrom"
						},
						"1.7917": {
							"post": [0, 0, 13.5],
							"lerp_mode": "catmullrom"
						},
						"2.5833": {
							"post": [0, 0, 9],
							"lerp_mode": "catmullrom"
						},
						"4.0": [0, 0, 10]
					}
				},
				"body2": {
					"rotation": {
						"0.0": {
							"post": [0, 0, 0],
							"lerp_mode": "catmullrom"
						},
						"0.3333": {
							"post": [8, 0, 8],
							"lerp_mode": "catmullrom"
						},
						"0.75": {
							"post": [-7.19, 0, -6.46],
							"lerp_mode": "catmullrom"
						},
						"1.0833": {
							"post": [-7.18, 0, 3.42],
							"lerp_mode": "catmullrom"
						},
						"1.5417": {
							"post": [-17, 0, -2],
							"lerp_mode": "catmullrom"
						},
						"2.2917": {
							"post": [3, 0, 1],
							"lerp_mode": "catmullrom"
						},
						"3.4167": {
							"post": [-2.80403, 0, 0.50342],
							"lerp_mode": "catmullrom"
						},
						"4.25": [0, 0, 0]
					},
					"position": {
						"0.0": {
							"post": [0, 0, 0],
							"lerp_mode": "catmullrom"
						},
						"0.3333": {
							"post": [0, 1, 0],
							"lerp_mode": "catmullrom"
						},
						"1.0833": {
							"post": [0, 9, 0],
							"lerp_mode": "catmullrom"
						},
						"1.7917": {
							"post": [0, 9.32, 0],
							"lerp_mode": "catmullrom"
						},
						"2.5": {
							"post": [0, -2, 0],
							"lerp_mode": "catmullrom"
						},
						"3.25": {
							"post": [0, -0.7, 0],
							"lerp_mode": "catmullrom"
						},
						"3.75": {
							"post": [0, 0.36, 0],
							"lerp_mode": "catmullrom"
						},
						"4.5": [0, 0, 0]
					}
				}
			}
		},
		"animation.bronzong.faint": {
			"animation_length": 3,
			"bones": {
				"body": {
					"rotation": {
						"0.0": {
							"post": [5.5, 0, 0],
							"lerp_mode": "catmullrom"
						},
						"0.2917": {
							"post": [9.02, -1.24, -0.36],
							"lerp_mode": "catmullrom"
						},
						"0.7083": {
							"post": [-10.43, 2, -1],
							"lerp_mode": "catmullrom"
						},
						"1.5": {
							"post": [1, -7, -4],
							"lerp_mode": "catmullrom"
						},
						"1.5417": {
							"post": [-3.37, -9.37, -3.37],
							"lerp_mode": "catmullrom"
						},
						"1.625": {
							"post": [0.225, -12.9, -1],
							"lerp_mode": "catmullrom"
						},
						"1.875": {
							"post": [5, -14, 0],
							"lerp_mode": "catmullrom"
						},
						"2.125": {
							"post": [4.9, -14.07, 0.06],
							"lerp_mode": "catmullrom"
						},
						"2.3333": [-1.41, -14.01, 0.01],
						"2.375": [-0.45, -14, 0],
						"2.4583": [0, -14, 0]
					},
					"position": {
						"0.0": {
							"post": [0, 4, 0],
							"lerp_mode": "catmullrom"
						},
						"0.1667": {
							"post": [0.26, 7.29, 0],
							"lerp_mode": "catmullrom"
						},
						"0.3333": {
							"post": ["0+math.sin(q.anim_time*90*32-60)*0.5", 10.95, 0],
							"lerp_mode": "catmullrom"
						},
						"0.5833": {
							"post": [-0.15, 15.54, 0.03],
							"lerp_mode": "catmullrom"
						},
						"0.875": {
							"post": [-0.26, 18.42, 0.06],
							"lerp_mode": "catmullrom"
						},
						"1.1667": {
							"post": [-0.14, 18.55, 0.07],
							"lerp_mode": "catmullrom"
						},
						"1.375": {
							"post": [-0.04, 17.135, 0.07],
							"lerp_mode": "catmullrom"
						},
						"1.5": {
							"post": [0, 13, 0],
							"lerp_mode": "catmullrom"
						},
						"1.5833": [0, "-2+math.sin(q.anim_time*90*32-60)*0.4", -1],
						"1.625": [0.3, 0.95, -1.27],
						"1.6667": [0.75, 2.125, -2.25],
						"1.7083": [1.2, "0.275+math.sin(q.anim_time*90*32-60)*0.4", -2.325],
						"1.9583": [1.2, 1.1, -3.22],
						"2.0833": [1.2, 0.87, -2.92],
						"2.2083": [1.02, 0.49, -2.31],
						"2.25": [0.95746, -0.13986, -2.10064],
						"2.3333": [0.8, 0.51, -1.34],
						"2.4583": [0.68, 0.65, -0.85],
						"2.5417": [0.6, 0.6, -0.725]
					}
				},
				"arm_left": {
					"rotation": {
						"0.0": [0, 0, 50],
						"0.0833": {
							"pre": [0, 0, 56],
							"post": [0, 0, 56],
							"lerp_mode": "catmullrom"
						},
						"0.25": {
							"post": [0, 0, 28],
							"lerp_mode": "catmullrom"
						},
						"0.625": {
							"post": [0, 0, 44.775],
							"lerp_mode": "catmullrom"
						},
						"0.8333": {
							"post": [0, 0, 34.43],
							"lerp_mode": "catmullrom"
						},
						"1.125": {
							"post": [0, 0, 18.445],
							"lerp_mode": "catmullrom"
						},
						"1.375": {
							"post": [0, 0, 14.325],
							"lerp_mode": "catmullrom"
						},
						"1.5417": [0, 0, 13.075],
						"1.5833": [0, 7, 10],
						"1.6667": [0, -4, 46],
						"1.75": [0, -2.95, 55],
						"1.9167": [0, -1.1, 57],
						"2.1667": [0, 2, 57],
						"2.25": [0, 5.1, 54],
						"2.375": [0, 2, 56]
					}
				},
				"arm_left2": {
					"rotation": {
						"0.0": [0, 0, -10],
						"0.125": [0, 0, -4],
						"0.375": [0, 0, -15],
						"0.7917": [0, 0, -5],
						"1.25": [0, 0, -17.275],
						"1.5417": [0, 0, -28],
						"1.6667": [0, 0, -31],
						"1.8333": [0, 0, -14.2],
						"1.9583": [0, 0, -10]
					}
				},
				"arm_left3": {
					"rotation": {
						"0.0": [0, 0, -10],
						"0.0833": [0, 0, -16],
						"0.25": [0, 0, 4],
						"0.4583": [0, 0, -24],
						"0.7917": [0, 0, -11],
						"0.9583": [0, 0, -5.95],
						"1.5": [0, 0, -15],
						"1.625": [0, 0, -15],
						"1.875": [0, 0, -10]
					}
				},
				"arm_left4": {
					"rotation": {
						"0.0": [0, 0, -10],
						"0.0833": {
							"pre": [0, 0, -15],
							"post": [0, 0, -15],
							"lerp_mode": "catmullrom"
						},
						"0.2917": {
							"post": [0, 0, 0.8],
							"lerp_mode": "catmullrom"
						},
						"0.625": {
							"post": [0, 0, -19],
							"lerp_mode": "catmullrom"
						},
						"0.9167": {
							"post": [0, 0, -2.5],
							"lerp_mode": "catmullrom"
						},
						"1.4583": {
							"post": [0, 0, -16],
							"lerp_mode": "catmullrom"
						},
						"1.75": [0, 0, -10]
					}
				},
				"arm_right": {
					"rotation": {
						"0.0": [0, 0, -50],
						"0.125": [0, -10.85, -54],
						"0.25": {
							"pre": [0, -15, -62],
							"post": [0, -15, -62],
							"lerp_mode": "catmullrom"
						},
						"0.5": {
							"post": [0, -15, -35],
							"lerp_mode": "catmullrom"
						},
						"0.7083": {
							"post": [0, -7, -24.775],
							"lerp_mode": "catmullrom"
						},
						"1.0417": {
							"post": [0, -7, -15.575],
							"lerp_mode": "catmullrom"
						},
						"1.4583": [0, -7, -10],
						"1.5417": [0, -7, -3.975],
						"1.5833": [0, -7, -0.925],
						"1.6667": [0, 4, -46],
						"1.75": [0, 2.95, -55],
						"1.9167": [0, 1.1, -57],
						"2.1667": [0, -2, -57],
						"2.25": [0, -5.1, -54],
						"2.375": [0, -2, -56]
					}
				},
				"arm_right2": {
					"rotation": {
						"0.0": [0, 0, 10],
						"0.125": [0, 0, 2],
						"0.9167": [0, 0, 11],
						"1.4583": [0, 0, 11],
						"1.5833": [0, 0, 29],
						"1.6667": [0, 0, 31],
						"1.8333": [0, 0, 14.2],
						"1.9583": [0, 0, 10]
					}
				},
				"arm_right3": {
					"rotation": {
						"0.0": [0, 0, 10],
						"0.0417": [0, 0, 17],
						"0.2917": [0, 0, -2],
						"0.625": [0, 0, 13],
						"1.4583": [0, 0, 13],
						"1.625": [0, 0, 23],
						"1.875": [0, 0, 10]
					}
				},
				"arm_right4": {
					"rotation": {
						"0.0": [0, 0, 10],
						"0.0833": [0, 0, 20],
						"0.2917": [0, 0, -9],
						"0.6667": [0, 0, 14.2],
						"0.8333": [0, 0, 20],
						"1.2083": [0, 0, 12],
						"1.4583": [0, 0, 12],
						"1.5417": [0, 0, -12],
						"1.625": [0, 0, 22],
						"1.9583": [0, 0, 10]
					}
				},
				"body2": {
					"rotation": {
						"0.0": [0, 0, 0],
						"0.2083": [2.4, 0, "0+math.sin(q.anim_time*90*6-60)*15"],
						"1.0": {
							"pre": [0, 0, -4],
							"post": [0, 0, -4],
							"lerp_mode": "catmullrom"
						},
						"1.5417": {
							"post": [-4, 0, -3],
							"lerp_mode": "catmullrom"
						},
						"1.6667": [0, 0, 0]
					}
				},
				"eye_light_left": {
					"position": {
						"0.0": [0, 0, 0],
						"0.0417": {
							"pre": [0, 0, 0],
							"post": [0, 0, -1]
						},
						"1.6667": {
							"pre": [0, 0, -1],
							"post": [0, 0, 0]
						}
					}
				},
				"eye_light_right": {
					"position": {
						"0.0": [0, 0, 0],
						"0.0417": {
							"pre": [0, 0, 0],
							"post": [0, 0, -1]
						},
						"1.6667": {
							"pre": [0, 0, -1],
							"post": [0, 0, 0]
						}
					}
				}
			}
		},
		"animation.bronzong.sleep": {
			"loop": true,
			"bones": {
				"arm_left": {
					"rotation": [0, 0, 57.5]
				},
				"arm_left3": {
					"rotation": [0, 0, -7.5]
				},
				"arm_left4": {
					"rotation": [0, 0, -5]
				},
				"arm_right": {
					"rotation": [0, 0, -57.5]
				},
				"arm_right3": {
					"rotation": [0, 0, 7.5]
				},
				"arm_right4": {
					"rotation": [0, 0, 5]
				}
			}
		},
		"animation.bronzong.cry": {
			"animation_length": 2,
			"bones": {
				"body": {
					"rotation": {
						"0.0": [0, 0, 0],
						"0.0833": [6, 0, -0.15],
						"0.1667": [7.5, 0, -0.22],
						"0.2083": [0.33, 0, 0],
						"0.2917": [-4, 0, "0+math.sin(q.anim_time*90*32-60)*1"],
						"0.5417": [-6.35, 0, "0.56+math.sin(q.anim_time*90*32-60)*0.6"],
						"0.7917": [-6.41, 0, "0.25+math.sin(q.anim_time*90*32-60)*0.3"],
						"1.0": [-5, 0, 0],
						"1.3333": {
							"pre": [1, 0, 0],
							"post": [1, 0, 0],
							"lerp_mode": "catmullrom"
						},
						"1.625": {
							"post": [1.55, 0, 0],
							"lerp_mode": "catmullrom"
						},
						"1.9167": {
							"post": [0, 0, 0],
							"lerp_mode": "catmullrom"
						}
					}
				},
				"eye_light_left": {
					"position": {
						"0.0": [0, 0, 0],
						"0.3333": {
							"pre": [0, 0, 0],
							"post": [0, 0, -1]
						},
						"1.3333": {
							"pre": [0, 0, -1],
							"post": [0, 0, 0]
						}
					}
				},
				"eye_light_right": {
					"position": {
						"0.0": [0, 0, 0],
						"0.3333": {
							"pre": [0, 0, 0],
							"post": [0, 0, -1]
						},
						"1.3333": {
							"pre": [0, 0, -1],
							"post": [0, 0, 0]
						}
					}
				},
				"arm_left": {
					"rotation": {
						"0.0": {
							"post": [0, 0, 0],
							"lerp_mode": "catmullrom"
						},
						"0.1667": {
							"post": [0, 0, 7.5],
							"lerp_mode": "catmullrom"
						},
						"0.3333": {
							"post": [0, 0, -10],
							"lerp_mode": "catmullrom"
						},
						"1.0": {
							"post": [0, 0, -10],
							"lerp_mode": "catmullrom"
						},
						"1.4583": {
							"post": [0, 0, 1.5],
							"lerp_mode": "catmullrom"
						},
						"1.9583": {
							"post": [0, 0, 0],
							"lerp_mode": "catmullrom"
						}
					}
				},
				"arm_right": {
					"rotation": {
						"0.0": {
							"post": [0, 0, 0],
							"lerp_mode": "catmullrom"
						},
						"0.1667": {
							"post": [0, 0, -7.5],
							"lerp_mode": "catmullrom"
						},
						"0.3333": {
							"post": [0, 0, 10],
							"lerp_mode": "catmullrom"
						},
						"1.0": {
							"post": [0, 0, 10],
							"lerp_mode": "catmullrom"
						},
						"1.4583": {
							"post": [0, 0, -1.5],
							"lerp_mode": "catmullrom"
						},
						"1.9583": {
							"post": [0, 0, 0],
							"lerp_mode": "catmullrom"
						}
					}
				}
			},
			"sound_effects": {
				"0.2917": {
					"effect": "pokemon.bronzong.cry"
				}
			}
		},
		"animation.bronzong.light_eyes": {
			"loop": true,
			"bones": {
				"eye_light_left": {
					"position": [0, 0, -1]
				},
				"eye_light_right": {
					"position": [0, 0, -1]
				}
			}
		},
		"animation.bronzong.battle_cry": {
			"animation_length": 4.5,
			"bones": {
				"body": {
					"rotation": [5.5, 0, 0],
					"position": {
						"0.0": [0, 4, 0],
						"0.125": [0, 4, 0],
						"0.25": ["0+math.sin(q.anim_time*90*32-60)*0.3", 4, 0],
						"0.5": [0, 4, 0],
						"0.625": ["0+math.sin(q.anim_time*90*32-60)*0.3", 4, 0],
						"0.8333": [0, 4, 0],
						"0.9583": ["0+math.sin(q.anim_time*90*32-60)*0.5", 4, 0],
						"1.9167": [0, 4, 0]
					}
				},
				"eye_light_left": {
					"position": {
						"0.0": [0, 0, 0],
						"0.3333": {
							"pre": [0, 0, 0],
							"post": [0, 0, -1]
						},
						"2.1667": {
							"pre": [0, 0, -1],
							"post": [0, 0, 0]
						}
					}
				},
				"eye_light_right": {
					"position": {
						"0.0": [0, 0, 0],
						"0.3333": {
							"pre": [0, 0, 0],
							"post": [0, 0, -1]
						},
						"2.1667": {
							"pre": [0, 0, -1],
							"post": [0, 0, 0]
						}
					}
				},
				"arm_left": {
					"rotation": {
						"0.0": {
							"post": [0, 0, 55],
							"lerp_mode": "catmullrom"
						},
						"0.25": {
							"post": [0, 0, 44.5],
							"lerp_mode": "catmullrom"
						},
						"1.7083": {
							"post": [0, 0, 11],
							"lerp_mode": "catmullrom"
						},
						"2.4583": {
							"post": [0, 0, 55.5],
							"lerp_mode": "catmullrom"
						},
						"3.4167": [0, 0, 56]
					}
				},
				"arm_left2": {
					"rotation": {
						"0.0": {
							"post": [0, 0, -12.5],
							"lerp_mode": "catmullrom"
						},
						"1.125": {
							"post": [0, 0, -19],
							"lerp_mode": "catmullrom"
						},
						"1.7917": {
							"post": [0, 0, -13.55],
							"lerp_mode": "catmullrom"
						},
						"2.75": {
							"post": [0, 0, -10.5],
							"lerp_mode": "catmullrom"
						},
						"3.6667": [0, 0, -12]
					}
				},
				"arm_left3": {
					"rotation": {
						"0.0": {
							"post": [0, 0, -7.5],
							"lerp_mode": "catmullrom"
						},
						"0.9583": {
							"post": [0, 0, -19.5],
							"lerp_mode": "catmullrom"
						},
						"2.125": {
							"post": [0, 0, -24.5],
							"lerp_mode": "catmullrom"
						},
						"2.9583": {
							"post": [0, 0, -6],
							"lerp_mode": "catmullrom"
						},
						"3.8333": [0, 0, -7.5]
					}
				},
				"arm_left4": {
					"rotation": {
						"0.0": {
							"post": [0, 0, -10],
							"lerp_mode": "catmullrom"
						},
						"0.9583": {
							"post": [0, 0, -13.5],
							"lerp_mode": "catmullrom"
						},
						"1.7917": {
							"post": [0, 0, -13.5],
							"lerp_mode": "catmullrom"
						},
						"2.5833": {
							"post": [0, 0, -9],
							"lerp_mode": "catmullrom"
						},
						"4.0": [0, 0, -10]
					}
				},
				"arm_right": {
					"rotation": {
						"0.0": {
							"post": [0, 0, -55],
							"lerp_mode": "catmullrom"
						},
						"0.25": {
							"post": [0, 0, -44.5],
							"lerp_mode": "catmullrom"
						},
						"1.7083": {
							"post": [0, 0, -11],
							"lerp_mode": "catmullrom"
						},
						"2.4583": {
							"post": [0, 0, -55.5],
							"lerp_mode": "catmullrom"
						},
						"3.4167": [0, 0, -56]
					}
				},
				"arm_right2": {
					"rotation": {
						"0.0": {
							"post": [0, 0, 12.5],
							"lerp_mode": "catmullrom"
						},
						"1.125": {
							"post": [0, 0, 19],
							"lerp_mode": "catmullrom"
						},
						"1.7917": {
							"post": [0, 0, 13.55],
							"lerp_mode": "catmullrom"
						},
						"2.75": {
							"post": [0, 0, 10.5],
							"lerp_mode": "catmullrom"
						},
						"3.6667": [0, 0, 12]
					}
				},
				"arm_right3": {
					"rotation": {
						"0.0": {
							"post": [0, 0, 7.5],
							"lerp_mode": "catmullrom"
						},
						"0.9583": {
							"post": [0, 0, 19.5],
							"lerp_mode": "catmullrom"
						},
						"2.125": {
							"post": [0, 0, 24.5],
							"lerp_mode": "catmullrom"
						},
						"2.9583": {
							"post": [0, 0, 6],
							"lerp_mode": "catmullrom"
						},
						"3.8333": [0, 0, 7.5]
					}
				},
				"arm_right4": {
					"rotation": {
						"0.0": {
							"post": [0, 0, 10],
							"lerp_mode": "catmullrom"
						},
						"0.9583": {
							"post": [0, 0, 13.5],
							"lerp_mode": "catmullrom"
						},
						"1.7917": {
							"post": [0, 0, 13.5],
							"lerp_mode": "catmullrom"
						},
						"2.5833": {
							"post": [0, 0, 9],
							"lerp_mode": "catmullrom"
						},
						"4.0": [0, 0, 10]
					}
				},
				"body2": {
					"rotation": {
						"0.0": {
							"post": [0, 0, 0],
							"lerp_mode": "catmullrom"
						},
						"0.3333": {
							"post": [8, 0, 8],
							"lerp_mode": "catmullrom"
						},
						"0.75": {
							"post": [-7.19, 0, -6.46],
							"lerp_mode": "catmullrom"
						},
						"1.0833": {
							"post": [-7.18, 0, 3.42],
							"lerp_mode": "catmullrom"
						},
						"1.5417": {
							"post": [-17, 0, -2],
							"lerp_mode": "catmullrom"
						},
						"2.2917": {
							"post": [3, 0, 1],
							"lerp_mode": "catmullrom"
						},
						"3.4167": {
							"post": [-2.80403, 0, 0.50342],
							"lerp_mode": "catmullrom"
						},
						"4.25": [0, 0, 0]
					},
					"position": {
						"0.0": {
							"post": [0, 0, 0],
							"lerp_mode": "catmullrom"
						},
						"0.3333": {
							"post": [0, 1, 0],
							"lerp_mode": "catmullrom"
						},
						"1.0833": {
							"post": [0, 9, 0],
							"lerp_mode": "catmullrom"
						},
						"1.7917": {
							"post": [0, 9.32, 0],
							"lerp_mode": "catmullrom"
						},
						"2.5": {
							"post": [0, -2, 0],
							"lerp_mode": "catmullrom"
						},
						"3.25": {
							"post": [0, 2, 0],
							"lerp_mode": "catmullrom"
						},
						"4.5": [0, 0, 0]
					}
				}
			},
			"sound_effects": {
				"0.3333": {
					"effect": "pokemon.bronzong.cry"
				}
			}
		},
		"animation.bronzong.physical": {
			"animation_length": 4,
			"bones": {
				"body": {
					"rotation": [5.5, 0, 0],
					"position": {
						"0.0": [0, 4, 0],
						"1.4583": [0, 4, 0],
						"1.5": ["0+math.sin(q.anim_time*90*32-60)*0.6", 4, 0],
						"2.9167": [0, 4, 0]
					}
				},
				"arm_left": {
					"rotation": {
						"0.0": {
							"post": [0, 1, 55],
							"lerp_mode": "catmullrom"
						},
						"0.4583": {
							"post": [0, 16.9, 21],
							"lerp_mode": "catmullrom"
						},
						"1.0417": {
							"post": [0, -14, 8],
							"lerp_mode": "catmullrom"
						},
						"1.4583": {
							"post": [0, -44, 17],
							"lerp_mode": "catmullrom"
						},
						"1.8333": {
							"post": [0, 9.5, 41],
							"lerp_mode": "catmullrom"
						},
						"2.2917": {
							"post": [0, -15, 32],
							"lerp_mode": "catmullrom"
						},
						"2.875": {
							"post": [0, 6, 59],
							"lerp_mode": "catmullrom"
						},
						"3.3333": [0, 0, 55]
					}
				},
				"arm_left2": {
					"rotation": {
						"0.0": {
							"post": [0, 0, -17.5],
							"lerp_mode": "catmullrom"
						},
						"0.5833": {
							"post": [0, 12.5, -15.5],
							"lerp_mode": "catmullrom"
						},
						"1.0833": {
							"post": [0, -2.5, -17.5],
							"lerp_mode": "catmullrom"
						},
						"1.5": {
							"post": [0, -20, -10],
							"lerp_mode": "catmullrom"
						},
						"1.9167": {
							"post": [0, 15, -10],
							"lerp_mode": "catmullrom"
						},
						"2.6667": {
							"post": [0, -1.44, -19.22],
							"lerp_mode": "catmullrom"
						},
						"3.375": [0, 0, -17.5]
					}
				},
				"arm_left3": {
					"rotation": {
						"0.0": {
							"post": [0, 0, -7.5],
							"lerp_mode": "catmullrom"
						},
						"0.7083": {
							"post": [0, 12.5, -7],
							"lerp_mode": "catmullrom"
						},
						"1.1667": {
							"post": [0, -4, -3],
							"lerp_mode": "catmullrom"
						},
						"1.5417": {
							"post": [0, -11.5, -3],
							"lerp_mode": "catmullrom"
						},
						"2.0": {
							"post": [0, 10, -5],
							"lerp_mode": "catmullrom"
						},
						"2.8333": {
							"post": [0, -4, -8.5],
							"lerp_mode": "catmullrom"
						},
						"3.5": [0, 0, -7.5]
					}
				},
				"arm_left4": {
					"rotation": {
						"0.0": {
							"post": [0, 0, -10],
							"lerp_mode": "catmullrom"
						},
						"0.8333": {
							"post": [0, 10, -4],
							"lerp_mode": "catmullrom"
						},
						"1.3333": {
							"post": [0, -10, -11],
							"lerp_mode": "catmullrom"
						},
						"1.7083": {
							"post": [0, -17.5, -10],
							"lerp_mode": "catmullrom"
						},
						"2.0833": {
							"post": [0, 2.5, -12],
							"lerp_mode": "catmullrom"
						},
						"2.8333": {
							"post": [0, -2.82, -9],
							"lerp_mode": "catmullrom"
						},
						"3.5": [0, 0, -10]
					}
				},
				"arm_right": {
					"rotation": {
						"0.0": {
							"post": [0, -1, -55],
							"lerp_mode": "catmullrom"
						},
						"0.4583": {
							"post": [0, -16.9, -21],
							"lerp_mode": "catmullrom"
						},
						"1.0417": {
							"post": [0, 14, -8],
							"lerp_mode": "catmullrom"
						},
						"1.4583": {
							"post": [0, 44, -17],
							"lerp_mode": "catmullrom"
						},
						"1.8333": {
							"post": [0, -9.5, -41],
							"lerp_mode": "catmullrom"
						},
						"2.2917": {
							"post": [0, 15, -32],
							"lerp_mode": "catmullrom"
						},
						"2.875": {
							"post": [0, -6, -59],
							"lerp_mode": "catmullrom"
						},
						"3.3333": [0, 0, -55]
					}
				},
				"arm_right2": {
					"rotation": {
						"0.0": {
							"post": [0, 0, 17.5],
							"lerp_mode": "catmullrom"
						},
						"0.5833": {
							"post": [0, -12.5, 15.5],
							"lerp_mode": "catmullrom"
						},
						"1.0833": {
							"post": [0, 2.5, 17.5],
							"lerp_mode": "catmullrom"
						},
						"1.5": {
							"post": [0, 20, 10],
							"lerp_mode": "catmullrom"
						},
						"1.9167": {
							"post": [0, -15, 10],
							"lerp_mode": "catmullrom"
						},
						"2.6667": {
							"post": [0, 1.44, 19.22],
							"lerp_mode": "catmullrom"
						},
						"3.375": [0, 0, 17.5]
					}
				},
				"arm_right3": {
					"rotation": {
						"0.0": {
							"post": [0, 0, 7.5],
							"lerp_mode": "catmullrom"
						},
						"0.7083": {
							"post": [0, -12.5, 7],
							"lerp_mode": "catmullrom"
						},
						"1.1667": {
							"post": [0, 4, 3],
							"lerp_mode": "catmullrom"
						},
						"1.5417": {
							"post": [0, 11.5, 3],
							"lerp_mode": "catmullrom"
						},
						"2.0": {
							"post": [0, -10, 5],
							"lerp_mode": "catmullrom"
						},
						"2.8333": {
							"post": [0, 4, 8.5],
							"lerp_mode": "catmullrom"
						},
						"3.5": [0, 0, 7.5]
					}
				},
				"arm_right4": {
					"rotation": [0, 0, 10]
				},
				"body2": {
					"rotation": {
						"0.0": {
							"post": [0, 0, 0],
							"lerp_mode": "catmullrom"
						},
						"0.625": {
							"post": [90.92, 0, 0],
							"lerp_mode": "catmullrom"
						},
						"1.0417": {
							"post": [87.5, 0, 0],
							"lerp_mode": "catmullrom"
						},
						"1.2917": {
							"post": [21.5, -3, 0],
							"lerp_mode": "catmullrom"
						},
						"1.5": {
							"post": [-70.5, 4, 0],
							"lerp_mode": "catmullrom"
						},
						"2.125": {
							"post": [30, "0+math.sin(q.anim_time*90*2-180)*15", -7],
							"lerp_mode": "catmullrom"
						},
						"2.7917": {
							"post": [-26.54, "0+math.sin(q.anim_time*90*2-180)*10", 6],
							"lerp_mode": "catmullrom"
						},
						"3.4583": {
							"post": [12, 0, 0],
							"lerp_mode": "catmullrom"
						},
						"4.0": [0, 0, 0]
					},
					"scale": {
						"1.4167": [1, 1, 1],
						"1.5": [1, 1, "1+math.sin(q.anim_time*90*32-60)*0.03"],
						"2.9167": [1, 1, 1]
					}
				}
			}
		},
		"animation.bronzong.physical_bong": {
			"animation_length": 4,
			"bones": {
				"body": {
					"rotation": [5.5, 0, 0],
					"position": {
						"0.0": [0, 4, 0],
						"1.4583": [0, 4, 0],
						"1.5": ["0+math.sin(q.anim_time*90*32-60)*0.6", 4, 0],
						"2.9167": [0, 4, 0]
					}
				},
				"arm_left": {
					"rotation": {
						"0.0": {
							"post": [0, 1, 55],
							"lerp_mode": "catmullrom"
						},
						"0.4583": {
							"post": [0, 16.9, 21],
							"lerp_mode": "catmullrom"
						},
						"1.0417": {
							"post": [0, -14, 8],
							"lerp_mode": "catmullrom"
						},
						"1.4583": {
							"post": [0, -44, 17],
							"lerp_mode": "catmullrom"
						},
						"1.8333": {
							"post": [0, 9.5, 41],
							"lerp_mode": "catmullrom"
						},
						"2.2917": {
							"post": [0, -15, 32],
							"lerp_mode": "catmullrom"
						},
						"2.875": {
							"post": [0, 6, 59],
							"lerp_mode": "catmullrom"
						},
						"3.3333": [0, 0, 55]
					}
				},
				"arm_left2": {
					"rotation": {
						"0.0": {
							"post": [0, 0, -17.5],
							"lerp_mode": "catmullrom"
						},
						"0.5833": {
							"post": [0, 12.5, -15.5],
							"lerp_mode": "catmullrom"
						},
						"1.0833": {
							"post": [0, -2.5, -17.5],
							"lerp_mode": "catmullrom"
						},
						"1.5": {
							"post": [0, -20, -10],
							"lerp_mode": "catmullrom"
						},
						"1.9167": {
							"post": [0, 15, -10],
							"lerp_mode": "catmullrom"
						},
						"2.6667": {
							"post": [0, -1.44, -19.22],
							"lerp_mode": "catmullrom"
						},
						"3.375": [0, 0, -17.5]
					}
				},
				"arm_left3": {
					"rotation": {
						"0.0": {
							"post": [0, 0, -7.5],
							"lerp_mode": "catmullrom"
						},
						"0.7083": {
							"post": [0, 12.5, -7],
							"lerp_mode": "catmullrom"
						},
						"1.1667": {
							"post": [0, -4, -3],
							"lerp_mode": "catmullrom"
						},
						"1.5417": {
							"post": [0, -11.5, -3],
							"lerp_mode": "catmullrom"
						},
						"2.0": {
							"post": [0, 10, -5],
							"lerp_mode": "catmullrom"
						},
						"2.8333": {
							"post": [0, -4, -8.5],
							"lerp_mode": "catmullrom"
						},
						"3.5": [0, 0, -7.5]
					}
				},
				"arm_left4": {
					"rotation": {
						"0.0": {
							"post": [0, 0, -10],
							"lerp_mode": "catmullrom"
						},
						"0.8333": {
							"post": [0, 10, -4],
							"lerp_mode": "catmullrom"
						},
						"1.3333": {
							"post": [0, -10, -11],
							"lerp_mode": "catmullrom"
						},
						"1.7083": {
							"post": [0, -17.5, -10],
							"lerp_mode": "catmullrom"
						},
						"2.0833": {
							"post": [0, 2.5, -12],
							"lerp_mode": "catmullrom"
						},
						"2.8333": {
							"post": [0, -2.82, -9],
							"lerp_mode": "catmullrom"
						},
						"3.5": [0, 0, -10]
					}
				},
				"arm_right": {
					"rotation": {
						"0.0": {
							"post": [0, -1, -55],
							"lerp_mode": "catmullrom"
						},
						"0.4583": {
							"post": [0, -16.9, -21],
							"lerp_mode": "catmullrom"
						},
						"1.0417": {
							"post": [0, 14, -8],
							"lerp_mode": "catmullrom"
						},
						"1.4583": {
							"post": [0, 44, -17],
							"lerp_mode": "catmullrom"
						},
						"1.8333": {
							"post": [0, -9.5, -41],
							"lerp_mode": "catmullrom"
						},
						"2.2917": {
							"post": [0, 15, -32],
							"lerp_mode": "catmullrom"
						},
						"2.875": {
							"post": [0, -6, -59],
							"lerp_mode": "catmullrom"
						},
						"3.3333": [0, 0, -55]
					}
				},
				"arm_right2": {
					"rotation": {
						"0.0": {
							"post": [0, 0, 17.5],
							"lerp_mode": "catmullrom"
						},
						"0.5833": {
							"post": [0, -12.5, 15.5],
							"lerp_mode": "catmullrom"
						},
						"1.0833": {
							"post": [0, 2.5, 17.5],
							"lerp_mode": "catmullrom"
						},
						"1.5": {
							"post": [0, 20, 10],
							"lerp_mode": "catmullrom"
						},
						"1.9167": {
							"post": [0, -15, 10],
							"lerp_mode": "catmullrom"
						},
						"2.6667": {
							"post": [0, 1.44, 19.22],
							"lerp_mode": "catmullrom"
						},
						"3.375": [0, 0, 17.5]
					}
				},
				"arm_right3": {
					"rotation": {
						"0.0": {
							"post": [0, 0, 7.5],
							"lerp_mode": "catmullrom"
						},
						"0.7083": {
							"post": [0, -12.5, 7],
							"lerp_mode": "catmullrom"
						},
						"1.1667": {
							"post": [0, 4, 3],
							"lerp_mode": "catmullrom"
						},
						"1.5417": {
							"post": [0, 11.5, 3],
							"lerp_mode": "catmullrom"
						},
						"2.0": {
							"post": [0, -10, 5],
							"lerp_mode": "catmullrom"
						},
						"2.8333": {
							"post": [0, 4, 8.5],
							"lerp_mode": "catmullrom"
						},
						"3.5": [0, 0, 7.5]
					}
				},
				"arm_right4": {
					"rotation": [0, 0, 10]
				},
				"body2": {
					"rotation": {
						"0.0": {
							"post": [0, 0, 0],
							"lerp_mode": "catmullrom"
						},
						"0.625": {
							"post": [90.92, 0, 0],
							"lerp_mode": "catmullrom"
						},
						"1.0417": {
							"post": [87.5, 0, 0],
							"lerp_mode": "catmullrom"
						},
						"1.2917": {
							"post": [21.5, -3, 0],
							"lerp_mode": "catmullrom"
						},
						"1.5": {
							"post": [-70.5, 4, 0],
							"lerp_mode": "catmullrom"
						},
						"2.125": {
							"post": [30, "0+math.sin(q.anim_time*90*2-180)*15", -7],
							"lerp_mode": "catmullrom"
						},
						"2.7917": {
							"post": [-26.54, "0+math.sin(q.anim_time*90*2-180)*10", 6],
							"lerp_mode": "catmullrom"
						},
						"3.4583": {
							"post": [12, 0, 0],
							"lerp_mode": "catmullrom"
						},
						"4.0": [0, 0, 0]
					},
					"scale": {
						"1.4167": [1, 1, 1],
						"1.5": [1, 1, "1+math.sin(q.anim_time*90*32-60)*0.03"],
						"2.9167": [1, 1, 1]
					}
				}
			},
			"sound_effects": {
				"1.5": {
					"effect": "pokemon.bronzong.bell"
				}
			}
		},
		"animation.bronzong.base": {
			"loop": true,
			"bones": {
				"body": {
					"rotation": [5.5, 0, 0],
					"position": [0, 4, 0]
				},
				"arm_left": {
					"rotation": [0, 1, 55]
				},
				"arm_left2": {
					"rotation": [0, 0, -17.5]
				},
				"arm_left3": {
					"rotation": [0, 0, -7.5]
				},
				"arm_left4": {
					"rotation": [0, 0, -10]
				},
				"arm_right": {
					"rotation": [0, -1, -55]
				},
				"arm_right2": {
					"rotation": [0, 0, 17.5]
				},
				"arm_right3": {
					"rotation": [0, 0, 7.5]
				},
				"arm_right4": {
					"rotation": [0, "-(math.sin(q.anim_time*90*0.7+90)*5.6)", "10-math.sin(q.anim_time*90*0.7+130)*3"]
				}
			}
		},
		"animation.bronzong.recoil": {
			"animation_length": 2,
			"bones": {
				"body2": {
					"rotation": {
						"0.0": {
							"post": [0, 0, 0],
							"lerp_mode": "catmullrom"
						},
						"0.0417": {
							"post": [10, 0, 0],
							"lerp_mode": "catmullrom"
						},
						"0.2917": {
							"post": [13.7, 0, 0],
							"lerp_mode": "catmullrom"
						},
						"0.7083": {
							"post": [-6.6, 0, 0],
							"lerp_mode": "catmullrom"
						},
						"1.1667": {
							"post": [3.9, 0, 0],
							"lerp_mode": "catmullrom"
						},
						"1.5417": {
							"post": [0, 0, 0],
							"lerp_mode": "catmullrom"
						},
						"1.7083": {
							"post": [-0.87, 0, 0],
							"lerp_mode": "catmullrom"
						},
						"2.0": [0, 0, 0]
					}
				},
				"body": {
					"rotation": {
						"0.0": [0, 0, 0],
						"0.0417": [0, 0, "0-math.sin(q.anim_time*90*32-60)*0.6"],
						"1.4583": [0, 0, 0]
					},
					"position": {
						"0.0": [0, 0, 0],
						"0.0417": [0, 0, 0],
						"1.4583": [0, 0, 0]
					}
				}
			}
		}
	}
}