{
	"format_version": "1.8.0",
	"animations": {
		"animation.taillow.ground_idle": {
			"loop": true,
			"bones": {
				"toe_inner_left": {
					"rotation": [0, 5, 0]
				},
				"toe_outer_left": {
					"rotation": [0, -5, 0]
				},
				"torso": {
					"rotation": ["0+math.sin(q.anim_time*90*2+0)*1", 0, "0+math.sin(q.anim_time*90*1+0)*0.5"]
				},
				"tail2": {
					"rotation": ["62.5+math.sin(q.anim_time*90*2-25)*2", "math.sin(q.anim_time*90*1-20+180)*0.75", 0]
				},
				"neck": {
					"rotation": ["0+math.sin(q.anim_time*90*2-20)*1", 0, 0]
				},
				"tail": {
					"rotation": [15, 0, 0]
				},
				"toe_inner_right": {
					"rotation": [0, -5, 0]
				},
				"toe_outer_right": {
					"rotation": [0, 5, 0]
				},
				"wings_open": {
					"scale": 0
				}
			}
		},
		"animation.taillow.ground_walk": {
			"loop": true,
			"bones": {
				"toe_inner_left": {
					"rotation": ["0+math.clamp(math.sin(query.anim_time*90*5*1-40+180)*22,-15,20)", -5, 0]
				},
				"toe_outer_left": {
					"rotation": ["0+math.clamp(math.sin(query.anim_time*90*5*1-40+180)*20,-15,20)", -5, 0]
				},
				"wing_left": {
					"rotation": [90, "-87.5+math.sin(q.anim_time*90*5-30)*1", 0],
					"position": [0, -0.5, -1]
				},
				"wing_left2": {
					"rotation": [
						"-17.6042+math.sin(q.anim_time*90*5-145+180)*5",
						"34.3088+math.sin(q.anim_time*90*5-145+180)*3",
						"-23.6083+math.sin(q.anim_time*90*5-145+180)*12"
					]
				},
				"wing_left3": {
					"rotation": [0, "-45+math.sin(q.anim_time*90*5-170+180)*5", 0]
				},
				"wing_right": {
					"rotation": [90, "87.5+math.sin(q.anim_time*90*5-30+180)*1", 0],
					"position": [0, -0.5, -1]
				},
				"wing_right2": {
					"rotation": [
						"-17.6042+math.sin(q.anim_time*90*5-145+180)*5",
						"-34.3088-math.sin(q.anim_time*90*5-145+180)*3",
						"23.6083-math.sin(q.anim_time*90*5-145+180)*12"
					]
				},
				"wing_right3": {
					"rotation": [0, "45+math.sin(q.anim_time*90*5-170)*5", 0]
				},
				"body": {
					"position": [
						"0+math.clamp(math.sin(query.anim_time*90*2.5*1-80)*0.3,-0.2,0.2)",
						"1+math.clamp(math.sin(query.anim_time*90*5*1-80)*1.5,-1.25,1.5)",
						"0+math.clamp(math.sin(query.anim_time*90*5*1-20)*0.2,-0.2,0.1)"
					]
				},
				"torso": {
					"rotation": ["-math.sin(q.anim_time*90*5-180)*9", 0, "0+math.sin(q.anim_time*90*2.5-20+180)*2"]
				},
				"neck": {
					"rotation": ["-math.sin(q.anim_time*90*5-90)*3", 0, "0+math.sin(q.anim_time*90*2.5-50+180)*1.5"]
				},
				"leg_left": {
					"rotation": ["0+math.clamp(math.sin(query.anim_time*90*5*1-40)*17.5,-16,0)+math.clamp(math.sin(query.anim_time*90*5*1-40)*17.5,0,16)", 0, 0],
					"position": [0, 0, "-1-math.sin(q.anim_time*90*5-180)*1"]
				},
				"leg_left2": {
					"rotation": ["0+math.clamp(math.sin(query.anim_time*90*5*1-30)*12.5,-12,0)+math.clamp(math.sin(query.anim_time*90*5*1-30)*12.5,0,12)", 0, 0]
				},
				"foot_left": {
					"rotation": ["15+math.clamp(math.sin(query.anim_time*90*5*-1+120)*22.5,-20,-2.5)", 0, 0]
				},
				"toe_back_left": {
					"rotation": ["0+math.clamp(math.sin(query.anim_time*90*5*1-120+180)*22,-20,0)", -5, 0]
				},
				"toe_middle_left": {
					"rotation": ["0+math.clamp(math.sin(query.anim_time*90*5*1-40+180)*22,-15,20)", -5, 0]
				},
				"head": {
					"rotation": ["-math.sin(q.anim_time*90*5-70)*4", 0, "0+math.sin(q.anim_time*90*2.5-75+180)*0.5"]
				},
				"wing_closed_left": {
					"rotation": [0, 0, 0]
				},
				"wings_open": {
					"scale": 0
				},
				"tail": {
					"rotation": [50, 0, 0]
				},
				"tail_left": {
					"rotation": ["5+math.sin(q.anim_time*90*5-145)*4", "0+math.sin(q.anim_time*90*2.5-50+180)*1.5", 0]
				},
				"tail_left2": {
					"rotation": ["2.5+math.sin(q.anim_time*90*5-170)*7", "0+math.sin(q.anim_time*90*2.5-90+180)*2", 0]
				},
				"tail_right": {
					"rotation": ["5+math.sin(q.anim_time*90*5-145)*4", "0+math.sin(q.anim_time*90*2.5-50+180)*1.5", 0]
				},
				"tail_right2": {
					"rotation": ["2.5+math.sin(q.anim_time*90*5-170)*7", "0+math.sin(q.anim_time*90*2.5-90+180)*2", 0]
				},
				"leg_right": {
					"rotation": ["0+math.clamp(math.sin(query.anim_time*90*5*1-40)*17.5,-16,0)+math.clamp(math.sin(query.anim_time*90*5*1-40)*17.5,0,16)", 0, 0],
					"position": [0, 0, "-1-math.sin(q.anim_time*90*5-210)*1"]
				},
				"leg_right2": {
					"rotation": ["0+math.clamp(math.sin(query.anim_time*90*5*1-30)*12.5,-12,0)+math.clamp(math.sin(query.anim_time*90*5*1-30)*12.5,0,12)", 0, 0]
				},
				"foot_right": {
					"rotation": ["15+math.clamp(math.sin(query.anim_time*90*5*-1+120)*22.5,-20,-2.5)", 0, 0]
				},
				"toe_back_right": {
					"rotation": ["0+math.clamp(math.sin(query.anim_time*90*5*1-120+180)*22,-20,0)", 5, 0]
				},
				"toe_inner_right": {
					"rotation": ["0+math.clamp(math.sin(query.anim_time*90*5*1-40+180)*22,-15,20)", 5, 0]
				},
				"toe_middle_right": {
					"rotation": ["0+math.clamp(math.sin(query.anim_time*90*5*1-40+180)*22,-15,20)", 5, 0]
				},
				"toe_outer_right": {
					"rotation": ["0+math.clamp(math.sin(query.anim_time*90*5*1-40+180)*22,-15,20)", 5, 0]
				}
			}
		},
		"animation.taillow.air_idle": {
			"loop": true,
			"bones": {
				"body": {
					"rotation": ["0+math.sin(q.anim_time*90*5-30+180)*2", 0, 0],
					"position": [0, "0+math.sin(q.anim_time*90*5-75)*1", "-math.cos(q.anim_time*90*5-75)*0.5"]
				},
				"torso": {
					"rotation": [0, 0, 0]
				},
				"tail2": {
					"rotation": ["35+math.sin(q.anim_time*90*5-60+180)*5", 0, 0]
				},
				"neck": {
					"rotation": ["10+math.sin(q.anim_time*90*5-50+180)*3", 0, 0]
				},
				"leg_left": {
					"rotation": ["-17.767+math.sin(q.anim_time*90*5-50)*3", -13.82107, -4.58156]
				},
				"leg_left2": {
					"rotation": ["-17.2773+math.sin(q.anim_time*90*5-75)*3", 4.02155, 6.33586]
				},
				"foot_left": {
					"rotation": ["-7.5+math.sin(q.anim_time*90*5-100)*1.5", -2.5, 0]
				},
				"toe_back_left": {
					"rotation": [-37.5, 0, 0]
				},
				"claw_back_left": {
					"rotation": [-22.5, 0, 0]
				},
				"toe_inner_left": {
					"rotation": [47.5, 0, 0]
				},
				"claw_inner_left": {
					"rotation": [30, 0, 0]
				},
				"toe_middle_left": {
					"rotation": [35, 0, 0]
				},
				"claw_middle_left": {
					"rotation": [30, 0, 0]
				},
				"toe_outer_left": {
					"rotation": [52.5, 0, 0]
				},
				"claw_outer_left": {
					"rotation": [30, 0, 0]
				},
				"taillow": {
					"position": [0, 1, 0]
				},
				"head": {
					"rotation": ["-10+math.sin(q.anim_time*90*5-50+210)*-3", 0, 0]
				},
				"leg_right": {
					"rotation": ["-17.767+math.sin(q.anim_time*90*5-50)*3", 13.82107, 4.58156]
				},
				"leg_right2": {
					"rotation": ["-17.2773+math.sin(q.anim_time*90*5-75)*3", -4.02155, -6.33586]
				},
				"foot_right": {
					"rotation": ["-7.5+math.sin(q.anim_time*90*5-100)*1.5", -2.5, 0]
				},
				"toe_back_right": {
					"rotation": [-37.5, 0, 0]
				},
				"claw_back_right": {
					"rotation": [-22.5, 0, 0]
				},
				"toe_inner_right": {
					"rotation": [47.5, 0, 0]
				},
				"claw_inner_right": {
					"rotation": [30, 0, 0]
				},
				"toe_middle_right": {
					"rotation": [35, 0, 0]
				},
				"claw_middle_right": {
					"rotation": [30, 0, 0]
				},
				"toe_outer_right": {
					"rotation": [52.5, 0, 0]
				},
				"claw_outer_right": {
					"rotation": [30, 0, 0]
				},
				"wings_closed": {
					"scale": 0
				},
				"wing_open_left": {
					"rotation": ["7.5+math.sin(q.anim_time*90*5+0)*20", -5, "math.sin(q.anim_time*90*5+0)*45"]
				},
				"wing_open_left2": {
					"rotation": [0, 22.5, "10+math.sin(q.anim_time*90*5-30)*35"]
				},
				"wing_open_left3": {
					"rotation": [0, -35, "5+math.sin(q.anim_time*90*5-90)*20"]
				},
				"wing_open_left4": {
					"rotation": [0, -15, "5+math.sin(q.anim_time*90*5-120)*15"]
				},
				"wing_open_right": {
					"rotation": ["7.5+math.sin(q.anim_time*90*5+0)*20", 5, "-(math.sin(q.anim_time*90*5+0)*45)"]
				},
				"wing_open_right2": {
					"rotation": [0, -22.5, "-10-math.sin(q.anim_time*90*5-30)*35"]
				},
				"wing_open_right3": {
					"rotation": [0, 35, "-5-math.sin(q.anim_time*90*5-90)*20"]
				},
				"wing_open_right4": {
					"rotation": [0, 15, "-5-math.sin(q.anim_time*90*5-120)*15"]
				}
			}
		},
		"animation.taillow.air_fly": {
			"loop": true,
			"bones": {
				"body": {
					"rotation": ["30+math.sin(q.anim_time*90*5-30+180)*2.5", 0, "0+math.sin(q.anim_time*90*1.25-45+180)*1"],
					"position": ["0+math.sin(q.anim_time*90*1.25-45)*0.5", "0+math.sin(q.anim_time*90*5-75)*1", 0]
				},
				"torso": {
					"rotation": [-12.5, 0, 0]
				},
				"neck": {
					"rotation": ["37.5+math.sin(q.anim_time*90*5-50+180)*3", 0, 0],
					"position": [0, 0.5, 0]
				},
				"wing_left": {
					"rotation": ["math.sin(q.anim_time*90*5+0)*20", 0, "math.sin(q.anim_time*90*5+0)*45"]
				},
				"wing_left2": {
					"rotation": [0, 0, "10+math.sin(q.anim_time*90*5-30)*35"]
				},
				"wing_left3": {
					"rotation": [0, 0, "5+math.sin(q.anim_time*90*5-60)*20"]
				},
				"wing_right": {
					"rotation": ["math.sin(q.anim_time*90*5+0)*20", 0, "math.sin(q.anim_time*90*5+0+180)*45"]
				},
				"wing_right2": {
					"rotation": [0, 0, "-10+math.sin(q.anim_time*90*5-30+180)*35"]
				},
				"wing_right3": {
					"rotation": [0, 0, "-5+math.sin(q.anim_time*90*5-60+180)*20"]
				},
				"leg_left": {
					"rotation": ["-17.767+math.sin(q.anim_time*90*5-50)*3", -13.82107, -4.58156]
				},
				"leg_left2": {
					"rotation": ["-32.2773+math.sin(q.anim_time*90*5-75)*3", 4.02155, 6.33586]
				},
				"foot_left": {
					"rotation": ["27.5+math.sin(q.anim_time*90*5-100)*1.5", -2.5, 0]
				},
				"toe_back_left": {
					"rotation": [-52.5, 0, 0]
				},
				"claw_back_left": {
					"rotation": [-47.5, 0, 0]
				},
				"toe_inner_left": {
					"rotation": [62.5, 0, 0]
				},
				"claw_inner_left": {
					"rotation": [45, 0, 0]
				},
				"toe_middle_left": {
					"rotation": [55, 0, 0]
				},
				"claw_middle_left": {
					"rotation": [45, 0, 0]
				},
				"toe_outer_left": {
					"rotation": [62.5, 0, 0]
				},
				"claw_outer_left": {
					"rotation": [45, 0, 0]
				},
				"taillow": {
					"position": [0, 1, 0]
				},
				"head": {
					"rotation": ["-47.5+math.sin(q.anim_time*90*5-65+180)*1.5", 0, 0],
					"position": [0, -0.5, -1.3]
				},
				"wings_closed": {
					"scale": 0
				},
				"wing_open_left": {
					"rotation": ["math.sin(q.anim_time*90*5+0)*20", -5, "math.sin(q.anim_time*90*5+0)*45"]
				},
				"wing_open_left2": {
					"rotation": [0, 22.5, "10+math.sin(q.anim_time*90*5-30)*35"]
				},
				"wing_open_left3": {
					"rotation": {
						"0.0": {
							"post": [0, -35, "5+math.sin(q.anim_time*90*5-60)*20"],
							"lerp_mode": "catmullrom"
						}
					}
				},
				"wing_open_left4": {
					"rotation": {
						"0.0": {
							"post": [0, -15, "5+math.sin(q.anim_time*90*5-90)*15"],
							"lerp_mode": "catmullrom"
						}
					}
				},
				"wing_open_right": {
					"rotation": ["math.sin(q.anim_time*90*5+0)*20", 5, "-(math.sin(q.anim_time*90*5+0)*45)"]
				},
				"wing_open_right2": {
					"rotation": [0, -22.5, "-10-math.sin(q.anim_time*90*5-30)*35"]
				},
				"wing_open_right3": {
					"rotation": {
						"0.0": {
							"post": [0, 35, "-5-math.sin(q.anim_time*90*5-60)*20"],
							"lerp_mode": "catmullrom"
						}
					}
				},
				"wing_open_right4": {
					"rotation": {
						"0.0": {
							"post": [0, 15, "-5-math.sin(q.anim_time*90*5-90)*15"],
							"lerp_mode": "catmullrom"
						}
					}
				},
				"tail_left": {
					"rotation": ["-5+math.sin(q.anim_time*90*5-60+180)*5", 0, 0]
				},
				"tail_left2": {
					"rotation": ["0+math.sin(q.anim_time*90*5)*8", 0, 0]
				},
				"tail_left3": {
					"rotation": ["0+math.sin(q.anim_time*90*5-30)*8", 0, 0]
				},
				"tail_right": {
					"rotation": ["-5+math.sin(q.anim_time*90*5-60+180)*5", 0, 0]
				},
				"tail_right2": {
					"rotation": ["0+math.sin(q.anim_time*90*5)*8", 0, 0]
				},
				"tail_right3": {
					"rotation": ["0+math.sin(q.anim_time*90*5-30)*8", 0, 0]
				},
				"leg_right": {
					"rotation": ["-17.767+math.sin(q.anim_time*90*5-50)*3", 13.82107, 4.58156]
				},
				"leg_right2": {
					"rotation": ["-32.2773+math.sin(q.anim_time*90*5-75)*3", -4.02155, -6.33586]
				},
				"foot_right": {
					"rotation": ["27.5+math.sin(q.anim_time*90*5-100)*1.5", 2.5, 0]
				},
				"toe_back_right": {
					"rotation": [-52.5, 0, 0]
				},
				"claw_back_right": {
					"rotation": [-47.5, 0, 0]
				},
				"toe_inner_right": {
					"rotation": [62.5, 0, 0]
				},
				"claw_inner_right": {
					"rotation": [45, 0, 0]
				},
				"toe_middle_right": {
					"rotation": [55, 0, 0]
				},
				"claw_middle_right": {
					"rotation": [45, 0, 0]
				},
				"toe_outer_right": {
					"rotation": [62.5, 0, 0]
				},
				"claw_outer_right": {
					"rotation": [45, 0, 0]
				},
				"tail2": {
					"rotation": [17.5, 0, 0]
				}
			}
		},
		"animation.taillow.sleep": {
			"loop": true,
			"bones": {
				"toe_inner_left": {
					"rotation": [0, 5, 0]
				},
				"toe_outer_left": {
					"rotation": [0, -5, 0]
				},
				"wing_left": {
					"rotation": [90, -87.5, 0],
					"position": [0, -0.5, -1]
				},
				"wing_left2": {
					"rotation": [0, "42.5+math.sin(q.anim_time*90*1-20+180)*1", 0]
				},
				"wing_left3": {
					"rotation": [0, "-45+math.sin(q.anim_time*90*1-40+180)*1", 0]
				},
				"wing_right": {
					"rotation": [90, 87.5, 0],
					"position": [0, -0.5, -1]
				},
				"wing_right2": {
					"rotation": [0, "-42.5+math.sin(q.anim_time*90*1-20)*1", 0]
				},
				"wing_right3": {
					"rotation": [0, "45+math.sin(q.anim_time*90*1-40)*1", 0]
				},
				"torso": {
					"rotation": ["15+math.sin(q.anim_time*90*1+0)*1", 0, 0],
					"position": [0, -1.25, 0]
				},
				"neck": {
					"rotation": ["7.5+math.sin(q.anim_time*90*1-25)*1.5", 0, 0]
				},
				"leg_left2": {
					"rotation": [0, 0, 0]
				},
				"head": {
					"rotation": ["2.5+math.sin(q.anim_time*90*1-50)*2", 0, 0]
				},
				"eyelid_angry_left": {
					"position": [0, 0, 0.1]
				},
				"eyelid_left": {
					"position": [0.1, 0, -0.1]
				},
				"wings_open": {
					"scale": 0
				},
				"tail": {
					"rotation": [50, 0, 0]
				},
				"tail_left": {
					"rotation": ["0+math.sin(q.anim_time*90*1-20)*1", 0, 0]
				},
				"tail_left2": {
					"rotation": ["0+math.sin(q.anim_time*90*1-20)*1.5", 0, 0]
				},
				"tail_right": {
					"rotation": ["0+math.sin(q.anim_time*90*1-20)*1", 0, 0]
				},
				"tail_right2": {
					"rotation": ["0+math.sin(q.anim_time*90*1-20)*1.5", 0, 0]
				},
				"toe_inner_right": {
					"rotation": [0, -5, 0]
				},
				"toe_outer_right": {
					"rotation": [0, 5, 0]
				},
				"eyelid_angry_right": {
					"position": [0, 0, 0.1]
				},
				"eyelid_right": {
					"position": [-0.1, 0, -0.1]
				}
			}
		},
		"animation.taillow.cry": {
			"animation_length": 1.5,
			"bones": {
				"neck": {
					"rotation": {
						"0.0": {
							"post": [0, 0, 0],
							"lerp_mode": "catmullrom"
						},
						"0.1667": {
							"post": [2.04, 0, 0],
							"lerp_mode": "catmullrom"
						},
						"0.25": {
							"post": [10, 0, 0],
							"lerp_mode": "catmullrom"
						},
						"0.5833": {
							"post": [10, 0, 0],
							"lerp_mode": "catmullrom"
						},
						"0.8333": {
							"post": [0, 0, 0],
							"lerp_mode": "catmullrom"
						},
						"1.5": {
							"post": [0, 0, 0],
							"lerp_mode": "catmullrom"
						}
					}
				},
				"head": {
					"rotation": {
						"0.0": [0, 0, 0],
						"0.25": [-15, 0, 0],
						"0.4167": [-15, 0, 0],
						"0.6667": [0, 0, 0]
					}
				},
				"jaw": {
					"rotation": {
						"0.0": {
							"post": [0, 0, 0],
							"lerp_mode": "catmullrom"
						},
						"0.1667": {
							"post": [25, 0, 0],
							"lerp_mode": "catmullrom"
						},
						"0.25": {
							"post": [12.5, 0, 0],
							"lerp_mode": "catmullrom"
						},
						"0.4167": {
							"post": [42.5, 0, 0],
							"lerp_mode": "catmullrom"
						},
						"0.5833": {
							"post": [0, 0, 0],
							"lerp_mode": "catmullrom"
						},
						"1.5": {
							"post": [0, 0, 0],
							"lerp_mode": "catmullrom"
						}
					},
					"position": {
						"0.0": {
							"post": [0, 0, 0],
							"lerp_mode": "catmullrom"
						},
						"0.1667": {
							"post": [0, -0.29711, 0.04154],
							"lerp_mode": "catmullrom"
						},
						"0.4167": {
							"post": [0, -0.31352, -0.15954],
							"lerp_mode": "catmullrom"
						},
						"0.5833": {
							"post": [0, 0, 0],
							"lerp_mode": "catmullrom"
						}
					}
				}
			},
			"sound_effects": {
				"0.25": {
					"effect": "pokemon.taillow.cry"
				}
			}
		},
		"animation.taillow.wangs": {
			"loop": true,
			"bones": {
				"wing_open_left": {
					"rotation": [0, -5, 0]
				},
				"wing_open_left2": {
					"rotation": [0, 22.5, 0]
				},
				"wing_open_left3": {
					"rotation": [0, -35, 0]
				},
				"wing_open_left4": {
					"rotation": [0, -15, 0]
				},
				"wing_open_right": {
					"rotation": [0, 5, 0]
				},
				"wing_open_right2": {
					"rotation": [0, -22.5, 0]
				},
				"wing_open_right3": {
					"rotation": [0, 35, 0]
				},
				"wing_open_right4": {
					"rotation": [0, 15, 0]
				}
			}
		},
		"animation.taillow.blink": {
			"animation_length": 0.1667,
			"bones": {
				"eyelid_angry_left": {
					"position": {
						"0.0": [0, 0, 0.1],
						"0.125": {"pre": [0, 0, 0.1], "post": [0, 0, 0]}
					}
				},
				"eyelid_left": {
					"position": {
						"0.0": [0.1, 0, -0.1],
						"0.125": {"pre": [0.1, 0, -0.1], "post": [0, 0, 0]}
					}
				},
				"undefined": {
					"position": {
						"0.0": [0, 0, 0],
						"0.125": {"pre": [0, 0, 0], "post": [0, 0, 0.1]}
					}
				},
				"eyelid_angry_right": {
					"position": {
						"0.0": [0, 0, 0.1],
						"0.125": {"pre": [0, 0, 0.1], "post": [0, 0, 0]}
					}
				},
				"eyelid_right": {
					"position": {
						"0.0": [-0.1, 0, -0.1],
						"0.125": {"pre": [-0.1, 0, -0.1], "post": [0, 0, 0]}
					}
				}
			}
		},
		"animation.taillow.angry": {
			"loop": true,
			"bones": {
				"eyelid_angry_left": {
					"position": [0.3, 0, 0]
				},
				"eyelid_angry_right": {
					"position": [-0.3, 0, 0]
				}
			}
		},
		"animation.taillow.sad": {
			"loop": true,
			"bones": {
				"eyelid_angry_left": {
					"position": [0, 0, 0.1]
				},
				"eyelid_sad_left": {
					"position": [0.1, 0, -0.1]
				},
				"eyelid_angry_right": {
					"position": [0, 0, 0.1]
				},
				"eyelid_sad_right": {
					"position": [-0.1, 0, -0.1]
				}
			}
		},
		"animation.taillow.unamused": {
			"loop": true,
			"bones": {
				"eyelid_angry_left": {
					"position": [0, 0, 0.1]
				},
				"eyelid_unamused_left": {
					"position": [0.1, 0, -0.1]
				},
				"eye_cover": {
					"position": [0, 0.5, 0]
				},
				"eyelid_angry_right": {
					"position": [0, 0, 0.1]
				},
				"eyelid_unamused_right": {
					"position": [-0.1, 0, -0.1]
				}
			}
		},
		"animation.taillow.happy": {
			"loop": true,
			"bones": {
				"eyelid_angry_left": {
					"position": [0, 0, 0.1]
				},
				"eyelid_happy_left": {
					"position": [0.1, 0, -0.1]
				},
				"eyelid_angry_right": {
					"position": [0, 0, 0.1]
				},
				"eyelid_happy_right": {
					"position": [-0.1, 0, -0.1]
				}
			}
		}
	}
}