{
	"format_version": "1.8.0",
	"animations": {
		"animation.umbreon.ground_idle": {
			"loop": true,
			"bones": {
				"body": {
					"position": [0, -0.2, 0]
				},
				"ear_left": {
					"rotation": ["-20-math.sin(query.anim_time*90*2-230)*1", 0, 0]
				},
				"ear_left2": {
					"rotation": ["-2.5-math.sin(query.anim_time*90*2-290)*1", 0, 0]
				},
				"ear_right": {
					"rotation": ["-20-math.sin(query.anim_time*90*2-210)*1", 0, 0]
				},
				"ear_right2": {
					"rotation": ["-2.5-math.sin(query.anim_time*90*2-270)*1", 0, 0]
				},
				"tail": {
					"rotation": [35, 0, 0]
				},
				"tail2": {
					"rotation": ["-4.8089-math.sin(query.anim_time*90*2-100)*2", 1.38955, -1.04339]
				},
				"tail3": {
					"rotation": ["10-math.sin(query.anim_time*90*2-160)*2", 0, 0]
				},
				"front_leg_left": {
					"rotation": [2.5, 0, -2]
				},
				"elbow_left": {
					"rotation": [-10, 0, 0]
				},
				"frontpaw_left": {
					"rotation": [7.5, 0, 2],
					"position": [0, 0.25, 0]
				},
				"front_leg_right": {
					"rotation": [2.5, 0, 2]
				},
				"elbow_right": {
					"rotation": [-10, 0, 0]
				},
				"frontpaw_right": {
					"rotation": [7.5, 0, -2]
				},
				"back_leg_left": {
					"rotation": [3, "0-math.sin(query.anim_time*90*2-0)*1.5", -4]
				},
				"ankle_left": {
					"rotation": [-5, 0, 0]
				},
				"foot_left": {
					"rotation": [2.49768, "-0.3266275607+math.sin(query.anim_time*90*2-0)*1", "2.4833738216-math.sin(query.anim_time*90*2-0)*0.5"],
					"position": ["0+math.sin(query.anim_time*90*2-0)*0.05", 0.2, 0]
				},
				"back_leg_right": {
					"rotation": [3, "0-math.sin(query.anim_time*90*2-0)*1.5", 4]
				},
				"ankle_right": {
					"rotation": [-5, 0, 0]
				},
				"foot_right": {
					"rotation": [2.49768, "0.3266+math.sin(query.anim_time*90*2-0)*1", "-2.4834+math.sin(query.anim_time*90*2-0)*0.5"],
					"position": ["0+math.sin(query.anim_time*90*2-0)*0.05", 0.2, 0]
				},
				"umbreon": {
					"position": [0, -0.25, 0]
				},
				"torso": {
					"rotation": ["-math.sin(query.anim_time*90*2-80)*1", 0, 0],
					"position": [0, "0-math.sin(query.anim_time*90*2)*0.3", 0]
				},
				"neck": {
					"rotation": ["0-math.sin(query.anim_time*90*2-140)*1", 0, 0]
				},
				"head_angle": {
					"rotation": ["2.1766-math.sin(query.anim_time*90*2-260)*2", 2.12289, -1.15078]
				},
				"ear_left3": {
					"rotation": ["0+math.sin(query.anim_time*90*2-150)*2", 0, 0]
				},
				"ear_right3": {
					"rotation": ["0+math.sin(query.anim_time*90*2-120)*2", 0, 0]
				},
				"tail4": {
					"rotation": ["7.5-math.sin(query.anim_time*90*2-220)*3", 0, 0]
				}
			}
		},
		"animation.umbreon.ground_walk": {
			"loop": true,
			"animation_length": 4,
			"bones": {
				"torso": {
					"rotation": ["0+math.sin(query.anim_time*90*6-80)*1", "0+math.sin(query.anim_time*90*3-100)*3", "0-math.sin(query.anim_time*90*3-160)*2"],
					"position": [0, "0-math.sin(query.anim_time*90*6+20)*0.3", 0]
				},
				"torso2": {
					"rotation": [0, "0-math.sin(query.anim_time*90*3-100)*3", "0+math.sin(query.anim_time*90*3-160)*2"]
				},
				"torso3": {
					"rotation": [0, "0-math.sin(query.anim_time*90*3-80)*2", "0+math.sin(query.anim_time*90*3-80)*2"]
				},
				"neck": {
					"rotation": [0, 0, 0]
				},
				"head_angle": {
					"rotation": ["0+math.sin(query.anim_time*90*6-140)*1", "0+math.sin(query.anim_time*90*3-80)*3", "0-math.sin(query.anim_time*90*3-80)*2"]
				},
				"ear_left": {
					"rotation": ["-10+math.sin(query.anim_time*90*6-160)*1", 0, 0]
				},
				"ear_left2": {
					"rotation": ["-7.5+math.sin(query.anim_time*90*6-260)*1", 0, 0]
				},
				"ear_left3": {
					"rotation": ["-10+math.sin(query.anim_time*90*6-280)*2", 0, 0]
				},
				"ear_right": {
					"rotation": ["-10+math.sin(query.anim_time*90*6-140)*1", 0, 0]
				},
				"ear_right2": {
					"rotation": ["-7.5+math.sin(query.anim_time*90*6-240)*1", 0, 0]
				},
				"ear_right3": {
					"rotation": ["-10+math.sin(query.anim_time*90*6-260)*2", 0, 0]
				},
				"tail": {
					"rotation": ["20-math.sin(query.anim_time*90*6-160)*2", "math.sin(query.anim_time*90*3-100)*3", "0+math.sin(query.anim_time*90*3-180)*3"]
				},
				"tail2": {
					"rotation": [7.5, "math.sin(query.anim_time*90*3-160)*4", 0]
				},
				"tail3": {
					"rotation": [7.5, "math.sin(query.anim_time*90*3-220)*5", 0]
				},
				"tail4": {
					"rotation": [0, "0+math.sin(query.anim_time*90*3-280)*6", 0]
				},
				"front_leg_left": {
					"rotation": ["2.5+math.sin(q.anim_time*90*3-100)*15", 0, -2],
					"position": [0, "0+math.clamp(-math.sin(q.anim_time*90*3)*1.5,0,1.5)", "0+math.sin(q.anim_time*90*3-80)*0.5"]
				},
				"elbow_left": {
					"rotation": {
						"0.0": {
							"post": [-10, 0, 0],
							"lerp_mode": "catmullrom"
						},
						"0.625": {
							"post": [-10, 0, 0],
							"lerp_mode": "catmullrom"
						},
						"1.0833": {
							"post": [-12.56441, 0, 0],
							"lerp_mode": "catmullrom"
						},
						"1.3333": {
							"post": [-10, 0, 0],
							"lerp_mode": "catmullrom"
						},
						"1.9583": {
							"post": [-10, 0, 0],
							"lerp_mode": "catmullrom"
						},
						"2.4167": {
							"post": [-12.56441, 0, 0],
							"lerp_mode": "catmullrom"
						},
						"2.6667": {
							"post": [-10, 0, 0],
							"lerp_mode": "catmullrom"
						},
						"3.2917": {
							"post": [-10, 0, 0],
							"lerp_mode": "catmullrom"
						},
						"3.75": {
							"post": [-12.56441, 0, 0],
							"lerp_mode": "catmullrom"
						},
						"4.0": {
							"post": [-10, 0, 0],
							"lerp_mode": "catmullrom"
						}
					}
				},
				"frontpaw_left": {
					"rotation": {
						"0.0": {
							"post": [22.5, 0, 2],
							"lerp_mode": "catmullrom"
						},
						"0.625": {
							"post": [-7.5, 0, 2],
							"lerp_mode": "catmullrom"
						},
						"0.9167": {
							"post": [25, 0, 2],
							"lerp_mode": "catmullrom"
						},
						"1.1667": {
							"post": [-1.25, 0, 2],
							"lerp_mode": "catmullrom"
						},
						"1.3333": {
							"post": [22.5, 0, 2],
							"lerp_mode": "catmullrom"
						},
						"1.9583": {
							"post": [-7.5, 0, 2],
							"lerp_mode": "catmullrom"
						},
						"2.25": {
							"post": [25, 0, 2],
							"lerp_mode": "catmullrom"
						},
						"2.5": {
							"post": [-1.25, 0, 2],
							"lerp_mode": "catmullrom"
						},
						"2.6667": {
							"post": [22.5, 0, 2],
							"lerp_mode": "catmullrom"
						},
						"3.2917": {
							"post": [-7.5, 0, 2],
							"lerp_mode": "catmullrom"
						},
						"3.5833": {
							"post": [25, 0, 2],
							"lerp_mode": "catmullrom"
						},
						"3.8333": {
							"post": [-1.25, 0, 2],
							"lerp_mode": "catmullrom"
						},
						"4.0": {
							"post": [22.5, 0, 2],
							"lerp_mode": "catmullrom"
						}
					},
					"position": {
						"0.0": {
							"post": [0, 0, 0],
							"lerp_mode": "catmullrom"
						},
						"0.375": {
							"post": [0, 0.45, 0],
							"lerp_mode": "catmullrom"
						},
						"0.625": {
							"post": [0, 0.35, 0],
							"lerp_mode": "catmullrom"
						},
						"1.3333": {
							"post": [0, 0, 0],
							"lerp_mode": "catmullrom"
						},
						"1.7083": {
							"post": [0, 0.45, 0],
							"lerp_mode": "catmullrom"
						},
						"1.9583": {
							"post": [0, 0.35, 0],
							"lerp_mode": "catmullrom"
						},
						"2.6667": {
							"post": [0, 0, 0],
							"lerp_mode": "catmullrom"
						},
						"3.0417": {
							"post": [0, 0.45, 0],
							"lerp_mode": "catmullrom"
						},
						"3.2917": {
							"post": [0, 0.35, 0],
							"lerp_mode": "catmullrom"
						},
						"4.0": {
							"post": [0, 0, 0],
							"lerp_mode": "catmullrom"
						}
					}
				},
				"front_leg_right": {
					"rotation": ["2.5-math.sin(q.anim_time*90*3-100)*15", 0, 2],
					"position": [0, "0+math.clamp(math.sin(q.anim_time*90*3)*1.5,0,1.5)", "0-math.sin(q.anim_time*90*3-80)*0.5"]
				},
				"elbow_right": {
					"rotation": {
						"0.0": {
							"post": [-10.16, 0, 0],
							"lerp_mode": "catmullrom"
						},
						"0.4167": {
							"post": [-12.56441, 0, 0],
							"lerp_mode": "catmullrom"
						},
						"0.6667": {
							"post": [-10, 0, 0],
							"lerp_mode": "catmullrom"
						},
						"1.2917": {
							"post": [-10, 0, 0],
							"lerp_mode": "catmullrom"
						},
						"1.75": {
							"post": [-12.56441, 0, 0],
							"lerp_mode": "catmullrom"
						},
						"2.0": {
							"post": [-10, 0, 0],
							"lerp_mode": "catmullrom"
						},
						"2.625": {
							"post": [-10, 0, 0],
							"lerp_mode": "catmullrom"
						},
						"3.0833": {
							"post": [-12.56441, 0, 0],
							"lerp_mode": "catmullrom"
						},
						"3.3333": {
							"post": [-10, 0, 0],
							"lerp_mode": "catmullrom"
						},
						"3.9583": {
							"post": [-10, 0, 0],
							"lerp_mode": "catmullrom"
						},
						"4.0": {
							"post": [-10.16, 0, 0],
							"lerp_mode": "catmullrom"
						}
					}
				},
				"frontpaw_right": {
					"rotation": {
						"0.0": {
							"post": [-5.62, 0, -2],
							"lerp_mode": "catmullrom"
						},
						"0.25": {
							"post": [25, 0, -2],
							"lerp_mode": "catmullrom"
						},
						"0.5": {
							"post": [-1.25, 0, -2],
							"lerp_mode": "catmullrom"
						},
						"0.6667": {
							"post": [22.5, 0, -2],
							"lerp_mode": "catmullrom"
						},
						"1.2917": {
							"post": [-7.5, 0, -2],
							"lerp_mode": "catmullrom"
						},
						"1.5833": {
							"post": [25, 0, -2],
							"lerp_mode": "catmullrom"
						},
						"1.8333": {
							"post": [-1.25, 0, -2],
							"lerp_mode": "catmullrom"
						},
						"2.0": {
							"post": [22.5, 0, -2],
							"lerp_mode": "catmullrom"
						},
						"2.625": {
							"post": [-7.5, 0, -2],
							"lerp_mode": "catmullrom"
						},
						"2.9167": {
							"post": [25, 0, -2],
							"lerp_mode": "catmullrom"
						},
						"3.1667": {
							"post": [-1.25, 0, -2],
							"lerp_mode": "catmullrom"
						},
						"3.3333": {
							"post": [22.5, 0, -2],
							"lerp_mode": "catmullrom"
						},
						"4.0": {
							"post": [-5.62, 0, -2],
							"lerp_mode": "catmullrom"
						}
					},
					"position": {
						"0.0": {
							"post": [0, 0.33, 0],
							"lerp_mode": "catmullrom"
						},
						"0.6667": {
							"post": [0, 0, 0],
							"lerp_mode": "catmullrom"
						},
						"1.0417": {
							"post": [0, 0.45, 0],
							"lerp_mode": "catmullrom"
						},
						"1.2917": {
							"post": [0, 0.35, 0],
							"lerp_mode": "catmullrom"
						},
						"2.0": {
							"post": [0, 0, 0],
							"lerp_mode": "catmullrom"
						},
						"2.375": {
							"post": [0, 0.45, 0],
							"lerp_mode": "catmullrom"
						},
						"2.625": {
							"post": [0, 0.35, 0],
							"lerp_mode": "catmullrom"
						},
						"3.3333": {
							"post": [0, 0, 0],
							"lerp_mode": "catmullrom"
						},
						"3.7083": {
							"post": [0, 0.45, 0],
							"lerp_mode": "catmullrom"
						},
						"4.0": {
							"post": [0, 0.33, 0],
							"lerp_mode": "catmullrom"
						}
					}
				},
				"back_leg_left": {
					"rotation": ["0.5+math.sin(q.anim_time*90*3-40)*15", 0, -4],
					"position": [0, "0+math.clamp(-math.sin(q.anim_time*90*3+60)*1.5,0,1.5)", "0+math.sin(q.anim_time*90*3-20)*0.5"]
				},
				"ankle_left": {
					"rotation": {
						"0.0": {
							"post": [-5, 0, 0],
							"lerp_mode": "catmullrom"
						},
						"0.3333": {
							"post": [-5, 0, 0],
							"lerp_mode": "catmullrom"
						},
						"0.625": {
							"post": [0, 0, 0],
							"lerp_mode": "catmullrom"
						},
						"0.9583": {
							"post": [-5, 0, 0],
							"lerp_mode": "catmullrom"
						},
						"1.1667": {
							"post": [-5, 0, 0],
							"lerp_mode": "catmullrom"
						},
						"1.3333": {
							"post": [-5, 0, 0],
							"lerp_mode": "catmullrom"
						},
						"1.6667": {
							"post": [-5, 0, 0],
							"lerp_mode": "catmullrom"
						},
						"1.9583": {
							"post": [0, 0, 0],
							"lerp_mode": "catmullrom"
						},
						"2.2917": {
							"post": [-5, 0, 0],
							"lerp_mode": "catmullrom"
						},
						"2.5": {
							"post": [-5, 0, 0],
							"lerp_mode": "catmullrom"
						},
						"2.6667": {
							"post": [-5, 0, 0],
							"lerp_mode": "catmullrom"
						},
						"3.0": {
							"post": [-5, 0, 0],
							"lerp_mode": "catmullrom"
						},
						"3.2917": {
							"post": [0, 0, 0],
							"lerp_mode": "catmullrom"
						},
						"3.625": {
							"post": [-5, 0, 0],
							"lerp_mode": "catmullrom"
						},
						"3.8333": {
							"post": [-5, 0, 0],
							"lerp_mode": "catmullrom"
						},
						"4.0": {
							"post": [-5, 0, 0],
							"lerp_mode": "catmullrom"
						}
					}
				},
				"foot_left": {
					"rotation": {
						"0.0": {
							"post": [12, 0, 4],
							"lerp_mode": "catmullrom"
						},
						"0.4583": {
							"post": [-10.5, 0, 4],
							"lerp_mode": "catmullrom"
						},
						"0.7083": {
							"post": [12, 0, 4],
							"lerp_mode": "catmullrom"
						},
						"0.9167": {
							"post": [-1.75, 0, 4],
							"lerp_mode": "catmullrom"
						},
						"1.125": {
							"post": [12, 0, 4],
							"lerp_mode": "catmullrom"
						},
						"1.3333": {
							"post": [12, 0, 4],
							"lerp_mode": "catmullrom"
						},
						"1.7917": {
							"post": [-10.5, 0, 4],
							"lerp_mode": "catmullrom"
						},
						"2.0417": {
							"post": [12, 0, 4],
							"lerp_mode": "catmullrom"
						},
						"2.25": {
							"post": [-1.75, 0, 4],
							"lerp_mode": "catmullrom"
						},
						"2.4583": {
							"post": [12, 0, 4],
							"lerp_mode": "catmullrom"
						},
						"2.6667": {
							"post": [12, 0, 4],
							"lerp_mode": "catmullrom"
						},
						"3.125": {
							"post": [-10.5, 0, 4],
							"lerp_mode": "catmullrom"
						},
						"3.375": {
							"post": [12, 0, 4],
							"lerp_mode": "catmullrom"
						},
						"3.5833": {
							"post": [-1.75, 0, 4],
							"lerp_mode": "catmullrom"
						},
						"3.7917": {
							"post": [12, 0, 4],
							"lerp_mode": "catmullrom"
						},
						"4.0": {
							"post": [12, 0, 4],
							"lerp_mode": "catmullrom"
						}
					},
					"position": {
						"0.0": {
							"post": [0, 0.5, 0],
							"lerp_mode": "catmullrom"
						},
						"0.4583": {
							"post": [0, -0.25, -0.25],
							"lerp_mode": "catmullrom"
						},
						"1.125": {
							"post": [0, 0.5, 0],
							"lerp_mode": "catmullrom"
						},
						"1.3333": {
							"post": [0, 0.5, 0],
							"lerp_mode": "catmullrom"
						},
						"1.7917": {
							"post": [0, -0.25, -0.25],
							"lerp_mode": "catmullrom"
						},
						"2.4583": {
							"post": [0, 0.5, 0],
							"lerp_mode": "catmullrom"
						},
						"2.6667": {
							"post": [0, 0.5, 0],
							"lerp_mode": "catmullrom"
						},
						"3.125": {
							"post": [0, -0.25, -0.25],
							"lerp_mode": "catmullrom"
						},
						"3.7917": {
							"post": [0, 0.5, 0],
							"lerp_mode": "catmullrom"
						},
						"4.0": {
							"post": [0, 0.5, 0],
							"lerp_mode": "catmullrom"
						}
					}
				},
				"back_leg_right": {
					"rotation": ["0.5-math.sin(q.anim_time*90*3-40)*15", 0, 4],
					"position": [0, "0+math.clamp(math.sin(q.anim_time*90*3+60)*1.5,0,1.5)", "0-math.sin(q.anim_time*90*3-20)*0.5"]
				},
				"ankle_right": {
					"rotation": {
						"0.0": {
							"post": [-0.18, 0, 0],
							"lerp_mode": "catmullrom"
						},
						"0.2917": {
							"post": [-5, 0, 0],
							"lerp_mode": "catmullrom"
						},
						"0.5": {
							"post": [-5, 0, 0],
							"lerp_mode": "catmullrom"
						},
						"0.6667": {
							"post": [-5, 0, 0],
							"lerp_mode": "catmullrom"
						},
						"1.0": {
							"post": [-5, 0, 0],
							"lerp_mode": "catmullrom"
						},
						"1.2917": {
							"post": [0, 0, 0],
							"lerp_mode": "catmullrom"
						},
						"1.625": {
							"post": [-5, 0, 0],
							"lerp_mode": "catmullrom"
						},
						"1.8333": {
							"post": [-5, 0, 0],
							"lerp_mode": "catmullrom"
						},
						"2.0": {
							"post": [-5, 0, 0],
							"lerp_mode": "catmullrom"
						},
						"2.3333": {
							"post": [-5, 0, 0],
							"lerp_mode": "catmullrom"
						},
						"2.625": {
							"post": [0, 0, 0],
							"lerp_mode": "catmullrom"
						},
						"2.9583": {
							"post": [-5, 0, 0],
							"lerp_mode": "catmullrom"
						},
						"3.1667": {
							"post": [-5, 0, 0],
							"lerp_mode": "catmullrom"
						},
						"3.3333": {
							"post": [-5, 0, 0],
							"lerp_mode": "catmullrom"
						},
						"3.6667": {
							"post": [-5, 0, 0],
							"lerp_mode": "catmullrom"
						},
						"3.9583": {
							"post": [0, 0, 0],
							"lerp_mode": "catmullrom"
						},
						"4.0": {
							"post": [-0.18, 0, 0],
							"lerp_mode": "catmullrom"
						}
					}
				},
				"foot_right": {
					"rotation": {
						"0.0": {
							"post": [9.83, 0, -4],
							"lerp_mode": "catmullrom"
						},
						"0.0417": {
							"post": [12, 0, -4],
							"lerp_mode": "catmullrom"
						},
						"0.25": {
							"post": [-1.75, 0, -4],
							"lerp_mode": "catmullrom"
						},
						"0.4583": {
							"post": [12, 0, -4],
							"lerp_mode": "catmullrom"
						},
						"0.6667": {
							"post": [12, 0, -4],
							"lerp_mode": "catmullrom"
						},
						"1.125": {
							"post": [-10.5, 0, -4],
							"lerp_mode": "catmullrom"
						},
						"1.375": {
							"post": [12, 0, -4],
							"lerp_mode": "catmullrom"
						},
						"1.5833": {
							"post": [-1.75, 0, -4],
							"lerp_mode": "catmullrom"
						},
						"1.7917": {
							"post": [12, 0, -4],
							"lerp_mode": "catmullrom"
						},
						"2.0": {
							"post": [12, 0, -4],
							"lerp_mode": "catmullrom"
						},
						"2.4583": {
							"post": [-10.5, 0, -4],
							"lerp_mode": "catmullrom"
						},
						"2.7083": {
							"post": [12, 0, -4],
							"lerp_mode": "catmullrom"
						},
						"2.9167": {
							"post": [-1.75, 0, -4],
							"lerp_mode": "catmullrom"
						},
						"3.125": {
							"post": [12, 0, -4],
							"lerp_mode": "catmullrom"
						},
						"3.3333": {
							"post": [12, 0, -4],
							"lerp_mode": "catmullrom"
						},
						"3.7917": {
							"post": [-10.5, 0, -4],
							"lerp_mode": "catmullrom"
						},
						"4.0": {
							"post": [9.83, 0, -4],
							"lerp_mode": "catmullrom"
						}
					},
					"position": {
						"0.0": {
							"post": [0, -0.1, -0.2],
							"lerp_mode": "catmullrom"
						},
						"0.4583": {
							"post": [0, 0.5, 0],
							"lerp_mode": "catmullrom"
						},
						"0.6667": {
							"post": [0, 0.5, 0],
							"lerp_mode": "catmullrom"
						},
						"1.125": {
							"post": [0, -0.25, -0.25],
							"lerp_mode": "catmullrom"
						},
						"1.7917": {
							"post": [0, 0.5, 0],
							"lerp_mode": "catmullrom"
						},
						"2.0": {
							"post": [0, 0.5, 0],
							"lerp_mode": "catmullrom"
						},
						"2.4583": {
							"post": [0, -0.25, -0.25],
							"lerp_mode": "catmullrom"
						},
						"3.125": {
							"post": [0, 0.5, 0],
							"lerp_mode": "catmullrom"
						},
						"3.3333": {
							"post": [0, 0.5, 0],
							"lerp_mode": "catmullrom"
						},
						"3.7917": {
							"post": [0, -0.25, -0.25],
							"lerp_mode": "catmullrom"
						},
						"4.0": {
							"post": [0, -0.1, -0.2],
							"lerp_mode": "catmullrom"
						}
					}
				}
			}
		},
		"animation.umbreon.battle_idle": {
			"loop": true,
			"bones": {
				"body": {
					"position": [0, -0.2, 0]
				},
				"ear_left": {
					"rotation": ["-20-math.sin(query.anim_time*90*2.5-230)*1", 0, 0]
				},
				"ear_left2": {
					"rotation": ["-2.5-math.sin(query.anim_time*90*2.5-290)*1", 0, 0]
				},
				"ear_right": {
					"rotation": ["-20-math.sin(query.anim_time*90*2.5-210)*1", 0, 0]
				},
				"ear_right2": {
					"rotation": ["-2.5-math.sin(query.anim_time*90*2.5-270)*1", 0, 0]
				},
				"tail": {
					"rotation": [35, 0, 0]
				},
				"tail2": {
					"rotation": ["-4.8089-math.sin(query.anim_time*90*2.5-100)*2", 1.38955, -1.04339]
				},
				"tail3": {
					"rotation": ["10-math.sin(query.anim_time*90*2.5-160)*2", 0, 0]
				},
				"front_leg_left": {
					"rotation": [-2.47178, -0.65182, -6.95744],
					"position": [0, 0, 0]
				},
				"elbow_left": {
					"rotation": [-10, 0, 0]
				},
				"frontpaw_left": {
					"rotation": [12.37739, -1.93597, 9.24721],
					"position": [0, 0.25, 0]
				},
				"front_leg_right": {
					"rotation": [-2.47178, 0.65182, 6.95744],
					"position": [0, 0, 0]
				},
				"elbow_right": {
					"rotation": [-10, 0, 0]
				},
				"frontpaw_right": {
					"rotation": [12.37739, 1.93597, -9.24721]
				},
				"back_leg_left": {
					"rotation": [3, "0-math.sin(query.anim_time*90*2.5-0)*1.5", -4]
				},
				"ankle_left": {
					"rotation": [-5, 0, 0]
				},
				"foot_left": {
					"rotation": [2.49768, "-0.3266275607+math.sin(query.anim_time*90*2.5-0)*1", "2.4833738216-math.sin(query.anim_time*90*2.5-0)*0.5"],
					"position": ["0+math.sin(query.anim_time*90*2.5-0)*0.05", 0.2, 0]
				},
				"back_leg_right": {
					"rotation": [3, "0-math.sin(query.anim_time*90*2.5-0)*1.5", 4]
				},
				"ankle_right": {
					"rotation": [-5, 0, 0]
				},
				"foot_right": {
					"rotation": [2.49768, "0.3266+math.sin(query.anim_time*90*2.5-0)*1", "-2.4834+math.sin(query.anim_time*90*2.5-0)*0.5"],
					"position": ["0+math.sin(query.anim_time*90*2.5-0)*0.05", 0.2, 0]
				},
				"umbreon": {
					"position": [0, -0.25, 0]
				},
				"torso": {
					"rotation": ["-2.5-math.sin(query.anim_time*90*2.5-80)*1", 0, 0],
					"position": [0, "-1-math.sin(query.anim_time*90*2.5)*0.3", 0]
				},
				"neck": {
					"rotation": ["2.5-math.sin(query.anim_time*90*2.5-140)*1", 0, 0]
				},
				"head_angle": {
					"rotation": ["-2.8234-math.sin(query.anim_time*90*2.5-260)*2", 2.12289, -1.15078]
				},
				"ear_left3": {
					"rotation": ["0+math.sin(query.anim_time*90*2.5-150)*2", 0, 0]
				},
				"ear_right3": {
					"rotation": ["0+math.sin(query.anim_time*90*2.5-120)*2", 0, 0]
				},
				"tail4": {
					"rotation": ["7.5-math.sin(query.anim_time*90*2.5-220)*3", 0, 0]
				},
				"torso3": {
					"rotation": [5, 0, 0]
				},
				"eyelid_hurt_right": {
					"position": [0, 0, 0]
				}
			}
		},
		"animation.umbreon.cry": {
			"animation_length": 1.5,
			"bones": {
				"neck": {
					"rotation": {
						"0.0": {
							"post": [0, 0, 0],
							"lerp_mode": "catmullrom"
						},
						"0.0833": {
							"post": [2.5, 0, 0],
							"lerp_mode": "catmullrom"
						},
						"0.25": {
							"post": [-2.5, 0, 0],
							"lerp_mode": "catmullrom"
						},
						"0.5417": {
							"post": [-3.5, 0, 0],
							"lerp_mode": "catmullrom"
						},
						"0.8333": {
							"post": [0, 0, 0],
							"lerp_mode": "catmullrom"
						},
						"1.2917": {
							"post": [0, 0, 0],
							"lerp_mode": "catmullrom"
						}
					}
				},
				"head_angle": {
					"rotation": {
						"0.0": {
							"post": [0, 0, 0],
							"lerp_mode": "catmullrom"
						},
						"0.125": {
							"post": [2.5, 0, 0],
							"lerp_mode": "catmullrom"
						},
						"0.2917": {
							"post": [-2.5, 0, 0],
							"lerp_mode": "catmullrom"
						},
						"0.625": {
							"post": [-3.5, 0, 0],
							"lerp_mode": "catmullrom"
						},
						"0.8333": {
							"post": [0, 0, 0],
							"lerp_mode": "catmullrom"
						},
						"1.375": {
							"post": [0, 0, 0],
							"lerp_mode": "catmullrom"
						}
					}
				},
				"mouth": {
					"position": {
						"0.0": [0, 0, 0],
						"0.125": [0, 0, 0],
						"0.1667": [0, 0, -0.1],
						"0.7083": [0, 0, -0.1],
						"0.75": [0, 0, 0]
					}
				},
				"eyelid_left": {
					"position": {
						"0.0": [0, 0, 0],
						"0.0833": {"pre": [0, 0, 0], "post": [0.1, 0, -0.1]},
						"0.7083": {"pre": [0.1, 0, -0.1], "post": [0, 0, 0]}
					}
				},
				"eyelid_right": {
					"position": {
						"0.0": [0, 0, 0],
						"0.0833": {"pre": [0, 0, 0], "post": [-0.1, 0, -0.1]},
						"0.7083": {"pre": [-0.1, 0, -0.1], "post": [0, 0, 0]}
					}
				},
				"eye_left": {
					"position": {
						"0.0": [0, 0, 0],
						"0.0833": {"pre": [0, 0, 0], "post": [-0.1, 0, 0.1]},
						"0.7083": {"pre": [-0.1, 0, 0.1], "post": [0, 0, 0]}
					}
				},
				"eye_right": {
					"position": {
						"0.0": [0, 0, 0],
						"0.0833": {"pre": [0, 0, 0], "post": [0.1, 0, 0.1]},
						"0.7083": {"pre": [0.1, 0, 0.1], "post": [0, 0, 0]}
					}
				}
			},
			"sound_effects": {
				"0.1667": {
					"effect": "pokemon.umbreon.cry"
				}
			}
		},
		"animation.umbreon.blink": {
			"animation_length": 0.1667,
			"bones": {
				"eyelid_left": {
					"position": {
						"0.0": [0.1, 0, -0.1],
						"0.1667": {"pre": [0.1, 0, -0.1], "post": [0, 0, 0]}
					}
				},
				"eyelid_right": {
					"position": {
						"0.0": [-0.1, 0, -0.1],
						"0.1667": {"pre": [-0.1, 0, -0.1], "post": [0, 0, 0]}
					}
				},
				"eye_left": {
					"position": {
						"0.0": [-0.1, 0, 0.1],
						"0.1667": {"pre": [-0.1, 0, 0.1], "post": [0, 0, 0]}
					}
				},
				"eye_right": {
					"position": {
						"0.0": [0.1, 0, 0.1],
						"0.1667": {"pre": [0.1, 0, 0.1], "post": [0, 0, 0]}
					}
				}
			}
		},
		"animation.umbreon.glow": {
			"loop": true,
			"bones": {
				"ear_ring_left": {
					"scale": [1.01, 1, 1.01]
				},
				"ear_ring_right": {
					"scale": [1.01, 1, 1.01]
				},
				"tail_ring": {
					"scale": [1.01, 1.01, 1]
				},
				"frontleg_ring_left": {
					"position": [0.025, 0, 0]
				},
				"frontleg_ring_right": {
					"position": [-0.025, 0, 0]
				},
				"backleg_ring_left": {
					"position": [0.025, 0, 0]
				},
				"backleg_ring_right": {
					"position": [-0.025, 0, 0]
				},
				"head_ring": {
					"scale": 1.02
				}
			}
		},
		"animation.umbreon.pose": {
			"loop": true,
			"bones": {
				"body": {
					"rotation": [0, -45, 0]
				},
				"torso": {
					"rotation": [10, 0, 0]
				},
				"torso2": {
					"rotation": [-2.5, 0, 0]
				},
				"torso3": {
					"rotation": [-10, 0, 0]
				},
				"head_angle": {
					"rotation": [-35, 70, -55]
				},
				"tail": {
					"rotation": [5, 5, 0]
				},
				"front_leg_left": {
					"rotation": [10, 0, -5]
				},
				"elbow_left": {
					"rotation": [-10, 0, 0]
				},
				"frontpaw_left": {
					"rotation": [0, 0, 5]
				},
				"back_leg_left": {
					"rotation": [5, 0, -5]
				},
				"ankle_left": {
					"rotation": [-5, 0, 0]
				},
				"foot_left": {
					"rotation": [0, 0, 5]
				},
				"tail2": {
					"rotation": [7.5, 5, 0]
				},
				"tail3": {
					"rotation": [12.5, 0, 0]
				},
				"tail4": {
					"rotation": [7.5, 0, 0]
				},
				"front_leg_right": {
					"rotation": [0, 7.5, 7.5]
				},
				"elbow_right": {
					"rotation": [-7.5, 0, 0]
				},
				"frontpaw_right": {
					"rotation": [7.5, 0, -7.5]
				},
				"ear_left2": {
					"rotation": [0, 0, 5]
				},
				"ear_ring_left": {
					"scale": 1.02
				},
				"ear_left3": {
					"rotation": [0, 0, 7.5]
				},
				"ear_right": {
					"rotation": [-30, 0, 5]
				},
				"ear_right2": {
					"rotation": [0, 0, 5]
				},
				"ear_ring_right": {
					"scale": 1.02
				},
				"ear_right3": {
					"rotation": [0, 0, 7.5]
				},
				"back_leg_right": {
					"rotation": [17.5, 0, 12.5]
				},
				"frontleg_ring_left": {
					"scale": 1.02
				},
				"frontleg_ring_right": {
					"scale": 1.02
				},
				"backleg_ring_left": {
					"scale": 1.02
				},
				"backleg_ring_right": {
					"scale": 1.02
				},
				"knee_right": {
					"rotation": [-12.5, 0, 0]
				},
				"ankle_right": {
					"rotation": [15, 0, 0]
				},
				"foot_right": {
					"rotation": [-20, 0, -12.5]
				},
				"tail_ring": {
					"scale": 1.02
				},
				"ear_left": {
					"rotation": [-20, 0, 0]
				}
			}
		}
	}
}