{
	"format_version": "1.8.0",
	"animations": {
		"animation.luxio.render": {
			"loop": true,
			"bones": {
				"body": {
					"rotation": [5, -52.5, -5]
				},
				"back_leg_right": {
					"rotation": [5, 0, 10],
					"position": [0, -0.25, 0]
				},
				"back_paw_right": {
					"rotation": [-5.12076, 12.45167, -11.10693]
				},
				"back_leg_left": {
					"rotation": [5, 0, -10],
					"position": [0, -0.25, 0]
				},
				"back_paw_left": {
					"rotation": [-5.12076, -12.45167, 11.10693]
				},
				"front_leg_right": {
					"rotation": [0, 0, -5]
				},
				"front_paw_right": {
					"rotation": [0, 0, 5]
				},
				"front_leg_left": {
					"rotation": [0, 0, 5]
				},
				"front_paw_left": {
					"rotation": [0, 0, -5]
				},
				"neck": {
					"rotation": [0, 10, 5]
				},
				"head": {
					"rotation": [0, 7.5, 0]
				},
				"lobe_left": {
					"rotation": [0, 0, -10]
				},
				"tail": {
					"rotation": [18.26926, 13.56626, 6.46066]
				},
				"tail_2": {
					"rotation": [10, 0, 0]
				},
				"tail_3": {
					"rotation": [32.86145, -1.94298, 7.64835]
				},
				"tail_4": {
					"rotation": [39.23412, 15.74419, 12.49325]
				},
				"tail_5": {
					"rotation": [-11.05395, 34.83294, -2.10529]
				}
			}
		},
		"animation.luxio.ground_idle": {
			"loop": true,
			"animation_length": 4,
			"bones": {
				"body": {
					"position": [0, "0+math.sin(q.anim_time*180+30+180)*0.3", 0]
				},
				"back_leg_right": {
					"rotation": [0, 0, 5],
					"position": [0, "0-math.sin(q.anim_time*180+30+180)*0.3", 0]
				},
				"back_paw_right": {
					"rotation": [0, 5, -5]
				},
				"back_claws_right": {
					"position": [0, 0, 1.25]
				},
				"back_leg_left": {
					"rotation": [0, 0, -5],
					"position": [0, "0-math.sin(q.anim_time*180+30+180)*0.3", 0]
				},
				"back_paw_left": {
					"rotation": [0, -5, 5]
				},
				"back_claws_left": {
					"position": [0, 0, 1.25]
				},
				"front_leg_right": {
					"rotation": [0, 10, 7.5],
					"position": [0, "0-math.sin(q.anim_time*180+30+180)*0.3", 0]
				},
				"front_paw_right": {
					"rotation": [0, 0, -7.5]
				},
				"front_claws_right": {
					"position": [0, 0, 1.25]
				},
				"front_leg_left": {
					"rotation": [0, -10, -7.5],
					"position": [0, "0-math.sin(q.anim_time*180+30+180)*0.3", 0]
				},
				"front_paw_left": {
					"rotation": [0, 0, 7.5]
				},
				"front_claws_left": {
					"position": [0, 0, 1.25]
				},
				"head": {
					"rotation": ["2.5-math.sin(q.anim_time*180+90+180)*2", 0, "0-math.sin(q.anim_time*90+90+180)*2"],
					"position": [0, "-0.5-math.sin(q.anim_time*180+60+180)*0.2", 0]
				},
				"lobe_right": {
					"rotation": ["0+math.sin(q.anim_time*180)*5", -65, "7.5-math.sin(q.anim_time*180+180+90)*5"]
				},
				"lobe_right_2": {
					"rotation": ["0-math.sin(q.anim_time*180)*5+math.sin(q.anim_time*180-30)*10", 0, 0]
				},
				"lobe_right_3": {
					"rotation": ["0-math.sin(q.anim_time*180-30)*10+math.sin(q.anim_time*180-60)*20", 0, 0]
				},
				"lobe_right_4": {
					"rotation": ["0-math.sin(q.anim_time*180-60)*20+math.sin(q.anim_time*180-90)*20", 0, 0]
				},
				"lobe_left": {
					"rotation": ["0+math.sin(q.anim_time*180)*5", 65, "-7.5+math.sin(q.anim_time*180+180+90)*5"]
				},
				"lobe_left_2": {
					"rotation": ["0-math.sin(q.anim_time*180)*5+math.sin(q.anim_time*180-30)*10", 0, 0]
				},
				"lobe_left_3": {
					"rotation": ["0-math.sin(q.anim_time*180-30)*10+math.sin(q.anim_time*180-60)*20", 0, 0]
				},
				"lobe_left_4": {
					"rotation": ["0-math.sin(q.anim_time*180-60)*20+math.sin(q.anim_time*180-90)*20", 0, 0]
				},
				"tail": {
					"rotation": ["30+math.sin(q.anim_time*180*2+60)*5", "0+math.sin(q.anim_time*180)*30", 0]
				},
				"tail_2": {
					"rotation": [-40, "0-math.sin(q.anim_time*180)*30+math.sin(q.anim_time*180-60)*20", 0]
				},
				"tail_3": {
					"rotation": [-60, "0-math.sin(q.anim_time*180-60)*10+math.sin(q.anim_time*180-120)*20", 0]
				},
				"tail_4": {
					"rotation": [57.5, "-math.sin(q.anim_time*180-120)*20+math.sin(q.anim_time*180-180)*20", 0]
				},
				"tail_5": {
					"rotation": ["0.8-math.sin(q.anim_time*180-180)*10+math.sin(q.anim_time*180-240)*5", -32.39587, 87.24618]
				},
				"torso": {
					"position": [0, 0, 0]
				}
			}
		},
		"animation.luxio.ground_walk": {
			"loop": true,
			"animation_length": 1,
			"bones": {
				"back_leg_right": {
					"rotation": {
						"0.0": [-15, 0, 0],
						"0.25": [0, 0, 0],
						"0.5": [15, 0, 0],
						"0.75": [0, 0, 0],
						"1.0": [-15, 0, 0]
					},
					"position": {
						"0.0": {
							"post": [0, 0, -0.5],
							"lerp_mode": "catmullrom"
						},
						"0.25": {
							"post": [0, 0, 0],
							"lerp_mode": "catmullrom"
						},
						"0.5": {
							"post": [0, -1, 0.5],
							"lerp_mode": "catmullrom"
						},
						"0.75": {
							"post": [0, 1, 0],
							"lerp_mode": "catmullrom"
						},
						"1.0": {
							"post": [0, 0, -0.5],
							"lerp_mode": "catmullrom"
						}
					}
				},
				"knee_right": {
					"rotation": {
						"0.0": [-25, 0, 0],
						"0.25": [0, 0, 0],
						"0.5": [0, 0, 0],
						"0.75": [-22.5, 0, 0],
						"1.0": [-25, 0, 0]
					},
					"position": {
						"0.0": [0, 1, 0],
						"0.25": [0, 0, 0],
						"0.5": [0, 0, 0],
						"0.75": [0, 1, 0],
						"1.0": [0, 1, 0]
					}
				},
				"back_leg_left": {
					"rotation": {
						"0.0": [15, 0, 0],
						"0.25": [0, 0, 0],
						"0.5": [-15, 0, 0],
						"0.75": [0, 0, 0],
						"1.0": [15, 0, 0]
					},
					"position": {
						"0.0": {
							"post": [0, -1, 0.5],
							"lerp_mode": "catmullrom"
						},
						"0.25": {
							"post": [0, 1, 0],
							"lerp_mode": "catmullrom"
						},
						"0.5": {
							"post": [0, 0, -0.5],
							"lerp_mode": "catmullrom"
						},
						"0.75": {
							"post": [0, 0, 0],
							"lerp_mode": "catmullrom"
						},
						"1.0": {
							"post": [0, -1, 0.5],
							"lerp_mode": "catmullrom"
						}
					}
				},
				"knee_left": {
					"rotation": {
						"0.0": [0, 0, 0],
						"0.25": [-22.5, 0, 0],
						"0.5": [-25, 0, 0],
						"0.75": [0, 0, 0],
						"1.0": [0, 0, 0]
					},
					"position": {
						"0.0": [0, 0, 0],
						"0.25": [0, 1, 0],
						"0.5": [0, 1, 0],
						"0.75": [0, 0, 0],
						"1.0": [0, 0, 0]
					}
				},
				"front_leg_right": {
					"rotation": {
						"0.0": [0, 0, 0],
						"0.25": [-20, 0, 0],
						"0.5": [0, 0, 0],
						"0.75": [20, 0, 0],
						"1.0": [0, 0, 0]
					},
					"position": {
						"0.0": {
							"post": [0, 1, 0],
							"lerp_mode": "catmullrom"
						},
						"0.25": {
							"post": [0, -0.5, -0.5],
							"lerp_mode": "catmullrom"
						},
						"0.5": {
							"post": [0, 0, 0],
							"lerp_mode": "catmullrom"
						},
						"0.75": {
							"post": [0, -0.5, 0.5],
							"lerp_mode": "catmullrom"
						},
						"1.0": {
							"post": [0, 1, 0],
							"lerp_mode": "catmullrom"
						}
					}
				},
				"elbow_right": {
					"rotation": {
						"0.0": [-25, 0, 0],
						"0.25": [0, 0, 0],
						"0.5": [0, 0, 0],
						"0.75": [-5, 0, 0],
						"1.0": [-25, 0, 0]
					},
					"position": {
						"0.0": [0, 0, 0],
						"0.25": [0, 0, 0],
						"0.5": [0, 0, 0],
						"0.75": [0, 0, 0],
						"1.0": [0, 0, 0]
					}
				},
				"front_paw_right": {
					"rotation": {
						"0.0": [45, 0, 0],
						"0.125": [10, 0, 0],
						"0.25": [20, 0, 0],
						"0.5": [0, 0, 0],
						"0.75": [-15, 0, 0],
						"1.0": [45, 0, 0]
					},
					"position": {
						"0.0": [0, 0, 0],
						"0.25": [0, 0, 0],
						"0.5": [0, 0, 0],
						"0.75": [0, 0, 0],
						"1.0": [0, 0, 0]
					}
				},
				"front_leg_left": {
					"rotation": {
						"0.0": [0, 0, 0],
						"0.25": [20, 0, 0],
						"0.5": [0, 0, 0],
						"0.75": [-20, 0, 0],
						"1.0": [0, 0, 0]
					},
					"position": {
						"0.0": {
							"post": [0, 0, 0],
							"lerp_mode": "catmullrom"
						},
						"0.25": {
							"post": [0, -0.5, 0.5],
							"lerp_mode": "catmullrom"
						},
						"0.5": {
							"post": [0, 1, 0],
							"lerp_mode": "catmullrom"
						},
						"0.75": {
							"post": [0, -0.5, -0.5],
							"lerp_mode": "catmullrom"
						},
						"1.0": {
							"post": [0, 0, 0],
							"lerp_mode": "catmullrom"
						}
					}
				},
				"elbow_left": {
					"rotation": {
						"0.0": [0, 0, 0],
						"0.25": [-5, 0, 0],
						"0.5": [-25, 0, 0],
						"0.75": [0, 0, 0],
						"1.0": [0, 0, 0]
					},
					"position": {
						"0.0": [0, 0, 0],
						"0.25": [0, 0, 0],
						"0.5": [0, 0, 0],
						"0.75": [0, 0, 0],
						"1.0": [0, 0, 0]
					}
				},
				"neck": {
					"rotation": [5, 0, 0],
					"position": [0, 0, 0.25]
				},
				"head": {
					"rotation": ["-2.5-math.sin(q.anim_time*720-30)*5", 0, "0-math.sin(q.anim_time*360-30)*2"],
					"position": [0, 0, 0]
				},
				"lobe_right": {
					"rotation": ["0+math.sin(q.anim_time*360)*5", -65, "7.5+math.sin(q.anim_time*360+180+90)*5"]
				},
				"lobe_right_2": {
					"rotation": ["0-math.sin(q.anim_time*360)*5+math.sin(q.anim_time*360-30)*10", 0, 0]
				},
				"lobe_right_3": {
					"rotation": ["0-math.sin(q.anim_time*360-30)*10+math.sin(q.anim_time*360-60)*20", 0, 0]
				},
				"lobe_right_4": {
					"rotation": ["0-math.sin(q.anim_time*360-60)*20+math.sin(q.anim_time*360-90)*20", 0, 0]
				},
				"lobe_left": {
					"rotation": ["0+math.sin(q.anim_time*360)*5", 65, "-7.5+math.sin(q.anim_time*360+180+90)*5"]
				},
				"lobe_left_2": {
					"rotation": ["0-math.sin(q.anim_time*360)*5+math.sin(q.anim_time*360-30)*10", 0, 0]
				},
				"lobe_left_3": {
					"rotation": ["0-math.sin(q.anim_time*360-30)*10+math.sin(q.anim_time*360-60)*20", 0, 0]
				},
				"lobe_left_4": {
					"rotation": ["0-math.sin(q.anim_time*360-60)*20+math.sin(q.anim_time*360-90)*20", 0, 0]
				},
				"eye_left": {
					"rotation": [0, 0, 0]
				},
				"tail": {
					"rotation": ["30+math.sin(q.anim_time*360*2+60)*5", "0+math.sin(q.anim_time*360)*30", 0]
				},
				"tail_2": {
					"rotation": [-40, "0-math.sin(q.anim_time*360)*30+math.sin(q.anim_time*360-60)*20", 0]
				},
				"tail_3": {
					"rotation": [-60, "0-math.sin(q.anim_time*360-60)*10+math.sin(q.anim_time*360-120)*20", 0]
				},
				"tail_4": {
					"rotation": [57.5, "-math.sin(q.anim_time*360-120)*20+math.sin(q.anim_time*360-180)*20", 0]
				},
				"tail_5": {
					"rotation": ["0.8-math.sin(q.anim_time*360-180)*10+math.sin(q.anim_time*360-240)*5", -32.39587, 87.24618]
				},
				"back_paw_right": {
					"rotation": {
						"0.0": [40, 0, 0],
						"0.25": [0, 0, 0],
						"0.5": [-15, 0, 0],
						"0.625": [43.75, 0, 0],
						"0.75": [30.63, 0, 0],
						"0.875": [17.5, 0, 0],
						"1.0": [40, 0, 0]
					},
					"position": {
						"0.0": [0, 0, 0],
						"0.25": [0, 0, 0],
						"0.5": [0, 0, 0],
						"0.75": [0, 0, 0],
						"1.0": [0, 0, 0]
					}
				},
				"back_paw_left": {
					"rotation": {
						"0.0": [-15, 0, 0],
						"0.125": [43.75, 0, 0],
						"0.25": [30.63, 0, 0],
						"0.375": [17.5, 0, 0],
						"0.5": [40, 0, 0],
						"0.75": [0, 0, 0],
						"1.0": [-15, 0, 0]
					},
					"position": {
						"0.0": [0, 0, 0],
						"0.25": [0, 0, 0],
						"0.5": [0, 0, 0],
						"0.75": [0, 0, 0],
						"1.0": [0, 0, 0]
					}
				},
				"front_paw_left": {
					"rotation": {
						"0.0": [0, 0, 0],
						"0.25": [-15, 0, 0],
						"0.5": [45, 0, 0],
						"0.625": [10, 0, 0],
						"0.75": [20, 0, 0],
						"1.0": [0, 0, 0]
					},
					"position": {
						"0.0": [0, 0, 0],
						"0.25": [0, 0, 0],
						"0.5": [0, 0, 0],
						"0.75": [0, 0, 0],
						"1.0": [0, 0, 0]
					}
				},
				"back_claws_right": {
					"position": [0, 0, 1.25]
				},
				"back_claws_left": {
					"position": [0, 0, 1.25]
				},
				"front_claws_right": {
					"position": [0, 0, 1.25]
				},
				"front_claws_left": {
					"position": [0, 0, 1.25]
				},
				"cheek_fluff_left": {
					"rotation": [0, -100, 0]
				},
				"torso": {
					"rotation": ["0+math.sin(q.anim_time*360*2+30-90)*2", 0, "0+math.sin(q.anim_time*360+30)*3"],
					"position": [0, "-1+math.clamp(math.sin(q.anim_time*360+180-90)*1,0.5,10)+math.clamp(math.sin(q.anim_time*360-90)*1,0.5,10)", 0]
				}
			}
		},
		"animation.luxio.sleep": {
			"loop": true,
			"animation_length": 4,
			"bones": {
				"body": {
					"position": [0, -5.2, 0]
				},
				"back_leg_right": {
					"rotation": [-90, 22.5, 0],
					"position": [-1, 0.4, 1]
				},
				"knee_right": {
					"rotation": [157.5, 0, 0],
					"position": [0.25, 1, 2]
				},
				"back_paw_right": {
					"rotation": [-67.5, 0, 0],
					"position": [0, 2.25, -1.75]
				},
				"back_claws_right": {
					"position": [0, 0, 1.25]
				},
				"back_leg_left": {
					"rotation": [-90, -22.5, 0],
					"position": [1, 0.4, 1]
				},
				"knee_left": {
					"rotation": [157.5, 0, 0],
					"position": [-0.25, 1, 2]
				},
				"back_paw_left": {
					"rotation": [-67.5, 0, 0],
					"position": [0, 2.25, -1.75]
				},
				"back_claws_left": {
					"position": [0, 0, 1.25]
				},
				"front_leg_right": {
					"rotation": [-90, 5, 0],
					"position": [0, -1.1, 1]
				},
				"front_paw_right": {
					"rotation": [90, 0, 0],
					"position": [0, 0, -0.5]
				},
				"front_claws_right": {
					"position": [0, 0, 1.25]
				},
				"front_leg_left": {
					"rotation": [-90, -5, 0],
					"position": [0, -1.1, 1]
				},
				"front_paw_left": {
					"rotation": [90, 0, 0],
					"position": [0, 0, -0.5]
				},
				"front_claws_left": {
					"position": [0, 0, 1.25]
				},
				"neck": {
					"rotation": [47.5, 0, 0],
					"position": [0, -0.5, -1]
				},
				"head": {
					"rotation": ["-39.8925+math.sin(q.anim_time*90-90)*1", 3.21154, "3.8342+math.sin(q.anim_time*90)*1"],
					"position": [0, -1.67559, -2.48728]
				},
				"lobe_right": {
					"rotation": ["-102.5-math.sin(q.anim_time*90)*1", -82.5, 102.49999]
				},
				"lobe_right_2": {
					"rotation": [17.5, 0, 0]
				},
				"lobe_right_3": {
					"rotation": [20, 0, 0]
				},
				"lobe_right_4": {
					"rotation": [17.5, 0, 0]
				},
				"lobe_left": {
					"rotation": ["-90+math.sin(q.anim_time*90)*1", 82.5, -102.49999]
				},
				"lobe_left_2": {
					"rotation": [17.5, 0, 0]
				},
				"lobe_left_3": {
					"rotation": [20, 0, 0]
				},
				"lobe_left_4": {
					"rotation": [32.5, 0, 0]
				},
				"eyelid_r": {
					"position": [0, 0, -2.025]
				},
				"eyelid_l": {
					"position": [0, 0, -2.025]
				},
				"tail": {
					"rotation": [-37.92445, -7.9185, 6.12673]
				},
				"tail_2": {
					"rotation": [46.34106, -35.63725, -38.1338]
				},
				"tail_3": {
					"rotation": [0, -50, 0]
				},
				"tail_4": {
					"rotation": [-2.5, -35, 0]
				},
				"tail_5": {
					"rotation": [0, -32.5, 0]
				}
			}
		},
		"animation.luxio.faint": {
			"animation_length": 3,
			"bones": {
				"body": {
					"rotation": {
						"0.375": [0, 0, 0],
						"0.4167": [0, 0, 3.67137],
						"0.4583": [0, 0, 12.73744],
						"0.5": [0, 0, 25.63415],
						"0.5417": [0, 0, 41.74403],
						"0.5833": [0, 0, 61.20872],
						"0.625": [0, 0, 90],
						"0.6667": [0, 0, 83.62564],
						"0.7083": [0, 0, 83.69988],
						"0.75": [0, 0, 85.81225],
						"0.7917": [0, 0, 88.10741],
						"0.8333": [0, 0, 89.66795],
						"0.875": [0, 0, 90]
					},
					"position": {
						"0.0": [0, 0, 0],
						"0.375": [0, -0.5, 0],
						"0.4167": [0.53909, -0.66342, 0],
						"0.4583": [2.14592, -1.07882, 0],
						"0.5": [4.5, -1.69102, 0],
						"0.5417": [6.85408, -2.4921, 0],
						"0.5833": [8.46091, -3.53415, 0],
						"0.625": [9, -5.5, 0],
						"0.6667": [9, -4.2186, 0],
						"0.7083": [9, -4.31491, 0],
						"0.75": [9, -4.68322, 0],
						"0.7917": [9, -5.0735, 0],
						"0.8333": [9, -5.3702, 0],
						"0.875": [9, -5.5, 0]
					}
				},
				"back_leg_right": {
					"rotation": {
						"0.0": [0, 0, 5],
						"0.375": [0, 0, 20],
						"0.625": [-9.42786, 8.53639, 43.33326],
						"0.9167": [-27.5, 0, -20]
					},
					"position": [0, 0, 0]
				},
				"back_paw_right": {
					"rotation": {
						"0.0": [0, 5, -5],
						"0.375": [-1.33709, 14.82659, -20.28769],
						"0.625": [20, 0, 0]
					}
				},
				"back_claws_right": {
					"position": [0, 0, 1.25]
				},
				"back_leg_left": {
					"rotation": {
						"0.0": [0, 0, -5],
						"0.375": [0, 0, -20],
						"0.5": [0, 0, 20],
						"0.625": [0, 0, 0]
					},
					"position": {
						"0.0": [0, 0, 0],
						"0.375": [0, 0, 0],
						"0.625": [-1, 0, 0]
					}
				},
				"back_paw_left": {
					"rotation": {
						"0.0": [0, -5, 5],
						"0.375": [-1.33709, -14.82659, 20.28769],
						"0.625": [35, 0, 0]
					}
				},
				"back_claws_left": {
					"position": [0, 0, 1.25]
				},
				"front_leg_right": {
					"rotation": {
						"0.0": [0, 10, 7.5],
						"0.375": [-18.56358, 5.70484, 13.24495],
						"0.625": [4.39848, -5.89709, 38.58193],
						"0.875": [15.88653, -3.33079, -12.76103]
					},
					"position": [0, 0, 0]
				},
				"front_paw_right": {
					"rotation": {
						"0.0": [0, 0, -7.5],
						"0.375": [20.28356, 9.39129, -9.04882],
						"0.625": [16.6707, 14.97936, -26.02538]
					}
				},
				"front_claws_right": {
					"position": [0, 0, 1.25]
				},
				"front_leg_left": {
					"rotation": {
						"0.0": [0, -10, -7.5],
						"0.375": [-18.56358, -5.70484, -13.24495]
					},
					"position": [0, 0, 0]
				},
				"front_paw_left": {
					"rotation": {
						"0.0": [0, 0, 7.5],
						"0.375": [20.28356, -9.39129, 9.04882],
						"0.625": [22.17599, -2.08359, -9.67599]
					}
				},
				"front_claws_left": {
					"position": [0, 0, 1.25]
				},
				"head": {
					"rotation": {
						"0.0": [2.5, 0, 0],
						"0.2083": [20, "0+math.sin(q.anim_time*90*32)*5", 0],
						"0.4167": [-10, 0, 0],
						"0.625": [11.69303, 17.77571, -44.74371],
						"0.7083": [19.58779, 9.79271, -12.45176]
					},
					"position": [0, -0.5, 0]
				},
				"lobe_right": {
					"rotation": {
						"0.0": [0, -65, 7.5],
						"0.2083": ["0+math.sin(q.anim_time*90*16-90)*10", -65, 7.5],
						"0.4167": ["0+math.sin(q.anim_time*90*16-90)*10", -65, 7.5],
						"0.625": [37.5, -65, 7.5],
						"0.875": [0, -65, 7.5]
					}
				},
				"lobe_right_2": {
					"rotation": {
						"0.0": [0, 0, 0],
						"0.2083": ["0-math.sin(q.anim_time*90*16-90)*10+math.sin(q.anim_time*90*16-90-30)*10", 0, 0],
						"0.4167": ["0-math.sin(q.anim_time*90*16-90)*10+math.sin(q.anim_time*90*16-90-30)*10", 0, 0],
						"0.625": [25, 0, 0],
						"0.875": [-27.86082, -8.86042, 4.65468]
					}
				},
				"lobe_right_3": {
					"rotation": {
						"0.0": [0, 0, 0],
						"0.2083": ["0-math.sin(q.anim_time*90*16-90-30*1)*10+math.sin(q.anim_time*90*16-90-30*2)*10", 0, 0],
						"0.4167": ["0-math.sin(q.anim_time*90*16-90-30*1)*10+math.sin(q.anim_time*90*16-90-30*2)*10", 0, 0],
						"0.625": [25, 0, 0],
						"0.875": [32.5, 0, 0]
					}
				},
				"lobe_right_4": {
					"rotation": {
						"0.0": [0, 0, 0],
						"0.2083": ["0-math.sin(q.anim_time*90*16-90-30*2)*10+math.sin(q.anim_time*90*16-90-30*3)*10", 0, 0],
						"0.4167": ["0-math.sin(q.anim_time*90*16-90-30*2)*10+math.sin(q.anim_time*90*16-90-30*3)*10", 0, 0],
						"0.625": [25, 0, 0],
						"0.875": [-15, -10, 0]
					}
				},
				"lobe_left": {
					"rotation": {
						"0.0": [0, 65, -7.5],
						"0.2083": ["0+math.sin(q.anim_time*90*16-90)*10", 65, -7.5],
						"0.5417": ["0+math.sin(q.anim_time*90*16-90)*10", 65, -7.5],
						"1.0": [-25, 65, -7.5]
					}
				},
				"lobe_left_2": {
					"rotation": {
						"0.0": [0, 0, 0],
						"0.2083": ["0-math.sin(q.anim_time*90*16-90)*10+math.sin(q.anim_time*90*16-90-30)*10", 0, 0],
						"0.5417": ["0-math.sin(q.anim_time*90*16-90)*10+math.sin(q.anim_time*90*16-90-30)*10", 0, 0],
						"1.0": [0, 0, 0]
					}
				},
				"lobe_left_3": {
					"rotation": {
						"0.0": [0, 0, 0],
						"0.2083": ["0-math.sin(q.anim_time*90*16-90-30*1)*10+math.sin(q.anim_time*90*16-90-30*2)*10", 0, 0],
						"0.5417": ["0-math.sin(q.anim_time*90*16-90-30*1)*10+math.sin(q.anim_time*90*16-90-30*2)*10", 0, 0],
						"1.0": [0, 0, 0]
					}
				},
				"lobe_left_4": {
					"rotation": {
						"0.0": [0, 0, 0],
						"0.2083": ["0-math.sin(q.anim_time*90*16-90-30*2)*10+math.sin(q.anim_time*90*16-90-30*3)*10", 0, 0],
						"0.5417": ["0-math.sin(q.anim_time*90*16-90-30*2)*10+math.sin(q.anim_time*90*16-90-30*3)*10", 0, 0],
						"1.0": [0, 0, 0]
					}
				},
				"tail": {
					"rotation": {
						"0.0": ["30+math.sin(q.anim_time*180*2+60)*5", "0+math.sin(q.anim_time*180)*30", 0],
						"0.5": {
							"pre": [32.5, 0, 0],
							"post": [32.5, 0, 0],
							"lerp_mode": "catmullrom"
						},
						"0.5833": {
							"post": [32.5, 0, -20],
							"lerp_mode": "catmullrom"
						},
						"0.75": [37.0662, 26.94622, 18.89595]
					}
				},
				"tail_2": {
					"rotation": {
						"0.0": [-40, "0-math.sin(q.anim_time*180)*30+math.sin(q.anim_time*180-60)*20", 0],
						"0.5": {
							"pre": [32.5, 0, 0],
							"post": [32.5, 0, 0],
							"lerp_mode": "catmullrom"
						},
						"0.5833": {
							"post": [32.5, 0, -20],
							"lerp_mode": "catmullrom"
						},
						"0.75": [30.57895, -31.13213, -1.58409]
					}
				},
				"tail_3": {
					"rotation": {
						"0.0": [-60, "0-math.sin(q.anim_time*180-60)*10+math.sin(q.anim_time*180-120)*20", 0],
						"0.5": {
							"pre": [32.5, 0, 0],
							"post": [32.5, 0, 0],
							"lerp_mode": "catmullrom"
						},
						"0.5833": {
							"post": [32.5, 0, -20],
							"lerp_mode": "catmullrom"
						},
						"0.75": [32.5, 0, 0]
					}
				},
				"tail_4": {
					"rotation": {
						"0.0": [57.5, "-math.sin(q.anim_time*180-120)*20+math.sin(q.anim_time*180-180)*20", 0],
						"0.5": {
							"pre": [32.5, 0, 0],
							"post": [32.5, 0, 0],
							"lerp_mode": "catmullrom"
						},
						"0.5833": {
							"post": [32.5, 0, -20],
							"lerp_mode": "catmullrom"
						},
						"0.75": [32.5, 0, 0]
					}
				},
				"tail_5": {
					"rotation": {
						"0.0": ["0.8-math.sin(q.anim_time*180-180)*10+math.sin(q.anim_time*180-240)*5", -32.39587, 87.24618],
						"0.5": {
							"pre": [0, 0, 90],
							"post": [0, 0, 90],
							"lerp_mode": "catmullrom"
						},
						"0.5833": {
							"post": [0, 0, 70],
							"lerp_mode": "catmullrom"
						},
						"0.75": [0, 0, 90]
					}
				},
				"torso": {
					"rotation": {
						"0.0": [0, 0, 0],
						"0.375": [10, 0, "0+math.sin(q.anim_time*90*16-90)*10"],
						"0.625": [0, 0, 0]
					},
					"position": {
						"0.0": [0, 0, 0],
						"0.375": [0, 0, 0]
					}
				},
				"eyelid_r": {
					"position": {
						"0.0": [0, 0, 0],
						"0.0833": {"pre": [0, 0, 0], "post": [0, 0, -2.025]}
					}
				},
				"eyelid_l": {
					"rotation": [-0.36679, 0.56035, 2.40685],
					"position": {
						"0.0": [0, 0, 0],
						"0.0833": {"pre": [0, 0, 0], "post": [0, 0, -2.025]}
					}
				},
				"mouth_closed": {
					"position": {
						"0.0": [0, 0, 0],
						"0.0417": {"pre": [0, 0, 0], "post": [0, 0, 1]},
						"0.875": {"pre": [0, 0, 1], "post": [0, 0, 1]},
						"0.9167": {"pre": [0, 0, 1], "post": [0, 0, 0]}
					}
				},
				"mouth_open": {
					"position": {
						"0.0": [0, 0, 0],
						"0.0417": {"pre": [0, 0, 0], "post": [0, 0, -1]},
						"0.875": {"pre": [0, 0, -1], "post": [0, 0, -1]},
						"0.9167": {"pre": [0, 0, -1], "post": [0, 0, 0]}
					}
				},
				"knee_right": {
					"rotation": {
						"0.375": [0, 0, 0],
						"0.625": [0, 0, -17.5]
					}
				},
				"elbow_right": {
					"rotation": {
						"0.375": [0, 0, 0],
						"0.625": [0, 0, -22.5]
					}
				},
				"elbow_left": {
					"rotation": {
						"0.375": [0, 0, 0],
						"0.5": [0, 0, 43.75],
						"0.625": [0, 0, 37.5]
					}
				}
			},
			"sound_effects": {
				"0.0": {
					"effect": "pokemon.luxio.faint"
				}
			}
		},
		"animation.luxio.blink": {
			"animation_length": 0.16667,
			"bones": {
				"eyelid_r": {
					"position": {
						"0.0": [0, 0, -2.025],
						"0.125": [0, 0, -2.025],
						"0.1667": [0, 0, 0]
					}
				},
				"eyelid_l": {
					"position": {
						"0.0": [0, 0, -2.025],
						"0.125": [0, 0, -2.025],
						"0.1667": [0, 0, 0]
					}
				}
			}
		},
		"animation.luxio.cry": {
			"animation_length": 1.7,
			"bones": {
				"head": {
					"rotation": {
						"0.0": [0, 0, 0],
						"0.15": [10, 0, 0],
						"0.5": ["-5+math.sin(q.anim_time*2880)*2", 0, 0],
						"1.0": [0, 0, 0]
					}
				},
				"lobe_right": {
					"rotation": {
						"0.0": [0, 0, 0],
						"0.3": ["0+math.sin(q.anim_time*1440-90)*10", 0, 0],
						"1.5": [0, 0, 0]
					}
				},
				"lobe_right_2": {
					"rotation": {
						"0.0": [0, 0, 0],
						"0.3": ["0+math.sin(q.anim_time*1440-90-30)*20-math.sin(q.anim_time*1440-90)*10", 0, 0],
						"1.5": [0, 0, 0]
					}
				},
				"lobe_right_3": {
					"rotation": {
						"0.0": [0, 0, 0],
						"0.3": ["0+math.sin(q.anim_time*1440-90-30*2)*20-math.sin(q.anim_time*1440-90-30*1)*20", 0, 0],
						"1.5": [0, 0, 0]
					}
				},
				"lobe_right_4": {
					"rotation": {
						"0.0": [0, 0, 0],
						"0.3": ["0+math.sin(q.anim_time*1440-90-30*3)*20-math.sin(q.anim_time*1440-90-30*2)*20", 0, 0],
						"1.5": [0, 0, 0]
					}
				},
				"lobe_left": {
					"rotation": {
						"0.0": [0, 0, 0],
						"0.3": ["0+math.sin(q.anim_time*1440-90)*10", 0, 0],
						"1.5": [0, 0, 0]
					}
				},
				"lobe_left_2": {
					"rotation": {
						"0.0": [0, 0, 0],
						"0.3": ["0+math.sin(q.anim_time*1440-90-30)*20-math.sin(q.anim_time*1440-90)*10", 0, 0],
						"1.5": [0, 0, 0]
					}
				},
				"lobe_left_3": {
					"rotation": {
						"0.0": [0, 0, 0],
						"0.3": ["0+math.sin(q.anim_time*1440-90-30*2)*20-math.sin(q.anim_time*1440-90-30*1)*20", 0, 0],
						"1.5": [0, 0, 0]
					}
				},
				"lobe_left_4": {
					"rotation": {
						"0.0": [0, 0, 0],
						"0.3": ["0+math.sin(q.anim_time*1440-90-30*3)*20-math.sin(q.anim_time*1440-90-30*2)*20", 0, 0],
						"1.5": [0, 0, 0]
					}
				},
				"eyelid_r": {
					"position": {
						"0.0": [0, 0, 0],
						"0.05": [0, 0, -2.025],
						"0.55": [0, 0, -2.025],
						"0.6": [0, 0, 0]
					}
				},
				"eyelid_l": {
					"position": {
						"0.0": [0, 0, 0],
						"0.05": [0, 0, -2.025],
						"0.55": [0, 0, -2.025],
						"0.6": [0, 0, 0]
					}
				},
				"mouth_closed": {
					"position": {
						"0.0": [0, 0, 0],
						"0.05": {
							"pre": [0, 0, 0],
							"post": [0, 0, 1]
						},
						"1.0": {
							"pre": [0, 0, 1],
							"post": [0, 0, 1]
						},
						"1.05": {
							"pre": [0, 0, 1],
							"post": [0, 0, 0]
						}
					}
				},
				"mouth_open": {
					"position": {
						"0.0": [0, 0, 0],
						"0.05": {
							"pre": [0, 0, 0],
							"post": [0, 0, -1]
						},
						"1.0": {
							"pre": [0, 0, -1],
							"post": [0, 0, -1]
						},
						"1.05": {
							"pre": [0, 0, -1],
							"post": [0, 0, 0]
						}
					}
				}
			},
			"sound_effects": {
				"0.0": {
					"effect": "pokemon.luxio.cry"
				}
			}
		},
		"animation.luxio.ground_walk_old": {
			"loop": true,
			"animation_length": 2,
			"bones": {
				"body": {
					"rotation": [0, 0, "0+math.sin(q.anim_time*360+30)*3"],
					"position": [0, "-1.25+math.clamp(math.sin(q.anim_time*360+180-90)*1,0.5,10)+math.clamp(math.sin(q.anim_time*360-90)*1,0.5,10)", 0]
				},
				"back_leg_right": {
					"rotation": [
						"-2.5+math.clamp(math.sin(q.anim_time*360+60)*10,0,100)-math.clamp(math.sin(q.anim_time*360+180+60)*20,0,100)",
						0,
						"0-math.sin(q.anim_time*360+30)*3"
					],
					"position": [
						0,
						"1.5+math.clamp(math.sin(q.anim_time*360-90+60)*1,0,100)-(math.clamp(math.sin(q.anim_time*360+180-90)*1,0.5,10)+math.clamp(math.sin(q.anim_time*360-90)*1,0.5,10))",
						"0+math.sin(q.anim_time*360+60)*1"
					]
				},
				"knee_right": {
					"rotation": [0, 0, 0],
					"position": [0, "0-math.clamp(math.sin(q.anim_time*360+60)*1,0,100)+math.clamp(math.sin(q.anim_time*360+60+180)*0.5,0,100)", 0]
				},
				"back_leg_left": {
					"rotation": [
						"-2.5+math.clamp(math.sin(q.anim_time*360+180+60)*10,0,100)-math.clamp(math.sin(q.anim_time*360+180+180+60)*20,0,100)",
						0,
						"0-math.sin(q.anim_time*360+30)*3"
					],
					"position": [
						0,
						"1.5+math.clamp(math.sin(q.anim_time*360-90+180+60)*1,0,100)-(math.clamp(math.sin(q.anim_time*360+180-90)*1,0.5,10)+math.clamp(math.sin(q.anim_time*360-90)*1,0.5,10))",
						"0+math.sin(q.anim_time*360+180+60)*1"
					]
				},
				"knee_left": {
					"rotation": [0, 0, 0],
					"position": [0, "0-math.clamp(math.sin(q.anim_time*360+180+60)*1,0,100)+math.clamp(math.sin(q.anim_time*360+60)*0.5,0,100)", 0]
				},
				"front_leg_right": {
					"rotation": [
						"0+math.clamp(math.sin(q.anim_time*360+180)*20,0,100)-math.clamp(math.sin(q.anim_time*360+180+180)*30,0,100)",
						0,
						"0-math.sin(q.anim_time*360+30)*3"
					],
					"position": [-0.25, "-0.25+math.clamp(math.sin(q.anim_time*360-90+180)*2,0,100)", "0+math.sin(q.anim_time*360+180)*1"]
				},
				"elbow_right": {
					"rotation": ["0-math.clamp(math.sin(q.anim_time*360+180)*15,0,100)", 0, 0],
					"position": [0, 0, 0]
				},
				"front_paw_right": {
					"rotation": ["7.5-math.clamp(math.sin(q.anim_time*360+30+180)*10,0,100)", 0, 0],
					"position": [0, 0, 0]
				},
				"front_leg_left": {
					"rotation": [
						"0+math.clamp(math.sin(q.anim_time*360)*20,0,100)-math.clamp(math.sin(q.anim_time*360+180)*30,0,100)",
						0,
						"0-math.sin(q.anim_time*360+30)*3"
					],
					"position": [0.25, "-0.25+math.clamp(math.sin(q.anim_time*360-90)*2,0,100)", "0+math.sin(q.anim_time*360)*1"]
				},
				"elbow_left": {
					"rotation": ["0-math.clamp(math.sin(q.anim_time*360)*15,0,100)", 0, 0],
					"position": [0, 0, 0]
				},
				"front_toes_left": {
					"rotation": ["7.5-math.clamp(math.sin(q.anim_time*360+30)*10,0,100)", 0, 0],
					"position": [0, 0, 0]
				},
				"neck": {
					"rotation": [5, 0, 0],
					"position": [0, 0, 0.25]
				},
				"head": {
					"rotation": ["-2.5+math.sin(q.anim_time*720-30)*2", 0, "0-math.sin(q.anim_time*360-30)*2"],
					"position": [0, 0, 0]
				},
				"lobe_right": {
					"rotation": ["0+math.sin(q.anim_time*360)*5", -65, "7.5+math.sin(q.anim_time*360+180+90)*5"]
				},
				"lobe_right_2": {
					"rotation": ["0-math.sin(q.anim_time*360)*5+math.sin(q.anim_time*360-30)*10", 0, 0]
				},
				"lobe_right_3": {
					"rotation": ["0-math.sin(q.anim_time*360-30)*10+math.sin(q.anim_time*360-60)*20", 0, 0]
				},
				"lobe_right_4": {
					"rotation": ["0-math.sin(q.anim_time*360-60)*20+math.sin(q.anim_time*360-90)*20", 0, 0]
				},
				"lobe_left": {
					"rotation": ["0+math.sin(q.anim_time*360)*5", 65, "-7.5+math.sin(q.anim_time*360+180+90)*5"]
				},
				"lobe_left_2": {
					"rotation": ["0-math.sin(q.anim_time*360)*5+math.sin(q.anim_time*360-30)*10", 0, 0]
				},
				"lobe_left_3": {
					"rotation": ["0-math.sin(q.anim_time*360-30)*10+math.sin(q.anim_time*360-60)*20", 0, 0]
				},
				"lobe_left_4": {
					"rotation": ["0-math.sin(q.anim_time*360-60)*20+math.sin(q.anim_time*360-90)*20", 0, 0]
				},
				"eye_left": {
					"rotation": [0, 0, 0]
				},
				"tail": {
					"rotation": ["30+math.sin(q.anim_time*360+60)*10", "0+math.sin(q.anim_time*360)*30", 0]
				},
				"tail_2": {
					"rotation": [-40, "0-math.sin(q.anim_time*360)*30+math.sin(q.anim_time*360-60)*20", 0]
				},
				"tail_3": {
					"rotation": [-60, "0-math.sin(q.anim_time*360-60)*10+math.sin(q.anim_time*360-120)*20", 0]
				},
				"tail_4": {
					"rotation": [57.5, "-math.sin(q.anim_time*360-120)*20+math.sin(q.anim_time*360-180)*20", 0]
				},
				"tail_5": {
					"rotation": ["0.8-math.sin(q.anim_time*360-180)*10+math.sin(q.anim_time*360-240)*5", -32.39587, 87.24618]
				},
				"back_paw_right": {
					"rotation": ["15-math.clamp(math.sin(q.anim_time*360+30+60)*20,0,100)+math.clamp(math.sin(q.anim_time*360+30+60+180)*10,0,100)", 0, 0],
					"position": [0, 0, 0]
				},
				"back_paw_left": {
					"rotation": ["15-math.clamp(math.sin(q.anim_time*360+30+180+60)*20,0,100)+math.clamp(math.sin(q.anim_time*360+30+60)*10,0,100)", 0, 0],
					"position": [0, 0, 0]
				},
				"front_paw_left": {
					"rotation": ["7.5-math.clamp(math.sin(q.anim_time*360+30)*10,0,100)", 0, 0],
					"position": [0, 0, 0]
				},
				"back_claws_right": {
					"position": [0, 0, 1.25]
				},
				"back_claws_left": {
					"position": [0, 0, 1.25]
				},
				"front_claws_right": {
					"position": [0, 0, 1.25]
				},
				"front_claws_left": {
					"position": [0, 0, 1.25]
				},
				"cheek_fluff_left": {
					"rotation": [0, -100, 0]
				}
			}
		}
	}
}