{
	"format_version": "1.8.0",
	"animations": {
		"animation.feraligatr_mega.ground_idle": {
			"loop": true,
			"bones": {
				"foot_left": {
					"rotation": [2.5, 0, 0],
					"position": [0, "-0.2*math.sin(q.anim_time*90*1-20)", 0]
				},
				"foot_left2": {
					"rotation": [-2.5, 0, 0]
				},
				"thigh_left": {
					"rotation": [-5, -12.5, 0],
					"position": [0, "0.2*math.sin(q.anim_time*90*1-20)", 0]
				},
				"leg_left": {
					"rotation": [5, 0, 0],
					"position": [0, 0, 0]
				},
				"thigh_right": {
					"rotation": [-5, 12.5, 0],
					"position": [0, "0.2*math.sin(q.anim_time*90*1-20)", 0]
				},
				"leg_right": {
					"rotation": [5, 0, 0],
					"position": [0, 0, 0]
				},
				"foot_right": {
					"rotation": [2.5, 0, 0],
					"position": [0, "-0.2*math.sin(q.anim_time*90*1-20)", 0]
				},
				"foot_right2": {
					"rotation": [-2.5, 0, 0]
				},
				"torso": {
					"rotation": ["10+1*math.sin(q.anim_time*90*1+90)", 0, "0.2*math.sin(q.anim_time*90*2+90)"],
					"position": [0, "0.4*math.sin(q.anim_time*90*1-20)", 0]
				},
				"tail": {
					"rotation": [-27.5, "-6*math.sin(q.anim_time*90*1-20)", "-3*math.cos(q.anim_time*90*1-20)"]
				},
				"tail2": {
					"rotation": [5, "-4*math.sin(q.anim_time*90*1-80)", 0]
				},
				"tail3": {
					"rotation": [2.5, "-7*math.sin(q.anim_time*90*1-120)", 0]
				},
				"tail4": {
					"rotation": [5, "-12*math.sin(q.anim_time*90*1-180)", 0]
				},
				"torso2": {
					"rotation": ["-5+1*math.sin(q.anim_time*90*1+120)", 0, 0]
				},
				"torso3": {
					"rotation": ["1*math.sin(q.anim_time*90*1+150)", 0, 0]
				},
				"neck": {
					"rotation": ["-4*math.sin(q.anim_time*90*1+160)", 0, 0]
				},
				"head": {
					"rotation": ["-2*math.sin(q.anim_time*90*1+160)", 0, 0]
				},
				"jaw": {
					"rotation": ["25+2*math.sin(q.anim_time*90*1+220)", 0, 0]
				},
				"arm_right": {
					"rotation": ["34.6538+2*math.sin(q.anim_time*90*1+150)", "-19.7264+2*math.sin(q.anim_time*90*1+150)", "-27.8774+6*math.sin(q.anim_time*90*1+150)"]
				},
				"arm_right2": {
					"rotation": [4.78979, "-62.3954+2*math.sin(q.anim_time*90*1+260)", -5.40164]
				},
				"hand_right": {
					"rotation": [0, -12.5, 0]
				},
				"finger_right_thumb": {
					"rotation": [72.85765, "-13.3591-6*math.sin(q.anim_time*90*1+220)", -42.09708],
					"position": [0, -1.25, 0.5]
				},
				"finger_right_thumb2": {
					"rotation": [0, "32.5-6*math.sin(q.anim_time*90*1+220)", 0]
				},
				"finger_right_index": {
					"rotation": [-1.08482, -4.88119, 5.04624]
				},
				"finger_right_index2": {
					"rotation": [0, 0, "-25+6*math.sin(q.anim_time*90*1+220)"]
				},
				"finger_right_middle": {
					"rotation": [0, -2.5, "2.5+2*math.sin(q.anim_time*90*1+220)"]
				},
				"finger_right_middle2": {
					"rotation": [0, 0, "-27.5+6*math.sin(q.anim_time*90*1+220)"]
				},
				"finger_right_ring2": {
					"rotation": [0, 0, "-37.5+4*math.sin(q.anim_time*90*1+220)"]
				},
				"finger_right_pinky": {
					"rotation": [0, 7.5, -17.5]
				},
				"finger_right_pinky2": {
					"rotation": [0, 0, "-37.5+2*math.sin(q.anim_time*90*1+220)"]
				},
				"arm_left": {
					"rotation": ["32.5-2*math.sin(q.anim_time*90*1+150)", "-2*math.sin(q.anim_time*90*1+160)", "25-6*math.sin(q.anim_time*90*1+160)"]
				},
				"arm_left2": {
					"rotation": [9.50457, "62.0841-2*math.sin(q.anim_time*90*1+260)", 10.72879]
				},
				"hand_left": {
					"rotation": [0, 12.5, 0]
				},
				"finger_left_thumb": {
					"rotation": [72.85765, "13.3591+6*math.sin(q.anim_time*90*1+220)", 42.09708],
					"position": [0, -1, 0.5]
				},
				"finger_left_thumb2": {
					"rotation": [0, "-20+6*math.sin(q.anim_time*90*1+220)", 0]
				},
				"finger_left_index": {
					"rotation": [0, 7.5, 5]
				},
				"finger_left_index2": {
					"rotation": [0, 0, "42.5-6*math.sin(q.anim_time*90*1+220)"]
				},
				"finger_left_middle": {
					"rotation": [0, 2.5, "10-2*math.sin(q.anim_time*90*1+220)"]
				},
				"finger_left_middle2": {
					"rotation": [0, 0, "35-6*math.sin(q.anim_time*90*1+220)"]
				},
				"finger_left_ring": {
					"rotation": [0, 0, 10]
				},
				"finger_left_ring2": {
					"rotation": [0, 0, "45-8*math.sin(q.anim_time*90*1+220)"]
				},
				"finger_left_pinky": {
					"rotation": [0, -7.5, 17.5]
				},
				"finger_left_pinky2": {
					"rotation": [0, 0, "47.5-6*math.sin(q.anim_time*90*1+220)"]
				},
				"shoulder_bone_right": {
					"rotation": [-9.71911, 35.39626, -7.33757]
				},
				"shoulder_bone_left": {
					"rotation": [-3.99799, -24.09897, -7.85527]
				},
				"head2": {
					"rotation": ["5+9*math.sin(q.anim_time*90*1+220)", 0, 0],
					"scale": 0.9
				}
			}
		},
		"animation.feraligatr_mega.battle_idle": {
			"loop": true,
			"bones": {
				"foot_left": {
					"rotation": [2.5, 0, 0],
					"position": [0, "-0.2*math.sin(q.anim_time*90*1-20)", 0]
				},
				"foot_left2": {
					"rotation": [-2.5, 0, 0]
				},
				"thigh_left": {
					"rotation": [-15, -40, 0],
					"position": [0, "-1+0.2*math.sin(q.anim_time*90*1-20)", 2]
				},
				"leg_left": {
					"rotation": [12.5, 0, 0],
					"position": [0, 0, 0]
				},
				"thigh_right": {
					"rotation": [-15, 40, 0],
					"position": [0, "-1+0.2*math.sin(q.anim_time*90*1-20)", 2]
				},
				"leg_right": {
					"rotation": [12.5, 0, 0],
					"position": [0, 0, 0]
				},
				"foot_right": {
					"rotation": [2.5, 0, 0],
					"position": [0, "-0.2*math.sin(q.anim_time*90*1-20)", 0]
				},
				"foot_right2": {
					"rotation": [-2.5, 0, 0]
				},
				"torso": {
					"rotation": ["15+1*math.sin(q.anim_time*90*1+90)", "0.8*math.cos(q.anim_time*90*1+90)", "0.8*math.sin(q.anim_time*90*1+90)"],
					"position": [0, "0.4*math.sin(q.anim_time*90*1-20)", 0]
				},
				"tail": {
					"rotation": [-40, "0-4*math.sin(q.anim_time*90*2-20)", "0-2*math.cos(q.anim_time*90*2-20)"]
				},
				"tail2": {
					"rotation": [5, "-4*math.sin(q.anim_time*90*2-80)", 0]
				},
				"tail3": {
					"rotation": [2.5, "-7*math.sin(q.anim_time*90*2-120)", 0]
				},
				"tail4": {
					"rotation": [5, "-12*math.sin(q.anim_time*90*2-180)", 0]
				},
				"torso2": {
					"rotation": ["7.5+1*math.sin(q.anim_time*90*1+120)", -0.04159, 0.01291]
				},
				"torso3": {
					"rotation": ["-7.5+1*math.sin(q.anim_time*90*1+150)", 0, 0]
				},
				"neck": {
					"rotation": ["-5-4*math.sin(q.anim_time*90*1+160)", 0.01339, -0.01118]
				},
				"head": {
					"rotation": ["-7.5-6*math.sin(q.anim_time*90*1+120)", 0.00961, -0.04247]
				},
				"jaw": {
					"rotation": ["35+6*math.sin(q.anim_time*90*1+220)", 0, 0]
				},
				"arm_right": {
					"rotation": ["-79.4148-2*math.sin(q.anim_time*90*1+50)", "-79.2975-2*math.sin(q.anim_time*90*1+60)", "65.9184-6*math.sin(q.anim_time*90*1+60)"],
					"position": [-0.33186, 0.06908, -4.23079]
				},
				"arm_right2": {
					"rotation": [3.06034, "-12.4117-2*math.sin(q.anim_time*90*1+160)", -3.49387]
				},
				"hand_right": {
					"rotation": [-43.78815, -72.68495, -25.8184]
				},
				"finger_right_thumb": {
					"rotation": [77.88929, "-15.7432+6*math.sin(q.anim_time*90*1+220)", -44.09083],
					"position": [0, -1, 0.5]
				},
				"finger_right_thumb2": {
					"rotation": [0, "37.5+6*math.sin(q.anim_time*90*1+220)", 0]
				},
				"finger_right_index": {
					"rotation": [-7.04037, -10.30758, 63.59135],
					"position": [0.75, 0, 0]
				},
				"finger_right_index2": {
					"rotation": [0, 0, "-62.5-6*math.sin(q.anim_time*90*1+220)"]
				},
				"finger_right_middle": {
					"rotation": [-2.21783, -1.15408, "52.5224-2*math.sin(q.anim_time*90*1+220)"],
					"position": [0.75, 0, 0]
				},
				"finger_right_middle2": {
					"rotation": [0, 0, "-42.5-6*math.sin(q.anim_time*90*1+220)"]
				},
				"finger_right_ring2": {
					"rotation": [0, 0, "-40-8*math.sin(q.anim_time*90*1+220)"]
				},
				"finger_right_pinky": {
					"rotation": [-3.92252, 12.01625, 36.03181],
					"position": [0.75, 0, 0]
				},
				"finger_right_pinky2": {
					"rotation": [0, 0, "-42.5-6*math.sin(q.anim_time*90*1+220)"]
				},
				"arm_left": {
					"rotation": ["-33.0293-2*math.sin(q.anim_time*90*1+150)", "82.7555-2*math.sin(q.anim_time*90*1+160)", "-25.2838-6*math.sin(q.anim_time*90*1+160)"],
					"position": [0, 0, -1.25]
				},
				"arm_left2": {
					"rotation": [-1.46109, "0.1491-2*math.sin(q.anim_time*90*1+260)", -4.68227]
				},
				"hand_left": {
					"rotation": [5.63608, 71.01288, 85.39819]
				},
				"finger_left_thumb": {
					"rotation": [77.88929, "15.7432+6*math.sin(q.anim_time*90*1+220)", 44.09083],
					"position": [0, -1, 0.5]
				},
				"finger_left_thumb2": {
					"rotation": [0, "-37.5+6*math.sin(q.anim_time*90*1+220)", 0]
				},
				"finger_left_index": {
					"rotation": [-7.18094, 15.26918, -64.22582],
					"position": [-0.75, 0, 0]
				},
				"finger_left_index2": {
					"rotation": [0, 0, "62.5-6*math.sin(q.anim_time*90*1+220)"]
				},
				"finger_left_middle": {
					"rotation": [-2.21783, 1.15408, "-52.5224-2*math.sin(q.anim_time*90*1+220)"],
					"position": [-0.75, 0, 0]
				},
				"finger_left_middle2": {
					"rotation": [0, 0, "42.5-6*math.sin(q.anim_time*90*1+220)"]
				},
				"finger_left_ring": {
					"rotation": [0, 0, -40],
					"position": [-0.75, 0, 0]
				},
				"finger_left_ring2": {
					"rotation": [0, 0, "40-8*math.sin(q.anim_time*90*1+220)"]
				},
				"finger_left_pinky": {
					"rotation": [-3.92252, -12.01625, -36.03181],
					"position": [-0.75, 0, 0]
				},
				"finger_left_pinky2": {
					"rotation": [0, 0, "42.5-6*math.sin(q.anim_time*90*1+220)"]
				},
				"finger_right_ring": {
					"rotation": [0, 0, 40],
					"position": [0.75, 0, 0]
				},
				"shoulder_bone_left": {
					"rotation": [-0.86755, 10.30863, 6.20727]
				},
				"head2": {
					"rotation": [72.5, 0, 0],
					"position": [0, 6.69213, -5.93426],
					"scale": 0.9
				}
			}
		},
		"animation.feraligatr_mega.sleep": {
			"loop": true,
			"bones": {
				"foot_left": {
					"rotation": [2.5, 0, 0],
					"position": [0, 0.0684, 0]
				},
				"foot_left2": {
					"rotation": [-2.5, 0, 0]
				},
				"thigh_left": {
					"rotation": [-35, -12.5, 0],
					"position": [0, -2.8184, 0]
				},
				"leg_left": {
					"rotation": [32.5, 0, 0],
					"position": [0, 0, 0]
				},
				"thigh_right": {
					"rotation": [-35, 12.5, 0],
					"position": [0, -2.8184, 0]
				},
				"leg_right": {
					"rotation": [32.5, 0, 0],
					"position": [0, 0, 0]
				},
				"foot_right": {
					"rotation": [2.5, 0, 0],
					"position": [0, 0.0684, 0]
				},
				"foot_right2": {
					"rotation": [-2.5, 0, 0]
				},
				"torso": {
					"rotation": ["26+1*math.sin(q.anim_time*90*1+90)", 0, 0.2],
					"position": [0, -1.63681, 1.75]
				},
				"tail": {
					"rotation": ["-57.5-2*math.sin(q.anim_time*90*1+90)", 2.05212, -2.81908],
					"position": [0, -3, -1.75]
				},
				"tail2": {
					"rotation": [10, 3.93923, 0]
				},
				"tail3": {
					"rotation": [10, 6.06218, 0]
				},
				"tail4": {
					"rotation": [5, 0, 0]
				},
				"torso2": {
					"rotation": [-6.63397, 0, 0]
				},
				"torso3": {
					"rotation": [8, 0, 0]
				},
				"neck": {
					"rotation": ["6.1319+1*math.sin(q.anim_time*90*1+150)", 0, 0]
				},
				"head": {
					"rotation": [-0.68404, 0, 0]
				},
				"jaw": {
					"rotation": ["3.7144+3*math.sin(q.anim_time*90*1+90)", 0, 0]
				},
				"arm_right": {
					"rotation": ["58.7789-2*math.sin(q.anim_time*90*1+90)", -22.44165, -48.32418],
					"position": [0, -3.25, -1.25]
				},
				"arm_right2": {
					"rotation": [9.50457, -64.05372, -10.72879]
				},
				"hand_right": {
					"rotation": [2.20462, -12.3071, -10.23772]
				},
				"finger_right_thumb": {
					"rotation": [72.85765, -9.50237, -42.09708],
					"position": [0, -1.25, 0.5]
				},
				"finger_right_thumb2": {
					"rotation": [0, 36.35673, 0]
				},
				"finger_right_index": {
					"rotation": [0.21865, -4.99523, -10.00954]
				},
				"finger_right_index2": {
					"rotation": [0, 0, -28.85673]
				},
				"finger_right_middle": {
					"rotation": [0.7522, -2.38422, -16.30123]
				},
				"finger_right_middle2": {
					"rotation": [0, 0, -31.35673]
				},
				"finger_right_ring2": {
					"rotation": [0, 0, -40.07115]
				},
				"finger_right_pinky": {
					"rotation": [-3.18458, 6.79382, -42.68908]
				},
				"finger_right_pinky2": {
					"rotation": [0, 0, -38.78558]
				},
				"arm_left": {
					"rotation": ["58.7789-2*math.sin(q.anim_time*90*1+90)", 22.44165, 48.32418],
					"position": [0, -3.25, -1.25]
				},
				"arm_left2": {
					"rotation": [9.50457, 64.05372, 10.72879]
				},
				"hand_left": {
					"rotation": [2.20462, 12.3071, 10.23772]
				},
				"finger_left_thumb": {
					"rotation": [72.85765, 9.50237, 42.09708],
					"position": [0, -1, 0.5]
				},
				"finger_left_thumb2": {
					"rotation": [0, -23.85673, 0]
				},
				"finger_left_index": {
					"rotation": [0, 7.5, 5]
				},
				"finger_left_index2": {
					"rotation": [0, 0, 46.35673]
				},
				"finger_left_middle": {
					"rotation": [0, 2.5, 11.28558]
				},
				"finger_left_middle2": {
					"rotation": [0, 0, 38.85673]
				},
				"finger_left_ring": {
					"rotation": [0, 0, 25]
				},
				"finger_left_ring2": {
					"rotation": [0, 0, 50.1423]
				},
				"finger_left_pinky": {
					"rotation": [-3.18458, -6.79382, 42.68908]
				},
				"finger_left_pinky2": {
					"rotation": [0, 0, 51.35673]
				},
				"eyelid_left": {
					"position": [0.1, 0.1, 0]
				},
				"eyelid_right": {
					"position": [-0.1, 0.1, 0]
				},
				"finger_right_ring": {
					"rotation": [0, 0, -25]
				}
			}
		},
		"animation.feraligatr_mega.blink": {
			"animation_length": 0.16667,
			"bones": {
				"eyelid_left": {
					"position": {
						"0.0": [0.1, 0.1, 0],
						"0.125": [0.1, 0.1, 0],
						"0.1667": [0, 0, 0]
					}
				},
				"eyelid_right": {
					"position": {
						"0.0": [-0.1, 0.1, 0],
						"0.125": [-0.1, 0.1, 0],
						"0.1667": [0, 0, 0]
					}
				}
			}
		},
		"animation.feraligatr_mega.cry": {
			"animation_length": 2,
			"bones": {
				"head": {
					"rotation": {
						"0.0": {
							"post": [0, 0, 0],
							"lerp_mode": "catmullrom"
						},
						"0.2083": {
							"post": [-13.92, 0, 0],
							"lerp_mode": "catmullrom"
						},
						"0.2917": {
							"post": [-13.43, 0, 0],
							"lerp_mode": "catmullrom"
						},
						"0.375": {
							"post": [-16.83, 0, 0],
							"lerp_mode": "catmullrom"
						},
						"0.4583": {
							"post": [-14.36, 0, 0],
							"lerp_mode": "catmullrom"
						},
						"0.5833": {
							"post": [-14.45, 0, 0],
							"lerp_mode": "catmullrom"
						},
						"0.75": {
							"post": [-12.14, 0, 0],
							"lerp_mode": "catmullrom"
						},
						"1.0": {
							"post": [-13.26, 0, 0],
							"lerp_mode": "catmullrom"
						},
						"2.0": {
							"post": [0, 0, 0],
							"lerp_mode": "catmullrom"
						}
					}
				},
				"jaw": {
					"rotation": {
						"0.0": {
							"post": [0, 0, 0],
							"lerp_mode": "catmullrom"
						},
						"0.0833": {
							"post": [42.5, 0, 0],
							"lerp_mode": "catmullrom"
						},
						"0.375": {
							"post": [42.5, 0, 0],
							"lerp_mode": "catmullrom"
						},
						"0.625": {
							"post": [32.5, 0, 0],
							"lerp_mode": "catmullrom"
						},
						"0.7083": {
							"post": [26.42, 0, 0],
							"lerp_mode": "catmullrom"
						},
						"0.8333": {
							"post": [26.12, 0, 0],
							"lerp_mode": "catmullrom"
						},
						"0.9167": {
							"post": [19.78, 0, 0],
							"lerp_mode": "catmullrom"
						},
						"1.1667": {
							"post": [11.43, 0, 0],
							"lerp_mode": "catmullrom"
						},
						"1.5833": {
							"post": [5, 0, 0],
							"lerp_mode": "catmullrom"
						},
						"2.0": {
							"post": [0, 0, 0],
							"lerp_mode": "catmullrom"
						}
					}
				},
				"torso": {
					"rotation": {
						"0.0": {
							"post": [0, 0, 0],
							"lerp_mode": "catmullrom"
						},
						"0.125": {
							"post": [5, 0, 0],
							"lerp_mode": "catmullrom"
						},
						"1.0833": {
							"post": [7.5, 0, 0],
							"lerp_mode": "catmullrom"
						},
						"2.0": {
							"post": [0, 0, 0],
							"lerp_mode": "catmullrom"
						}
					}
				},
				"torso2": {
					"rotation": {
						"0.0": {
							"post": [0, 0, 0],
							"lerp_mode": "catmullrom"
						},
						"0.7917": {
							"post": [7.5, 0, 0],
							"lerp_mode": "catmullrom"
						},
						"1.25": {
							"post": [0, 0, 0],
							"lerp_mode": "catmullrom"
						},
						"2.0": {
							"post": [0, 0, 0],
							"lerp_mode": "catmullrom"
						}
					}
				},
				"torso3": {
					"rotation": {
						"0.0": {
							"post": [0, 0, 0],
							"lerp_mode": "catmullrom"
						},
						"0.5417": {
							"post": [-10, 0, 0],
							"lerp_mode": "catmullrom"
						},
						"1.375": {
							"post": [0.71, 0, 0],
							"lerp_mode": "catmullrom"
						},
						"2.0": {
							"post": [0, 0, 0],
							"lerp_mode": "catmullrom"
						}
					}
				},
				"neck": {
					"rotation": {
						"0.0": {
							"post": [0, 0, 0],
							"lerp_mode": "catmullrom"
						},
						"0.125": {
							"post": [0, 0, 0],
							"lerp_mode": "catmullrom"
						},
						"0.25": {
							"post": [-1, 0, 0],
							"lerp_mode": "catmullrom"
						},
						"0.375": {
							"post": [0.03, 0, 0],
							"lerp_mode": "catmullrom"
						},
						"0.5833": {
							"post": [-0.91, 0, 0],
							"lerp_mode": "catmullrom"
						},
						"1.2917": {
							"post": [0, 0, 0],
							"lerp_mode": "catmullrom"
						},
						"2.0": {
							"post": [0, 0, 0],
							"lerp_mode": "catmullrom"
						}
					}
				},
				"arm_right2": {
					"rotation": {
						"0.0": [0, 0, 0],
						"0.4583": [0, 0, 0],
						"0.75": [0, "-1*math.sin(q.anim_time*90*30+260)", 0],
						"1.4583": [0, 0, 0]
					}
				},
				"arm_left2": {
					"rotation": {
						"0.0": [0, 0, 0],
						"0.4583": [0, 0, 0],
						"0.75": [0, "1*math.sin(q.anim_time*90*30+260)", 0],
						"1.4583": [0, 0, 0]
					}
				}
			},
			"sound_effects": {
				"0.0": {
					"effect": "pokemon.feraligatr_mega.cry"
				}
			}
		},
		"animation.feraligatr_mega.faint": {
			"animation_length": 3,
			"bones": {
				"foot_left": {
					"rotation": {
						"0.0": [2.5, 0, 0],
						"0.0833": [2.5, 0, 0],
						"0.25": [12.50954, -4.99523, -0.21865],
						"0.5": [2.5, 0, 0],
						"1.375": [2.5, 0, 0],
						"1.5417": [-14.51082, 3.84097, 14.51082],
						"2.0417": [5.58136, -11.08988, 13.06514]
					},
					"position": [0, 0.0684, 0]
				},
				"foot_left2": {
					"rotation": {
						"0.0": [-2.5, 0, 0],
						"1.5": [-2.5, 0, 0],
						"2.0417": [-17.5, 0, 0]
					}
				},
				"thigh_left": {
					"rotation": {
						"0.0": [-5, -12.5, 0],
						"0.25": [-15, -12.5, 0],
						"0.2917": [-5, -12.5, 0],
						"0.4583": [-5.50166, -27.43791, 1.45642],
						"1.1667": [-5.5, -27.44, 1.46],
						"1.2917": [5.75921, -27.24171, -3.72434],
						"1.375": [-5.5, -27.44, 1.46],
						"1.5": [-8.47589, -54.75226, 5.85812],
						"1.7917": [12.75412, -54.17935, -20.08041],
						"1.875": [-8.47589, -54.75226, 5.85812]
					},
					"position": {
						"0.0": [0, -0.0684, 0],
						"0.1667": [0, -0.0684, 0],
						"0.2917": [0, 2.43, 3.43],
						"0.4583": [0, -0.07, 8],
						"1.25": [0, -0.07, 8]
					}
				},
				"leg_left": {
					"rotation": {
						"0.0": [5, 0, 0],
						"0.2917": [22.5, 0, 0],
						"0.4583": [5, 0, 0],
						"1.6667": [5, 0, 0],
						"1.875": [22.5, 0, 0],
						"2.0": [15, 0, 0]
					},
					"position": [0, 0, 0]
				},
				"thigh_right": {
					"rotation": {
						"0.0": [-5, 12.5, 0],
						"0.5833": [-5, 12.5, 0],
						"0.875": [-5.78486, 32.41372, -2.02356],
						"1.1667": [-5.78, 32.41, -2.02],
						"1.2917": [3.10114, 32.36491, 2.7435],
						"1.375": [-5.78486, 32.41372, -2.02356],
						"1.5417": [3.86749, 62.58683, 7.96921],
						"1.7917": [12.75412, 54.17935, 20.08041],
						"1.875": [-8.47589, 54.75226, -5.85812]
					},
					"position": {
						"0.0": [0, -0.0684, 0],
						"0.5833": [0, -0.0684, 0],
						"0.75": [0, 2.18, 4.57],
						"0.875": [0, -0.07, 8],
						"1.25": [0, -0.07, 8]
					}
				},
				"leg_right": {
					"rotation": {
						"0.0": [5, 0, 0],
						"0.5833": [5, 0, 0],
						"0.7083": [25, 0, 0],
						"0.875": [5, 0, 0]
					},
					"position": [0, 0, 0]
				},
				"foot_right": {
					"rotation": {
						"0.0": [2.5, 0, 0],
						"0.5833": [2.5, 0, 0],
						"0.7917": [12.5, 0, 0],
						"0.9167": [2.5, 0, 0],
						"1.375": [2.5, 0, 0],
						"1.5": [-9.54589, -2.99318, -17.25002],
						"2.0417": [10.44565, 1.924, -16.34339]
					},
					"position": [0, 0.0684, 0]
				},
				"foot_right2": {
					"rotation": {
						"0.0": [-2.5, 0, 0],
						"1.5": [-2.5, 0, 0],
						"2.0417": [-17.5, 0, 0]
					}
				},
				"torso": {
					"rotation": {
						"0.0": {
							"post": [11, 0, 0.2],
							"lerp_mode": "catmullrom"
						},
						"1.1667": {
							"post": [3.68054, -6.87481, -2.80506],
							"lerp_mode": "catmullrom"
						},
						"1.6667": {
							"post": [-16.5, 0, 0.2],
							"lerp_mode": "catmullrom"
						},
						"1.7917": [-14.69187, 0.25462, 0.3113],
						"1.9167": [16, 0, 0.2],
						"1.9583": [14, 0, 0.2],
						"2.0": [15, 0, 0.2],
						"2.0833": [14, 0, 0.2],
						"2.25": [15, 0, 0.2]
					},
					"position": {
						"0.0": [0, -0.13681, 0],
						"1.25": [0, -0.14, 6.25],
						"1.875": [0, 0.86, 5.5]
					}
				},
				"tail": {
					"rotation": {
						"0.0": {
							"post": [-27.5, 2.05212, -2.81908],
							"lerp_mode": "catmullrom"
						},
						"0.7083": {
							"post": [-28.63228, -15.63642, 6.61987],
							"lerp_mode": "catmullrom"
						},
						"1.75": {
							"post": [-42.82806, 8.69683, -6.31465],
							"lerp_mode": "catmullrom"
						},
						"2.0": {
							"post": [-15.06248, 1.77607, -3.41056],
							"lerp_mode": "catmullrom"
						},
						"3.0": {
							"post": [-67.56248, 1.77607, -3.41056],
							"lerp_mode": "catmullrom"
						}
					},
					"position": {
						"0.0": [0, 0, 0],
						"2.0": [0, 0, 0],
						"3.0": [0, -4, -4.25]
					}
				},
				"tail2": {
					"rotation": {
						"0.0": {
							"post": [5, 3.93923, 0],
							"lerp_mode": "catmullrom"
						},
						"1.0833": {
							"post": [5.04387, -8.51316, -1.09293],
							"lerp_mode": "catmullrom"
						},
						"1.4583": {
							"post": [19.43065, -5.84008, -0.85744],
							"lerp_mode": "catmullrom"
						},
						"1.875": {
							"post": [4.98898, -1.04181, -0.4353],
							"lerp_mode": "catmullrom"
						},
						"2.125": {
							"post": [14.98898, -1.04181, -0.4353],
							"lerp_mode": "catmullrom"
						},
						"2.625": {
							"post": [-7.51102, -1.04181, -0.4353],
							"lerp_mode": "catmullrom"
						},
						"3.0": {
							"post": [-7.51102, -1.04181, -0.4353],
							"lerp_mode": "catmullrom"
						}
					}
				},
				"tail3": {
					"rotation": {
						"0.0": {
							"post": [2.5, 6.06218, 0],
							"lerp_mode": "catmullrom"
						},
						"1.2083": {
							"post": [2.62799, -18.91359, -1.11656],
							"lerp_mode": "catmullrom"
						},
						"1.75": {
							"post": [2.50174, -6.42601, -0.54436],
							"lerp_mode": "catmullrom"
						},
						"2.25": {
							"post": [12.50174, -6.42601, -0.54436],
							"lerp_mode": "catmullrom"
						},
						"3.0": {
							"post": [-9.99826, -6.42601, -0.54436],
							"lerp_mode": "catmullrom"
						}
					}
				},
				"tail4": {
					"rotation": [5, 0, 0]
				},
				"torso2": {
					"rotation": {
						"0.0": [-4.13397, 0, 0],
						"0.8333": {
							"pre": [5.87, 0, 0],
							"post": [5.87, 0, 0],
							"lerp_mode": "catmullrom"
						},
						"1.375": {
							"post": [-10.97, 0, 0],
							"lerp_mode": "catmullrom"
						},
						"1.625": [-4.13, 0, 0]
					}
				},
				"torso3": {
					"rotation": {
						"0.0": {
							"post": [0.5, 0, 0],
							"lerp_mode": "catmullrom"
						},
						"1.125": {
							"post": [5.5, 0, 0],
							"lerp_mode": "catmullrom"
						},
						"1.7917": {
							"post": [-25.75, 0, 0],
							"lerp_mode": "catmullrom"
						},
						"1.9167": {
							"post": [-14.5, 0, 0],
							"lerp_mode": "catmullrom"
						},
						"3.0": {
							"post": [-14.5, 0, 0],
							"lerp_mode": "catmullrom"
						}
					}
				},
				"neck": {
					"rotation": {
						"0.0": {
							"post": [-1.36808, 0, 0],
							"lerp_mode": "catmullrom"
						},
						"0.9583": {
							"post": [8.63, 0, 0],
							"lerp_mode": "catmullrom"
						},
						"1.875": [-37.91, 0, 0],
						"2.0": [-33.87, 0, 0],
						"3.0": [-33.87, 0, 0]
					}
				},
				"head": {
					"rotation": {
						"0.0": {
							"post": [-0.68404, 0, 0],
							"lerp_mode": "catmullrom"
						},
						"1.3333": {
							"post": [21.82, 0, 0],
							"lerp_mode": "catmullrom"
						},
						"1.7917": {
							"post": [-30.68, 0, 0],
							"lerp_mode": "catmullrom"
						},
						"1.9167": [-38.18, 0, 0],
						"3.0": [-38.18, 0, 0]
					}
				},
				"jaw": {
					"rotation": {
						"0.0": [3.71442, 0, 0],
						"0.875": {
							"pre": [24.23494, -1.57072, 0.58012],
							"post": [24.23494, -1.57072, 0.58012],
							"lerp_mode": "catmullrom"
						},
						"1.1667": {
							"post": [11.21, 0, 0],
							"lerp_mode": "catmullrom"
						},
						"1.6667": {
							"post": [41.21, 0, 0],
							"lerp_mode": "catmullrom"
						},
						"1.8333": [41.21, 0, 0],
						"1.9167": [1.21, 0, 0]
					}
				},
				"arm_right": {
					"rotation": {
						"0.0": [33.5, 1, -22],
						"1.4583": [38.56548, 45.56414, -9.17151],
						"1.75": [39.55966, 35.10012, -17.878],
						"1.9583": [40.94866, 9.3118, -32.3717]
					}
				},
				"arm_right2": {
					"rotation": {
						"0.0": {
							"post": [4.78979, -64.36502, -5.40164],
							"lerp_mode": "catmullrom"
						},
						"0.9167": {
							"post": [5.78561, -62.50066, -6.45075],
							"lerp_mode": "catmullrom"
						},
						"1.7083": {
							"post": [2.13778, -14.43348, -1.61451],
							"lerp_mode": "catmullrom"
						},
						"1.9167": {
							"post": [4.27629, -14.32563, -3.22721],
							"lerp_mode": "catmullrom"
						},
						"2.0833": [4.17289, -6.84595, -2.66555],
						"2.2083": [4.19884, -9.33928, -2.84985]
					}
				},
				"hand_right": {
					"rotation": {
						"0.0": [0, -12.5, 0],
						"1.1667": [0, -12.5, 0],
						"1.7083": [72.92688, -0.56036, -3.73189],
						"1.9167": [69.12657, 20.42081, -12.08309],
						"1.9583": [70, -12.5, 0],
						"2.0417": [70.30406, -7.79666, -1.72413],
						"2.125": [70, -12.5, 0]
					}
				},
				"finger_right_thumb": {
					"rotation": [72.85765, -9.50237, -42.09708],
					"position": [0, -1.25, 0.5]
				},
				"finger_right_thumb2": {
					"rotation": {
						"0.0": [0, 23.85673, 0],
						"1.0417": [0, 23.85673, 0],
						"1.4167": [0, 58.86, 0],
						"2.0417": [0, 41.36, 0]
					}
				},
				"finger_right_index": {
					"rotation": [-1.08482, -4.88119, 5.04624]
				},
				"finger_right_index2": {
					"rotation": {
						"0.0": [0, 0, -46.35673],
						"1.0417": [0, 0, -46.35673],
						"1.4167": [0, 0, -86.36],
						"2.0417": [0, 0, -31.36]
					}
				},
				"finger_right_middle": {
					"rotation": [0, -2.5, 1.21442]
				},
				"finger_right_middle2": {
					"rotation": {
						"0.0": [0, 0, -38.85673],
						"1.0417": [0, 0, -38.85673],
						"1.4167": [0, 0, -83.86],
						"2.0417": [0, 0, -33.86]
					}
				},
				"finger_right_ring2": {
					"rotation": {
						"0.0": [0, 0, -50.1423],
						"1.0417": [0, 0, -50.1423],
						"1.4167": [0, 0, -90.14],
						"2.0417": [0, 0, -72.64]
					}
				},
				"finger_right_pinky": {
					"rotation": [0, 7.5, -17.5]
				},
				"finger_right_pinky2": {
					"rotation": {
						"0.0": [0, 0, -51.35673],
						"1.0417": [0, 0, -51.35673],
						"1.4167": [0, 0, -88.86]
					}
				},
				"arm_left": {
					"rotation": {
						"0.0": [31.5, -0.68404, 22.94788],
						"1.4583": [45.09689, -42.33895, 1.42407],
						"1.75": [36.89716, -32.29746, 16.05617],
						"1.9583": [45.94866, -9.3118, 32.3717],
						"2.0417": [46.34389, -11.39052, 30.17269],
						"2.125": [45.94866, -9.3118, 32.3717]
					}
				},
				"arm_left2": {
					"rotation": {
						"0.0": {
							"post": [9.50457, 64.05372, 10.72879],
							"lerp_mode": "catmullrom"
						},
						"0.75": {
							"post": [11.85242, 62.24905, 13.16177],
							"lerp_mode": "catmullrom"
						},
						"1.7083": {
							"post": [4.19884, 9.33928, 2.84985],
							"lerp_mode": "catmullrom"
						},
						"1.9167": {
							"post": [4.27629, 14.32563, 3.22721],
							"lerp_mode": "catmullrom"
						},
						"2.0833": [4.17289, 6.84595, 2.66555],
						"2.2083": [4.19884, 9.33928, 2.84985]
					}
				},
				"hand_left": {
					"rotation": {
						"0.0": [0, 12.5, 0],
						"1.1667": [0, 12.5, 0],
						"1.7083": [70, 12.5, 0],
						"1.9167": [69.12657, -20.42081, 12.08309],
						"1.9583": [70, 12.5, 0],
						"2.0417": [70.30406, 7.79666, 1.72413],
						"2.125": [70, 12.5, 0]
					}
				},
				"finger_left_thumb": {
					"rotation": [72.85765, 9.50237, 42.09708],
					"position": [0, -1, 0.5]
				},
				"finger_left_thumb2": {
					"rotation": {
						"0.0": [0, -23.85673, 0],
						"1.0417": [0, -23.85673, 0],
						"1.4167": [0, -58.86, 0],
						"2.0417": [0, -41.36, 0]
					}
				},
				"finger_left_index": {
					"rotation": [0, 7.5, 5]
				},
				"finger_left_index2": {
					"rotation": {
						"0.0": [0, 0, 46.35673],
						"1.0417": [0, 0, 46.35673],
						"1.4167": [0, 0, 86.36],
						"2.0417": [0, 0, 31.36]
					}
				},
				"finger_left_middle": {
					"rotation": [0, 2.5, 11.28558]
				},
				"finger_left_middle2": {
					"rotation": {
						"0.0": [0, 0, 38.85673],
						"1.0417": [0, 0, 38.85673],
						"1.4167": [0, 0, 83.86],
						"2.0417": [0, 0, 33.86]
					}
				},
				"finger_left_ring": {
					"rotation": [0, 0, 10]
				},
				"finger_left_ring2": {
					"rotation": {
						"0.0": [0, 0, 50.1423],
						"1.0417": [0, 0, 50.1423],
						"1.4167": [0, 0, 90.14],
						"2.0417": [0, 0, 72.64]
					}
				},
				"finger_left_pinky": {
					"rotation": [0, -7.5, 17.5]
				},
				"finger_left_pinky2": {
					"rotation": {
						"0.0": [0, 0, 51.35673],
						"1.0417": [0, 0, 51.35673],
						"1.4167": [0, 0, 88.86]
					}
				},
				"body": {
					"rotation": {
						"0.0": [0, 0, 0],
						"1.1667": {
							"pre": [0, 0, 0],
							"post": [0, 0, 0],
							"lerp_mode": "catmullrom"
						},
						"1.375": {
							"post": [0, 0, 0],
							"lerp_mode": "catmullrom"
						},
						"1.7917": [72.5, 0, 0]
					},
					"position": {
						"0.0": [0, 0, 0],
						"0.4583": [0, -0.2, 0],
						"0.5": [0, -0.4, 0],
						"0.5417": [0, 0.15, 0],
						"0.625": [0, -0.55, 0],
						"0.75": [0, -0.2, 0],
						"0.875": [0, -0.2, 0],
						"0.9167": [0, -0.4, 0],
						"0.9583": [0, 0.15, 0],
						"1.0417": {
							"pre": [0, -0.55, 0],
							"post": [0, -0.55, 0],
							"lerp_mode": "catmullrom"
						},
						"1.1667": {
							"post": [0, -0.2, 0],
							"lerp_mode": "catmullrom"
						},
						"1.375": {
							"post": [0, 0, 0],
							"lerp_mode": "catmullrom"
						},
						"1.7917": [0, -17, -9.75],
						"1.9583": [0, -17, -9.75],
						"2.0417": [0, -18, -9.75],
						"2.0833": [0, -17.25, -9.75],
						"2.1667": [0, -17.75, -9.75],
						"2.3333": [0, -17.25, -9.75],
						"2.5": [0, -17.5, -9.75]
					}
				},
				"eyelid_left": {
					"position": {
						"0.5": [0, 0, 0],
						"0.5417": [0.1, 0.1, 0],
						"0.75": [0.1, 0.1, 0],
						"0.7917": [0, 0, 0],
						"1.375": [0, 0, 0],
						"1.4167": [0.1, 0.1, 0]
					}
				},
				"eyelid_right": {
					"position": {
						"0.5": [0, 0, 0],
						"0.5417": [-0.1, 0.1, 0],
						"0.75": [-0.1, 0.1, 0],
						"0.7917": [0, 0, 0],
						"1.375": [0, 0, 0],
						"1.4167": [-0.1, 0.1, 0]
					}
				},
				"spikes_head": {
					"rotation": {
						"0.0": {
							"post": [0, 0, 0],
							"lerp_mode": "catmullrom"
						},
						"1.1667": {
							"post": [0, 0, 0],
							"lerp_mode": "catmullrom"
						},
						"1.5833": {
							"post": [10, 0, 0],
							"lerp_mode": "catmullrom"
						},
						"1.8333": {
							"post": [-15, 0, 0],
							"lerp_mode": "catmullrom"
						},
						"2.0": {
							"post": [10, 0, 0],
							"lerp_mode": "catmullrom"
						},
						"2.2083": {
							"post": [0, 0, 0],
							"lerp_mode": "catmullrom"
						},
						"2.5833": {
							"post": [1.84, 0, 0],
							"lerp_mode": "catmullrom"
						},
						"3.0": {
							"post": [0, 0, 0],
							"lerp_mode": "catmullrom"
						}
					}
				},
				"spikes_back": {
					"rotation": {
						"0.0": {
							"post": [0, 0, 0],
							"lerp_mode": "catmullrom"
						},
						"1.125": {
							"post": [0, 0, 0],
							"lerp_mode": "catmullrom"
						},
						"1.5417": {
							"post": [5, 0, 0],
							"lerp_mode": "catmullrom"
						},
						"1.9167": {
							"post": [-2.5, 0, 0],
							"lerp_mode": "catmullrom"
						},
						"2.0833": {
							"post": [0, 0, 0],
							"lerp_mode": "catmullrom"
						},
						"2.2917": {
							"post": [-2.5, 0, 0],
							"lerp_mode": "catmullrom"
						},
						"2.75": {
							"post": [0, 0, 0],
							"lerp_mode": "catmullrom"
						}
					}
				}
			}
		},
		"animation.feraligatr_mega.ground_walk": {
			"loop": true,
			"animation_length": 4,
			"bones": {
				"foot_left": {
					"rotation": {
						"0.0": [2.5, 0, 0],
						"1.0": [2.5, 0, 0],
						"2.0": [2.5, 0, 0],
						"4.0": [2.5, 0, 0]
					},
					"position": {
						"0.0": [0, 0, 0],
						"1.0": [0, 0, 0],
						"2.0": [0, 0, 0],
						"4.0": [0, 0, 0]
					}
				},
				"foot_left2": {
					"rotation": {
						"0.0": [-2.5, 0, 0],
						"0.5": [-2.5, 0, 0],
						"1.0": [-16.71, 0, 0],
						"1.2917": [-25, 0, 0],
						"1.5": [-2.5, 0, 0],
						"2.0": [-2.5, 0, 0],
						"2.5": [-2.5, 0, 0],
						"3.2917": [-25, 0, 0],
						"3.5": [-2.5, 0, 0],
						"4.0": [-2.5, 0, 0]
					}
				},
				"thigh_left": {
					"rotation": {
						"0.0": {
							"post": [-4.43336, -22.54185, -1.17031],
							"lerp_mode": "catmullrom"
						},
						"0.5": {
							"post": [-4.43, -22.54, -1.17],
							"lerp_mode": "catmullrom"
						},
						"1.0": {
							"post": [6.96, -20.98, -12.62],
							"lerp_mode": "catmullrom"
						},
						"1.25": {
							"post": [10.21974, -20.53046, -15.88702],
							"lerp_mode": "catmullrom"
						},
						"1.5": {
							"post": [-4.43, -22.54, -1.17],
							"lerp_mode": "catmullrom"
						},
						"2.0": {
							"post": [-4.43336, -22.54185, -1.17031],
							"lerp_mode": "catmullrom"
						},
						"2.5": {
							"post": [-4.43, -22.54, -1.17],
							"lerp_mode": "catmullrom"
						},
						"3.25": {
							"post": [10.21974, -20.53046, -15.88702],
							"lerp_mode": "catmullrom"
						},
						"3.5": {
							"post": [-4.43, -22.54, -1.17],
							"lerp_mode": "catmullrom"
						},
						"4.0": {
							"post": [-4.43336, -22.54185, -1.17031],
							"lerp_mode": "catmullrom"
						}
					},
					"position": {
						"0.0": [0, 0, 0],
						"0.5": [0, 0, 4],
						"1.0": [0, 1.64, -0.09],
						"1.4167": [0, 3, -3.5],
						"1.5": [0, 0, -4],
						"2.0": [0, 0, 0],
						"2.5": [0, 0, 4],
						"3.4167": [0, 3, -3.5],
						"3.5": [0, 0, -4],
						"4.0": [0, 0, 0]
					}
				},
				"leg_left": {
					"rotation": {
						"0.0": [5, 0, 0],
						"0.5": [5, 0, 0],
						"1.0": [17, 0, 0],
						"1.3333": [25, 0, 0],
						"1.5": [5, 0, 0],
						"2.0": [5, 0, 0],
						"2.5": [5, 0, 0],
						"3.3333": [25, 0, 0],
						"3.5": [5, 0, 0],
						"4.0": [5, 0, 0]
					},
					"position": {
						"0.0": [0, 0, 0],
						"1.0": [0, 0, 0],
						"2.0": [0, 0, 0],
						"4.0": [0, 0, 0]
					}
				},
				"thigh_right": {
					"rotation": {
						"0.0": {
							"post": [6.96, 20.98, 12.62],
							"lerp_mode": "catmullrom"
						},
						"0.25": {
							"post": [10.21974, 20.53046, 15.88702],
							"lerp_mode": "catmullrom"
						},
						"0.5": {
							"post": [-4.43, 22.54, 1.17],
							"lerp_mode": "catmullrom"
						},
						"1.0": {
							"post": [-4.43336, 22.54185, 1.17031],
							"lerp_mode": "catmullrom"
						},
						"1.5": {
							"post": [-4.43, 22.54, 1.17],
							"lerp_mode": "catmullrom"
						},
						"2.0": {
							"post": [6.96, 20.98, 12.62],
							"lerp_mode": "catmullrom"
						},
						"2.25": {
							"post": [10.21974, 20.53046, 15.88702],
							"lerp_mode": "catmullrom"
						},
						"2.5": {
							"post": [-4.43, 22.54, 1.17],
							"lerp_mode": "catmullrom"
						},
						"3.0": {
							"post": [-4.43336, 22.54185, 1.17031],
							"lerp_mode": "catmullrom"
						},
						"3.5": {
							"post": [-4.43, 22.54, 1.17],
							"lerp_mode": "catmullrom"
						},
						"4.0": {
							"post": [6.96, 20.98, 12.62],
							"lerp_mode": "catmullrom"
						}
					},
					"position": {
						"0.0": [0, 1.64, -0.09],
						"0.4167": [0, 3, -3.5],
						"0.5": [0, 0, -4],
						"1.0": [0, 0, 0],
						"1.5": [0, 0, 4],
						"2.0": [0, 1.64, -0.09],
						"2.4167": [0, 3, -3.5],
						"2.5": [0, 0, -4],
						"3.0": [0, 0, 0],
						"3.5": [0, 0, 4],
						"4.0": [0, 1.64, -0.09]
					}
				},
				"leg_right": {
					"rotation": {
						"0.0": [17, 0, 0],
						"0.3333": [25, 0, 0],
						"0.5": [5, 0, 0],
						"1.0": [5, 0, 0],
						"1.5": [5, 0, 0],
						"2.0": [17, 0, 0],
						"2.3333": [25, 0, 0],
						"2.5": [5, 0, 0],
						"3.0": [5, 0, 0],
						"3.5": [5, 0, 0],
						"4.0": [17, 0, 0]
					},
					"position": {
						"0.0": [0, 0, 0],
						"1.0": [0, 0, 0],
						"2.0": [0, 0, 0],
						"3.0": [0, 0, 0],
						"4.0": [0, 0, 0]
					}
				},
				"foot_right": {
					"rotation": {
						"0.0": [2.5, 0, 0],
						"1.0": [2.5, 0, 0],
						"2.0": [2.5, 0, 0],
						"3.0": [2.5, 0, 0],
						"4.0": [2.5, 0, 0]
					},
					"position": {
						"0.0": [0, 0, 0],
						"1.0": [0, 0, 0],
						"2.0": [0, 0, 0],
						"3.0": [0, 0, 0],
						"4.0": [0, 0, 0]
					}
				},
				"foot_right2": {
					"rotation": {
						"0.0": [-16.71, 0, 0],
						"0.2917": [-25, 0, 0],
						"0.5": [-2.5, 0, 0],
						"1.0": [-2.5, 0, 0],
						"1.5": [-2.5, 0, 0],
						"2.0": [-16.71, 0, 0],
						"2.2917": [-25, 0, 0],
						"2.5": [-2.5, 0, 0],
						"3.0": [-2.5, 0, 0],
						"3.5": [-2.5, 0, 0],
						"4.0": [-16.71, 0, 0]
					}
				},
				"torso": {
					"rotation": ["12.5+1*math.sin(q.anim_time*90*1)", "0-16*math.sin(q.anim_time*90*2)", "0+6*math.cos(q.anim_time*90*2)"],
					"position": [0, "0.4*math.sin(q.anim_time*90*4-20)", 0]
				},
				"tail": {
					"rotation": [-27.5, "-15*math.sin(q.anim_time*90*2-20)", "-3*math.cos(q.anim_time*90*2-20)"]
				},
				"tail2": {
					"rotation": [5, "-9*math.sin(q.anim_time*90*2-80)", 0]
				},
				"tail3": {
					"rotation": [2.5, "-14*math.sin(q.anim_time*90*2-120)", 0]
				},
				"tail4": {
					"rotation": [5, "-12*math.sin(q.anim_time*90*2-180)", 0]
				},
				"torso2": {
					"rotation": ["-5+1*math.sin(q.anim_time*90*4+120)", "6*math.sin(q.anim_time*90*2)", 0]
				},
				"torso3": {
					"rotation": ["1*math.sin(q.anim_time*90*4+150)", "5*math.sin(q.anim_time*90*2)", "-5*math.sin(q.anim_time*90*2)"]
				},
				"neck": {
					"rotation": ["-4*math.sin(q.anim_time*90*4+160)", 0, 0]
				},
				"head": {
					"rotation": ["-5-2*math.sin(q.anim_time*90*2+160)", 0, 0]
				},
				"jaw": {
					"rotation": ["5+2*math.sin(q.anim_time*90*1+220)", 0, 0]
				},
				"arm_right": {
					"rotation": ["32.0904-2*math.sin(q.anim_time*90*2+150)", "-4.8295-16*math.sin(q.anim_time*90*2+160)", "-7.4659-6*math.sin(q.anim_time*90*2+160)"],
					"position": [0, 0, "1*math.sin(q.anim_time*90*2)"]
				},
				"arm_right2": {
					"rotation": [9.50457, "-62.0841-2*math.sin(q.anim_time*90*2+260)", -10.72879]
				},
				"hand_right": {
					"rotation": [0, -12.5, 0]
				},
				"finger_right_thumb": {
					"rotation": [72.85765, "-13.3591-6*math.sin(q.anim_time*90*1+220)", -42.09708],
					"position": [0, -1.25, 0.5]
				},
				"finger_right_thumb2": {
					"rotation": [0, "32.5-6*math.sin(q.anim_time*90*1+220)", 0]
				},
				"finger_right_index": {
					"rotation": [-1.08482, -4.88119, 5.04624]
				},
				"finger_right_index2": {
					"rotation": [0, 0, "-25+6*math.sin(q.anim_time*90*1+220)"]
				},
				"finger_right_middle": {
					"rotation": [0, -2.5, "2.5+2*math.sin(q.anim_time*90*1+220)"]
				},
				"finger_right_middle2": {
					"rotation": [0, 0, "-27.5+6*math.sin(q.anim_time*90*1+220)"]
				},
				"finger_right_ring2": {
					"rotation": [0, 0, "-37.5+4*math.sin(q.anim_time*90*1+220)"]
				},
				"finger_right_pinky": {
					"rotation": [0, 7.5, -17.5]
				},
				"finger_right_pinky2": {
					"rotation": [0, 0, "-37.5+2*math.sin(q.anim_time*90*1+220)"]
				},
				"arm_left": {
					"rotation": {
						"0.0": ["32.0904-2*math.sin(q.anim_time*90*2+150)", "4.8295-16*math.sin(q.anim_time*90*2+160)", "7.4659-6*math.sin(q.anim_time*90*2+160)"],
						"0.5833": ["32.0904-2*math.sin(q.anim_time*90*2+150)", "4.8295-16*math.sin(q.anim_time*90*2+160)", "7.4659-6*math.sin(q.anim_time*90*2+160)"],
						"0.625": ["32.3059-2*math.sin(q.anim_time*90*2+150)", "5.1233-16*math.sin(q.anim_time*90*2+160)", "10.0084-6*math.sin(q.anim_time*90*2+160)"],
						"0.7083": ["32.1448-2*math.sin(q.anim_time*90*2+150)", "4.8046-16*math.sin(q.anim_time*90*2+160)", "7.4899-6*math.sin(q.anim_time*90*2+160)"],
						"0.8333": ["32.2058-2*math.sin(q.anim_time*90*2+150)", "5.1194-16*math.sin(q.anim_time*90*2+160)", "9.9803-6*math.sin(q.anim_time*90*2+160)"],
						"1.5833": ["32.0904-2*math.sin(q.anim_time*90*2+150)", "4.8295-16*math.sin(q.anim_time*90*2+160)", "7.4659-6*math.sin(q.anim_time*90*2+160)"],
						"1.625": ["32.3059-2*math.sin(q.anim_time*90*2+150)", "5.1233-16*math.sin(q.anim_time*90*2+160)", "10.0084-6*math.sin(q.anim_time*90*2+160)"],
						"1.7083": ["32.1448-2*math.sin(q.anim_time*90*2+150)", "4.8046-16*math.sin(q.anim_time*90*2+160)", "7.4899-6*math.sin(q.anim_time*90*2+160)"],
						"1.8333": ["32.2058-2*math.sin(q.anim_time*90*2+150)", "5.1194-16*math.sin(q.anim_time*90*2+160)", "9.9803-6*math.sin(q.anim_time*90*2+160)"],
						"2.5833": ["32.0904-2*math.sin(q.anim_time*90*2+150)", "4.8295-16*math.sin(q.anim_time*90*2+160)", "7.4659-6*math.sin(q.anim_time*90*2+160)"],
						"2.625": ["32.3059-2*math.sin(q.anim_time*90*2+150)", "5.1233-16*math.sin(q.anim_time*90*2+160)", "10.0084-6*math.sin(q.anim_time*90*2+160)"],
						"2.7083": ["32.1448-2*math.sin(q.anim_time*90*2+150)", "4.8046-16*math.sin(q.anim_time*90*2+160)", "7.4899-6*math.sin(q.anim_time*90*2+160)"],
						"2.8333": ["32.2058-2*math.sin(q.anim_time*90*2+150)", "5.1194-16*math.sin(q.anim_time*90*2+160)", "9.9803-6*math.sin(q.anim_time*90*2+160)"],
						"3.5833": ["32.0904-2*math.sin(q.anim_time*90*2+150)", "4.8295-16*math.sin(q.anim_time*90*2+160)", "7.4659-6*math.sin(q.anim_time*90*2+160)"],
						"3.625": ["32.3059-2*math.sin(q.anim_time*90*2+150)", "5.1233-16*math.sin(q.anim_time*90*2+160)", "10.0084-6*math.sin(q.anim_time*90*2+160)"],
						"3.7083": ["32.1448-2*math.sin(q.anim_time*90*2+150)", "4.8046-16*math.sin(q.anim_time*90*2+160)", "7.4899-6*math.sin(q.anim_time*90*2+160)"],
						"3.8333": ["32.2058-2*math.sin(q.anim_time*90*2+150)", "5.1194-16*math.sin(q.anim_time*90*2+160)", "9.9803-6*math.sin(q.anim_time*90*2+160)"],
						"4.0": ["32.0904-2*math.sin(q.anim_time*90*2+150)", "4.8295-16*math.sin(q.anim_time*90*2+160)", "7.4659-6*math.sin(q.anim_time*90*2+160)"]
					},
					"position": [0, 0, "-1*math.sin(q.anim_time*90*2)"]
				},
				"arm_left2": {
					"rotation": [9.50457, "62.0841-2*math.sin(q.anim_time*90*2+260)", 10.72879]
				},
				"hand_left": {
					"rotation": [0, 12.5, 0]
				},
				"finger_left_thumb": {
					"rotation": [72.85765, "13.3591+6*math.sin(q.anim_time*90*1+220)", 42.09708],
					"position": [0, -1, 0.5]
				},
				"finger_left_thumb2": {
					"rotation": [0, "-20+6*math.sin(q.anim_time*90*1+220)", 0]
				},
				"finger_left_index": {
					"rotation": [0, 7.5, 5]
				},
				"finger_left_index2": {
					"rotation": [0, 0, "42.5-6*math.sin(q.anim_time*90*1+220)"]
				},
				"finger_left_middle": {
					"rotation": [0, 2.5, "10-2*math.sin(q.anim_time*90*1+220)"]
				},
				"finger_left_middle2": {
					"rotation": [0, 0, "35-6*math.sin(q.anim_time*90*1+220)"]
				},
				"finger_left_ring": {
					"rotation": [0, 0, 10]
				},
				"finger_left_ring2": {
					"rotation": [0, 0, "45-8*math.sin(q.anim_time*90*1+220)"]
				},
				"finger_left_pinky": {
					"rotation": [0, -7.5, 17.5]
				},
				"finger_left_pinky2": {
					"rotation": [0, 0, "47.5-6*math.sin(q.anim_time*90*1+220)"]
				},
				"body": {
					"position": {
						"0.0": [0, -0.2, 0],
						"0.5": [0, -0.2, 0],
						"0.5417": [0, -0.4, 0],
						"0.5833": [0, 0.15, 0],
						"0.6667": [0, -0.55, 0],
						"1.0": [0, -0.2, 0],
						"1.5": [0, -0.2, 0],
						"1.5417": [0, -0.4, 0],
						"1.5833": [0, 0.15, 0],
						"1.6667": [0, -0.55, 0],
						"2.0": [0, -0.2, 0],
						"2.5": [0, -0.2, 0],
						"2.5417": [0, -0.4, 0],
						"2.5833": [0, 0.15, 0],
						"2.6667": [0, -0.55, 0],
						"3.0": [0, -0.2, 0],
						"3.5": [0, -0.2, 0],
						"3.5417": [0, -0.4, 0],
						"3.5833": [0, 0.15, 0],
						"3.6667": [0, -0.55, 0],
						"4.0": [0, -0.2, 0]
					}
				},
				"head2": {
					"rotation": [39.72933, -2.34316, 3.3625]
				}
			}
		}
	}
}