{
	"format_version": "1.8.0",
	"animations": {
		"animation.shinx.new": {
			"loop": true,
			"bones": {
				"waist": {
					"rotation": [-32.5, 0, 0]
				},
				"tail_1": {
					"rotation": [-9.00717, 20.70481, 65.85133]
				},
				"tail_2": {
					"rotation": [67.5, 0, 0]
				},
				"tail_3": {
					"rotation": [45, 45, 0]
				},
				"head": {
					"rotation": [-4.11405, -22.13991, 10.80524]
				},
				"eye_left": {
					"position": [0, 0, 1]
				},
				"eyelid_right2": {
					"position": [0, 0, -3]
				},
				"ear_left": {
					"rotation": [0, 0, 12.5]
				},
				"ear_right": {
					"rotation": [0, 0, -12.5]
				},
				"fluff": {
					"rotation": [0, 0, 20]
				},
				"open_mouth": {
					"position": [0, 0, -2]
				},
				"closed_mouth": {
					"position": [0, 0, 1]
				},
				"back_leg_right": {
					"rotation": [-40.08019, 31.37238, 1.3824],
					"position": [0, -1.5, -1]
				},
				"knee_right": {
					"rotation": [45, 0, 0]
				},
				"front_foot_right": {
					"rotation": [0, -5, 0]
				},
				"back_leg_left": {
					"rotation": [-40.08019, -31.37238, -1.3824],
					"position": [0, -1.5, -1]
				},
				"knee_left": {
					"rotation": [45, 0, 0]
				},
				"front_foot_left": {
					"rotation": [0, 5, 0]
				}
			}
		},
		"animation.shinx.ground_idle": {
			"loop": true,
			"animation_length": 4,
			"bones": {
				"tail_1": {
					"rotation": ["10+math.sin(q.anim_time*360-90)*5", "0+math.sin(q.anim_time*180)*30", 0]
				},
				"tail_2": {
					"rotation": [
						"0-math.sin(q.anim_time*360-90)*10+math.sin(q.anim_time*360-90-30)*10",
						"0-math.sin(q.anim_time*180)*30+math.sin(q.anim_time*180-60)*50",
						0
					]
				},
				"tail_3": {
					"rotation": [
						"0-math.sin(q.anim_time*360-90-30)*10+math.sin(q.anim_time*360-90-60)*20",
						"0-math.sin(q.anim_time*180-60)*50+math.sin(q.anim_time*180-120)*50",
						0
					]
				},
				"body": {
					"position": [0, "0+math.sin(q.anim_time*360)*0.2", 0]
				},
				"neck": {
					"rotation": ["0+math.sin(q.anim_time*360+90)*2", 0, "0+math.sin(q.anim_time*180)*2"],
					"position": [0, 0, 0.25]
				},
				"lobe_left": {
					"rotation": ["5.1007+math.sin(q.anim_time*360)*5", 57.40301, "8.4259-math.sin(q.anim_time*180-30)*3"]
				},
				"lobe_left_2": {
					"rotation": ["0-math.sin(q.anim_time*360)*5+math.sin(q.anim_time*360-30)*5", 0, 0]
				},
				"lobe_left_3": {
					"rotation": ["0-math.sin(q.anim_time*360-30)*5+math.sin(q.anim_time*360-60)*10", 0, 0]
				},
				"lobe_left_4": {
					"rotation": ["0-math.sin(q.anim_time*360-30)*10+math.sin(q.anim_time*360-60)*10", 0, 0]
				},
				"lobe_right": {
					"rotation": ["5.1007+math.sin(q.anim_time*360)*5", -57.40301, "-8.4259-math.sin(q.anim_time*180-30)*3"]
				},
				"lobe_right_2": {
					"rotation": ["0-math.sin(q.anim_time*360)*5+math.sin(q.anim_time*360-30)*5", 0, 0]
				},
				"lobe_right_3": {
					"rotation": ["0-math.sin(q.anim_time*360-30)*5+math.sin(q.anim_time*360-60)*10", 0, 0]
				},
				"lobe_right_4": {
					"rotation": ["0-math.sin(q.anim_time*360-30)*10+math.sin(q.anim_time*360-60)*10", 0, 0]
				},
				"back_leg_right": {
					"rotation": [0, 0, 10],
					"position": [-0.25, "0-math.sin(q.anim_time*360)*0.2", 0]
				},
				"back_foot_right": {
					"rotation": [0, 0, -7.5]
				},
				"leg_right": {
					"rotation": [0, 0, 7.5],
					"position": [-0.25, 0, 0]
				},
				"elbow_right": {
					"position": [0, "0-math.sin(q.anim_time*360)*0.2", 0]
				},
				"front_foot_right": {
					"rotation": [0, 0, -7.5]
				},
				"back_leg_left": {
					"rotation": [0, 0, -7.5],
					"position": [0.25, "0-math.sin(q.anim_time*360)*0.2", 0]
				},
				"back_foot_left": {
					"rotation": [0, 0, 7.5]
				},
				"leg_left": {
					"rotation": [0, 0, -7.5],
					"position": [0.25, "0-math.sin(q.anim_time*360)*0.2", 0]
				},
				"front_foot_left": {
					"rotation": [0, 0, 7.5]
				}
			}
		},
		"animation.shinx.ground_walk": {
			"loop": true,
			"animation_length": 1,
			"bones": {
				"tail_1": {
					"rotation": ["10+math.sin(q.anim_time*720-90)*5", "0+math.sin(q.anim_time*360)*30", 0]
				},
				"tail_2": {
					"rotation": [
						"0-math.sin(q.anim_time*720-90)*10+math.sin(q.anim_time*720-90-30)*10",
						"0-math.sin(q.anim_time*360)*30+math.sin(q.anim_time*360-60)*50",
						0
					]
				},
				"tail_3": {
					"rotation": [
						"0-math.sin(q.anim_time*720-90-30)*10+math.sin(q.anim_time*720-90-60)*20",
						"0-math.sin(q.anim_time*360-60)*50+math.sin(q.anim_time*360-120)*50",
						0
					]
				},
				"neck": {
					"rotation": ["2.5+math.sin(q.anim_time*720-30)*3", 0, "0-math.sin(q.anim_time*360-30)*5"]
				},
				"lobe_left": {
					"rotation": ["-7.3993+math.sin(q.anim_time*720)*5", 57.403, "math.sin(q.anim_time*360+180+90)*5"]
				},
				"lobe_left_2": {
					"rotation": ["0-math.sin(q.anim_time*720)*5+math.sin(q.anim_time*720-30)*10", 0, 0]
				},
				"lobe_left_3": {
					"rotation": ["0-math.sin(q.anim_time*720-30)*10+math.sin(q.anim_time*720-60)*20", 0, 0]
				},
				"lobe_left_4": {
					"rotation": ["0-math.sin(q.anim_time*720-60)*20+math.sin(q.anim_time*720-90)*20", 0, 0]
				},
				"lobe_right": {
					"rotation": ["-7.3993+math.sin(q.anim_time*720)*5", -57.403, "0+math.sin(q.anim_time*360+180+90)*5"]
				},
				"lobe_right_2": {
					"rotation": ["0-math.sin(q.anim_time*720)*5+math.sin(q.anim_time*720-30)*10", 0, 0]
				},
				"lobe_right_3": {
					"rotation": ["0-math.sin(q.anim_time*720-30)*10+math.sin(q.anim_time*720-60)*20", 0, 0]
				},
				"lobe_right_4": {
					"rotation": ["0-math.sin(q.anim_time*720-60)*20+math.sin(q.anim_time*720-90)*20", 0, 0]
				},
				"back_leg_right": {
					"rotation": {
						"0.0": [-25, 0, 0],
						"0.25": [0, 0, 0],
						"0.5": [25, 0, 0],
						"0.75": [0, 0, 0],
						"1.0": [-25, 0, 0]
					},
					"position": {
						"0.0": [0, 0, -0.5],
						"0.25": [0, 0, 0],
						"0.5": [0, -0.35, 0.5],
						"0.75": [0, 1, -0.5],
						"0.875": [0, 1, -0.5],
						"1.0": [0, 0, -0.5]
					}
				},
				"knee_right": {
					"rotation": {
						"0.0": [0, 0, 0],
						"0.25": [0, 0, 0],
						"0.5": [0, 0, 0],
						"0.75": [27.5, 0, 0],
						"1.0": [0, 0, 0]
					},
					"position": {
						"0.0": [0, 0, 0],
						"0.25": [0, 0, 0],
						"0.5": [0, 0, 0],
						"0.75": [0, 0, 0],
						"1.0": [0, 0, 0]
					}
				},
				"back_foot_right": {
					"rotation": {
						"0.0": [1.25, 0, 0],
						"0.0833": [15.83, 0, 0],
						"0.25": [0, 0, 0],
						"0.5": [-25, 0, 0],
						"0.75": [40, 0, 0],
						"1.0": [1.25, 0, 0]
					},
					"position": {
						"0.0": [0, 0, 0],
						"0.25": [0, 0, 0],
						"0.5": [0, 0, 0],
						"0.75": [0, 0, 0],
						"1.0": [0, 0, 0]
					}
				},
				"leg_right": {
					"rotation": {
						"0.0": [0, 0, 0],
						"0.25": [-25, 0, 0],
						"0.5": [0, 0, 0],
						"0.75": [25, 0, 0],
						"1.0": [0, 0, 0]
					},
					"position": {
						"0.0": [0, 1, 0],
						"0.25": [0, -0.15, -0.5],
						"0.5": [0, 0, 0],
						"0.75": [0, -0.6, 0.25],
						"1.0": [0, 1, 0]
					}
				},
				"elbow_right": {
					"rotation": {
						"0.0": [-25, 0, 0],
						"0.25": [0, 0, 0],
						"0.5": [0, 0, 0],
						"0.75": [-15, 0, 0],
						"1.0": [-25, 0, 0]
					},
					"position": {
						"0.0": [0, 0, 0],
						"0.25": [0, 0, 0],
						"0.5": [0, 0, 0],
						"0.75": [0, 0, 0],
						"1.0": [0, 0, 0]
					}
				},
				"front_foot_right": {
					"rotation": {
						"0.0": [18.75, 0, 0],
						"0.0833": [0, 0, 0],
						"0.25": [25, 0, 0],
						"0.5": [0, 0, 0],
						"0.75": [-10, 0, 0],
						"0.9167": [37.5, 0, 0],
						"1.0": [18.75, 0, 0]
					}
				},
				"back_leg_left": {
					"rotation": {
						"0.0": [25, 0, 0],
						"0.25": [0, 0, 0],
						"0.5": [-25, 0, 0],
						"0.75": [0, 0, 0],
						"1.0": [25, 0, 0]
					},
					"position": {
						"0.0": [0, -0.35, 0.5],
						"0.25": [0, 1, -0.5],
						"0.375": [0, 1, -0.5],
						"0.5": [0, 0, -0.5],
						"0.75": [0, 0, 0],
						"1.0": [0, -0.35, 0.5]
					}
				},
				"knee_left": {
					"rotation": {
						"0.0": [0, 0, 0],
						"0.25": [27.5, 0, 0],
						"0.5": [0, 0, 0],
						"0.75": [0, 0, 0],
						"1.0": [0, 0, 0]
					},
					"position": {
						"0.0": [0, 0, 0],
						"0.25": [0, 0, 0],
						"0.5": [0, 0, 0],
						"0.75": [0, 0, 0],
						"1.0": [0, 0, 0]
					}
				},
				"back_foot_left": {
					"rotation": {
						"0.0": [-25, 0, 0],
						"0.25": [40, 0, 0],
						"0.5": [1.25, 0, 0],
						"0.5833": [15.83, 0, 0],
						"0.75": [0, 0, 0],
						"1.0": [-25, 0, 0]
					},
					"position": {
						"0.0": [0, 0, 0],
						"0.25": [0, 0, 0],
						"0.5": [0, 0, 0],
						"0.75": [0, 0, 0],
						"1.0": [0, 0, 0]
					}
				},
				"leg_left": {
					"rotation": {
						"0.0": [0, 0, 0],
						"0.25": [25, 0, 0],
						"0.5": [0, 0, 0],
						"0.75": [-25, 0, 0],
						"1.0": [0, 0, 0]
					},
					"position": {
						"0.0": [0, 0, 0],
						"0.25": [0, -0.6, 0.25],
						"0.5": [0, 1, 0],
						"0.75": [0, -0.15, -0.5],
						"1.0": [0, 0, 0]
					}
				},
				"elbow_left": {
					"rotation": {
						"0.0": [0, 0, 0],
						"0.25": [-15, 0, 0],
						"0.5": [-25, 0, 0],
						"0.75": [0, 0, 0],
						"1.0": [0, 0, 0]
					},
					"position": {
						"0.0": [0, 0, 0],
						"0.25": [0, 0, 0],
						"0.5": [0, 0, 0],
						"0.75": [0, 0, 0],
						"1.0": [0, 0, 0]
					}
				},
				"front_foot_left": {
					"rotation": {
						"0.0": [0, 0, 0],
						"0.25": [-10, 0, 0],
						"0.4167": [37.5, 0, 0],
						"0.5833": [0, 0, 0],
						"0.75": [25, 0, 0],
						"1.0": [0, 0, 0]
					}
				},
				"torso": {
					"rotation": [0, 0, "0+math.sin(q.anim_time*360+30)*3"],
					"position": [0, "-1.25+math.clamp(math.sin(q.anim_time*360+180-90)*1,0.5,10)+math.clamp(math.sin(q.anim_time*360-90)*1,0.5,10)", 0]
				}
			}
		},
		"animation.shinx.blink": {
			"animation_length": 0.16667,
			"bones": {
				"eyelid_right2": {
					"position": {
						"0.0": [0, 0, -2.025],
						"0.125": [0, 0, -2.025],
						"0.1667": [0, 0, 0]
					}
				},
				"eyelid_right": {
					"position": {
						"0.0": [0, 0, -2.025],
						"0.125": [0, 0, -2.025],
						"0.1667": [0, 0, 0]
					}
				}
			}
		},
		"animation.shinx.render": {
			"loop": true,
			"bones": {
				"body": {
					"rotation": [0, 32.5, 0]
				},
				"tail_1": {
					"rotation": [24.14867, 20.70481, 9.00717]
				},
				"tail_2": {
					"rotation": [35, 0, 0]
				},
				"tail_3": {
					"rotation": [20.83206, -42.61145, 34.04097]
				},
				"neck": {
					"rotation": [12.44342, -13.79347, -7.64487],
					"position": [-0.5, 0.5, 0.5]
				},
				"head": {
					"rotation": [0, 0, -7.5]
				},
				"lobe_left_2": {
					"rotation": [0, 0, -10]
				},
				"lobe_left_3": {
					"rotation": [0, 0, -7.5],
					"position": [0, 0.175, 0]
				},
				"lobe_left_4": {
					"rotation": [0, 0, -10],
					"position": [0, 0.4, 0]
				},
				"lobe_right": {
					"rotation": [0, 0, 7.5]
				},
				"lobe_right_2": {
					"rotation": [0, 0, 12.5]
				},
				"lobe_right_3": {
					"rotation": [0, 0, 17.5],
					"position": [0, 0.5, 0]
				},
				"lobe_right_4": {
					"rotation": [0, 0, 10],
					"position": [0, 0.25, 0]
				},
				"open_mouth": {
					"position": [0, 0, -2]
				},
				"closed_mouth": {
					"position": [0, 0, 1]
				},
				"knee_right": {
					"position": [0, 1, 0]
				},
				"back_foot_right": {
					"rotation": [20, 0, 0]
				},
				"leg_right": {
					"rotation": [0, 17.5, 22.5],
					"position": [-1, 0, 0]
				},
				"front_foot_right": {
					"rotation": [17.5, 0, -22.5]
				},
				"back_leg_left": {
					"rotation": [0, 0, -22.5],
					"position": [0.5, 0, 0]
				},
				"back_foot_left": {
					"rotation": [10, -15, 22.5]
				},
				"leg_left": {
					"rotation": [0, 0, -22.5],
					"position": [0.5, 0, 0]
				},
				"front_foot_left": {
					"rotation": [15, -15, 22.5]
				}
			}
		},
		"animation.shinx.sleep": {
			"loop": true,
			"animation_length": 4,
			"bones": {
				"body": {
					"rotation": [0, -20, 0],
					"position": [0, -4, 0]
				},
				"waist": {
					"rotation": [0, -17.5, 0]
				},
				"tail_1": {
					"rotation": [-28.26916, -47.43895, -4.40244]
				},
				"tail_2": {
					"rotation": [49.91826, -62.87384, -40.08174]
				},
				"tail_3": {
					"rotation": [1.61254, -40.1968, -13.31439]
				},
				"neck": {
					"rotation": [44.89078, 3.53329, -3.54002],
					"position": [0, -0.5, -1]
				},
				"head": {
					"rotation": ["-25+math.sin(q.anim_time*90-90)*1", 0, "0+math.sin(q.anim_time*90)*1"]
				},
				"eyelid_right2": {
					"position": [0, 0, -2.025]
				},
				"eyelid_right": {
					"position": [0, 0, -2.025]
				},
				"lobe_left": {
					"rotation": ["-20-math.sin(q.anim_time*90)*1", 0, 0]
				},
				"lobe_left_3": {
					"rotation": [-15, 0, 0]
				},
				"lobe_left_4": {
					"rotation": [-40, 0, 0]
				},
				"lobe_right": {
					"rotation": ["-19.9299+math.sin(q.anim_time*90)*2", -1.70818, -4.69986]
				},
				"lobe_right_2": {
					"rotation": [-7.5, 0, 0]
				},
				"lobe_right_3": {
					"rotation": [-22.5, 0, 0]
				},
				"lobe_right_4": {
					"rotation": [-37.5, 0, 0]
				},
				"back_leg_right": {
					"rotation": [-69.08863, 15.75084, -1.01276],
					"position": [-2.25, 1.5, -1.5]
				},
				"knee_right": {
					"rotation": [72.5, 0, 0]
				},
				"leg_right": {
					"rotation": [-90, 10, 0],
					"position": [0, 0.5, 0]
				},
				"back_leg_left": {
					"rotation": [-71.53748, -44.87876, 1.00512],
					"position": [0, 1.5, 0.5]
				},
				"knee_left": {
					"rotation": [72.5, 0, 0]
				},
				"leg_left": {
					"rotation": [-90, -10, 0],
					"position": [0, 0.5, 0]
				}
			}
		},
		"animation.shinx.faint": {
			"animation_length": 3,
			"bones": {
				"tail_1": {
					"rotation": {
						"0.0": ["10+math.sin(q.anim_time*360*4-90)*5", "0+math.sin(q.anim_time*180*4)*30", 0],
						"0.5": ["10+math.sin(q.anim_time*360*4-90)*5", "0+math.sin(q.anim_time*180*4)*30", 0],
						"0.875": [-35, 17.5, 0]
					}
				},
				"tail_2": {
					"rotation": {
						"0.0": [
							"0-math.sin(q.anim_time*360*4-90)*10+math.sin(q.anim_time*360*4-90-30)*10",
							"0-math.sin(q.anim_time*180*4)*30+math.sin(q.anim_time*180*4-60)*50",
							0
						],
						"0.5": [
							"0-math.sin(q.anim_time*360*4-90)*10+math.sin(q.anim_time*360*4-90-30)*10",
							"0-math.sin(q.anim_time*180*4)*30+math.sin(q.anim_time*180*4-60)*50",
							0
						],
						"0.875": [31.45799, 10.19734, 16.39602]
					}
				},
				"tail_3": {
					"rotation": {
						"0.0": [
							"0-math.sin(q.anim_time*360*4-90-30)*10+math.sin(q.anim_time*360*4-90-60)*20",
							"0-math.sin(q.anim_time*180*4-60)*50+math.sin(q.anim_time*180*4-120)*50",
							0
						],
						"0.5": [
							"0-math.sin(q.anim_time*360*4-90-30)*10+math.sin(q.anim_time*360*4-90-60)*20",
							"0-math.sin(q.anim_time*180*4-60)*50+math.sin(q.anim_time*180*4-120)*50",
							0
						],
						"0.875": [2.61995, 17.67174, -7.8662]
					}
				},
				"body": {
					"position": {
						"0.0": [0, 0, 0],
						"0.25": [0, 0, 0],
						"0.5": [0, 0, 0],
						"0.625": [0, -0.75, 0],
						"0.75": [0, -3.5, 0],
						"0.8333": [0, -3, 0],
						"0.9167": [0, -3.5, 0]
					}
				},
				"neck": {
					"rotation": {
						"0.0": [0, 0, 0],
						"0.25": [0, 0, 0],
						"0.5": [0, 0, 0],
						"0.75": [90, 0, 0]
					},
					"position": {
						"0.0": [0, 0, 0.25],
						"0.25": [0, 0, 0.25],
						"0.5": [0, 0, 0.25],
						"0.75": [0, 0.75, -2.75]
					}
				},
				"lobe_left": {
					"rotation": {
						"0.0": [5.1007, 57.40301, 8.4259],
						"0.25": ["5.1+math.sin(q.anim_time*90*16-90)*10", 57.4, 8.43],
						"0.5": ["5.1+math.sin(q.anim_time*90*16-90)*10", 57.4, 8.43],
						"0.75": [17.5, 90, -25],
						"1.0": [0, 90, -25]
					}
				},
				"lobe_left_2": {
					"rotation": {
						"0.0": [0, 0, 0],
						"0.25": ["0+math.sin(q.anim_time*90*16-90-30)*10-math.sin(q.anim_time*90*16-90)*10", 0, 0],
						"0.5": ["0+math.sin(q.anim_time*90*16-90-30)*10-math.sin(q.anim_time*90*16-90)*10", 0, 0],
						"0.75": [27.5, 0, 0],
						"1.0": [10, 0, 0]
					}
				},
				"lobe_left_3": {
					"rotation": {
						"0.0": [0, 0, 0],
						"0.25": ["0+math.sin(q.anim_time*90*16-90-30*2)*10-math.sin(q.anim_time*90*16-90-30)*10", 0, 0],
						"0.5": ["0+math.sin(q.anim_time*90*16-90-30*2)*10-math.sin(q.anim_time*90*16-90-30)*10", 0, 0],
						"0.75": [42.5, 0, 0],
						"1.0": [25, 0, 0]
					}
				},
				"lobe_left_4": {
					"rotation": {
						"0.0": [0, 0, 0],
						"0.25": ["0+math.sin(q.anim_time*90*16-90-30*3)*10-math.sin(q.anim_time*90*16-90-30*2)*10", 0, 0],
						"0.5": ["0+math.sin(q.anim_time*90*16-90-30*3)*10-math.sin(q.anim_time*90*16-90-30*2)*10", 0, 0],
						"0.75": [37.5, 0, 0],
						"1.0": [20, 0, 0]
					}
				},
				"lobe_right": {
					"rotation": {
						"0.0": [5.1007, -57.40301, -8.4259],
						"0.25": ["5.1+math.sin(q.anim_time*90*16-90)*10", -57.4, -8.43],
						"0.5": ["5.1+math.sin(q.anim_time*90*16-90)*10", -57.4, -8.43],
						"0.75": [17.5, -90, 25],
						"1.0": [0, -90, 25]
					}
				},
				"lobe_right_2": {
					"rotation": {
						"0.0": [0, 0, 0],
						"0.25": ["0+math.sin(q.anim_time*90*16-90-30)*10-math.sin(q.anim_time*90*16-90)*10", 0, 0],
						"0.5": ["0+math.sin(q.anim_time*90*16-90-30)*10-math.sin(q.anim_time*90*16-90)*10", 0, 0],
						"0.75": [27.5, 0, 0],
						"1.0": [10, 0, 0]
					}
				},
				"lobe_right_3": {
					"rotation": {
						"0.0": [0, 0, 0],
						"0.25": ["0+math.sin(q.anim_time*90*16-90-30*2)*10-math.sin(q.anim_time*90*16-90-30)*10", 0, 0],
						"0.5": ["0+math.sin(q.anim_time*90*16-90-30*2)*10-math.sin(q.anim_time*90*16-90-30)*10", 0, 0],
						"0.75": [42.5, 0, 0],
						"1.0": [25, 0, 0]
					}
				},
				"lobe_right_4": {
					"rotation": {
						"0.0": [0, 0, 0],
						"0.25": ["0+math.sin(q.anim_time*90*16-90-30*3)*10-math.sin(q.anim_time*90*16-90-30*2)*10", 0, 0],
						"0.5": ["0+math.sin(q.anim_time*90*16-90-30*3)*10-math.sin(q.anim_time*90*16-90-30*2)*10", 0, 0],
						"0.75": [37.5, 0, 0],
						"1.0": [20, 0, 0]
					}
				},
				"back_leg_right": {
					"rotation": {
						"0.0": [0, 0, 10],
						"0.25": [0, 0, 10],
						"0.5": [0, 0, 10],
						"0.75": [90, -30, 0]
					},
					"position": {
						"0.0": [-0.25, 0, 0],
						"0.25": [-0.25, 0, 0],
						"0.5": [-0.25, 0, 0],
						"0.75": [-0.25, 0, 0]
					}
				},
				"back_foot_right": {
					"rotation": {
						"0.0": [0, 0, -7.5],
						"0.25": [0, 0, -7.5],
						"0.5": [0, 0, -7.5],
						"0.75": [30, 0, 0]
					}
				},
				"leg_right": {
					"rotation": {
						"0.0": [0, 0, 7.5],
						"0.5": [-30, 25, 0],
						"0.75": [-90, 60, 0]
					},
					"position": {
						"0.0": [-0.25, 0, 0],
						"0.5": [-0.25, -0.75, -1],
						"0.75": [-0.25, 0, 0]
					}
				},
				"elbow_right": {
					"position": {
						"0.0": [0, 0, 0],
						"0.25": [0, 0, 0],
						"0.5": [0, 0, 0],
						"0.75": [0, 0, 0]
					}
				},
				"front_foot_right": {
					"rotation": {
						"0.0": [0, 0, -7.5],
						"0.5": [30, 0, 0],
						"0.75": [0, 0, 0]
					},
					"position": {
						"0.0": [0, 0, 0],
						"0.5": [0, 0.5, 0],
						"0.75": [0, 0, 0]
					}
				},
				"back_leg_left": {
					"rotation": {
						"0.0": [0, 0, -7.5],
						"0.25": [0, 0, -7.5],
						"0.5": [0, 0, -7.5],
						"0.75": [90, 30, 0]
					},
					"position": {
						"0.0": [0.25, 0, 0],
						"0.25": [0.25, 0, 0],
						"0.5": [0.25, 0, 0],
						"0.75": [0.25, 0, 0]
					}
				},
				"back_foot_left": {
					"rotation": {
						"0.0": [0, 0, 7.5],
						"0.25": [0, 0, 7.5],
						"0.5": [0, 0, 7.5],
						"0.75": [30, 0, 0]
					}
				},
				"leg_left": {
					"rotation": {
						"0.0": [0, 0, -7.5],
						"0.5": [-30, -25, 0],
						"0.75": [-90, -60, 0]
					},
					"position": {
						"0.0": [0.25, 0, 0],
						"0.5": [0.25, -0.75, -1],
						"0.75": [0.25, 0, 0]
					}
				},
				"front_foot_left": {
					"rotation": {
						"0.0": [0, 0, 7.5],
						"0.5": [30, 0, 0],
						"0.75": [0, 0, 0]
					},
					"position": {
						"0.0": [0, 0, 0],
						"0.5": [0, 0.5, 0],
						"0.75": [0, 0, 0]
					}
				},
				"torso": {
					"rotation": {
						"0.0": [0, 0, 0],
						"0.5": ["15+math.sin(q.anim_time*90*32)*2", 0, 0],
						"0.75": [0, 0, 0]
					},
					"position": {
						"0.0": [0, 0, 0],
						"0.5": [0, -1, 0],
						"0.75": [0, 0, 0]
					}
				},
				"head": {
					"rotation": {
						"0.0": [0, 0, 0],
						"0.25": [1.85509, 1.51859, "9.7338+math.sin(q.anim_time*90*16)*5"],
						"0.5": [12.08681, 3.21132, "-14.6598+math.sin(q.anim_time*90*16)*2"],
						"0.75": [-111.25, 0, 0],
						"0.8333": [-90, 0, 0]
					},
					"position": {
						"0.0": [0, 0, 0],
						"0.25": [0, 0, 0],
						"0.5": [0, 0, 0],
						"0.75": [0, 1, -4]
					}
				},
				"eyelid_right2": {
					"position": {
						"0.0833": [0, 0, 0],
						"0.2083": {"pre": [0, 0, 0], "post": [0, 0, -2.025]}
					}
				},
				"eyelid_right": {
					"position": {
						"0.0833": [0, 0, 0],
						"0.2083": {"pre": [0, 0, 0], "post": [0, 0, -2.025]}
					}
				},
				"closed_mouth": {
					"position": {
						"0.0": [0, 0, 0],
						"0.0417": {"pre": [0, 0, 0], "post": [0, 0, 1]}
					}
				},
				"open_mouth2": {
					"position": {
						"0.0": [0, 0, 0],
						"0.0417": {"pre": [0, 0, 0], "post": [0, 0, -2]},
						"0.3333": {"pre": [0, 0, -2], "post": [0, 0, -2]},
						"0.375": {"pre": [0, 0, -2], "post": [0, 0, 0]}
					}
				},
				"closed_mouth2": {
					"position": {
						"0.3333": [0, 0, 0],
						"0.375": {"pre": [0, 0, 0], "post": [0, 0.5, -1]}
					}
				}
			},
			"sound_effects": {
				"0.0": {
					"effect": "pokemon.shinx.faint"
				}
			}
		},
		"animation.shinx.cry": {
			"animation_length": 0.8333,
			"bones": {
				"head": {
					"rotation": {
						"0.0": [0, 0, 0],
						"0.0833": [9.31, 0, 0],
						"0.2083": ["-5+math.sin(q.anim_time*2880)*2", 0, 0],
						"0.5833": [0, 0, 0]
					}
				},
				"eyelid_right2": {
					"position": {
						"0.0": [0, 0, 0],
						"0.0417": [0, 0, -2.025],
						"0.3333": [0, 0, -2.025],
						"0.375": [0, 0, 0]
					}
				},
				"eyelid_right": {
					"position": {
						"0.0": [0, 0, 0],
						"0.0417": [0, 0, -2.025],
						"0.3333": [0, 0, -2.025],
						"0.375": [0, 0, 0]
					}
				},
				"lobe_left": {
					"rotation": {
						"0.0": {
							"post": [0, 0, 0],
							"lerp_mode": "catmullrom"
						},
						"0.1667": {
							"post": [-10, 0, 0],
							"lerp_mode": "catmullrom"
						},
						"0.3333": {
							"post": [15, 0, 0],
							"lerp_mode": "catmullrom"
						},
						"0.5": {
							"post": [-5, 0, 0],
							"lerp_mode": "catmullrom"
						},
						"0.7083": {
							"post": [0, 0, 0],
							"lerp_mode": "catmullrom"
						}
					}
				},
				"lobe_left_2": {
					"rotation": {
						"0.0417": {
							"pre": [0, 0, 0],
							"post": [0, 0, 0],
							"lerp_mode": "catmullrom"
						},
						"0.2083": {
							"post": [-10, 0, 0],
							"lerp_mode": "catmullrom"
						},
						"0.375": {
							"post": [15, 0, 0],
							"lerp_mode": "catmullrom"
						},
						"0.5417": {
							"post": [-5, 0, 0],
							"lerp_mode": "catmullrom"
						},
						"0.75": {
							"post": [0, 0, 0],
							"lerp_mode": "catmullrom"
						}
					}
				},
				"lobe_left_3": {
					"rotation": {
						"0.0833": {
							"pre": [0, 0, 0],
							"post": [0, 0, 0],
							"lerp_mode": "catmullrom"
						},
						"0.25": {
							"post": [-10, 0, 0],
							"lerp_mode": "catmullrom"
						},
						"0.4167": {
							"post": [15, 0, 0],
							"lerp_mode": "catmullrom"
						},
						"0.5833": {
							"post": [-5, 0, 0],
							"lerp_mode": "catmullrom"
						},
						"0.7917": {
							"post": [0, 0, 0],
							"lerp_mode": "catmullrom"
						}
					}
				},
				"lobe_left_4": {
					"rotation": {
						"0.125": {
							"pre": [0, 0, 0],
							"post": [0, 0, 0],
							"lerp_mode": "catmullrom"
						},
						"0.2917": {
							"post": [-10, 0, 0],
							"lerp_mode": "catmullrom"
						},
						"0.4583": {
							"post": [15, 0, 0],
							"lerp_mode": "catmullrom"
						},
						"0.625": {
							"post": [-5, 0, 0],
							"lerp_mode": "catmullrom"
						},
						"0.8333": {
							"post": [0, 0, 0],
							"lerp_mode": "catmullrom"
						}
					}
				},
				"lobe_right": {
					"rotation": {
						"0.0": {
							"post": [0, 0, 0],
							"lerp_mode": "catmullrom"
						},
						"0.1667": {
							"post": [-10, 0, 0],
							"lerp_mode": "catmullrom"
						},
						"0.3333": {
							"post": [15, 0, 0],
							"lerp_mode": "catmullrom"
						},
						"0.5": {
							"post": [-5, 0, 0],
							"lerp_mode": "catmullrom"
						},
						"0.7083": {
							"post": [0, 0, 0],
							"lerp_mode": "catmullrom"
						}
					}
				},
				"lobe_right_2": {
					"rotation": {
						"0.0417": {
							"pre": [0, 0, 0],
							"post": [0, 0, 0],
							"lerp_mode": "catmullrom"
						},
						"0.2083": {
							"post": [-10, 0, 0],
							"lerp_mode": "catmullrom"
						},
						"0.375": {
							"post": [15, 0, 0],
							"lerp_mode": "catmullrom"
						},
						"0.5417": {
							"post": [-5, 0, 0],
							"lerp_mode": "catmullrom"
						},
						"0.75": {
							"post": [0, 0, 0],
							"lerp_mode": "catmullrom"
						}
					}
				},
				"lobe_right_3": {
					"rotation": {
						"0.0833": {
							"pre": [0, 0, 0],
							"post": [0, 0, 0],
							"lerp_mode": "catmullrom"
						},
						"0.25": {
							"post": [-10, 0, 0],
							"lerp_mode": "catmullrom"
						},
						"0.4167": {
							"post": [15, 0, 0],
							"lerp_mode": "catmullrom"
						},
						"0.5833": {
							"post": [-5, 0, 0],
							"lerp_mode": "catmullrom"
						},
						"0.7917": {
							"post": [0, 0, 0],
							"lerp_mode": "catmullrom"
						}
					}
				},
				"lobe_right_4": {
					"rotation": {
						"0.125": {
							"pre": [0, 0, 0],
							"post": [0, 0, 0],
							"lerp_mode": "catmullrom"
						},
						"0.2917": {
							"post": [-10, 0, 0],
							"lerp_mode": "catmullrom"
						},
						"0.4583": {
							"post": [15, 0, 0],
							"lerp_mode": "catmullrom"
						},
						"0.625": {
							"post": [-5, 0, 0],
							"lerp_mode": "catmullrom"
						},
						"0.8333": {
							"post": [0, 0, 0],
							"lerp_mode": "catmullrom"
						}
					}
				},
				"open_mouth": {
					"position": {
						"0.0": [0, 0, 0],
						"0.0417": {
							"pre": [0, 0, 0],
							"post": [0, 0, -2]
						},
						"0.3333": {
							"pre": [0, 0, -2],
							"post": [0, 0, -2]
						},
						"0.375": {
							"pre": [0, 0, -2],
							"post": [0, 0, 0]
						}
					}
				},
				"closed_mouth": {
					"position": {
						"0.0": [0, 0, 0],
						"0.0417": {
							"pre": [0, 0, 0],
							"post": [0, 0, 1]
						},
						"0.3333": {
							"pre": [0, 0, 1],
							"post": [0, 0, 1]
						},
						"0.375": {
							"pre": [0, 0, 1],
							"post": [0, 0, 0]
						}
					}
				}
			},
			"sound_effects": {
				"0.0": {
					"effect": "pokemon.shinx.cry"
				}
			}
		},
		"animation.shinx.ground_walk_old": {
			"loop": true,
			"animation_length": 2,
			"bones": {
				"body": {
					"rotation": [0, 0, "0+math.sin(q.anim_time*360+30)*3"],
					"position": [0, "-1.25+math.clamp(math.sin(q.anim_time*360+180-90)*1,0.5,10)+math.clamp(math.sin(q.anim_time*360-90)*1,0.5,10)", 0]
				},
				"tail_1": {
					"rotation": ["10+math.sin(q.anim_time*720-90)*5", "0+math.sin(q.anim_time*360)*30", 0]
				},
				"tail_2": {
					"rotation": [
						"0-math.sin(q.anim_time*720-90)*10+math.sin(q.anim_time*720-90-30)*10",
						"0-math.sin(q.anim_time*360)*30+math.sin(q.anim_time*360-60)*50",
						0
					]
				},
				"tail_3": {
					"rotation": [
						"0-math.sin(q.anim_time*720-90-30)*10+math.sin(q.anim_time*720-90-60)*20",
						"0-math.sin(q.anim_time*360-60)*50+math.sin(q.anim_time*360-120)*50",
						0
					]
				},
				"neck": {
					"rotation": ["2.5+math.sin(q.anim_time*720-30)*3", 0, "0-math.sin(q.anim_time*360-30)*5"]
				},
				"lobe_left": {
					"rotation": ["-7.3993+math.sin(q.anim_time*720)*5", 57.403, "math.sin(q.anim_time*360+180+90)*5"]
				},
				"lobe_left_2": {
					"rotation": ["0-math.sin(q.anim_time*720)*5+math.sin(q.anim_time*720-30)*10", 0, 0]
				},
				"lobe_left_3": {
					"rotation": ["0-math.sin(q.anim_time*720-30)*10+math.sin(q.anim_time*720-60)*20", 0, 0]
				},
				"lobe_left_4": {
					"rotation": ["0-math.sin(q.anim_time*720-60)*20+math.sin(q.anim_time*720-90)*20", 0, 0]
				},
				"lobe_right": {
					"rotation": ["-7.3993+math.sin(q.anim_time*720)*5", -57.403, "0+math.sin(q.anim_time*360+180+90)*5"]
				},
				"lobe_right_2": {
					"rotation": ["0-math.sin(q.anim_time*720)*5+math.sin(q.anim_time*720-30)*10", 0, 0]
				},
				"lobe_right_3": {
					"rotation": ["0-math.sin(q.anim_time*720-30)*10+math.sin(q.anim_time*720-60)*20", 0, 0]
				},
				"lobe_right_4": {
					"rotation": ["0-math.sin(q.anim_time*720-60)*20+math.sin(q.anim_time*720-90)*20", 0, 0]
				},
				"back_leg_right": {
					"rotation": [
						"0+math.clamp(math.sin(q.anim_time*360+60)*30,0,100)-math.clamp(math.sin(q.anim_time*360+180+60)*20,0,100)",
						0,
						"0-math.sin(q.anim_time*360+30)*3"
					],
					"position": [
						0,
						"1.25+math.clamp(math.sin(q.anim_time*360-90+60)*1,0,100)-(math.clamp(math.sin(q.anim_time*360+180-90)*1,0.5,10)+math.clamp(math.sin(q.anim_time*360-90)*1,0.5,10))",
						"0+math.sin(q.anim_time*360+60)*1"
					]
				},
				"knee_right": {
					"rotation": ["0+math.clamp(math.sin(q.anim_time*360+60)*15,0,100)", 0, 0],
					"position": [0, 0, 0]
				},
				"back_foot_right": {
					"rotation": ["7.5-math.clamp(math.sin(q.anim_time*360+30+60)*30,0,100)", 0, 0],
					"position": [0, 0, 0]
				},
				"leg_right": {
					"rotation": [
						"0+math.clamp(math.sin(q.anim_time*360+180)*20,0,100)-math.clamp(math.sin(q.anim_time*360+180+180)*30,0,100)",
						0,
						"0-math.sin(q.anim_time*360+30)*3"
					],
					"position": [-0.25, "-0.25+math.clamp(math.sin(q.anim_time*360-90+180)*1,0,100)", "0+math.sin(q.anim_time*360+180)*1"]
				},
				"elbow_right": {
					"rotation": ["0-math.clamp(math.sin(q.anim_time*360+180)*15,0,100)", 0, 0],
					"position": [0, 0, 0]
				},
				"front_foot_right": {
					"rotation": ["7.5-math.clamp(math.sin(q.anim_time*360+30+180)*10,0,100)", 0, 0],
					"position": [0, 0, 0]
				},
				"back_leg_left": {
					"rotation": [
						"0+math.clamp(math.sin(q.anim_time*360+180+60)*30,0,100)-math.clamp(math.sin(q.anim_time*360+180+180+60)*20,0,100)",
						0,
						"0-math.sin(q.anim_time*360+30)*3"
					],
					"position": [
						0,
						"1.25+math.clamp(math.sin(q.anim_time*360-90+180+60)*1,0,100)-(math.clamp(math.sin(q.anim_time*360+180-90)*1,0.5,10)+math.clamp(math.sin(q.anim_time*360-90)*1,0.5,10))",
						"0+math.sin(q.anim_time*360+180+60)*1"
					]
				},
				"knee_left": {
					"rotation": ["0+math.clamp(math.sin(q.anim_time*360+180+60)*15,0,100)", 0, 0],
					"position": [0, 0, 0]
				},
				"back_foot_left": {
					"rotation": ["7.5-math.clamp(math.sin(q.anim_time*360+30+180+60)*30,0,100)", 0, 0],
					"position": [0, 0, 0]
				},
				"leg_left": {
					"rotation": [
						"0+math.clamp(math.sin(q.anim_time*360)*20,0,100)-math.clamp(math.sin(q.anim_time*360+180)*30,0,100)",
						0,
						"0-math.sin(q.anim_time*360+30)*3"
					],
					"position": [0.25, "-0.25+math.clamp(math.sin(q.anim_time*360-90)*1,0,100)", "0+math.sin(q.anim_time*360)*1"]
				},
				"elbow_left": {
					"rotation": ["0-math.clamp(math.sin(q.anim_time*360)*15,0,100)", 0, 0],
					"position": [0, 0, 0]
				},
				"front_foot_left": {
					"rotation": ["7.5-math.clamp(math.sin(q.anim_time*360+30)*10,0,100)", 0, 0],
					"position": [0, 0, 0]
				}
			}
		}
	}
}