{
	"format_version": "1.8.0",
	"animations": {
		"animation.pansear.status": {
			"loop": true,
			"bones": {
				"body": {
					"rotation": [7.5, 0, 0]
				},
				"torso": {
					"rotation": [20, 0, 0]
				},
				"left_ear": {
					"rotation": [0, -20, 0]
				},
				"right_ear": {
					"rotation": [0, 2.5, 0]
				},
				"right_arm": {
					"rotation": [-2.89633, -38.52141, -23.21611]
				},
				"right_arm2": {
					"rotation": [79.79846, -25.77857, -24.19692]
				},
				"tail": {
					"rotation": [0, -35, 0]
				},
				"tail2": {
					"rotation": [-6.20692, -27.1178, 7.92074]
				},
				"tail3": {
					"rotation": [20, 0, 0]
				},
				"right_thigh": {
					"rotation": [-40, 20, 0],
					"position": [0, 0, -2]
				},
				"right_leg": {
					"rotation": [30, 0, 0],
					"position": [0, 0, 0.5]
				},
				"head": {
					"rotation": [0, -20, 0]
				},
				"right_eye": {
					"position": [0.4, 0, 0]
				},
				"left_eye": {
					"position": [0.4, 0, 0]
				},
				"left_arm2": {
					"rotation": [0, 0, -55]
				},
				"left_thigh": {
					"rotation": [-40, -20, 0],
					"position": [0, 0, -2]
				},
				"left_leg": {
					"rotation": [30, 0, 0],
					"position": [0, 0, 0.5]
				}
			}
		},
		"animation.pansear.cry": {
			"animation_length": 0.5417,
			"bones": {
				"open": {
					"position": {
						"0.0": [0, 0, 0],
						"0.0833": [0, 0, -1],
						"0.1667": [0, 0, -1],
						"0.25": [0, 0, 0],
						"0.3333": [0, 0, -1],
						"0.4167": [0, 0, -1],
						"0.5": [0, 0, 1]
					}
				},
				"head": {
					"rotation": {
						"0.0": [0, 0, 0],
						"0.0833": {
							"pre": [-2.5, 0, 0],
							"post": [-2.5, 0, 0],
							"lerp_mode": "catmullrom"
						},
						"0.2083": {
							"post": [-2.5, 0, 0],
							"lerp_mode": "catmullrom"
						},
						"0.2917": {
							"post": [-1.5, 0, 0],
							"lerp_mode": "catmullrom"
						},
						"0.4167": {
							"post": [-2.5, 0, 0],
							"lerp_mode": "catmullrom"
						},
						"0.5417": [0, 0, 0]
					}
				}
			},
			"sound_effects": {
				"0.0417": {
					"effect": "pansage"
				}
			}
		},
		"animation.pansear.faint": {
			"loop": true,
			"bones": {
				"body": {
					"rotation": [7.5, 0, 0]
				},
				"torso": {
					"rotation": ["20+math.sin(q.anim_time*90*2-0)*-1.5", 0, "math.sin(q.anim_time*90*1-90)*-2.8405"]
				},
				"head": {
					"rotation": [-15, 0, 0]
				},
				"left_ear": {
					"rotation": [0, -20, 0]
				},
				"right_ear": {
					"rotation": [0, 2.5, 0]
				},
				"angry": {
					"position": [0, 0, -1]
				},
				"happy": {
					"position": [0, 0, 1]
				},
				"close": {
					"position": [0, 0, 1]
				},
				"right_arm": {
					"rotation": [-6.95288, -5.54292, "-18.4444+math.sin(q.anim_time*90*2-10)*6"]
				},
				"right_arm2": {
					"rotation": [80.80476, -3.59127, "-28.0909+math.sin(q.anim_time*90*2-70)*4"],
					"position": [0.3, 0, 0]
				},
				"tail": {
					"rotation": ["math.sin(q.anim_time*60*2-80)*3", -35, 0]
				},
				"tail2": {
					"rotation": ["-6.2069209863+math.sin(q.anim_time*60*2-80)*3", -27.1178, 7.92074]
				},
				"tail3": {
					"rotation": ["20+math.sin(q.anim_time*60*2-160)*6", 0, 0]
				},
				"tail4": {
					"rotation": ["22.6745767147+math.sin(q.anim_time*60*2-180)*7", -6.92618, 22.11581]
				},
				"tail5": {
					"rotation": ["17.6207597288+math.sin(q.anim_time*60*2-180)*7", 12.45167, 1.10693]
				},
				"left_arm": {
					"rotation": [-6.95288, 5.54292, "18.4444-math.sin(q.anim_time*90*2-10)*6"]
				},
				"left_arm2": {
					"rotation": [80.80476, 3.59127, "28.0909-math.sin(q.anim_time*90*2-70)*4"],
					"position": [-0.3, 0, 0]
				},
				"right_thigh": {
					"rotation": ["-40+math.sin(q.anim_time*90*2)*2", 20, 0],
					"position": [0, 0.2, -2]
				},
				"right_leg": {
					"rotation": ["30+math.sin(q.anim_time*90*2)*-3", 0, 0],
					"position": [0, 0, 0.5]
				},
				"right_feet": {
					"rotation": ["7.4816+math.sin(q.anim_time*90*2)*-1.5", -0.6483, -2.4195]
				},
				"left_thigh": {
					"rotation": ["-40+math.sin(q.anim_time*90*2)*2", -20, 0],
					"position": [0, 0.2, -2]
				},
				"left_leg": {
					"rotation": ["30+math.sin(q.anim_time*90*2)*-3", 0, 0],
					"position": [0, 0, 0.5]
				}
			}
		},
		"animation.pansear.recoil": {
			"animation_length": 0.7083,
			"bones": {
				"torso": {
					"rotation": {
						"0.0": [0, 0, 0],
						"0.0417": {
							"pre": [2.5, 0, 0],
							"post": [2.5, 0, 0],
							"lerp_mode": "catmullrom"
						},
						"0.1667": {
							"post": [-5, 0, 0],
							"lerp_mode": "catmullrom"
						},
						"0.4583": [0, 0, 0]
					}
				},
				"head": {
					"rotation": {
						"0.0": [0, 0, 0],
						"0.0417": {
							"pre": [5, 0, 0],
							"post": [5, 0, 0],
							"lerp_mode": "catmullrom"
						},
						"0.1667": {
							"post": [-5, 0, 0],
							"lerp_mode": "catmullrom"
						},
						"0.625": [0, 0, 0]
					}
				},
				"eye": {
					"position": {
						"0.0417": [0, 0, 0],
						"0.0833": [0, 0, 1],
						"0.6667": [0, 0, 1],
						"0.7083": [0, 0, 0]
					}
				},
				"shock": {
					"position": {
						"0.0417": [0, 0, 0],
						"0.0833": [0, 0, -2],
						"0.6667": [0, 0, -2],
						"0.7083": [0, 0, 0]
					}
				},
				"close": {
					"position": {
						"0.0417": [0, 0, 0],
						"0.0833": [0, 0, 1],
						"0.6667": [0, 0, 1],
						"0.7083": [0, 0, 0]
					}
				},
				"open": {
					"position": {
						"0.0": [0, 0, 0],
						"0.0833": [0, 0, -1],
						"0.625": [0, 0, -1],
						"0.6667": [0, 0, 1]
					}
				}
			}
		},
		"animation.pansear.battle_idle": {
			"loop": true,
			"bones": {
				"body": {
					"rotation": [7.5, 0, 0]
				},
				"torso": {
					"rotation": ["20+math.sin(q.anim_time*90*2-0)*-1.5", 0, "math.sin(q.anim_time*90*1-90)*-2.8405"]
				},
				"head": {
					"rotation": [-15, 0, 0]
				},
				"left_ear": {
					"rotation": [0, -20, 0]
				},
				"right_ear": {
					"rotation": [0, 2.5, 0]
				},
				"angry": {
					"position": [0, 0, -1]
				},
				"close": {
					"position": [0, 0, 1]
				},
				"right_arm": {
					"rotation": [-6.95288, -5.54292, "-18.4444+math.sin(q.anim_time*90*2-10)*6"]
				},
				"right_arm2": {
					"rotation": [80.80476, -3.59127, "-28.0909+math.sin(q.anim_time*90*2-70)*4"],
					"position": [0.3, 0, 0]
				},
				"tail": {
					"rotation": ["math.sin(q.anim_time*60*2-80)*3", -35, 0]
				},
				"tail2": {
					"rotation": ["-6.2069209863+math.sin(q.anim_time*60*2-80)*3", -27.1178, 7.92074]
				},
				"tail3": {
					"rotation": ["20+math.sin(q.anim_time*60*2-160)*6", 0, 0]
				},
				"tail4": {
					"rotation": ["22.6745767147+math.sin(q.anim_time*60*2-180)*7", -6.92618, 22.11581]
				},
				"tail5": {
					"rotation": ["17.6207597288+math.sin(q.anim_time*60*2-180)*7", 12.45167, 1.10693]
				},
				"right_thigh": {
					"rotation": ["-40+math.sin(q.anim_time*90*2)*2", 20, 0],
					"position": [0, 0.2, -2]
				},
				"right_leg": {
					"rotation": ["30+math.sin(q.anim_time*90*2)*-3", 0, 0],
					"position": [0, 0, 0.5]
				},
				"right_feet": {
					"rotation": ["7.4816+math.sin(q.anim_time*90*2)*-1.5", -0.6483, -2.4195]
				},
				"happy": {
					"position": [0, 0, 1]
				},
				"left_arm": {
					"rotation": [-6.95288, 5.54292, "18.4444-math.sin(q.anim_time*90*2-10)*6"]
				},
				"left_arm2": {
					"rotation": [80.80476, 3.59127, "28.0909-math.sin(q.anim_time*90*2-70)*4"],
					"position": [-0.3, 0, 0]
				},
				"left_thigh": {
					"rotation": ["-40+math.sin(q.anim_time*90*2)*2", -20, 0],
					"position": [0, 0.2, -2]
				},
				"left_leg": {
					"rotation": ["30+math.sin(q.anim_time*90*2)*-3", 0, 0],
					"position": [0, 0, 0.5]
				},
				"sad": {
					"position": [0, 0, 1]
				}
			}
		},
		"animation.pansear.ground_idle": {
			"loop": true,
			"bones": {
				"torso": {
					"position": [0, "0-math.sin(q.anim_time*90*2)*0.3", 0]
				},
				"head": {
					"rotation": ["0-math.sin(q.anim_time*90*2+20)*-2", 0, "0+math.sin(q.anim_time*90*1-20+180)*-1"]
				},
				"right_arm": {
					"rotation": [-6.95288, -5.54292, "-18.4444+math.sin(q.anim_time*90*2-10)*6"]
				},
				"right_arm2": {
					"rotation": [80.80476, -3.59127, "-28.0909+math.sin(q.anim_time*90*2-70)*4"],
					"position": [0.3, 0, 0]
				},
				"tail": {
					"rotation": ["-10+math.sin(q.anim_time*90*2)*4", "0+math.sin(q.anim_time*45*2)*20", 0]
				},
				"tail2": {
					"rotation": ["22.5+math.sin(q.anim_time*90*2)*5", "0+math.sin(q.anim_time*45*2)*22", 0]
				},
				"tail3": {
					"rotation": ["17.5+math.sin(q.anim_time*90*2)*6", "0+math.sin(q.anim_time*45*2)*24", 0]
				},
				"right_thigh": {
					"position": [0, 0, 0]
				},
				"left_arm": {
					"rotation": [-6.95288, 5.54292, "18.4444-math.sin(q.anim_time*90*2-10)*6"]
				},
				"left_arm2": {
					"rotation": [80.80476, 3.59127, "28.0909-math.sin(q.anim_time*90*2-70)*4"],
					"position": [-0.3, 0, 0]
				}
			}
		},
		"animation.pansear.ground_walk": {
			"loop": true,
			"animation_length": 1,
			"bones": {
				"pansage": {
					"position": [0, 0, "0+math.sin(q.anim_time*90*8+210)*0.2"]
				},
				"body": {
					"position": {
						"0.125": {
							"pre": [0, 0, 0],
							"post": [0, 0, 0],
							"lerp_mode": "catmullrom"
						},
						"0.25": {
							"post": [0, -0.25, 0],
							"lerp_mode": "catmullrom"
						},
						"0.375": {
							"post": [0, 0, 0],
							"lerp_mode": "catmullrom"
						},
						"0.625": {
							"post": [0, 0, 0],
							"lerp_mode": "catmullrom"
						},
						"0.75": {
							"post": [0, -0.25, 0],
							"lerp_mode": "catmullrom"
						},
						"0.8333": {
							"post": [0, 0, 0],
							"lerp_mode": "catmullrom"
						}
					}
				},
				"torso": {
					"rotation": ["-10+math.sin(q.anim_time*90*8+30)*2", "math.sin(q.anim_time*90*4+90)*10", "math.sin(q.anim_time*90*4+270)*3"],
					"position": [0, "0+math.sin(q.anim_time*90*8+130)*0.3", 0]
				},
				"head": {
					"rotation": ["2.5+math.sin(q.anim_time*90*8-60)*1.5", "0+math.sin(q.anim_time*90*4+0)*5", "0+math.sin(q.anim_time*90*4+0+180)*3"]
				},
				"right_arm": {
					"rotation": [-1.3332, "4.8249+math.sin(q.anim_time*90*4-90)*25", "-14.3868+math.sin(q.anim_time*90*4+0)*2.5"]
				},
				"right_arm2": {
					"rotation": [145.37624, "-13.9618+math.sin(q.anim_time*90*4-120)*20", -53.05415],
					"position": [0, 0.45, 0.4]
				},
				"tail": {
					"rotation": ["-17.5+math.sin(q.anim_time*90*8-35)*4", "math.sin(q.anim_time*90*4+30)*14", 0]
				},
				"tail2": {
					"rotation": ["27.5+math.sin(q.anim_time*90*8-65)*4", "math.sin(q.anim_time*90*4+0)*16", 0]
				},
				"tail3": {
					"rotation": ["50+math.sin(q.anim_time*90*8-95)*4", "math.sin(q.anim_time*90*4-30)*18", 0]
				},
				"right_thigh": {
					"rotation": {
						"0.0": {
							"post": [36.50677, 8.43184, 4.42536],
							"lerp_mode": "catmullrom"
						},
						"0.1667": {
							"post": [24.86042, 8.76111, 3.97209],
							"lerp_mode": "catmullrom"
						},
						"0.5": {
							"post": [-61.31845, 9.91358, 2.38565],
							"lerp_mode": "catmullrom"
						},
						"0.75": {
							"post": [1.18155, 9.91358, 2.38565],
							"lerp_mode": "catmullrom"
						},
						"1.0": {
							"post": [36.50677, 8.43184, 4.42536],
							"lerp_mode": "catmullrom"
						}
					},
					"position": {
						"0.0": {
							"post": [0, 0.5, 1],
							"lerp_mode": "catmullrom"
						},
						"0.25": {
							"post": [0, 0.75, 0.13],
							"lerp_mode": "catmullrom"
						},
						"0.5": {
							"post": [0, 0, -0.75],
							"lerp_mode": "catmullrom"
						},
						"0.75": {
							"post": [0, 0, 0],
							"lerp_mode": "catmullrom"
						},
						"0.875": {
							"post": [0, 0.75, 0.5],
							"lerp_mode": "catmullrom"
						},
						"1.0": {
							"post": [0, 0.5, 1],
							"lerp_mode": "catmullrom"
						}
					}
				},
				"right_leg": {
					"rotation": {
						"0.0": {
							"post": [15, 0, 0],
							"lerp_mode": "catmullrom"
						},
						"0.1667": {
							"post": [55, 0, 0],
							"lerp_mode": "catmullrom"
						},
						"0.3333": {
							"post": [92.5, 0, 0],
							"lerp_mode": "catmullrom"
						},
						"0.5": {
							"post": [47.5, 0, 0],
							"lerp_mode": "catmullrom"
						},
						"0.75": {
							"post": [0, 0, 0],
							"lerp_mode": "catmullrom"
						},
						"1.0": {
							"post": [15, 0, 0],
							"lerp_mode": "catmullrom"
						}
					}
				},
				"right_feet": {
					"rotation": {
						"0.0": {
							"post": [-30.4165, -7.26605, 3.29302],
							"lerp_mode": "catmullrom"
						},
						"0.25": {
							"post": [-0.4165, -7.26605, 3.29302],
							"lerp_mode": "catmullrom"
						},
						"0.5": {
							"post": [24.37394, -0.4385, 6.40588],
							"lerp_mode": "catmullrom"
						},
						"0.6667": {
							"post": [11.9438, -2.71435, 5.36826],
							"lerp_mode": "catmullrom"
						},
						"0.8333": {
							"post": [-35.48635, -4.9902, 4.33064],
							"lerp_mode": "catmullrom"
						},
						"1.0": {
							"post": [-30.4165, -7.26605, 3.29302],
							"lerp_mode": "catmullrom"
						}
					}
				},
				"right_finger": {
					"position": [-0.75, -0.5, 0]
				},
				"left_arm": {
					"rotation": [-1.33, "-4.8249+math.sin(q.anim_time*90*4-90)*25", "14.3868+math.sin(q.anim_time*90*4+0)*2.5"]
				},
				"left_arm2": {
					"rotation": [145.38, "13.9618+math.sin(q.anim_time*90*4-120)*20", 53.05],
					"position": [0, 0.45, 0.4]
				},
				"left_thigh": {
					"rotation": {
						"0.0": {
							"post": [-61.31845, -9.91358, -2.38565],
							"lerp_mode": "catmullrom"
						},
						"0.25": {
							"post": [1.18155, -9.91358, -2.38565],
							"lerp_mode": "catmullrom"
						},
						"0.5": {
							"post": [36.50677, -8.43184, -4.42536],
							"lerp_mode": "catmullrom"
						},
						"0.6667": {
							"post": [24.86042, -8.76111, -3.97209],
							"lerp_mode": "catmullrom"
						},
						"1.0": {
							"post": [-61.31845, -9.91358, -2.38565],
							"lerp_mode": "catmullrom"
						}
					},
					"position": {
						"0.0": {
							"post": [0, 0, -0.75],
							"lerp_mode": "catmullrom"
						},
						"0.25": {
							"post": [0, 0, 0],
							"lerp_mode": "catmullrom"
						},
						"0.375": {
							"post": [0, 0.75, 0.5],
							"lerp_mode": "catmullrom"
						},
						"0.5": {
							"post": [0, 0.5, 1],
							"lerp_mode": "catmullrom"
						},
						"0.75": {
							"post": [0, 0.75, 0.13],
							"lerp_mode": "catmullrom"
						},
						"1.0": {
							"post": [0, 0, -0.75],
							"lerp_mode": "catmullrom"
						}
					}
				},
				"left_leg": {
					"rotation": {
						"0.0": {
							"post": [47.5, 0, 0],
							"lerp_mode": "catmullrom"
						},
						"0.25": {
							"post": [0, 0, 0],
							"lerp_mode": "catmullrom"
						},
						"0.5": {
							"post": [15, 0, 0],
							"lerp_mode": "catmullrom"
						},
						"0.6667": {
							"post": [55, 0, 0],
							"lerp_mode": "catmullrom"
						},
						"0.8333": {
							"post": [92.5, 0, 0],
							"lerp_mode": "catmullrom"
						},
						"1.0": {
							"post": [47.5, 0, 0],
							"lerp_mode": "catmullrom"
						}
					}
				},
				"left_feet": {
					"rotation": {
						"0.0": {
							"post": [24.37394, 0.4385, -6.40588],
							"lerp_mode": "catmullrom"
						},
						"0.1667": {
							"post": [11.9438, 2.71435, -5.36826],
							"lerp_mode": "catmullrom"
						},
						"0.3333": {
							"post": [-35.48635, 4.9902, -4.33064],
							"lerp_mode": "catmullrom"
						},
						"0.5": {
							"post": [-30.4165, 7.26605, -3.29302],
							"lerp_mode": "catmullrom"
						},
						"0.75": {
							"post": [-0.4165, 7.26605, -3.29302],
							"lerp_mode": "catmullrom"
						},
						"1.0": {
							"post": [24.37394, 0.4385, -6.40588],
							"lerp_mode": "catmullrom"
						}
					}
				}
			}
		},
		"animation.pansear.sleep": {
			"loop": true,
			"bones": {
				"body": {
					"rotation": [-77.5, 0, 0]
				},
				"torso": {
					"rotation": [0, "math.sin(q.anim_time*90*2-0)*-0.5", 0]
				},
				"head": {
					"rotation": ["-10+math.sin(q.anim_time*90*1-90)*-1", 0, 0]
				},
				"right_ear": {
					"rotation": ["1-math.sin(q.anim_time*90*1-90)*-1", -12.5, 0]
				},
				"eye": {
					"position": [0, 0, 1]
				},
				"sleepy": {
					"position": [0, 0, -2]
				},
				"right_arm": {
					"rotation": [0, 0, -30]
				},
				"right_arm2": {
					"rotation": [177.58508, -0.64686, -14.98637]
				},
				"tail": {
					"rotation": [-104.33501, -4.46375, -16.93839]
				},
				"tail2": {
					"rotation": [0, -35, 0]
				},
				"tail3": {
					"rotation": ["-2.5-math.sin(q.anim_time*90*1-90)*-1", -45, 0]
				},
				"right_thigh": {
					"rotation": [-13.4936, 21.93857, -5.123]
				},
				"left_arm": {
					"rotation": [0, 0, 30]
				},
				"left_arm2": {
					"rotation": [177.58508, 0.64686, 14.98637]
				}
			}
		},
		"animation.pansear.blink": {
			"animation_length": 0.2917,
			"bones": {
				"happy": {
					"position": {
						"0.0": [0, 0, 0],
						"0.0417": [0, 0, -1],
						"0.2083": [0, 0, -1],
						"0.25": [0, 0, 0]
					}
				},
				"right_eye": {
					"position": {
						"0.0": [0, 0, 0],
						"0.0417": [0, 0, 1],
						"0.2083": [0, 0, 1],
						"0.25": [0, 0, 0]
					}
				},
				"left_eye": {
					"position": {
						"0.0": [0, 0, 0],
						"0.0417": [0, 0, 1],
						"0.2083": [0, 0, 1],
						"0.25": [0, 0, 0]
					}
				}
			}
		},
		"animation.pansear.physical": {
			"animation_length": 1.6393,
			"bones": {
				"body": {
					"rotation": {
						"0.0": [7.5, 0, 0],
						"1.6393": [7.5, 0, 0]
					}
				},
				"torso": {
					"rotation": {
						"0.0": [20, 0, 0],
						"0.2732": [0, 37.41804, 0],
						"0.3757": [0, 37.41804, 0],
						"0.6148": [3.05099, -34.96182, -1.74942],
						"1.6393": [20, 0, 0]
					},
					"position": {
						"0.0": [0, 0, 0],
						"0.2732": [0, 0, -1],
						"1.6393": [0, 0, 0]
					}
				},
				"head": {
					"rotation": {
						"0.0": [-15, 0, 0],
						"0.2732": [-27.5, 0, 0],
						"0.3757": [-27.5, 0, 0],
						"0.6148": [-15, 0, 0],
						"1.6393": [-15, 0, 0]
					}
				},
				"left_ear": {
					"rotation": {
						"0.0": [0, -20, 0],
						"1.6393": [0, -20, 0]
					}
				},
				"right_ear": {
					"rotation": {
						"0.0": [0, 2.5, 0],
						"1.6393": [0, 2.5, 0]
					}
				},
				"angry": {
					"position": {
						"0.0": [0, 0, -1],
						"1.6393": [0, 0, -1]
					}
				},
				"happy": {
					"position": {
						"0.0": [0, 0, 1],
						"1.6393": [0, 0, 1]
					}
				},
				"close": {
					"position": {
						"0.3074": [0, 0, 1],
						"0.3415": [0, 0, 0],
						"1.4344": [0, 0, 0],
						"1.4686": [0, 0, 1]
					}
				},
				"right_arm": {
					"rotation": {
						"0.0": [-6.95288, -5.54292, -18.4444],
						"0.2732": [-51.28175, 81.11656, -70.0631],
						"0.4781": [-7.03879, -10.50574, -17.8295],
						"0.6148": [48.94777, -63.90723, -73.18771],
						"1.6393": [-6.95288, -5.54292, -18.4444]
					}
				},
				"right_arm2": {
					"rotation": {
						"0.0": [80.80476, -3.59127, -28.0909],
						"0.2732": [-3.93905, -0.5016, 29.373],
						"0.5806": [-5.87551, -47.85268, 33.70158],
						"1.6393": [80.80476, -3.59127, -28.0909]
					},
					"position": {
						"0.0": [0.3, 0, 0],
						"1.6393": [0.3, 0, 0]
					}
				},
				"tail": {
					"rotation": {
						"0.0": ["math.sin(q.anim_time*60*2-80)*3", -35, 0],
						"1.6393": ["math.sin(q.anim_time*60*2-80)*3", -35, 0]
					}
				},
				"tail2": {
					"rotation": {
						"0.0": ["-6.2069209863+math.sin(q.anim_time*60*2-80)*3", -27.1178, 7.92074],
						"1.6393": ["-6.2069209863+math.sin(q.anim_time*60*2-80)*3", -27.1178, 7.92074]
					}
				},
				"tail3": {
					"rotation": {
						"0.0": ["20+math.sin(q.anim_time*60*2-160)*6", 0, 0],
						"1.6393": ["20+math.sin(q.anim_time*60*2-160)*6", 0, 0]
					}
				},
				"tail4": {
					"rotation": {
						"0.0": ["22.6745767147+math.sin(q.anim_time*60*2-180)*7", -6.92618, 22.11581],
						"1.6393": ["22.6745767147+math.sin(q.anim_time*60*2-180)*7", -6.92618, 22.11581]
					}
				},
				"left_arm": {
					"rotation": {
						"0.0": [-6.95288, 5.54292, 18.4444],
						"0.2732": [-8.48813, 35.28563, 14.1923],
						"0.6148": [-12.53562, -56.28097, 29.59748],
						"1.6393": [-6.95288, 5.54292, 18.4444]
					}
				},
				"left_arm2": {
					"rotation": {
						"0.0": [80.80476, 3.59127, 28.0909],
						"0.2732": [73.83103, 55.06001, 15.3018],
						"1.6393": [80.80476, 3.59127, 28.0909]
					},
					"position": {
						"0.0": [-0.3, 0, 0],
						"1.6393": [-0.3, 0, 0]
					}
				},
				"right_thigh": {
					"rotation": {
						"0.0": [-40, 20, 0],
						"0.2391": [-65, 20, 0],
						"0.3757": [-40, 20, 0],
						"0.6831": [-65, 20, 0],
						"0.8197": [-40, 20, 0],
						"1.127": [-40, 20, 0],
						"1.332": [-65, 20, 0],
						"1.4686": [-40, 20, 0],
						"1.6393": [-40, 20, 0]
					},
					"position": {
						"0.0": [0, 0.2, -2],
						"0.2391": [0, 0.2, -1],
						"0.3757": [0, 0.2, -1],
						"0.6831": [0, 0.2, -3],
						"0.8197": [0, 0.2, -3],
						"1.127": [0, 0.2, -3],
						"1.332": [0, 0.2, -3],
						"1.4686": [0, 0.2, -3],
						"1.6393": [0, 0.2, -2]
					}
				},
				"right_leg": {
					"rotation": {
						"0.0": [30, 0, 0],
						"1.6393": [30, 0, 0]
					},
					"position": {
						"0.0": [0, 0, 0.5],
						"1.6393": [0, 0, 0.5]
					}
				},
				"right_feet": {
					"rotation": {
						"0.0": [7.4816, -0.6483, -2.4195],
						"1.6393": [7.4816, -0.6483, -2.4195]
					}
				},
				"left_thigh": {
					"rotation": {
						"0.0": [-40, -20, 0],
						"1.6393": [-40, -20, 0]
					},
					"position": {
						"0.0": [0, 0.2, -2],
						"1.6393": [0, 0.2, -2]
					}
				},
				"left_leg": {
					"rotation": {
						"0.0": [30, 0, 0],
						"1.6393": [30, 0, 0]
					},
					"position": {
						"0.0": [0, 0, 0.5],
						"1.6393": [0, 0, 0.5]
					}
				},
				"open": {
					"position": {
						"0.4781": [0, 0, 0],
						"0.5123": [0, 0, -1],
						"1.2978": [0, 0, -1],
						"1.332": [0, 0, 0]
					}
				}
			}
		},
		"animation.pansear.special": {
			"animation_length": 3,
			"bones": {
				"body": {
					"rotation": [7.5, 0, 0]
				},
				"torso": {
					"rotation": {
						"0.0": [20, 0, 0],
						"0.0833": [-10, 0, 0],
						"0.4583": [15, 0, 0],
						"2.7083": [15, 0, 0],
						"2.875": [0, 0, 0],
						"3.0": [20, 0, 0]
					},
					"position": {
						"0.0": [0, 0, 0],
						"0.0833": [0, 1, -1],
						"0.4583": [0, 0, 2],
						"0.5833": [0, -0.1, 2],
						"0.6667": [0, 0.1, 2],
						"0.75": [0, -0.1, 2],
						"0.8333": [0, 0.2, 2],
						"0.9167": [0, -0.4, 2],
						"1.0": [0, 0.4, 2],
						"1.0833": [0, -0.4, 2],
						"1.1667": [0, 0.4, 2],
						"1.25": [0, -0.4, 2],
						"1.3333": [0, -0.4, 2],
						"1.4167": [0, 0.4, 2],
						"1.5": [0, -0.4, 2],
						"1.5833": [0, 0.4, 2],
						"1.6667": [0, -0.4, 2],
						"1.75": [0, 0.4, 2],
						"1.8333": [0, -0.4, 2],
						"1.9167": [0, -0.1, 2],
						"2.0": [0, 0.1, 2],
						"2.7083": [0, 0, 2],
						"2.875": [0, 0, 0]
					}
				},
				"head": {
					"rotation": {
						"0.0": [-15, 0, 0],
						"0.125": [-7.5, 0, 0],
						"0.2083": [-32.5, 0, 0],
						"2.8333": [-32.5, 0, 0],
						"3.0": [-15, 0, 0]
					}
				},
				"left_ear": {
					"rotation": [0, -20, 0]
				},
				"right_ear": {
					"rotation": [0, 2.5, 0]
				},
				"right_eye": {
					"position": {
						"0.2083": [0, 0, 0],
						"0.25": [0, 0, 1],
						"3.0": [0, 0, 0]
					}
				},
				"right_eye2": {
					"position": [0, 0, 1]
				},
				"left_eye": {
					"position": {
						"0.2083": [0, 0, 0],
						"0.25": [0, 0, 1],
						"3.0": [0, 0, 0]
					}
				},
				"left_eye2": {
					"position": [0, 0, 1]
				},
				"angry": {
					"position": [0, 0, -1]
				},
				"happy": {
					"position": {
						"0.0": [0, 0, 1],
						"0.1667": [0, 0, 0],
						"0.2083": [0, 0, -1],
						"0.5417": [0, 0, -1],
						"0.5833": [0, 0, 0]
					}
				},
				"shock": {
					"position": {
						"0.5417": [0, 0, 0],
						"0.5833": [0, 0, -1],
						"2.875": [0, 0, -1],
						"2.9583": [0, 0, 0]
					}
				},
				"sad": {
					"position": [0, 0, 1]
				},
				"close": {
					"position": [0, 0, 1]
				},
				"open": {
					"position": {
						"0.375": [0, 0, 0],
						"0.4583": [0, 0, -1]
					}
				},
				"right_arm": {
					"rotation": {
						"0.0": [-6.95288, -5.54292, -18.4444],
						"0.0417": [0, -36.07, -27.5],
						"0.2917": [0, 27.5, -27.5],
						"2.625": [0, 27.5, -27.5],
						"2.875": [0, 0, -27.5],
						"3.0": [-2.89633, -38.52141, -23.21611]
					}
				},
				"right_arm2": {
					"rotation": {
						"0.0": [80.80476, -3.59127, -28.0909],
						"2.875": [21.741, -17.26588, 9.15996],
						"3.0": [79.79846, -25.77857, -24.19692]
					},
					"position": [0.3, 0, 0]
				},
				"tail": {
					"rotation": ["math.sin(q.anim_time*60*2-80)*3", -35, 0]
				},
				"tail2": {
					"rotation": ["-6.2069209863+math.sin(q.anim_time*60*2-80)*3", -27.1178, 7.92074]
				},
				"tail3": {
					"rotation": ["20+math.sin(q.anim_time*60*2-160)*6", 0, 0]
				},
				"tail4": {
					"rotation": ["22.6745767147+math.sin(q.anim_time*60*2-180)*7", -6.92618, 22.11581]
				},
				"left_arm": {
					"rotation": {
						"0.0": [-6.95288, 5.54292, 18.4444],
						"0.0417": [0, 36.07, 27.5],
						"0.2917": [0, -27.5, 27.5],
						"2.625": [0, -27.5, 27.5],
						"2.875": [0, 0, 27.5],
						"3.0": [-2.89633, 38.52141, 23.21611]
					}
				},
				"left_arm2": {
					"rotation": {
						"0.0": [80.80476, 3.59127, 28.0909],
						"2.875": [21.741, 17.26588, -9.15996],
						"3.0": [79.79846, 25.77857, 24.19692]
					},
					"position": [-0.3, 0, 0]
				},
				"right_thigh": {
					"rotation": {
						"0.0": [-40, 20, 0],
						"0.2083": [5, 20, 0],
						"0.5": [0, 15, 0],
						"2.6667": [0, 15, 0],
						"2.7917": [-40, 20, 0]
					},
					"position": {
						"0.0": [0, 0.2, -2],
						"0.0833": [0, 0.2, -0.1],
						"0.2083": [0, 1, 0],
						"0.3333": [0, 1, 0],
						"0.5": [0, 0, 1],
						"2.6667": [0, 0, 1],
						"2.7917": [0, 0.2, -2]
					}
				},
				"right_leg": {
					"rotation": {
						"0.0": [30, 0, 0],
						"0.0833": [52.5, 0, 0],
						"0.1667": [52.5, 0, 0],
						"0.4583": [0, 0, 0],
						"2.875": [0, 0, 0],
						"3.0": [30, 0, 0]
					},
					"position": [0, 0, 0.5]
				},
				"right_feet": {
					"rotation": [7.4816, -0.6483, -2.4195]
				},
				"left_thigh": {
					"rotation": {
						"0.0": [-40, -20, 0],
						"0.2083": [-40, -20, 0],
						"0.5": [-82.5, -15, 0],
						"0.7917": [0, -15, 0],
						"2.875": [0, -15, 0],
						"3.0": [-40, -20, 0]
					},
					"position": {
						"0.0": [0, 0.2, -2],
						"0.2083": [0, 0.2, -0.1],
						"0.4167": [0, 0.47, 0.67],
						"0.5": [0, 0.5, 0],
						"0.7917": [0, 0, 1],
						"2.875": [0, 0, 1],
						"3.0": [0, 0.2, -2]
					}
				},
				"left_leg": {
					"rotation": {
						"0.0": [30, 0, 0],
						"0.0833": [52.5, 0, 0],
						"0.1667": [52.5, 0, 0],
						"0.4583": [0, 0, 0],
						"2.875": [0, 0, 0],
						"3.0": [30, 0, 0]
					},
					"position": [0, 0, 0.5]
				}
			}
		}
	}
}