{
	"format_version": "1.8.0",
	"animations": {
		"animation.marshtomp.ground_idle": {
			"loop": true,
			"bones": {
				"torso": {
					"rotation": ["0-math.cos(q.anim_time*90*2)*-2", "0-math.sin(q.anim_time*45*2-30)*-5", "math.cos(q.anim_time*90*2)*-0.5"]
				},
				"tail": {
					"rotation": [0, "0+math.sin(q.anim_time*90*5)*5", 0]
				},
				"head": {
					"rotation": ["0-math.cos(q.anim_time*90*2)*-2", "0-math.sin(q.anim_time*45*2)*3", 0],
					"position": [0, "math.sin(q.anim_time*90*2-30)*0.05", 0]
				},
				"twig": {
					"rotation": [0, 0, "math.cos(q.anim_time*90*1-50)*5 "]
				},
				"leaf_left": {
					"rotation": [0, "math.cos(q.anim_time*90*2)*2", "math.cos(q.anim_time*90*1-80)*5 "]
				},
				"leaf_right": {
					"rotation": [0, "math.cos(q.anim_time*90*2)*2", "math.cos(q.anim_time*90*1-80)*5 "]
				},
				"jaw": {
					"rotation": [0, 0, 0]
				},
				"fin": {
					"rotation": [0, 0, "0-math.sin(q.anim_time*45*2-30)*-5"]
				},
				"body": {
					"rotation": [0, "math.sin(q.anim_time*90*1)*0.5", "math.cos(q.anim_time*90*2)*-0.5"]
				},
				"arm_left": {
					"rotation": [0, "0-math.sin(q.anim_time*45*2-30)*-5", 55]
				},
				"tail_fin_right": {
					"rotation": [0, "0+math.sin(q.anim_time*45*5)*-2.5", 0]
				},
				"tail_fin_left": {
					"rotation": [0, "0+math.sin(q.anim_time*45*5)*2.5", 0]
				},
				"leg_right": {
					"rotation": [0, "math.sin(q.anim_time*90*1)*-0.5", "math.cos(q.anim_time*90*2)*0.5"]
				},
				"leg_left": {
					"rotation": [0, "math.sin(q.anim_time*90*1)*-0.5", "0+math.cos(q.anim_time*90*2)*0.5"]
				},
				"arm_right": {
					"rotation": [0, "0-math.sin(q.anim_time*45*2-30)*-5", -55]
				}
			}
		},
		"animation.marshtomp.ground_walk": {
			"loop": true,
			"bones": {
				"torso": {
					"rotation": ["-2.5-math.cos(q.anim_time*90*6)*1", "-math.sin(q.anim_time*90*6)*2", "math.sin(q.anim_time*90*6)*2"],
					"position": [0, -0.1, 0]
				},
				"leg_front_right": {
					"rotation": ["0-math.sin(q.anim_time*90*6)*9", 0, 0],
					"position": [0, "0+math.clamp(math.cos(q.anim_time*90*6+50)*0.7,0,1)", "0.25-math.sin(q.anim_time*90*6+50)*0.5"]
				},
				"leg_front_left": {
					"rotation": ["0-math.sin(q.anim_time*90*6+230)*9", 0, 0],
					"position": [0, "0+math.clamp(math.cos(q.anim_time*90*6+230)*0.7,0,1)", "0.25-math.sin(q.anim_time*90*6+230)*0.5"]
				},
				"leg_back_right": {
					"rotation": ["0-math.sin(q.anim_time*90*6+180)*9", 0, 0],
					"position": [0, "0+math.clamp(math.cos(q.anim_time*90*6+180)*0.6,0,1)", "0-math.sin(q.anim_time*90*6+180)*0.5"]
				},
				"leg_back_left": {
					"rotation": ["0-math.sin(q.anim_time*90*6+50)*9", 0, 0],
					"position": [0, "0+math.clamp(math.cos(q.anim_time*90*6)*0.6,0,1)", "0-math.sin(q.anim_time*90*6)*0.5"]
				},
				"head": {
					"rotation": ["-math.cos(q.anim_time*90*6*2-30)*2", 0, 0]
				},
				"tail": {
					"rotation": [0, "0-math.cos(q.anim_time*90*6*2-30)*20", 0]
				},
				"twig": {
					"rotation": ["-math.cos(q.anim_time*90*6*2-60)*2-3", 0, 0]
				},
				"leaf_left": {
					"rotation": [0, "math.cos(q.anim_time*90*6-90)*-3+math.cos(q.anim_time*90*6*2-90)*-2", "math.cos(q.anim_time*90*6-80)*5"]
				},
				"leaf_right": {
					"rotation": [0, "math.cos(q.anim_time*90*6-80)*3+math.cos(q.anim_time*90*6*2-80)*2", "math.cos(q.anim_time*90*6-80)*5 "]
				},
				"fin": {
					"rotation": [0, 0, "-math.cos(q.anim_time*90*6*2-60)*2"]
				},
				"body": {
					"rotation": ["7.5-math.cos(q.anim_time*90*6)*1", "-math.sin(q.anim_time*90*6)*2", "math.sin(q.anim_time*90*6)*2"],
					"position": [0, "0+math.sin(q.anim_time*90*6*2)*0.3", 0]
				},
				"jaw": {
					"rotation": ["math.sin(q.anim_time*90*4*2-160)*-5+5", 0, 0]
				},
				"arm_left": {
					"rotation": [0, "-math.sin(q.anim_time*90*6)*-15", 55]
				},
				"forearm_left": {
					"rotation": [0, "-math.sin(q.anim_time*90*6)*-5+30", 0]
				},
				"tail_fin_right": {
					"rotation": [0, "-math.sin(q.anim_time*90*6-30)*-15-10", 0]
				},
				"tail_fin_left": {
					"rotation": [0, "-math.sin(q.anim_time*90*6-30)*-15+10", 0]
				},
				"leg_right": {
					"rotation": ["-7.5-math.sin(q.anim_time*90*6)*9", 0, 0],
					"position": [0, "0+math.clamp(math.cos(q.anim_time*90*6+50)*0.7,0,1)", "0.05-math.sin(q.anim_time*90*6+50)*0.5"]
				},
				"leg_left": {
					"rotation": ["-7.5-math.sin(q.anim_time*90*6+230)*9", 0, 0],
					"position": [0, "0+math.clamp(math.cos(q.anim_time*90*6+230)*0.7,0,1)", "0.05-math.sin(q.anim_time*90*6+230)*0.5"]
				},
				"arm_right": {
					"rotation": [0, "-math.sin(q.anim_time*90*6)*-15", -55]
				},
				"forearm_right": {
					"rotation": [0, "-math.sin(q.anim_time*90*6)*-5-30", 0]
				}
			}
		},
		"animation.marshtomp.water_idle": {
			"loop": true,
			"bones": {
				"marshtomp": {
					"rotation": ["-math.sin(q.anim_time*90*1.5)*2", 0, 0]
				},
				"body": {
					"rotation": ["0-math.sin(q.anim_time*90*1.5)*1", 0, 0],
					"position": [0, "0+math.cos(q.anim_time*90*1.5)*0.3", 0]
				},
				"torso": {
					"rotation": ["0-math.sin(q.anim_time*90*1.5)*1", 0, 0]
				},
				"head": {
					"rotation": ["0+math.sin(q.anim_time*90*1.5)*2", 0, 0]
				},
				"arm_left": {
					"rotation": [23.14114, "8.7868+math.sin(q.anim_time*90*1.5-30)*4", 50.75352]
				},
				"forearm_left": {
					"rotation": [0, 0, "10+math.sin(q.anim_time*90*1.5-60)*2"]
				},
				"arm_right": {
					"rotation": [23.14114, "-8.7868-math.sin(q.anim_time*90*1.5-30)*4", -50.75352]
				},
				"forearm_right": {
					"rotation": [0, 0, "-10-math.sin(q.anim_time*90*1.5-60)*2"]
				},
				"tail_fin_right": {
					"rotation": [0, "-15+math.sin(q.anim_time*45*3)*-2.5", 0]
				},
				"tail_fin_left": {
					"rotation": [0, "15+math.sin(q.anim_time*45*3)*-2.5", 0]
				},
				"leg_right": {
					"rotation": ["14.79-math.sin(q.anim_time*90*1.5-30)*3", 6.49, -3.77]
				},
				"leg_left": {
					"rotation": ["14.79-math.sin(q.anim_time*90*1.5-30)*3", -6.49, 3.77]
				}
			}
		},
		"animation.marshtomp.water_swim": {
			"loop": true,
			"bones": {
				"marshtomp": {
					"rotation": ["75-math.sin(q.anim_time*90*2.5)*2", 0, "0-math.cos(q.anim_time*90*2.5-30)*1"],
					"position": [0, "0+math.cos(q.anim_time*90*2.5)*0.3", 0]
				},
				"body": {
					"position": [0, -7, 3]
				},
				"torso": {
					"rotation": ["0-math.sin(q.anim_time*90*2.5)*1", "0-math.cos(q.anim_time*90*2.5)*3", 0]
				},
				"head": {
					"rotation": ["-70-math.sin(q.anim_time*90*2.5-30)*1.5", 0, 0]
				},
				"arm_left": {
					"rotation": [0, "27.5+math.cos(q.anim_time*90*2.5-30)*8", "32-math.sin(q.anim_time*90*2.5-30)*20"]
				},
				"forearm_left": {
					"rotation": [0, "0+math.cos(q.anim_time*90*2.5-30)*4", 17.5]
				},
				"arm_right": {
					"rotation": [0, "-27.5-math.cos(q.anim_time*90*2.5-30)*8", "-32+math.sin(q.anim_time*90*2.5-30)*20"]
				},
				"forearm_right": {
					"rotation": [0, 0, "-17.5-math.cos(q.anim_time*90*2.5-30)*4"]
				},
				"tail_fin_right": {
					"rotation": ["-27.7895+math.cos(q.anim_time*90*2.5-30)*7.5", "-6.9961-math.cos(q.anim_time*90*2.5-30)*3", 2.71973],
					"position": [0, -1, 0]
				},
				"tail_fin_left": {
					"rotation": ["-27.5375-math.cos(q.anim_time*90*2.5-30)*7.5", "6.2196-math.cos(q.anim_time*90*2.5-30)*3", -4.19357],
					"position": [0, -1, 0]
				},
				"leg_right": {
					"rotation": ["12.5+math.cos(q.anim_time*90*2.5)*15", 0, 0]
				},
				"leg_left": {
					"rotation": ["12.5-math.cos(q.anim_time*90*2.5)*15", 0, 0]
				}
			}
		},
		"animation.marshtomp.sleep": {
			"loop": true,
			"bones": {
				"body": {
					"rotation": [-5, 0, 0],
					"position": [0, -2.2, 0]
				},
				"head": {
					"rotation": ["22.5+math.cos(q.anim_time*90*1-60)*2", 0, 0]
				},
				"twig": {
					"rotation": ["20+math.cos(q.anim_time*90*1-90)*5", 0, 0]
				},
				"leaf_left": {
					"rotation": [0, "22.5+math.cos(q.anim_time*90*1-120)*5", 0]
				},
				"leaf_right": {
					"rotation": [0, "-22.5-math.cos(q.anim_time*90*1-120)*5", 0]
				},
				"eyelid_left": {
					"position": [0, 0, -0.1]
				},
				"eyelid_right": {
					"position": [0, 0, -0.1]
				},
				"leg_front_right": {
					"rotation": [-90, "22+math.sin(q.anim_time*90*1-90)*2", 0],
					"position": [0, -1, 0]
				},
				"leg_front_left": {
					"rotation": [-90, "-22-math.sin(q.anim_time*90*1-90)*2", 0],
					"position": [0, -1, 0]
				},
				"leg_back_right": {
					"rotation": [90, "-22.5-math.sin(q.anim_time*90*1-90)*2", 0],
					"position": [0, -1, 0]
				},
				"leg_back_left": {
					"rotation": [90, "22.5+math.sin(q.anim_time*90*1-90)*2", 0],
					"position": [0, -1, 0]
				},
				"torso": {
					"rotation": ["0+math.cos(q.anim_time*90*1-90)*1", 0, "0+math.sin(q.anim_time*90*1-90)*1"]
				},
				"tail": {
					"rotation": [0, "0+math.cos(q.anim_time*90*1-90)*10", 0]
				},
				"atenna_left": {
					"rotation": [0, "22.5+math.cos(q.anim_time*90*1-120)*5", 0]
				},
				"atenna_right": {
					"rotation": [0, "-22.5-math.cos(q.anim_time*90*1-120)*5", 0]
				},
				"fin": {
					"rotation": ["20+math.cos(q.anim_time*90*1-90)*5", 0, 0]
				},
				"arm_left": {
					"rotation": [0, "-5+math.cos(q.anim_time*90*1-90)*2", 55]
				},
				"forearm_left": {
					"rotation": [0, 0, -12.5]
				},
				"tail_fin_right": {
					"rotation": [0, "0+math.cos(q.anim_time*90*1-90)*-2.5-5", 0]
				},
				"tail_fin_left": {
					"rotation": [0, "0+math.cos(q.anim_time*90*1-90)*2.5+5", 0]
				},
				"leg_right": {
					"rotation": [-77.24194, 24.97457, 1.16524]
				},
				"leg_left": {
					"rotation": [-77.24194, -24.97457, -1.16524]
				},
				"arm_right": {
					"rotation": [0, "5+math.cos(q.anim_time*90*1-90)*2", -55]
				},
				"forearm_right": {
					"rotation": [0, 0, 12.5]
				}
			}
		},
		"animation.marshtomp.blink": {
			"animation_length": 0.1667,
			"bones": {
				"eyelid_left": {
					"position": {
						"0.0": [0, 0, -0.1],
						"0.125": [0, 0, -0.1],
						"0.1667": [0, 0, 0]
					}
				},
				"eyelid_right": {
					"position": {
						"0.0": [0, 0, -0.1],
						"0.125": [0, 0, -0.1],
						"0.1667": [0, 0, 0]
					}
				}
			}
		},
		"animation.marshtomp.cry": {
			"animation_length": 1.6,
			"bones": {
				"torso": {
					"rotation": {
						"0.0": {
							"post": [0, 0, 0],
							"lerp_mode": "catmullrom"
						},
						"0.08": {
							"post": [12.5, 0, 0],
							"lerp_mode": "catmullrom"
						},
						"0.28": {
							"post": [-2.5, 0, 0],
							"lerp_mode": "catmullrom"
						},
						"0.56": {
							"post": [-2.5, 0, 0],
							"lerp_mode": "catmullrom"
						},
						"1.2": {
							"post": [0, 0, 0],
							"lerp_mode": "catmullrom"
						}
					},
					"position": {
						"0.0": {
							"post": [0, 0, 0],
							"lerp_mode": "catmullrom"
						},
						"0.08": {
							"post": [0, 0, -0.2],
							"lerp_mode": "catmullrom"
						},
						"0.28": {
							"post": [0, 0, 0.1],
							"lerp_mode": "catmullrom"
						},
						"1.2": {
							"post": [0, 0, 0],
							"lerp_mode": "catmullrom"
						}
					}
				},
				"head": {
					"rotation": {
						"0.0": {
							"post": [0, 0, 0],
							"lerp_mode": "catmullrom"
						},
						"0.08": {
							"post": [20, 0, 0],
							"lerp_mode": "catmullrom"
						},
						"0.28": {
							"post": [-17.5, 0, 0],
							"lerp_mode": "catmullrom"
						},
						"0.72": {
							"post": [-22.5, 0, 0],
							"lerp_mode": "catmullrom"
						},
						"1.2": {
							"post": [0, 0, 0],
							"lerp_mode": "catmullrom"
						}
					}
				},
				"jaw": {
					"rotation": {
						"0.08": {
							"pre": [0, 0, 0],
							"post": [0, 0, 0],
							"lerp_mode": "catmullrom"
						},
						"0.28": {
							"post": [25, 0, 0],
							"lerp_mode": "catmullrom"
						},
						"0.56": {
							"post": [30, 0, 0],
							"lerp_mode": "catmullrom"
						},
						"1.2": {
							"post": [0, 0, 0],
							"lerp_mode": "catmullrom"
						}
					},
					"position": {
						"0.08": {
							"pre": [0, 0, 0],
							"post": [0, 0, 0],
							"lerp_mode": "catmullrom"
						},
						"0.28": {
							"post": [0, 0.2, 0.3],
							"lerp_mode": "catmullrom"
						},
						"0.56": {
							"post": [0, 0.2, 0.3],
							"lerp_mode": "catmullrom"
						},
						"1.2": {
							"post": [0, 0, 0],
							"lerp_mode": "catmullrom"
						}
					}
				}
			},
			"sound_effects": {
				"0.16": {
					"effect": "marshtomp"
				}
			}
		}
	}
}