{
	"format_version": "1.8.0",
	"animations": {
		"animation.zygarde.pose": {
			"loop": true,
			"bones": {
				"body": {
					"position": [0, 1.5, 0]
				},
				"torso": {
					"rotation": [-95, 0, 0],
					"position": [0, -8, -1]
				},
				"bone": {
					"rotation": [5, 0, 0]
				},
				"chest": {
					"rotation": [24.69157, 3.81024, -9.25249]
				},
				"neck": {
					"rotation": [30, 0, 0]
				},
				"neck2": {
					"rotation": [20, 0, 0]
				},
				"head": {
					"rotation": [21.33945, -11.37799, -13.38511]
				},
				"bone3": {
					"rotation": [20, 0, 0]
				},
				"bone4": {
					"rotation": [55, 0, 0]
				},
				"bone5": {
					"rotation": [38.95658, 24.1782, 18.32252]
				},
				"bone6": {
					"rotation": [-10.47479, 17.22575, -3.13388]
				},
				"bone7": {
					"rotation": [-15.69284, 16.88547, -4.6653]
				},
				"bone13": {
					"rotation": [22.5, 0, 0]
				},
				"bone14": {
					"rotation": [-2.5, 0, 0]
				},
				"bone15": {
					"rotation": [17.5, 0, 0]
				}
			}
		},
		"animation.zygarde.special": {
			"animation_length": 3.75,
			"bones": {
				"body": {
					"position": [0, 1.5, 0]
				},
				"torso": {
					"rotation": {
						"0.0": {
							"post": [-95, 0, 0],
							"lerp_mode": "catmullrom"
						},
						"0.375": {
							"post": [-82.5, 0, 0],
							"lerp_mode": "catmullrom"
						},
						"0.7917": {
							"post": [-95, 0, 0],
							"lerp_mode": "catmullrom"
						},
						"2.75": {
							"post": [-95, 0, 0],
							"lerp_mode": "catmullrom"
						},
						"3.25": {
							"post": [-95, 0, 0],
							"lerp_mode": "catmullrom"
						},
						"3.75": {
							"post": [-95, 0, 0],
							"lerp_mode": "catmullrom"
						}
					},
					"position": {
						"0.0": {
							"post": [0, -8, -1],
							"lerp_mode": "catmullrom"
						},
						"0.375": {
							"post": [0, -7.25, -3.6],
							"lerp_mode": "catmullrom"
						},
						"0.7917": {
							"post": [0, -5.25, 1.9],
							"lerp_mode": "catmullrom"
						},
						"2.75": {
							"post": [0, -5.25, 1.9],
							"lerp_mode": "catmullrom"
						},
						"3.25": {
							"post": [0, -8, -1],
							"lerp_mode": "catmullrom"
						},
						"3.75": {
							"post": [0, -8, -1],
							"lerp_mode": "catmullrom"
						}
					}
				},
				"bone": {
					"rotation": {
						"0.0": {
							"post": [5, 0, 0],
							"lerp_mode": "catmullrom"
						},
						"0.375": {
							"post": [15, 0, 0],
							"lerp_mode": "catmullrom"
						},
						"0.7917": {
							"post": [15, 0, 0],
							"lerp_mode": "catmullrom"
						},
						"2.75": {
							"post": [15, 0, 0],
							"lerp_mode": "catmullrom"
						},
						"3.25": {
							"post": [5, 0, 0],
							"lerp_mode": "catmullrom"
						},
						"3.75": {
							"post": [5, 0, 0],
							"lerp_mode": "catmullrom"
						}
					}
				},
				"chest": {
					"rotation": {
						"0.0": {
							"post": [24.96264, -0.39738, -0.1747],
							"lerp_mode": "catmullrom"
						},
						"0.375": {
							"post": [29.28798, -0.39738, -0.1747],
							"lerp_mode": "catmullrom"
						},
						"0.7917": {
							"post": [7.46264, -0.39738, -0.1747],
							"lerp_mode": "catmullrom"
						},
						"2.75": {
							"post": [7.46264, -0.39738, -0.1747],
							"lerp_mode": "catmullrom"
						},
						"3.25": {
							"post": [24.96264, -0.39738, -0.1747],
							"lerp_mode": "catmullrom"
						},
						"3.75": {
							"post": [24.96264, -0.39738, -0.1747],
							"lerp_mode": "catmullrom"
						}
					}
				},
				"neck": {
					"rotation": {
						"0.0": {
							"post": [30, 0, 0],
							"lerp_mode": "catmullrom"
						},
						"0.375": {
							"post": [32.5, 0, 0],
							"lerp_mode": "catmullrom"
						},
						"0.7917": {
							"post": [32.5, 0, 0],
							"lerp_mode": "catmullrom"
						},
						"2.75": {
							"post": [32.5, 0, 0],
							"lerp_mode": "catmullrom"
						},
						"3.25": {
							"post": [30, 0, 0],
							"lerp_mode": "catmullrom"
						},
						"3.75": {
							"post": [30, 0, 0],
							"lerp_mode": "catmullrom"
						}
					}
				},
				"neck2": {
					"rotation": {
						"0.0": {
							"post": [20, 0, 0],
							"lerp_mode": "catmullrom"
						},
						"0.25": {
							"post": [10.47, 0, 0],
							"lerp_mode": "catmullrom"
						},
						"0.7917": {
							"post": [7.5, 0, 0],
							"lerp_mode": "catmullrom"
						},
						"2.75": {
							"post": [7.5, 0, 0],
							"lerp_mode": "catmullrom"
						},
						"3.0417": {
							"post": [5.04, 0, 0],
							"lerp_mode": "catmullrom"
						},
						"3.25": {
							"post": [20, 0, 0],
							"lerp_mode": "catmullrom"
						},
						"3.75": {
							"post": [20, 0, 0],
							"lerp_mode": "catmullrom"
						}
					}
				},
				"head": {
					"rotation": {
						"0.0": {
							"post": [20.02701, -1.63985, -1.88729],
							"lerp_mode": "catmullrom"
						},
						"0.1667": {
							"post": [-2.545, -1.63985, -1.88729],
							"lerp_mode": "catmullrom"
						},
						"0.375": {
							"post": [25.02701, -1.63985, -1.88729],
							"lerp_mode": "catmullrom"
						},
						"0.7917": {
							"post": [20.02701, -1.63985, -1.88729],
							"lerp_mode": "catmullrom"
						},
						"2.75": {
							"post": [20.02701, -1.63985, -1.88729],
							"lerp_mode": "catmullrom"
						},
						"3.0417": {
							"post": [17.52701, -1.63985, -1.88729],
							"lerp_mode": "catmullrom"
						},
						"3.25": {
							"post": [20.02701, -1.63985, -1.88729],
							"lerp_mode": "catmullrom"
						},
						"3.75": {
							"post": [20.02701, -1.63985, -1.88729],
							"lerp_mode": "catmullrom"
						}
					}
				},
				"bone3": {
					"rotation": {
						"0.0": {
							"post": [20, 0, 0],
							"lerp_mode": "catmullrom"
						},
						"0.375": {
							"post": [10, 0, 0],
							"lerp_mode": "catmullrom"
						},
						"0.7917": {
							"post": [10, 0, 0],
							"lerp_mode": "catmullrom"
						},
						"2.75": {
							"post": [10, 0, 0],
							"lerp_mode": "catmullrom"
						},
						"3.25": {
							"post": [20, 0, 0],
							"lerp_mode": "catmullrom"
						},
						"3.75": {
							"post": [20, 0, 0],
							"lerp_mode": "catmullrom"
						}
					}
				},
				"bone4": {
					"rotation": {
						"0.0": {
							"post": [55, 0, 0],
							"lerp_mode": "catmullrom"
						},
						"0.7917": {
							"post": [55, 0, 0],
							"lerp_mode": "catmullrom"
						},
						"2.75": {
							"post": [55, 0, 0],
							"lerp_mode": "catmullrom"
						},
						"3.25": {
							"post": [55, 0, 0],
							"lerp_mode": "catmullrom"
						},
						"3.75": {
							"post": [55, 0, 0],
							"lerp_mode": "catmullrom"
						}
					}
				},
				"bone5": {
					"rotation": {
						"0.0": {
							"post": [35, 0, 0],
							"lerp_mode": "catmullrom"
						},
						"0.3333": {
							"post": [31.52, 0, 0],
							"lerp_mode": "catmullrom"
						},
						"0.7917": {
							"post": [45, 0, 0],
							"lerp_mode": "catmullrom"
						},
						"2.75": {
							"post": [45, 0, 0],
							"lerp_mode": "catmullrom"
						},
						"3.25": {
							"post": [35, 0, 0],
							"lerp_mode": "catmullrom"
						},
						"3.75": {
							"post": [35, 0, 0],
							"lerp_mode": "catmullrom"
						}
					}
				},
				"bone6": {
					"rotation": {
						"0.0": {
							"post": [-10, 0, 0],
							"lerp_mode": "catmullrom"
						},
						"0.3333": {
							"post": [7.5, 0, 0],
							"lerp_mode": "catmullrom"
						},
						"0.7917": {
							"post": [-10, 0, 0],
							"lerp_mode": "catmullrom"
						},
						"2.75": {
							"post": [-10, 0, 0],
							"lerp_mode": "catmullrom"
						},
						"3.25": {
							"post": [-10, 0, 0],
							"lerp_mode": "catmullrom"
						},
						"3.75": {
							"post": [-10, 0, 0],
							"lerp_mode": "catmullrom"
						}
					}
				},
				"bone7": {
					"rotation": {
						"0.0": {
							"post": [-15, 0, 0],
							"lerp_mode": "catmullrom"
						},
						"0.7917": {
							"post": [-15, 0, 0],
							"lerp_mode": "catmullrom"
						},
						"1.2083": {
							"post": [7.5, 0, 0],
							"lerp_mode": "catmullrom"
						},
						"2.75": {
							"post": [-15, 0, 0],
							"lerp_mode": "catmullrom"
						},
						"3.25": {
							"post": [-15, 0, 0],
							"lerp_mode": "catmullrom"
						},
						"3.75": {
							"post": [-15, 0, 0],
							"lerp_mode": "catmullrom"
						}
					}
				},
				"bone13": {
					"rotation": [22.5, 0, 0]
				},
				"bone14": {
					"rotation": {
						"0.0": [0, 0, 0],
						"0.5833": [0, 0, 0],
						"0.7917": [0, "0-Math.cos((query.anim_time) * 90 * 48 - 90) * -2", 0],
						"2.8333": [0, 0, 0],
						"3.3333": [0, 0, 0],
						"3.75": [0, 0, 0]
					}
				},
				"bone15": {
					"rotation": {
						"0.0": {
							"post": [17.5, 0, 0],
							"lerp_mode": "catmullrom"
						},
						"0.7917": {
							"post": [17.5, 0, 0],
							"lerp_mode": "catmullrom"
						},
						"2.75": {
							"post": [17.5, 0, 0],
							"lerp_mode": "catmullrom"
						},
						"3.25": {
							"post": [17.5, 0, 0],
							"lerp_mode": "catmullrom"
						},
						"3.75": {
							"post": [17.5, 0, 0],
							"lerp_mode": "catmullrom"
						}
					}
				},
				"bone27": {
					"rotation": {
						"0.0": [0, 0, 0],
						"0.5833": [0, 0, 0],
						"0.7917": [0, "0-Math.cos((query.anim_time) * 90 * 48 - 90) * -2", 0],
						"2.8333": [0, 0, 0],
						"3.3333": [0, 0, 0],
						"3.75": [0, 0, 0]
					}
				},
				"bone28": {
					"rotation": {
						"0.0": [0, 0, 0],
						"0.5833": [0, 0, 0],
						"0.7917": [0, "0+Math.cos((query.anim_time) * 90 * 48 - 90) * -2", 0],
						"2.8333": [0, 0, 0],
						"3.3333": [0, 0, 0],
						"3.75": [0, 0, 0]
					}
				},
				"bone29": {
					"rotation": {
						"0.0": [0, 0, 0],
						"0.5833": [0, 0, 0],
						"0.7917": [0, "0-Math.cos((query.anim_time) * 90 * 48 - 150) * -4", 0],
						"2.8333": [0, 0, 0],
						"3.3333": [0, 0, 0],
						"3.75": [0, 0, 0]
					}
				},
				"bone30": {
					"rotation": {
						"0.0": [0, 0, 0],
						"0.5833": [0, 0, 0],
						"0.7917": [0, "0+Math.cos((query.anim_time) * 90 * 48 - 150) * -4", 0],
						"2.8333": [0, 0, 0],
						"3.3333": [0, 0, 0],
						"3.75": [0, 0, 0]
					}
				}
			}
		},
		"animation.zygarde.pose2": {
			"loop": true,
			"bones": {
				"body": {
					"position": [0, 1.5, 0]
				},
				"torso": {
					"rotation": [-95, 0, 0],
					"position": [0, -8, -1]
				},
				"bone": {
					"rotation": [5, 0, 0]
				},
				"chest": {
					"rotation": [24.69157, 3.81024, -9.25249]
				},
				"neck": {
					"rotation": [30, 0, 0]
				},
				"neck2": {
					"rotation": [20, 0, 0]
				},
				"head": {
					"rotation": [21.33945, -11.37799, -13.38511]
				},
				"bone3": {
					"rotation": [20, 0, 0]
				},
				"bone4": {
					"rotation": [55, 0, 0]
				},
				"bone5": {
					"rotation": [38.95658, 24.1782, 18.32252]
				},
				"bone6": {
					"rotation": [-10.47479, 17.22575, -3.13388]
				},
				"bone7": {
					"rotation": [-15.69284, 16.88547, -4.6653]
				},
				"bone13": {
					"rotation": [22.5, 0, 0]
				},
				"bone14": {
					"rotation": [-2.5, 0, 0]
				},
				"bone15": {
					"rotation": [17.5, 0, 0]
				},
				"zygarde": {
					"scale": 1.2
				}
			}
		},
		"animation.zygarde.ground_idle": {
			"loop": true,
			"bones": {
				"body": {
					"position": [0, 1.5, 0]
				},
				"torso": {
					"rotation": [-95, 0, 0],
					"position": [0, -8, -1]
				},
				"bone": {
					"rotation": ["5+math.sin(q.anim_time*90*1)*2", 0, 0]
				},
				"chest": {
					"rotation": ["24.9626369837+math.sin(q.anim_time*90*1-90)*3", -0.39738, -0.1747]
				},
				"neck": {
					"rotation": ["30+math.sin(q.anim_time*90*1-90)*3", 0, 0]
				},
				"neck2": {
					"rotation": [20, 0, 0]
				},
				"head": {
					"rotation": ["12.1689540552+math.sin(q.anim_time*90*1-90)*3", 0, 0.02898]
				},
				"bone3": {
					"rotation": [20, 0, 0]
				},
				"bone4": {
					"rotation": [55, 0, 0]
				},
				"bone5": {
					"rotation": ["35+math.sin(q.anim_time*90*1)*8", 0, 0]
				},
				"bone6": {
					"rotation": ["-10+math.sin(q.anim_time*90*1-100)*8", 0, 0]
				},
				"bone7": {
					"rotation": ["2.5+math.sin(q.anim_time*90*1-100)*8", 0, 0]
				},
				"bone13": {
					"rotation": ["22.5+math.sin(q.anim_time*90*1-150)*8+math.sin(q.anim_time*90*1-150)*15", 0, 0]
				},
				"bone14": {
					"rotation": [-2.5, 0, 0]
				},
				"bone15": {
					"rotation": [17.5, 0, 0]
				}
			}
		},
		"animation.zygarde.ground_walk": {
			"loop": true,
			"bones": {
				"body": {
					"position": [0, 1.5, -8]
				},
				"torso": {
					"rotation": ["-77.5+math.sin(q.anim_time*90*2)*3", 0, 0],
					"position": [0, -8, -1]
				},
				"bone": {
					"rotation": ["5+math.sin(q.anim_time*90*2)*2", 0, 0]
				},
				"chest": {
					"rotation": ["24.9626369837+math.sin(q.anim_time*90*2-90)*3", -0.39738, -0.1747]
				},
				"neck": {
					"rotation": ["30+math.sin(q.anim_time*90*2-90)*3", 0, 0]
				},
				"neck2": {
					"rotation": [20, 0, 0]
				},
				"head": {
					"rotation": ["12.1689540552+math.sin(q.anim_time*90*2-90)*3", 0, 0.02898]
				},
				"bone3": {
					"rotation": [20, 0, 0]
				},
				"bone4": {
					"rotation": ["40-math.sin(q.anim_time*90*2)*3", 0, 0]
				},
				"bone5": {
					"rotation": ["27.5+math.sin(q.anim_time*90*1)*8", 0, 0]
				},
				"bone6": {
					"rotation": ["-10+math.sin(q.anim_time*90*1-100)*8", 0, 0]
				},
				"bone7": {
					"rotation": ["2.5+math.sin(q.anim_time*90*1-100)*8", 0, 0]
				},
				"bone13": {
					"rotation": ["22.5+math.sin(q.anim_time*90*1-150)*8+math.sin(q.anim_time*90*1-150)*15", 0, 0]
				},
				"bone14": {
					"rotation": [-2.5, 0, 0]
				},
				"bone15": {
					"rotation": [17.5, 0, 0]
				}
			}
		},
		"animation.zygarde.quirk_shake": {
			"animation_length": 3,
			"bones": {
				"bone": {
					"rotation": {
						"0.0": {
							"post": [0, 0, 0],
							"lerp_mode": "catmullrom"
						},
						"0.6667": {
							"post": [10, 0, 0],
							"lerp_mode": "catmullrom"
						},
						"1.9167": {
							"post": [10, 0, 0],
							"lerp_mode": "catmullrom"
						},
						"2.5833": {
							"post": [0, 0, 0],
							"lerp_mode": "catmullrom"
						},
						"3.0": {
							"post": [0, 0, 0],
							"lerp_mode": "catmullrom"
						}
					}
				},
				"chest": {
					"rotation": {
						"0.0": {
							"post": [0, 0, 0],
							"lerp_mode": "catmullrom"
						},
						"0.6667": {
							"post": [2.5, 0, 0],
							"lerp_mode": "catmullrom"
						},
						"1.9167": {
							"post": [2.5, 0, 0],
							"lerp_mode": "catmullrom"
						},
						"2.5833": {
							"post": [0, 0, 0],
							"lerp_mode": "catmullrom"
						},
						"3.0": {
							"post": [0, 0, 0],
							"lerp_mode": "catmullrom"
						}
					}
				},
				"bone14": {
					"rotation": {
						"0.0": [0, 0, 0],
						"0.75": [0, 0, 0],
						"0.9583": [0, "0-Math.cos((query.anim_time) * 90 * 48 - 90) * -2", 0],
						"1.9583": [0, 0, 0],
						"2.5833": [0, 0, 0],
						"3.0": [0, 0, 0]
					}
				},
				"bone27": {
					"rotation": {
						"0.0": [0, 0, 0],
						"0.75": [0, 0, 0],
						"0.9583": [0, "0-Math.cos((query.anim_time) * 90 * 48 - 90) * -2", 0],
						"1.9583": [0, 0, 0],
						"2.5833": [0, 0, 0],
						"3.0": [0, 0, 0]
					}
				},
				"bone28": {
					"rotation": {
						"0.0": [0, 0, 0],
						"0.75": [0, 0, 0],
						"0.9583": [0, "0+Math.cos((query.anim_time) * 90 * 48 - 90) * -2", 0],
						"1.9583": [0, 0, 0],
						"2.5833": [0, 0, 0],
						"3.0": [0, 0, 0]
					}
				},
				"bone29": {
					"rotation": {
						"0.0": [0, 0, 0],
						"0.75": [0, 0, 0],
						"0.9583": [0, "0-Math.cos((query.anim_time) * 90 * 48 - 150) * -4", 0],
						"1.9583": [0, 0, 0],
						"2.5833": [0, 0, 0],
						"3.0": [0, 0, 0]
					}
				},
				"bone30": {
					"rotation": {
						"0.0": [0, 0, 0],
						"0.75": [0, 0, 0],
						"0.9583": [0, "0+Math.cos((query.anim_time) * 90 * 48 - 150) * -4", 0],
						"1.9583": [0, 0, 0],
						"2.5833": [0, 0, 0],
						"3.0": [0, 0, 0]
					}
				},
				"neck": {
					"rotation": {
						"0.0": {
							"post": [0, 0, 0],
							"lerp_mode": "catmullrom"
						},
						"0.6667": {
							"post": [12.5, 0, 0],
							"lerp_mode": "catmullrom"
						},
						"1.9167": {
							"post": [12.5, 0, 0],
							"lerp_mode": "catmullrom"
						},
						"2.1667": {
							"post": [15.68, 0, 0],
							"lerp_mode": "catmullrom"
						},
						"2.5833": {
							"post": [0, 0, 0],
							"lerp_mode": "catmullrom"
						},
						"3.0": {
							"post": [0, 0, 0],
							"lerp_mode": "catmullrom"
						}
					}
				},
				"head": {
					"rotation": {
						"0.0": {
							"post": [0, 0, 0],
							"lerp_mode": "catmullrom"
						},
						"0.2917": {
							"post": [-12.48336, -1.64954, 2.05153],
							"lerp_mode": "catmullrom"
						},
						"0.9583": {
							"post": [9.57172, -6.27383, 7.80275],
							"lerp_mode": "catmullrom"
						},
						"1.9583": {
							"post": [9.57172, -6.27383, 7.80275],
							"lerp_mode": "catmullrom"
						},
						"2.5833": {
							"post": [0, 0, 0],
							"lerp_mode": "catmullrom"
						},
						"3.0": {
							"post": [0, 0, 0],
							"lerp_mode": "catmullrom"
						}
					}
				}
			}
		},
		"animation.zygarde.recoil": {
			"animation_length": 1.5417,
			"bones": {
				"chest": {
					"rotation": {
						"0.0": {
							"post": [0, 0, 0],
							"lerp_mode": "catmullrom"
						},
						"0.1667": {
							"post": [5, 0, 0],
							"lerp_mode": "catmullrom"
						},
						"0.375": {
							"post": [0, 0, 0],
							"lerp_mode": "catmullrom"
						},
						"0.875": {
							"post": [0, 0, 0],
							"lerp_mode": "catmullrom"
						},
						"1.2917": {
							"post": [0, 0, 0],
							"lerp_mode": "catmullrom"
						}
					}
				},
				"neck": {
					"rotation": {
						"0.0": {
							"post": [0, 0, 0],
							"lerp_mode": "catmullrom"
						},
						"0.1667": {
							"post": [8.33, 0, 0],
							"lerp_mode": "catmullrom"
						},
						"0.375": {
							"post": [-15, 0, 0],
							"lerp_mode": "catmullrom"
						},
						"0.875": {
							"post": [0, 0, 0],
							"lerp_mode": "catmullrom"
						},
						"1.2917": {
							"post": [0, 0, 0],
							"lerp_mode": "catmullrom"
						}
					}
				},
				"head": {
					"rotation": {
						"0.0": {
							"post": [0, 0, 0],
							"lerp_mode": "catmullrom"
						},
						"0.1667": {
							"post": [10, 0, 0],
							"lerp_mode": "catmullrom"
						},
						"0.375": {
							"post": [-2.84864, 4.44381, -8.96739],
							"lerp_mode": "catmullrom"
						},
						"0.875": {
							"post": [0, 0, 0],
							"lerp_mode": "catmullrom"
						},
						"1.2917": {
							"post": [0, 0, 0],
							"lerp_mode": "catmullrom"
						}
					}
				}
			}
		},
		"animation.zygarde.physical": {
			"animation_length": 2.75,
			"bones": {
				"body": {
					"position": {
						"0.0": {
							"post": [0, 1.5, 0],
							"lerp_mode": "catmullrom"
						},
						"0.875": {
							"post": [0, -0.5, 4],
							"lerp_mode": "catmullrom"
						},
						"1.1667": {
							"post": [0, -2.5, -4],
							"lerp_mode": "catmullrom"
						},
						"1.375": {
							"post": [0, -2.5, -4],
							"lerp_mode": "catmullrom"
						},
						"2.375": {
							"post": [0, 1.5, 0],
							"lerp_mode": "catmullrom"
						},
						"2.75": {
							"post": [0, 1.5, 0],
							"lerp_mode": "catmullrom"
						}
					}
				},
				"torso": {
					"rotation": {
						"0.0": {
							"post": [-95, 0, 0],
							"lerp_mode": "catmullrom"
						},
						"0.875": {
							"post": [-106.54514, -9.06524, -12.0012],
							"lerp_mode": "catmullrom"
						},
						"1.1667": {
							"post": [-57.411, -8.403, 3.25155],
							"lerp_mode": "catmullrom"
						},
						"2.375": {
							"post": [-95, 0, 0],
							"lerp_mode": "catmullrom"
						},
						"2.75": {
							"post": [-95, 0, 0],
							"lerp_mode": "catmullrom"
						}
					},
					"position": {
						"0.0": {
							"post": [0, -8, -1],
							"lerp_mode": "catmullrom"
						},
						"0.875": {
							"post": [0, -8, -1],
							"lerp_mode": "catmullrom"
						},
						"1.1667": {
							"post": [-3, -8, -14],
							"lerp_mode": "catmullrom"
						},
						"2.375": {
							"post": [0, -8, -1],
							"lerp_mode": "catmullrom"
						},
						"2.75": {
							"post": [0, -8, -1],
							"lerp_mode": "catmullrom"
						}
					}
				},
				"bone": {
					"rotation": {
						"0.0": {
							"post": [5, 0, 0],
							"lerp_mode": "catmullrom"
						},
						"0.875": {
							"post": [5.17544, 14.94159, 1.3378],
							"lerp_mode": "catmullrom"
						},
						"1.1667": {
							"post": [5.17544, -14.94159, -1.3378],
							"lerp_mode": "catmullrom"
						},
						"1.375": {
							"post": [5.3191, -19.92066, -1.81693],
							"lerp_mode": "catmullrom"
						},
						"2.375": {
							"post": [5, 0, 0],
							"lerp_mode": "catmullrom"
						},
						"2.75": {
							"post": [5, 0, 0],
							"lerp_mode": "catmullrom"
						}
					}
				},
				"chest": {
					"rotation": {
						"0.0": {
							"post": [24.96264, -0.39738, -0.1747],
							"lerp_mode": "catmullrom"
						},
						"0.875": {
							"post": [41.22342, 12.93584, 11.25521],
							"lerp_mode": "catmullrom"
						},
						"1.1667": {
							"post": [41.81951, -15.58436, -13.35757],
							"lerp_mode": "catmullrom"
						},
						"1.375": {
							"post": [31.76444, -26.36354, -20.15092],
							"lerp_mode": "catmullrom"
						},
						"2.375": {
							"post": [24.96264, -0.39738, -0.1747],
							"lerp_mode": "catmullrom"
						},
						"2.75": {
							"post": [24.96264, -0.39738, -0.1747],
							"lerp_mode": "catmullrom"
						}
					}
				},
				"bone14": {
					"rotation": {
						"0.0": {
							"post": [0, 0, 0],
							"lerp_mode": "catmullrom"
						},
						"2.375": {
							"post": [0, 0, 0],
							"lerp_mode": "catmullrom"
						},
						"2.75": {
							"post": [0, 0, 0],
							"lerp_mode": "catmullrom"
						}
					}
				},
				"bone27": {
					"rotation": {
						"0.0": {
							"post": [0, 0, 0],
							"lerp_mode": "catmullrom"
						},
						"2.375": {
							"post": [0, 0, 0],
							"lerp_mode": "catmullrom"
						},
						"2.75": {
							"post": [0, 0, 0],
							"lerp_mode": "catmullrom"
						}
					}
				},
				"bone28": {
					"rotation": {
						"0.0": {
							"post": [0, 0, 0],
							"lerp_mode": "catmullrom"
						},
						"2.375": {
							"post": [0, 0, 0],
							"lerp_mode": "catmullrom"
						},
						"2.75": {
							"post": [0, 0, 0],
							"lerp_mode": "catmullrom"
						}
					}
				},
				"bone29": {
					"rotation": {
						"0.0": {
							"post": [0, 0, 0],
							"lerp_mode": "catmullrom"
						},
						"2.375": {
							"post": [0, 0, 0],
							"lerp_mode": "catmullrom"
						},
						"2.75": {
							"post": [0, 0, 0],
							"lerp_mode": "catmullrom"
						}
					}
				},
				"bone30": {
					"rotation": {
						"0.0": {
							"post": [0, 0, 0],
							"lerp_mode": "catmullrom"
						},
						"2.375": {
							"post": [0, 0, 0],
							"lerp_mode": "catmullrom"
						},
						"2.75": {
							"post": [0, 0, 0],
							"lerp_mode": "catmullrom"
						}
					}
				},
				"neck": {
					"rotation": {
						"0.0": {
							"post": [30, 0, 0],
							"lerp_mode": "catmullrom"
						},
						"0.2917": {
							"post": [18.80008, 6.09874, 6.27359],
							"lerp_mode": "catmullrom"
						},
						"0.9167": {
							"post": [34.39983, 17.66354, 18.30484],
							"lerp_mode": "catmullrom"
						},
						"1.1667": {
							"post": [32.26498, -16.3882, -15.63367],
							"lerp_mode": "catmullrom"
						},
						"1.375": {
							"post": [17.26498, -16.3882, -15.63367],
							"lerp_mode": "catmullrom"
						},
						"1.7917": {
							"post": [3.74993, -9.89172, -9.4363],
							"lerp_mode": "catmullrom"
						},
						"2.375": {
							"post": [30, 0, 0],
							"lerp_mode": "catmullrom"
						},
						"2.75": {
							"post": [30, 0, 0],
							"lerp_mode": "catmullrom"
						}
					}
				},
				"neck2": {
					"rotation": {
						"0.0": {
							"post": [20, 0, 0],
							"lerp_mode": "catmullrom"
						},
						"0.7083": {
							"post": [10.79018, -18.22319, 11.39884],
							"lerp_mode": "catmullrom"
						},
						"0.9167": {
							"post": [8.51311, 14.30207, 3.74684],
							"lerp_mode": "catmullrom"
						},
						"1.1667": {
							"post": [0, 0, 0],
							"lerp_mode": "catmullrom"
						},
						"1.375": {
							"post": [0, 0, 0],
							"lerp_mode": "catmullrom"
						},
						"2.375": {
							"post": [20, 0, 0],
							"lerp_mode": "catmullrom"
						},
						"2.75": {
							"post": [20, 0, 0],
							"lerp_mode": "catmullrom"
						}
					}
				},
				"head": {
					"rotation": {
						"0.0": {
							"post": [20.02701, -1.63985, -1.88729],
							"lerp_mode": "catmullrom"
						},
						"0.7083": {
							"post": [16.85642, -9.56104, 22.7737],
							"lerp_mode": "catmullrom"
						},
						"0.9167": {
							"post": [16.71093, -20.17507, 15.28382],
							"lerp_mode": "catmullrom"
						},
						"1.1667": {
							"post": [-9.97299, -1.63985, -1.88729],
							"lerp_mode": "catmullrom"
						},
						"1.375": {
							"post": [-9.97299, -1.63985, -1.88729],
							"lerp_mode": "catmullrom"
						},
						"1.7917": {
							"post": [24.41937, -1.63985, -1.88729],
							"lerp_mode": "catmullrom"
						},
						"2.375": {
							"post": [20.02701, -1.63985, -1.88729],
							"lerp_mode": "catmullrom"
						},
						"2.75": {
							"post": [20.02701, -1.63985, -1.88729],
							"lerp_mode": "catmullrom"
						}
					}
				},
				"bone15": {
					"rotation": {
						"0.0": {
							"post": [17.5, 0, 0],
							"lerp_mode": "catmullrom"
						},
						"0.875": {
							"post": [17.93662, -13.41539, 0.94643],
							"lerp_mode": "catmullrom"
						},
						"1.1667": {
							"post": [17.48722, 2.00276, 5.43293],
							"lerp_mode": "catmullrom"
						},
						"2.375": {
							"post": [17.5, 0, 0],
							"lerp_mode": "catmullrom"
						},
						"2.75": {
							"post": [17.5, 0, 0],
							"lerp_mode": "catmullrom"
						}
					}
				},
				"bone3": {
					"rotation": {
						"0.0": {
							"post": [20, 0, 0],
							"lerp_mode": "catmullrom"
						},
						"0.875": {
							"post": [20, 0, 0],
							"lerp_mode": "catmullrom"
						},
						"1.1667": {
							"post": [20.44582, 11.73507, 4.3361],
							"lerp_mode": "catmullrom"
						},
						"1.375": {
							"post": [20.44582, 11.73507, 4.3361],
							"lerp_mode": "catmullrom"
						},
						"2.375": {
							"post": [20, 0, 0],
							"lerp_mode": "catmullrom"
						},
						"2.75": {
							"post": [20, 0, 0],
							"lerp_mode": "catmullrom"
						}
					}
				},
				"bone4": {
					"rotation": {
						"0.0": {
							"post": [55, 0, 0],
							"lerp_mode": "catmullrom"
						},
						"0.875": {
							"post": [72.5, 0, 0],
							"lerp_mode": "catmullrom"
						},
						"1.1667": {
							"post": [30.02363, -2.16489, -1.2506],
							"lerp_mode": "catmullrom"
						},
						"1.375": {
							"post": [40.57789, -3.26249, -3.93644],
							"lerp_mode": "catmullrom"
						},
						"2.375": {
							"post": [55, 0, 0],
							"lerp_mode": "catmullrom"
						},
						"2.75": {
							"post": [55, 0, 0],
							"lerp_mode": "catmullrom"
						}
					}
				},
				"bone5": {
					"rotation": {
						"0.0": {
							"post": [35, 0, 0],
							"lerp_mode": "catmullrom"
						},
						"0.875": {
							"post": [30, 0, 0],
							"lerp_mode": "catmullrom"
						},
						"1.1667": {
							"post": [10, 0, 0],
							"lerp_mode": "catmullrom"
						},
						"1.375": {
							"post": [12.5, 0, 0],
							"lerp_mode": "catmullrom"
						},
						"2.375": {
							"post": [35, 0, 0],
							"lerp_mode": "catmullrom"
						},
						"2.75": {
							"post": [35, 0, 0],
							"lerp_mode": "catmullrom"
						}
					}
				},
				"bone6": {
					"rotation": {
						"0.0": {
							"post": [-10, 0, 0],
							"lerp_mode": "catmullrom"
						},
						"0.875": {
							"post": [-10, 0, 0],
							"lerp_mode": "catmullrom"
						},
						"1.1667": {
							"post": [-2.57327, -5.10202, -0.74819],
							"lerp_mode": "catmullrom"
						},
						"1.6667": {
							"post": [-14.97071, 5.00891, -0.88821],
							"lerp_mode": "catmullrom"
						},
						"2.375": {
							"post": [-10, 0, 0],
							"lerp_mode": "catmullrom"
						},
						"2.75": {
							"post": [-10, 0, 0],
							"lerp_mode": "catmullrom"
						}
					}
				},
				"bone7": {
					"rotation": {
						"0.0": {
							"post": [-15, 0, 0],
							"lerp_mode": "catmullrom"
						},
						"0.875": {
							"post": [-15, 0, 0],
							"lerp_mode": "catmullrom"
						},
						"1.1667": {
							"post": [-0.12564, -12.7569, -1.90823],
							"lerp_mode": "catmullrom"
						},
						"2.375": {
							"post": [-15, 0, 0],
							"lerp_mode": "catmullrom"
						},
						"2.75": {
							"post": [-15, 0, 0],
							"lerp_mode": "catmullrom"
						}
					}
				},
				"bone13": {
					"rotation": {
						"0.0": {
							"post": [22.5, 0, 0],
							"lerp_mode": "catmullrom"
						},
						"0.875": {
							"post": [22.5, 0, 0],
							"lerp_mode": "catmullrom"
						},
						"1.1667": {
							"post": [7.5, 0, 0],
							"lerp_mode": "catmullrom"
						},
						"2.375": {
							"post": [22.5, 0, 0],
							"lerp_mode": "catmullrom"
						},
						"2.75": {
							"post": [22.5, 0, 0],
							"lerp_mode": "catmullrom"
						}
					}
				}
			}
		},
		"animation.zygarde.faint": {
			"animation_length": 5,
			"bones": {
				"torso": {
					"rotation": {
						"0.0": {
							"post": [-95, 0, 0],
							"lerp_mode": "catmullrom"
						},
						"0.5": {
							"post": [-110, 0, 0],
							"lerp_mode": "catmullrom"
						},
						"1.75": {
							"post": [-110, 0, 0],
							"lerp_mode": "catmullrom"
						},
						"2.2917": {
							"post": [-35, 0, 0],
							"lerp_mode": "catmullrom"
						},
						"2.5": {
							"post": [2.2, 0, 0],
							"lerp_mode": "catmullrom"
						},
						"2.625": {
							"post": [12.5, 0, 0],
							"lerp_mode": "catmullrom"
						},
						"2.75": {
							"post": [12.5, 0, 0],
							"lerp_mode": "catmullrom"
						}
					},
					"position": {
						"0.0": [0, -8, -1],
						"0.5": [0, -8, 5],
						"1.2917": [0, -3, 11],
						"1.75": [0, -3, 11],
						"2.2917": {
							"pre": [0, -8, -16],
							"post": [0, -8, -16],
							"lerp_mode": "catmullrom"
						},
						"2.5": {
							"post": [0, -19, -23],
							"lerp_mode": "catmullrom"
						},
						"2.625": [0, -22, -23],
						"2.7083": {"pre": [0, -22, -23], "post": [0, -24, -23]},
						"2.75": {"pre": [0, -24, -23], "post": [0, -22, -23]}
					}
				},
				"bone": {
					"rotation": {
						"0.0": {
							"post": [5, 0, 0],
							"lerp_mode": "catmullrom"
						},
						"0.5": {
							"post": [22.5, 0, 0],
							"lerp_mode": "catmullrom"
						},
						"1.75": {
							"post": [22.5, 0, 0],
							"lerp_mode": "catmullrom"
						},
						"2.2917": {
							"post": [5, 0, 0],
							"lerp_mode": "catmullrom"
						},
						"2.5": {
							"post": [-7.5, 0, 0],
							"lerp_mode": "catmullrom"
						},
						"2.625": {
							"post": [0, 0, 0],
							"lerp_mode": "catmullrom"
						},
						"2.75": {
							"post": [10, 0, 0],
							"lerp_mode": "catmullrom"
						}
					}
				},
				"chest": {
					"rotation": {
						"0.0": {
							"post": [24.96264, -0.39738, -0.1747],
							"lerp_mode": "catmullrom"
						},
						"0.5": {
							"post": [9.96264, -0.39738, -0.1747],
							"lerp_mode": "catmullrom"
						},
						"0.875": {
							"post": [13.77818, 5.3506, -1.31546],
							"lerp_mode": "catmullrom"
						},
						"1.25": {
							"post": [32.25837, -7.18412, -13.07707],
							"lerp_mode": "catmullrom"
						},
						"1.75": {
							"post": [19.96264, -0.39738, -0.1747],
							"lerp_mode": "catmullrom"
						},
						"2.2917": {
							"post": [-7.53736, -0.39738, -0.1747],
							"lerp_mode": "catmullrom"
						},
						"2.5": {
							"post": [-15.03736, -0.39738, -0.1747],
							"lerp_mode": "catmullrom"
						},
						"2.625": {
							"post": [-15.03736, -0.39738, -0.1747],
							"lerp_mode": "catmullrom"
						},
						"2.75": {
							"post": [-10.03736, -0.39738, -0.1747],
							"lerp_mode": "catmullrom"
						}
					}
				},
				"bone14": {
					"rotation": {
						"0.0": {
							"post": [0, 0, 0],
							"lerp_mode": "catmullrom"
						}
					}
				},
				"bone27": {
					"rotation": {
						"0.0": {
							"post": [0, 0, 0],
							"lerp_mode": "catmullrom"
						}
					}
				},
				"bone28": {
					"rotation": {
						"0.0": {
							"post": [0, 0, 0],
							"lerp_mode": "catmullrom"
						}
					}
				},
				"bone29": {
					"rotation": {
						"0.0": {
							"post": [0, 0, 0],
							"lerp_mode": "catmullrom"
						}
					}
				},
				"bone30": {
					"rotation": {
						"0.0": {
							"post": [0, 0, 0],
							"lerp_mode": "catmullrom"
						}
					}
				},
				"neck": {
					"rotation": {
						"0.0": {
							"post": [30, 0, 0],
							"lerp_mode": "catmullrom"
						},
						"0.5": {
							"post": [22.5, 0, 0],
							"lerp_mode": "catmullrom"
						},
						"0.875": {
							"post": [25.59349, 9.17129, 5.94849],
							"lerp_mode": "catmullrom"
						},
						"1.25": {
							"post": [38.69441, -12.84894, -15.45779],
							"lerp_mode": "catmullrom"
						},
						"1.5": {
							"post": [46.87131, -8.94286, -10.75862],
							"lerp_mode": "catmullrom"
						},
						"1.75": {
							"post": [22.5, 0, 0],
							"lerp_mode": "catmullrom"
						},
						"2.2917": {
							"post": [10, 0, 0],
							"lerp_mode": "catmullrom"
						},
						"2.625": {
							"post": [5, 0, 0],
							"lerp_mode": "catmullrom"
						},
						"2.75": {
							"post": [5, 0, 0],
							"lerp_mode": "catmullrom"
						}
					}
				},
				"neck2": {
					"rotation": {
						"0.0": {
							"post": [20, 0, 0],
							"lerp_mode": "catmullrom"
						},
						"0.875": {
							"post": [15.68578, 11.31749, 5.16281],
							"lerp_mode": "catmullrom"
						},
						"2.2917": {
							"post": [-5, 0, 0],
							"lerp_mode": "catmullrom"
						},
						"2.625": {
							"post": [-5.07558, -0.86717, 9.96271],
							"lerp_mode": "catmullrom"
						},
						"2.75": {
							"post": [-5.07558, -0.86717, 9.96271],
							"lerp_mode": "catmullrom"
						}
					}
				},
				"head": {
					"rotation": {
						"0.0": {
							"post": [20.02701, -1.63985, -1.88729],
							"lerp_mode": "catmullrom"
						},
						"0.25": {
							"post": [-7.47299, -1.63985, -1.88729],
							"lerp_mode": "catmullrom"
						},
						"0.5": {
							"post": [32.52701, -1.63985, -1.88729],
							"lerp_mode": "catmullrom"
						},
						"0.875": {
							"post": [34.88948, 2.77424, 7.96922],
							"lerp_mode": "catmullrom"
						},
						"1.25": {
							"post": [30.71133, -12.11846, -19.07204],
							"lerp_mode": "catmullrom"
						},
						"1.5": {
							"post": [28.7833, -8.93296, -13.84788],
							"lerp_mode": "catmullrom"
						},
						"1.75": {
							"post": [32.52701, -1.63985, -1.88729],
							"lerp_mode": "catmullrom"
						},
						"2.2917": {
							"post": [-19.97299, -1.63985, -1.88729],
							"lerp_mode": "catmullrom"
						},
						"2.625": {
							"post": [-20.87321, -4.26984, 15.4387],
							"lerp_mode": "catmullrom"
						},
						"2.75": {
							"post": [-20.87321, -4.26984, 15.4387],
							"lerp_mode": "catmullrom"
						}
					}
				},
				"bone15": {
					"rotation": {
						"0.0": {
							"post": [17.5, 0, 0],
							"lerp_mode": "catmullrom"
						},
						"2.625": {
							"post": [2.5, 0, 0],
							"lerp_mode": "catmullrom"
						},
						"3.0": {
							"post": [2.5, 0, 0],
							"lerp_mode": "catmullrom"
						}
					}
				},
				"bone3": {
					"rotation": {
						"0.0": {
							"post": [20, 0, 0],
							"lerp_mode": "catmullrom"
						},
						"2.625": {
							"post": [2.5, 0, 0],
							"lerp_mode": "catmullrom"
						},
						"2.75": {
							"post": [2.5, 0, 0],
							"lerp_mode": "catmullrom"
						}
					}
				},
				"bone4": {
					"rotation": {
						"0.0": {
							"post": [55, 0, 0],
							"lerp_mode": "catmullrom"
						},
						"0.5": {
							"post": [72.5, 0, 0],
							"lerp_mode": "catmullrom"
						},
						"1.75": {
							"post": [72.5, 0, 0],
							"lerp_mode": "catmullrom"
						},
						"2.2917": {
							"post": [37.5, 0, 0],
							"lerp_mode": "catmullrom"
						},
						"2.625": {
							"post": [5, 0, 0],
							"lerp_mode": "catmullrom"
						},
						"3.0": {
							"post": [0, 0, 0],
							"lerp_mode": "catmullrom"
						}
					}
				},
				"bone5": {
					"rotation": {
						"0.0": {
							"post": [35, 0, 0],
							"lerp_mode": "catmullrom"
						},
						"0.5": {
							"post": [27.5, 0, 0],
							"lerp_mode": "catmullrom"
						},
						"1.75": {
							"post": [27.5, 0, 0],
							"lerp_mode": "catmullrom"
						},
						"2.2917": {
							"post": [37.5, 0, 0],
							"lerp_mode": "catmullrom"
						},
						"2.625": {
							"post": [12.5, 0, 0],
							"lerp_mode": "catmullrom"
						},
						"3.0": {
							"post": [0, 0, 0],
							"lerp_mode": "catmullrom"
						}
					}
				},
				"bone6": {
					"rotation": {
						"0.0": {
							"post": [-10, 0, 0],
							"lerp_mode": "catmullrom"
						},
						"0.5": {
							"post": [12.5, 0, 0],
							"lerp_mode": "catmullrom"
						},
						"1.75": {
							"post": [25, 0, 0],
							"lerp_mode": "catmullrom"
						},
						"2.625": {
							"post": [10, 0, 0],
							"lerp_mode": "catmullrom"
						},
						"3.0": {
							"post": [-2.5, 0, 0],
							"lerp_mode": "catmullrom"
						}
					}
				},
				"bone7": {
					"rotation": {
						"0.0": {
							"post": [-15, 0, 0],
							"lerp_mode": "catmullrom"
						},
						"0.5": {
							"post": [7.5, 0, 0],
							"lerp_mode": "catmullrom"
						},
						"1.75": {
							"post": [7.5, 0, 0],
							"lerp_mode": "catmullrom"
						},
						"2.625": {
							"post": [12.5, 0, 0],
							"lerp_mode": "catmullrom"
						},
						"3.0": {
							"post": [-2.5, 0, 0],
							"lerp_mode": "catmullrom"
						}
					}
				},
				"bone13": {
					"rotation": {
						"0.0": {
							"post": [22.5, 0, 0],
							"lerp_mode": "catmullrom"
						}
					}
				}
			}
		},
		"animation.zygarde.cry": {
			"animation_length": 3.75,
			"bones": {
				"body": {
					"position": [0, 1.5, 0]
				},
				"torso": {
					"rotation": {
						"0.0": {
							"post": [-95, 0, 0],
							"lerp_mode": "catmullrom"
						},
						"0.375": {
							"post": [-82.5, 0, 0],
							"lerp_mode": "catmullrom"
						},
						"0.7917": {
							"post": [-95, 0, 0],
							"lerp_mode": "catmullrom"
						},
						"2.75": {
							"post": [-95, 0, 0],
							"lerp_mode": "catmullrom"
						},
						"3.25": {
							"post": [-95, 0, 0],
							"lerp_mode": "catmullrom"
						},
						"3.75": {
							"post": [-95, 0, 0],
							"lerp_mode": "catmullrom"
						}
					},
					"position": {
						"0.0": {
							"post": [0, -8, -1],
							"lerp_mode": "catmullrom"
						},
						"0.375": {
							"post": [0, -7.25, -3.6],
							"lerp_mode": "catmullrom"
						},
						"0.7917": {
							"post": [0, -5.25, 1.9],
							"lerp_mode": "catmullrom"
						},
						"2.75": {
							"post": [0, -5.25, 1.9],
							"lerp_mode": "catmullrom"
						},
						"3.25": {
							"post": [0, -8, -1],
							"lerp_mode": "catmullrom"
						},
						"3.75": {
							"post": [0, -8, -1],
							"lerp_mode": "catmullrom"
						}
					}
				},
				"bone": {
					"rotation": {
						"0.0": {
							"post": [5, 0, 0],
							"lerp_mode": "catmullrom"
						},
						"0.375": {
							"post": [15, 0, 0],
							"lerp_mode": "catmullrom"
						},
						"0.7917": {
							"post": [15, 0, 0],
							"lerp_mode": "catmullrom"
						},
						"2.75": {
							"post": [15, 0, 0],
							"lerp_mode": "catmullrom"
						},
						"3.25": {
							"post": [5, 0, 0],
							"lerp_mode": "catmullrom"
						},
						"3.75": {
							"post": [5, 0, 0],
							"lerp_mode": "catmullrom"
						}
					}
				},
				"chest": {
					"rotation": {
						"0.0": {
							"post": [24.96264, -0.39738, -0.1747],
							"lerp_mode": "catmullrom"
						},
						"0.375": {
							"post": [29.28798, -0.39738, -0.1747],
							"lerp_mode": "catmullrom"
						},
						"0.7917": {
							"post": [7.46264, -0.39738, -0.1747],
							"lerp_mode": "catmullrom"
						},
						"2.75": {
							"post": [7.46264, -0.39738, -0.1747],
							"lerp_mode": "catmullrom"
						},
						"3.25": {
							"post": [24.96264, -0.39738, -0.1747],
							"lerp_mode": "catmullrom"
						},
						"3.75": {
							"post": [24.96264, -0.39738, -0.1747],
							"lerp_mode": "catmullrom"
						}
					}
				},
				"neck": {
					"rotation": {
						"0.0": {
							"post": [30, 0, 0],
							"lerp_mode": "catmullrom"
						},
						"0.375": {
							"post": [32.5, 0, 0],
							"lerp_mode": "catmullrom"
						},
						"0.7917": {
							"post": [32.5, 0, 0],
							"lerp_mode": "catmullrom"
						},
						"2.75": {
							"post": [32.5, 0, 0],
							"lerp_mode": "catmullrom"
						},
						"3.25": {
							"post": [30, 0, 0],
							"lerp_mode": "catmullrom"
						},
						"3.75": {
							"post": [30, 0, 0],
							"lerp_mode": "catmullrom"
						}
					}
				},
				"neck2": {
					"rotation": {
						"0.0": {
							"post": [20, 0, 0],
							"lerp_mode": "catmullrom"
						},
						"0.25": {
							"post": [10.47, 0, 0],
							"lerp_mode": "catmullrom"
						},
						"0.7917": {
							"post": [7.5, 0, 0],
							"lerp_mode": "catmullrom"
						},
						"2.75": {
							"post": [7.5, 0, 0],
							"lerp_mode": "catmullrom"
						},
						"3.0417": {
							"post": [5.04, 0, 0],
							"lerp_mode": "catmullrom"
						},
						"3.25": {
							"post": [20, 0, 0],
							"lerp_mode": "catmullrom"
						},
						"3.75": {
							"post": [20, 0, 0],
							"lerp_mode": "catmullrom"
						}
					}
				},
				"head": {
					"rotation": {
						"0.0": {
							"post": [20.02701, -1.63985, -1.88729],
							"lerp_mode": "catmullrom"
						},
						"0.1667": {
							"post": [-2.545, -1.63985, -1.88729],
							"lerp_mode": "catmullrom"
						},
						"0.375": {
							"post": [25.02701, -1.63985, -1.88729],
							"lerp_mode": "catmullrom"
						},
						"0.7917": {
							"post": [20.02701, -1.63985, -1.88729],
							"lerp_mode": "catmullrom"
						},
						"2.75": {
							"post": [20.02701, -1.63985, -1.88729],
							"lerp_mode": "catmullrom"
						},
						"3.0417": {
							"post": [17.52701, -1.63985, -1.88729],
							"lerp_mode": "catmullrom"
						},
						"3.25": {
							"post": [20.02701, -1.63985, -1.88729],
							"lerp_mode": "catmullrom"
						},
						"3.75": {
							"post": [20.02701, -1.63985, -1.88729],
							"lerp_mode": "catmullrom"
						}
					}
				},
				"bone3": {
					"rotation": {
						"0.0": {
							"post": [20, 0, 0],
							"lerp_mode": "catmullrom"
						},
						"0.375": {
							"post": [10, 0, 0],
							"lerp_mode": "catmullrom"
						},
						"0.7917": {
							"post": [10, 0, 0],
							"lerp_mode": "catmullrom"
						},
						"2.75": {
							"post": [10, 0, 0],
							"lerp_mode": "catmullrom"
						},
						"3.25": {
							"post": [20, 0, 0],
							"lerp_mode": "catmullrom"
						},
						"3.75": {
							"post": [20, 0, 0],
							"lerp_mode": "catmullrom"
						}
					}
				},
				"bone4": {
					"rotation": {
						"0.0": {
							"post": [55, 0, 0],
							"lerp_mode": "catmullrom"
						},
						"0.7917": {
							"post": [55, 0, 0],
							"lerp_mode": "catmullrom"
						},
						"2.75": {
							"post": [55, 0, 0],
							"lerp_mode": "catmullrom"
						},
						"3.25": {
							"post": [55, 0, 0],
							"lerp_mode": "catmullrom"
						},
						"3.75": {
							"post": [55, 0, 0],
							"lerp_mode": "catmullrom"
						}
					}
				},
				"bone5": {
					"rotation": {
						"0.0": {
							"post": [35, 0, 0],
							"lerp_mode": "catmullrom"
						},
						"0.3333": {
							"post": [31.52, 0, 0],
							"lerp_mode": "catmullrom"
						},
						"0.7917": {
							"post": [45, 0, 0],
							"lerp_mode": "catmullrom"
						},
						"2.75": {
							"post": [45, 0, 0],
							"lerp_mode": "catmullrom"
						},
						"3.25": {
							"post": [35, 0, 0],
							"lerp_mode": "catmullrom"
						},
						"3.75": {
							"post": [35, 0, 0],
							"lerp_mode": "catmullrom"
						}
					}
				},
				"bone6": {
					"rotation": {
						"0.0": {
							"post": [-10, 0, 0],
							"lerp_mode": "catmullrom"
						},
						"0.3333": {
							"post": [7.5, 0, 0],
							"lerp_mode": "catmullrom"
						},
						"0.7917": {
							"post": [-10, 0, 0],
							"lerp_mode": "catmullrom"
						},
						"2.75": {
							"post": [-10, 0, 0],
							"lerp_mode": "catmullrom"
						},
						"3.25": {
							"post": [-10, 0, 0],
							"lerp_mode": "catmullrom"
						},
						"3.75": {
							"post": [-10, 0, 0],
							"lerp_mode": "catmullrom"
						}
					}
				},
				"bone7": {
					"rotation": {
						"0.0": {
							"post": [-15, 0, 0],
							"lerp_mode": "catmullrom"
						},
						"0.7917": {
							"post": [-15, 0, 0],
							"lerp_mode": "catmullrom"
						},
						"1.2083": {
							"post": [7.5, 0, 0],
							"lerp_mode": "catmullrom"
						},
						"2.75": {
							"post": [-15, 0, 0],
							"lerp_mode": "catmullrom"
						},
						"3.25": {
							"post": [-15, 0, 0],
							"lerp_mode": "catmullrom"
						},
						"3.75": {
							"post": [-15, 0, 0],
							"lerp_mode": "catmullrom"
						}
					}
				},
				"bone13": {
					"rotation": [22.5, 0, 0]
				},
				"bone14": {
					"rotation": {
						"0.0": [0, 0, 0],
						"0.5833": [0, 0, 0],
						"0.7917": [0, "0-Math.cos((query.anim_time) * 90 * 48 - 90) * -2", 0],
						"2.8333": [0, 0, 0],
						"3.3333": [0, 0, 0],
						"3.75": [0, 0, 0]
					}
				},
				"bone15": {
					"rotation": {
						"0.0": {
							"post": [17.5, 0, 0],
							"lerp_mode": "catmullrom"
						},
						"0.7917": {
							"post": [17.5, 0, 0],
							"lerp_mode": "catmullrom"
						},
						"2.75": {
							"post": [17.5, 0, 0],
							"lerp_mode": "catmullrom"
						},
						"3.25": {
							"post": [17.5, 0, 0],
							"lerp_mode": "catmullrom"
						},
						"3.75": {
							"post": [17.5, 0, 0],
							"lerp_mode": "catmullrom"
						}
					}
				},
				"bone27": {
					"rotation": {
						"0.0": [0, 0, 0],
						"0.5833": [0, 0, 0],
						"0.7917": [0, "0-Math.cos((query.anim_time) * 90 * 48 - 90) * -2", 0],
						"2.8333": [0, 0, 0],
						"3.3333": [0, 0, 0],
						"3.75": [0, 0, 0]
					}
				},
				"bone28": {
					"rotation": {
						"0.0": [0, 0, 0],
						"0.5833": [0, 0, 0],
						"0.7917": [0, "0+Math.cos((query.anim_time) * 90 * 48 - 90) * -2", 0],
						"2.8333": [0, 0, 0],
						"3.3333": [0, 0, 0],
						"3.75": [0, 0, 0]
					}
				},
				"bone29": {
					"rotation": {
						"0.0": [0, 0, 0],
						"0.5833": [0, 0, 0],
						"0.7917": [0, "0-Math.cos((query.anim_time) * 90 * 48 - 150) * -4", 0],
						"2.8333": [0, 0, 0],
						"3.3333": [0, 0, 0],
						"3.75": [0, 0, 0]
					}
				},
				"bone30": {
					"rotation": {
						"0.0": [0, 0, 0],
						"0.5833": [0, 0, 0],
						"0.7917": [0, "0+Math.cos((query.anim_time) * 90 * 48 - 150) * -4", 0],
						"2.8333": [0, 0, 0],
						"3.3333": [0, 0, 0],
						"3.75": [0, 0, 0]
					}
				}
			},
			"sound_effects": {
				"0.4583": {
					"effect": "pokemon.zygarde.cry"
				}
			}
		}
	}
}