{"format_version":"1.10.0","particle_effect":{"description":{"identifier":"cobblemon:acid_splash","basic_render_parameters":{"material":"particles_alpha","texture":"textures/particles/acid_splash"}},"components":{"minecraft:emitter_rate_instant":{"num_particles":1},"minecraft:emitter_lifetime_once":{"active_time":1},"minecraft:emitter_shape_point":{"direction":["math.random(-0.6,0.6)",1,"math.random(-0.6,0.6)"]},"minecraft:particle_lifetime_expression":{"max_lifetime":1},"minecraft:particle_initial_speed":2,"minecraft:particle_motion_dynamic":{"linear_acceleration":[0,-5,0],"linear_drag_coefficient":2},"minecraft:particle_appearance_billboard":{"size":[0.15,0.15],"facing_camera_mode":"rotate_xyz","uv":{"texture_width":24,"texture_height":8,"uv":["math.floor(variable.particle_random_2 * 3) * 8",0],"uv_size":[8,8]}},"minecraft:particle_motion_collision":{"expire_on_contact":true}}}}