{"format_version":"1.10.0","particle_effect":{"description":{"identifier":"cobblemon:acid_drip","basic_render_parameters":{"material":"particles_alpha","texture":"textures/particles/acid_drip"}},"curves":{"variable.size":{"type":"linear","input":"v.particle_age","horizontal_range":"v.particle_lifetime","nodes":[0,1,1,1,1,1,1,1,1,1,1,1,1,1]}},"events":{"event_splash":{"particle_effect":{"effect":"cobblemon:acid_splash","type":"particle"}}},"components":{"minecraft:emitter_rate_steady":{"spawn_rate":12,"max_particles":"math.random(1,3)"},"minecraft:emitter_lifetime_expression":{"activation_expression":1},"minecraft:emitter_shape_sphere":{"radius":"q.entity_size","direction":"outwards"},"minecraft:particle_lifetime_expression":{"max_lifetime":6},"minecraft:particle_lifetime_events":{"expiration_event":"event_splash"},"minecraft:particle_initial_speed":0,"minecraft:particle_motion_dynamic":{"linear_acceleration":[0,-2,0]},"minecraft:particle_appearance_billboard":{"size":["0.15 * variable.size","0.15 * variable.size"],"facing_camera_mode":"rotate_xyz","uv":{"texture_width":24,"texture_height":8,"uv":["math.floor(v.particle_random_2*3)*8",0],"uv_size":[8,8]}},"minecraft:particle_motion_collision":{"collision_radius":0.1,"expire_on_contact":true}}}}