{"format_version":"1.10.0","particle_effect":{"description":{"identifier":"cobblemon:altered_confetti","basic_render_parameters":{"material":"particles_alpha","texture":"textures/particles/particles"}},"components":{"minecraft:emitter_local_space":{"position":true,"rotation":true},"minecraft:emitter_rate_instant":{"num_particles":60},"minecraft:emitter_lifetime_once":{"active_time":2},"minecraft:emitter_shape_box":{"half_dimensions":[0.1,0.1,0.1],"direction":"inwards"},"minecraft:particle_lifetime_expression":{"max_lifetime":"math.random(0,1) + 0.5"},"minecraft:particle_initial_spin":{"rotation":"math.random(0,359)","rotation_rate":10},"minecraft:particle_initial_speed":2,"minecraft:particle_motion_dynamic":{"linear_acceleration":[0,"5 - (variable.particle_age * 20)","-70 - (variable.particle_age * 60)"],"linear_drag_coefficient":2,"rotation_acceleration":2,"rotation_drag_coefficient":20},"minecraft:particle_appearance_billboard":{"size":[0.03,0.03],"facing_camera_mode":"rotate_xyz","uv":{"texture_width":128,"texture_height":128,"uv":[24,96],"uv_size":[8,8]}},"minecraft:particle_motion_collision":{"collision_radius":0.1,"expire_on_contact":true},"minecraft:particle_appearance_tinting":{"color":[0.15686,0.11765,0.11765,1]}}}}