{"format_version":"1.10.0","particle_effect":{"description":{"identifier":"cobblemon:confetti","basic_render_parameters":{"material":"particles_alpha","texture":"textures/blocks/wool_colored_white"}},"curves":{"variable.spewpa":{"type":"linear","input":"variable.particle_random_2","horizontal_range":1,"nodes":[1,1,1,-0.41,-0.41,-0.41,0.5,0.5,0.5]}},"components":{"minecraft:emitter_rate_instant":{"num_particles":30},"minecraft:emitter_lifetime_once":{"active_time":2},"minecraft:emitter_shape_box":{"offset":[0,0.1,0],"half_dimensions":[0.1,0.1,0.1],"direction":"outwards"},"minecraft:particle_lifetime_expression":{"max_lifetime":2},"minecraft:particle_initial_spin":{"rotation":"math.random(0,359)","rotation_rate":10},"minecraft:particle_initial_speed":5,"minecraft:particle_motion_dynamic":{"linear_acceleration":[0,-3,0],"linear_drag_coefficient":2,"rotation_acceleration":2,"rotation_drag_coefficient":20},"minecraft:particle_appearance_billboard":{"size":[0.03,0.03],"facing_camera_mode":"rotate_xyz","uv":{"texture_width":16,"texture_height":16,"uv":[0,0],"uv_size":[16,16]}},"minecraft:particle_appearance_tinting":{"color":{"interpolant":"variable.spewpa","gradient":{"0.0":"#FFC7504B","0.12":"#FFC7504B","0.13":"#FFB7AC7B","0.78":"#FFB7AC7B","0.8":"#FF2A2A2A","1.0":"#FF2A2A2A"}}}}}}