{
	"format_version": "1.10.0",
	"particle_effect": {
		"description": {
			"identifier": "cobblemon:dromijinn_smoke_head_shiny",
			"basic_render_parameters": {
				"material": "particles_alpha",
				"texture": "textures/particles/bubbles_shiny"
			}
		},
		"components": {
			"minecraft:emitter_rate_steady": {
				"spawn_rate": 10,
				"max_particles": 20
			},
			"minecraft:emitter_lifetime_looping": {
				"active_time": 600
			},
			"minecraft:emitter_shape_point": {},
			"minecraft:particle_lifetime_expression": {
				"max_lifetime": 2
			},
			"minecraft:particle_initial_spin": {
				"rotation": "0+math.random(0,180)",
				"rotation_rate": "0+math.random(-90,90)"
			},
			"minecraft:particle_initial_speed": 3,
			"minecraft:particle_motion_dynamic": {
				"linear_acceleration": [0, 10, -5],
				"linear_drag_coefficient": "5+math.random(0,20)"
			},
			"minecraft:particle_appearance_billboard": {
				"size": [0.2, 0.2],
				"facing_camera_mode": "rotate_xyz",
				"uv": {
					"texture_width": 16,
					"texture_height": 96,
					"flipbook": {
						"base_UV": [0, 0],
						"size_UV": [16, 16],
						"step_UV": [0, 16],
						"frames_per_second": 6,
						"max_frame": 6,
						"stretch_to_lifetime": true
					}
				}
			},
			"minecraft:particle_appearance_lighting": {},
			"minecraft:particle_appearance_tinting": {
				"color": [1, 1, 1, 1]
			}
		}
	}
}