{
	"format_version": "1.10.0",
	"particle_effect": {
		"description": {
			"identifier": "cobblemon:ferndred_square",
			"basic_render_parameters": {
				"material": "particles_alpha",
				"texture": "textures/particles/ferndred_particles"
			}
		},
		"components": {
			"minecraft:emitter_rate_steady": {
				"spawn_rate": "math.random(0, 3)",
				"max_particles": 5
			},
			"minecraft:emitter_lifetime_looping": {
				"active_time": 600
			},
			"minecraft:emitter_shape_box": {
				"half_dimensions": [1, 1.5, 0.5],
				"direction": "outwards"
			},
			"minecraft:particle_lifetime_expression": {
				"max_lifetime": 3
			},
			"minecraft:particle_initial_spin": {
				"rotation": "math.random(-180, 180)",
				"rotation_rate": "math.random(-180, 180)"
			},
			"minecraft:particle_initial_speed": 5,
			"minecraft:particle_motion_dynamic": {
				"linear_acceleration": [0, "math.random(0, 10)", 0],
				"linear_drag_coefficient": 20
			},
			"minecraft:particle_appearance_billboard": {
				"size": [0.1, 0.1],
				"facing_camera_mode": "rotate_xyz",
				"uv": {
					"texture_width": 32,
					"texture_height": 32,
					"flipbook": {
						"base_UV": [16, 0],
						"size_UV": [8, 8],
						"step_UV": [0, 8],
						"frames_per_second": 4,
						"max_frame": 4,
						"stretch_to_lifetime": true
					}
				}
			},
			"minecraft:particle_motion_collision": {
				"collision_drag": 0.4,
				"collision_radius": 0.2
			}
		}
	}
}