{
	"format_version": "1.10.0",
	"particle_effect": {
		"description": {
			"identifier": "cobblemon:griferis_wind",
			"basic_render_parameters": {
				"material": "particles_alpha",
				"texture": "textures/particles/wind"
			}
		},
		"curves": {
			"variable.psize": {
				"type": "catmull_rom",
				"input": "v.particle_age",
				"horizontal_range": 1,
				"nodes": [0, 0, 1, 0, 0]
			},
			"variable.alpha": {
				"type": "bezier_chain",
				"input": "v.particle_age",
				"nodes": {
					"0.0": {
						"value": 1.04,
						"slope": 0
					},
					"0.5": {
						"value": 0,
						"slope": 0
					},
					"1.0": {
						"value": 0,
						"slope": 0
					}
				}
			}
		},
		"components": {
			"minecraft:emitter_initialization": {
				"creation_expression": "variable.size=0.3;variable.lifetime=1;"
			},
			"minecraft:emitter_rate_steady": {
				"spawn_rate": "math.random(5,30)",
				"max_particles": 100
			},
			"minecraft:emitter_lifetime_looping": {
				"active_time": 600
			},
			"minecraft:emitter_shape_box": {
				"half_dimensions": [0.1, 0, 0.1],
				"direction": "outwards"
			},
			"minecraft:particle_lifetime_expression": {
				"max_lifetime": "variable.lifetime"
			},
			"minecraft:particle_initial_spin": {
				"rotation": "math.random(-180,180)",
				"rotation_rate": "math.random(-90,90)"
			},
			"minecraft:particle_initial_speed": 0,
			"minecraft:particle_motion_dynamic": {
				"linear_acceleration": [0, -100, 0],
				"linear_drag_coefficient": 20,
				"rotation_acceleration": "math.random(-90,90)"
			},
			"minecraft:particle_appearance_billboard": {
				"size": ["variable.size*(variable.particle_random_1*variable.lifetime)*variable.psize", "variable.size*(variable.particle_random_1*variable.lifetime)*variable.psize"],
				"facing_camera_mode": "rotate_xyz",
				"uv": {
					"texture_width": 8,
					"texture_height": 64,
					"flipbook": {
						"base_UV": [0, 0],
						"size_UV": [8, 8],
						"step_UV": [0, 8],
						"frames_per_second": 8,
						"max_frame": 8
					}
				}
			},
			"minecraft:particle_appearance_tinting": {
				"color": [1, 1, 1, "variable.alpha"]
			}
		}
	}
}