{"format_version":"1.10.0","particle_effect":{"description":{"identifier":"cobblemon:mew_particles","basic_render_parameters":{"material":"particles_alpha","texture":"textures/particles/mew_particles"}},"components":{"minecraft:emitter_rate_steady":{"spawn_rate":120,"max_particles":400},"minecraft:emitter_lifetime_once":{"active_time":1},"minecraft:emitter_shape_sphere":{"radius":2,"surface_only":true,"direction":[0,1,55]},"minecraft:particle_lifetime_expression":{"max_lifetime":2},"minecraft:particle_initial_speed":25,"minecraft:particle_motion_dynamic":{"linear_acceleration":[0,0,5]},"minecraft:particle_appearance_billboard":{"size":[0.25,0.25],"facing_camera_mode":"rotate_xyz","uv":{"texture_width":16,"texture_height":128,"flipbook":{"base_UV":["Math.floor(v.particle_random_3 * 2) * 8","Math.floor(v.particle_random_4 * 2) * 8"],"size_UV":[8,8],"step_UV":[0,16],"frames_per_second":12,"max_frame":8,"stretch_to_lifetime":true}}},"minecraft:particle_motion_collision":{"collision_drag":1,"coefficient_of_restitution":0.3,"collision_radius":0.2}}}}