{
	"format_version": "1.10.0",
	"particle_effect": {
		"description": {
			"identifier": "cobblemon:nitragon_spark",
			"basic_render_parameters": {
				"material": "particles_alpha",
				"texture": "textures/particles/spark"
			}
		},
		"curves": {
			"variable.psize": {
				"type": "catmull_rom",
				"input": "v.particle_age",
				"horizontal_range": "v.particle_lifetime",
				"nodes": [0, 0, 1, 1, 0, 0]
			}
		},
		"components": {
			"minecraft:emitter_initialization": {
				"creation_expression": "variable.random_size=math.random(0,1);variable.size=0.6 ;variable.time=0.3;"
			},
			"minecraft:emitter_local_space": {
				"position": true,
				"rotation": false
			},
			"minecraft:emitter_rate_steady": {
				"spawn_rate": 30,
				"max_particles": 100
			},
			"minecraft:emitter_lifetime_looping": {
				"active_time": 600
			},
			"minecraft:emitter_shape_point": {},
			"minecraft:particle_lifetime_expression": {
				"max_lifetime": "variable.time"
			},
			"minecraft:particle_initial_spin": {
				"rotation": "math.random(0,360)"
			},
			"minecraft:particle_initial_speed": 0,
			"minecraft:particle_motion_dynamic": {},
			"minecraft:particle_appearance_billboard": {
				"size": ["math.clamp(variable.size*variable.particle_random_1,0.2,1)*variable.psize", "math.clamp(variable.size*variable.particle_random_1,0.2,1)*variable.psize"],
				"facing_camera_mode": "rotate_xyz",
				"uv": {
					"texture_width": 13,
					"texture_height": 13,
					"uv": [0, 0],
					"uv_size": [13, 13]
				}
			}
		}
	}
}