{"format_version":"1.10.0","particle_effect":{"description":{"identifier":"cobblemon:saiyan_aura_dust","basic_render_parameters":{"material":"particles_alpha","texture":"textures/particles/vanilla_smoke"}},"components":{"minecraft:emitter_rate_steady":{"spawn_rate":24,"max_particles":100},"minecraft:emitter_lifetime_expression":{"activation_expression":1},"minecraft:emitter_shape_disc":{"radius":"math.max(q.entity_radius,0.5)","surface_only":true,"direction":"outwards"},"minecraft:particle_lifetime_expression":{"max_lifetime":"math.random(0.5,1)"},"minecraft:particle_initial_speed":1,"minecraft:particle_motion_dynamic":{"linear_acceleration":[0,1,0]},"minecraft:particle_motion_parametric":{"rotation":"v.particle_random_3*360"},"minecraft:particle_appearance_billboard":{"size":["math.clamp(q.entity_size * 0.2, 0.2,0.6)","math.clamp(q.entity_size * 0.2, 0.2,0.6)"],"facing_camera_mode":"rotate_xyz","uv":{"texture_width":16,"texture_height":192,"flipbook":{"base_UV":[0,0],"size_UV":[16,16],"step_UV":[0,16],"frames_per_second":12,"max_frame":12}}},"minecraft:particle_appearance_lighting":{},"minecraft:particle_appearance_tinting":{"color":[0.64706,0.60392,0.51373,1]}}}}