{"format_version":"1.10.0","particle_effect":{"description":{"identifier":"cobblemon:saiyan_blue_aura","basic_render_parameters":{"material":"particles_blend","texture":"textures/particles/saiyan_blue_aura"}},"components":{"minecraft:emitter_local_space":{"position":true,"rotation":false},"minecraft:emitter_rate_steady":{"spawn_rate":32,"max_particles":1},"minecraft:emitter_lifetime_expression":{"activation_expression":1},"minecraft:emitter_shape_point":{},"minecraft:particle_lifetime_expression":{"max_lifetime":0.5},"minecraft:particle_initial_speed":0,"minecraft:particle_motion_dynamic":{},"minecraft:particle_appearance_billboard":{"size":["math.clamp(q.entity_size * 2, 1.5, 100)","math.clamp(q.entity_size * 2, 1.5, 100) * 2"],"facing_camera_mode":"rotate_y","uv":{"texture_width":384,"texture_height":128,"flipbook":{"base_UV":[0,0],"size_UV":[64,128],"step_UV":[64,0],"frames_per_second":12,"max_frame":6,"loop":true}}}}}}