{"format_version":"1.10.0","particle_effect":{"description":{"identifier":"cobblemon:saiyan_yellow_electricity","basic_render_parameters":{"material":"particles_blend","texture":"textures/particles/static_electricity"}},"components":{"minecraft:emitter_rate_steady":{"spawn_rate":"math.clamp(3 * q.entity_size, 3, 200)","max_particles":100},"minecraft:emitter_lifetime_expression":{"activation_expression":1},"minecraft:emitter_shape_sphere":{"offset":[0,"q.entity_height/2",0],"radius":"math.max(q.entity_radius,0.5)*2","surface_only":true,"direction":"outwards"},"minecraft:particle_lifetime_expression":{"max_lifetime":0.45},"minecraft:particle_initial_spin":{"rotation":90},"minecraft:particle_initial_speed":1,"minecraft:particle_motion_dynamic":{"linear_drag_coefficient":5},"minecraft:particle_appearance_billboard":{"size":["math.clamp(q.entity_size * 0.2, 0.2,0.6)","math.clamp(q.entity_size * 0.2, 0.2,0.6) * 2"],"facing_camera_mode":"lookat_direction","uv":{"texture_width":96,"texture_height":64,"flipbook":{"base_UV":[0,"math.floor(v.particle_random_3*2)*32"],"size_UV":[16,32],"step_UV":[16,0],"frames_per_second":12,"max_frame":6}}},"minecraft:particle_appearance_tinting":{"color":[1,0.97647,0.68235,1]}}}}