{"format_version":"1.10.0","particle_effect":{"description":{"identifier":"cobblemon:shadow_souls","basic_render_parameters":{"material":"particles_blend","texture":"textures/particles/darkrai_soul"}},"events":{"event_fog":{"particle_effect":{"effect":"cobblemon:shadow_fog","type":"particle"}}},"components":{"minecraft:emitter_rate_steady":{"spawn_rate":1.5,"max_particles":10},"minecraft:emitter_lifetime_expression":{"activation_expression":1},"minecraft:emitter_lifetime_events":{"creation_event":"event_fog"},"minecraft:emitter_shape_point":{"offset":[0,"math.random(0.5,1.5)",0],"direction":["math.random(-1,1)",0,"math.random(-1,1)"]},"minecraft:particle_lifetime_expression":{"max_lifetime":1.1},"minecraft:particle_initial_speed":3,"minecraft:particle_motion_dynamic":{"linear_acceleration":[0,2,0],"linear_drag_coefficient":3},"minecraft:particle_appearance_billboard":{"size":["math.clamp(v.particle_random_2, 0.2,0.3)","math.clamp(v.particle_random_2, 0.2,0.3)"],"facing_camera_mode":"rotate_xyz","uv":{"texture_width":176,"texture_height":32,"flipbook":{"base_UV":[0,"math.floor(V.particle_random_2*2)*16"],"size_UV":[16,16],"step_UV":[16,0],"frames_per_second":12,"max_frame":11}}},"minecraft:particle_appearance_tinting":{"color":[1,1,1,0.52157]}}}}