{
	"format_version": "1.8.0",
	"animations": {
		"animation.litwick_alatian.ground_idle": {
			"loop": true,
			"bones": {
				"head": {
					"rotation": ["math.sin(q.anim_time*90+180)", 0, "math.sin(q.anim_time*90+90)"],
					"position": [0, "0.05*math.sin(q.anim_time*90) -0.075", 0],
					"scale": [1, "1+math.sin(q.anim_time*90)*0.03", 1]
				},
				"hair": {
					"rotation": ["0.5*math.sin(q.anim_time*90+90)", 0, "0.5*math.sin(q.anim_time*90)"],
					"position": [0, "0.05*math.sin(q.anim_time*90-90) -0.05", 0],
					"scale": [1, "1+math.sin(q.anim_time*90+45)*0.01", 1]
				},
				"flame": {
					"rotation": ["(math.sin(q.anim_time*90*2)*6)*(math.sin(q.anim_time*90*2-90))", 0, "-(math.sin(q.anim_time*90*2*2-45)*6)"],
					"scale": [1, "1+math.sin(q.anim_time*90*4*2)*0.05", 1]
				},
				"arm_right": {
					"rotation": [0, 0, "-60 - 2.5*math.sin(q.anim_time*90+90)"]
				},
				"arm_left": {
					"rotation": [0, 0, "60 + 2.5*math.sin(q.anim_time*90+90)"]
				},
				"eyes": {
					"scale": [1, "1-math.sin(q.anim_time*90)*0.03", 1]
				}
			}
		},
		"animation.litwick_alatian.ground_walk": {
			"loop": true,
			"bones": {
				"head": {
					"rotation": ["0+math.sin(q.anim_time*90*4*1.5-100)*2", 0, "math.sin(q.anim_time*90*1.5+90)"],
					"position": [0, "0.05*math.sin(q.anim_time*90*1.5) -0.275", 0],
					"scale": [1, "1+math.sin(q.anim_time*90*4*1.5-135)*0.04", 1]
				},
				"hair": {
					"rotation": ["0.5*math.sin(q.anim_time*90*1.5+90)", 0, "0.5*math.sin(q.anim_time*90*1.5)"],
					"position": [0, "0.05*math.sin(q.anim_time*90*1.5-90) -0.05", 0],
					"scale": [1, "1-math.sin(q.anim_time*90*4*1.5-135)*0.01", 1]
				},
				"flame": {
					"rotation": [
						"(math.sin(q.anim_time*90*2)*6)*(math.sin(q.anim_time*90*2-90))+math.sin(q.anim_time*360*1.5+15-90-90)*10",
						0,
						"-(math.sin(q.anim_time*90*2*2-45)*6)"
					],
					"scale": [1, "1+math.sin(q.anim_time*90*4*2)*0.05", 1]
				},
				"arm_right": {
					"rotation": [0, 0, "-30-math.sin(q.anim_time*360*1.5-15)*30"]
				},
				"arm_left": {
					"rotation": [0, 0, "30+math.sin(q.anim_time*360*1.5-15)*30"]
				},
				"eyes": {
					"position": [0, "-math.sin(q.anim_time*90*4*1.5-135)*0.02", 0],
					"scale": [1, "1-math.sin(q.anim_time*90*4*1.5-135)*0.04", 1]
				},
				"body": {
					"rotation": ["0-math.sin(q.anim_time*360*1.5+15-90-90)*10", 0, 0],
					"position": [0, "0+math.clamp(math.sin(q.anim_time*360*1.5+15-90)*2,0,10)", "0+math.sin(q.anim_time*90*4*1.5+15)*3"],
					"scale": [1, "1.1+math.sin(q.anim_time*90*4*1.5-90)*0.1", 1]
				},
				"wax_trail2": {
					"position": [0, 0, "0.3-math.sin(q.anim_time*90*4*1.5+75)*0.33"]
				}
			}
		},
		"animation.litwick_alatian.battle_idle": {
			"loop": true,
			"bones": {
				"head": {
					"rotation": ["3+math.sin(q.anim_time*90+180)", 0, "0+math.sin(q.anim_time*90*2+90)*3"],
					"position": [0, "-0.35+0.05*math.sin(q.anim_time*90*4)*1.5", -0.3],
					"scale": [1, "1+math.sin(q.anim_time*90*4+45)*0.05", 1]
				},
				"hair": {
					"rotation": ["0.5*math.sin(q.anim_time*90+90)", 0, "0.5*math.sin(q.anim_time*90*2-180)"],
					"position": [0, "0.05*math.sin(q.anim_time*90-90) -0.05", 0],
					"scale": [1, "1+math.sin(q.anim_time*90*4+130)*0.01", 1]
				},
				"flame": {
					"rotation": [
						"(math.sin(q.anim_time*90)*12)*(math.sin(q.anim_time*90-90))",
						"math.sin(q.anim_time*90*1-45)*15",
						"-(math.sin(q.anim_time*90-45)*6)*(math.sin(q.anim_time*90-90))"
					],
					"scale": [1, "1+math.sin(q.anim_time*90*4)*0.05", 1]
				},
				"arm_right": {
					"rotation": [0, 0, "-40-math.sin(q.anim_time*90*4+70)*4"]
				},
				"arm_left": {
					"rotation": [0, 0, "40+math.sin(q.anim_time*90*4+70)*4"]
				},
				"eyes": {
					"position": [0, "-math.sin(q.anim_time*90*4+45)*0.05", 0],
					"scale": [1, "1-math.sin(q.anim_time*90*4+45)*0.05", 1]
				},
				"body": {
					"position": ["(math.sin(q.anim_time*90*2)*0.5)", 0, 0]
				},
				"wax_trail": {
					"position": ["(math.sin(q.anim_time*90*2-90)*0.2)", 0, 0],
					"scale": ["1+(math.sin(q.anim_time*90*4+45)*0.04)", 1, 1]
				},
				"lip": {
					"rotation": ["-5+math.sin(q.anim_time*90*4-45)*2", 0, 0]
				}
			}
		},
		"animation.litwick_alatian.sleep": {
			"loop": true,
			"animation_length": 4,
			"bones": {
				"head": {
					"rotation": ["math.sin(q.anim_time*90+180)*0.5", 0, "math.sin(q.anim_time*90+90)*0.5"],
					"position": [0, 0.05, 0],
					"scale": [1, "0.9+math.sin(q.anim_time*90)*0.02", 1]
				},
				"hair": {
					"rotation": ["0.5*math.sin(q.anim_time*90+90)*0.25", 0, "0.5*math.sin(q.anim_time*90)*0.25"],
					"position": [0, "0.05*math.sin(q.anim_time*90-90)*0.05", 0],
					"scale": [1, "1.1+math.sin(q.anim_time*90+45)*0.01", 1]
				},
				"flame": {
					"rotation": ["(math.sin(q.anim_time*90)*6)*(math.sin(q.anim_time*90-90))", 0, "-(math.sin(q.anim_time*90-45)*2)*(math.sin(q.anim_time*90-90))"],
					"scale": [1.05, "0.9+math.sin(q.anim_time*90*2)*0.05", 1.05]
				},
				"arm_right": {
					"rotation": [0, 0, -87.5],
					"position": [0.1, 0, 0]
				},
				"arm_left": {
					"rotation": [0, 0, 87.5],
					"position": [-0.1, 0, 0]
				},
				"eyes": {
					"scale": 1
				},
				"body": {
					"position": [0, -0.4, 0]
				},
				"wax_trail": {
					"position": [0, 0.5, 0],
					"scale": 1.075
				},
				"eyelid_right": {
					"position": [-0.1, 0, -0.1]
				},
				"eyelid_left": {
					"position": [0.1, 0, -0.1]
				},
				"lip": {
					"rotation": [4.98, 0, 0],
					"position": [0, 0, -0.008]
				}
			}
		},
		"animation.litwick_alatian.blink": {
			"animation_length": 0.2083,
			"bones": {
				"eyelid_right": {
					"position": {
						"0.0": [-0.1, 0, -0.1],
						"0.1667": [-0.1, 0, -0.1],
						"0.2083": [0, 0, 0]
					}
				},
				"eyelid_left": {
					"position": {
						"0.0": [0.1, 0, -0.1],
						"0.1667": [0.1, 0, -0.1],
						"0.2083": [0, 0, 0]
					}
				}
			}
		},
		"animation.litwick_alatian.faint": {
			"animation_length": 3,
			"bones": {
				"body": {
					"rotation": {
						"0.0": [0, 0, 0],
						"0.25": ["0-math.sin(q.anim_time*90*8)*2", 0, "0-math.sin(q.anim_time*90*8-90)*2"],
						"1.0": [0, 0, 0]
					},
					"position": {
						"0.0": [0, 0, 0],
						"1.0": [0, 0, 0]
					}
				},
				"head": {
					"rotation": {
						"0.0": [0, 0, 0],
						"0.25": ["0+math.sin(q.anim_time*90*8)*10", 0, "0+math.sin(q.anim_time*90*8-90)*10"],
						"1.125": ["0+math.sin(q.anim_time*90*2)*2", 0, "math.sin(q.anim_time*90*2-90)*2 "]
					},
					"position": {
						"0.0": [0, 0, 0],
						"0.25": [0, 0, 0],
						"1.0": [0, 0, 0]
					},
					"scale": {
						"0.5": [1, 1, 1],
						"1.5": [1, "0.7+math.sin(q.anim_time*90*4-90)*0.02", 1]
					}
				},
				"flame": {
					"rotation": ["(math.sin(q.anim_time*90*2)*6)*(math.sin(q.anim_time*90*2-90))", 0, "-(math.sin(q.anim_time*90*2*2-45)*6)"],
					"position": [0, 0, 0],
					"scale": {
						"0.0": [1, "1+math.sin(q.anim_time*90*4*2)*0.05", 1],
						"0.5417": [1, "1+math.sin(q.anim_time*90*4*2)*0.05", 1],
						"1.0": {
							"pre": [1.2, 1.2, 1.2],
							"post": [1.2, 1.2, 1.2],
							"lerp_mode": "catmullrom"
						},
						"1.5": [0, 0, 0]
					}
				},
				"arm_right": {
					"rotation": {
						"0.0": [0, 0, 0],
						"0.25": [0, 0, "0-math.sin(q.anim_time*90*16)*20"],
						"1.5": [0, 0, -70]
					},
					"position": {
						"0.0": [0, 0, 0],
						"0.25": [0, 0, 0],
						"1.5": [0, 0, 0]
					}
				},
				"arm_left": {
					"rotation": {
						"0.0": [0, 0, 0],
						"0.25": [0, 0, "0+math.sin(q.anim_time*90*16)*20"],
						"1.5": [0, 0, 70]
					},
					"position": {
						"0.0": [0, 0, 0],
						"0.25": [0, 0, 0],
						"1.5": [0, 0, 0]
					}
				},
				"eyelid_right": {
					"position": {
						"0.0": [0, 0, 0],
						"0.1667": {"pre": [0, 0, 0], "post": [-0.1, 0, -0.1]}
					}
				},
				"eyelid_left": {
					"position": {
						"0.0": [0, 0, 0],
						"0.1667": {"pre": [0, 0, 0], "post": [0.1, 0, -0.1]}
					}
				},
				"mouth_large": {
					"position": {
						"0.0417": [0, 0, 0],
						"0.0833": [0, 0, -0.1],
						"0.5833": [0, 0, -0.1],
						"0.625": [0, 0, 0]
					}
				}
			},
			"sound_effects": {
				"0.0": {
					"effect": "pokemon.litwick_alatian.faint"
				}
			}
		},
		"animation.litwick_alatian.pose": {
			"loop": true,
			"bones": {
				"head": {
					"rotation": [-7.56397, -7.43547, 0.98448]
				},
				"hair": {
					"rotation": [-2.5, 0, 0]
				},
				"flame": {
					"rotation": [-19.8423, -2.55868, -12.05239]
				},
				"arm_right": {
					"rotation": [0, 0, -50]
				},
				"arm_left": {
					"rotation": [0, 0, 52.5]
				},
				"lip": {
					"rotation": [-7.5, 0, 0]
				},
				"mouth_small": {
					"position": [0, 0, 0]
				},
				"mouth_large": {
					"position": [0, 0, 0]
				}
			}
		},
		"animation.litwick_alatian.cry": {
			"animation_length": 1,
			"bones": {
				"head": {
					"rotation": {
						"0.0": [0, 0, 0],
						"0.0833": [15, 0, 0],
						"0.25": ["-10+math.sin(q.anim_time*1440)*5", 0, 0],
						"0.5": [0, 0, 0]
					}
				},
				"flame": {
					"rotation": {
						"0.0": [0, 0, 0],
						"0.0833": [-15, 0, 0],
						"0.25": ["10-math.sin(q.anim_time*1440-90)*5", 0, 0],
						"0.5": [0, 0, 0]
					},
					"scale": {
						"0.0": {
							"post": [1, 1, 1],
							"lerp_mode": "catmullrom"
						},
						"0.0833": {
							"post": [0.5, 0.5, 0.5],
							"lerp_mode": "catmullrom"
						},
						"0.25": {
							"post": [1.2, 1.2, 1.2],
							"lerp_mode": "catmullrom"
						},
						"0.75": {
							"post": [1, 1, 1],
							"lerp_mode": "catmullrom"
						}
					}
				},
				"eyelid_right": {
					"position": {
						"0.0": [0, 0, 0],
						"0.0417": [-0.1, 0, -0.1],
						"0.4167": [-0.1, 0, -0.1],
						"0.4583": [0, 0, 0]
					}
				},
				"eyelid_left": {
					"position": {
						"0.0": [0, 0, 0],
						"0.0417": [0.1, 0, -0.1],
						"0.4167": [0.1, 0, -0.1],
						"0.4583": [0, 0, 0]
					}
				},
				"mouth_large": {
					"position": {
						"0.0417": [0, 0, 0],
						"0.0833": [0, 0, -0.1],
						"0.5833": [0, 0, -0.1],
						"0.625": [0, 0, 0]
					}
				}
			},
			"sound_effects": {
				"0.0": {
					"effect": "pokemon.litwick_alatian.cry"
				}
			}
		},
		"animation.litwick_alatian.shoulder_left": {
			"loop": true,
			"bones": {
				"litwick": {
					"position": [4, 0, 0]
				}
			}
		},
		"animation.litwick_alatian.shoulder_right": {
			"loop": true,
			"bones": {
				"litwick": {
					"position": [-4, 0, 0]
				}
			}
		},
		"animation.litwick_alatian.ground_walk2": {
			"loop": true
		},
		"animation.litwick_alatian.render": {
			"loop": true,
			"bones": {
				"body": {
					"rotation": [12.5, 0, 0]
				},
				"arm_right": {
					"rotation": [-1.03509, 22.47741, 22.29431],
					"position": [0.25, 0, 0]
				},
				"arm_left": {
					"rotation": [1.03509, 22.47741, -22.29431],
					"position": [-0.25, 0, 0]
				},
				"mouth_large": {
					"position": [0, 0, -0.1]
				}
			}
		}
	}
}