{
	"format_version": "1.8.0",
	"animations": {
		"animation.inkay.water_idle": {
			"loop": true,
			"bones": {
				"right_arm": {
					"rotation": [0, 0, 30]
				},
				"right_arm_bend": {
					"rotation": [0, 0, 15]
				},
				"left_arm": {
					"rotation": [0, 0, -30]
				},
				"left_arm_bend": {
					"rotation": [0, 0, -15]
				}
			}
		},
		"animation.inkay.blink": {
			"animation_length": 0.2083,
			"bones": {
				"right_eye_closed": {
					"position": {
						"0.0": [0, 0, -0.1],
						"0.125": [0, 0, -0.1],
						"0.2083": [0, 0, 0]
					}
				},
				"left_eye_closed": {
					"position": {
						"0.0": [0, 0, -0.1],
						"0.125": [0, 0, -0.1],
						"0.2083": [0, 0, 0]
					}
				}
			}
		},
		"animation.inkay.cry": {
			"sound_effects": {
				"0.0417": {
					"effect": "pokemon.inkay.cry"
				}
			}
		}
	}
}