{
	"format_version": "1.8.0",
	"animations": {
		"animation.floette_eternal_mega.ground_idle": {
			"loop": true,
			"bones": {
				"body": {
					"rotation": ["-10+1*math.cos(q.anim_time*90*2-80)", "30+2*math.sin(q.anim_time*90*0.66-60)", 1.01157],
					"position": ["0.3*math.cos(q.anim_time*90*0.66-20)", "0-0.5*math.cos(q.anim_time*90*2-20)", -16]
				},
				"arm_left": {
					"rotation": [-60.29383, -33.06713, 30.23294]
				},
				"arm_left2": {
					"rotation": [0, 0, 57.5]
				},
				"arm_left3": {
					"rotation": [-4.56462, 3.01753, 29.94471]
				},
				"hand_left": {
					"rotation": [90, -25, 0]
				},
				"hand_left2": {
					"rotation": [0, 0, 20]
				},
				"thumb_left": {
					"rotation": [72.5, 0, 0]
				},
				"arm_right": {
					"rotation": [16.24986, -53.37802, -55.05206]
				},
				"arm_right2": {
					"rotation": [-2.5, -65, 0]
				},
				"arm_right3": {
					"rotation": [-17.15579, 21.70219, -10.36895]
				},
				"hand_right": {
					"rotation": [-39.56501, -28.11988, -10.26281]
				},
				"hand_right2": {
					"rotation": [0, 0, -67.5]
				},
				"thumb_right": {
					"rotation": [96.16473, -1.40791, 343.73263]
				},
				"neck": {
					"rotation": ["0.6133+1*math.cos(q.anim_time*90*2-110)", "-20.0013-3*math.sin(q.anim_time*90*0.66-80)", "-2.092+1.25*math.sin(q.anim_time*90*1-60)"]
				},
				"head": {
					"rotation": ["7.996+0.3*math.cos(q.anim_time*90*2-130)", "-7.1291+3*math.sin(q.anim_time*90*0.66-90)", "-2.7697+1.5*math.sin(q.anim_time*90*1-90)"],
					"position": [0, 0, 0]
				},
				"ear_left": {
					"rotation": [0, 0, "17.5+2*math.sin(q.anim_time*90*1-90)"]
				},
				"ear_left2": {
					"rotation": [0, 0, "12.5+3*math.sin(q.anim_time*90*1-120)"]
				},
				"ear_right": {
					"rotation": [0, 0, "-17.5+2*math.sin(q.anim_time*90*1-90)"]
				},
				"ear_right2": {
					"rotation": [0, 0, "-12.5+3*math.sin(q.anim_time*90*1-120)"]
				},
				"tail": {
					"rotation": ["17.5+2*math.cos(q.anim_time*90*2-100)", 0, "1*math.sin(q.anim_time*90*2-110)"]
				},
				"tail2": {
					"rotation": ["22.5+3*math.cos(q.anim_time*90*2-120)", 0, "2*math.sin(q.anim_time*90*2-130)"]
				},
				"tail_end": {
					"rotation": ["15+4*math.cos(q.anim_time*90*2-150)", 0, "3*math.sin(q.anim_time*90*2-160)"]
				},
				"flower": {
					"rotation": [
						"-0.2782340445+1*math.cos(q.anim_time*90*2-80)",
						"-3.7376644908+1*math.cos(q.anim_time*90*2-80)",
						"1.0115698322+1*math.cos(q.anim_time*90*2-80)"
					],
					"position": [-2.00225, 1.76498, -6.00318]
				},
				"stem_back": {
					"rotation": ["-17.5-2*math.cos(q.anim_time*90*2-80)", 0, 0]
				},
				"stem_back2": {
					"rotation": ["-25-3*math.cos(q.anim_time*90*2-110)", 0, 0]
				},
				"stem_back3": {
					"rotation": ["-22.5-4*math.cos(q.anim_time*90*2-140)", 0, 0]
				},
				"stem_left": {
					"rotation": ["17.5+2*math.cos(q.anim_time*90*2-80)", -37.5, 0]
				},
				"stem_left2": {
					"rotation": ["25+3*math.cos(q.anim_time*90*2-110)", 0, 0]
				},
				"stem_left3": {
					"rotation": ["17.5+4*math.cos(q.anim_time*90*2-140)", 0, 0]
				},
				"stem_right": {
					"rotation": ["17.5+2*math.cos(q.anim_time*90*2-80)", 37.5, 0]
				},
				"stem_right2": {
					"rotation": ["25+3*math.cos(q.anim_time*90*2-110)", 0, 0]
				},
				"stem_right3": {
					"rotation": ["17.5+4*math.cos(q.anim_time*90*2-140)", 0, 0]
				},
				"root2": {
					"rotation": [-2.44103, 0.75898, -2.54467]
				},
				"root3": {
					"rotation": [-9.98107, 0.43523, -0.01893]
				},
				"root4": {
					"rotation": [-17.4905, 0.21782, -5.00473]
				},
				"root5": {
					"rotation": ["-12.4244+1*math.cos(q.anim_time*90*2-140)", 0.86717, "2*math.sin(q.anim_time*90*0.66-140)"],
					"scale": 1
				},
				"root6": {
					"rotation": ["25.0024+2*math.cos(q.anim_time*90*2-160)", -0.10901, "3*math.sin(q.anim_time*90*0.66-160)"]
				},
				"eyelash_left": {
					"rotation": ["1*math.cos(q.anim_time*90*2-150)", 0, 0]
				},
				"eyelash_left2": {
					"rotation": ["2*math.cos(q.anim_time*90*2-170)", 0, 0]
				},
				"eyelash_left3": {
					"rotation": ["3*math.cos(q.anim_time*90*2-190)", 0, 0]
				},
				"eyelash_right": {
					"rotation": ["1*math.cos(q.anim_time*90*2-150)", 0, 0]
				},
				"eyelash_right2": {
					"rotation": ["2*math.cos(q.anim_time*90*2-170)", 0, 0]
				},
				"eyelash_right3": {
					"rotation": ["3*math.cos(q.anim_time*90*2-190)", 0, 0]
				},
				"petal1": {
					"rotation": [0, 0, 0]
				},
				"root7": {
					"rotation": [17.5, 0, 0]
				},
				"bone": {
					"scale": [1, 1, 0.7]
				},
				"bone2": {
					"scale": [1, 1, 0.7]
				},
				"bone3": {
					"scale": [1, 1, 0.7]
				},
				"bone10": {
					"scale": 1.4
				}
			}
		},
		"animation.floette_eternal_mega.cry": {
			"animation_length": 2.5,
			"bones": {
				"body": {
					"rotation": {
						"0.0": [0, 0, 0],
						"0.125": {
							"pre": [3.75, 0, 0],
							"post": [3.75, 0, 0],
							"lerp_mode": "catmullrom"
						},
						"0.25": {
							"post": [-1.725, 0, 0],
							"lerp_mode": "catmullrom"
						},
						"0.375": {
							"post": [-2.975, 0, 0],
							"lerp_mode": "catmullrom"
						},
						"0.5417": {
							"post": [2.725, 0, 0],
							"lerp_mode": "catmullrom"
						},
						"0.6667": {
							"post": [0.75, 0, 0],
							"lerp_mode": "catmullrom"
						},
						"0.7917": {
							"post": [2.45, 0, 0],
							"lerp_mode": "catmullrom"
						},
						"0.9167": {
							"post": [0.975, 0, 0],
							"lerp_mode": "catmullrom"
						},
						"1.0417": {
							"post": [2.075, 0, 0],
							"lerp_mode": "catmullrom"
						},
						"1.1667": {
							"post": [1.125, 0, 0],
							"lerp_mode": "catmullrom"
						},
						"1.2917": {
							"post": [2.075, 0, 0],
							"lerp_mode": "catmullrom"
						},
						"1.4167": {
							"post": [1.175, 0, 0],
							"lerp_mode": "catmullrom"
						},
						"1.9167": {
							"post": [0, 0, 0],
							"lerp_mode": "catmullrom"
						},
						"2.5": [0, 0, 0]
					},
					"position": {
						"0.0": [0, 0, -16],
						"0.125": {
							"pre": [0, -0.65, -16],
							"post": [0, -0.65, -16],
							"lerp_mode": "catmullrom"
						},
						"0.3333": {
							"post": [0, 0.05, -16],
							"lerp_mode": "catmullrom"
						},
						"0.4583": {
							"post": [0, 0.175, -16],
							"lerp_mode": "catmullrom"
						},
						"0.5833": {
							"post": [0, -0.23, -16],
							"lerp_mode": "catmullrom"
						},
						"0.7083": [0, 0, -16]
					}
				},
				"neck": {
					"rotation": {
						"0.0": [0, 0, 0],
						"0.2083": {
							"pre": [3.75, 0, 0],
							"post": [3.75, 0, 0],
							"lerp_mode": "catmullrom"
						},
						"0.3333": {
							"post": [-1.725, 0, 0],
							"lerp_mode": "catmullrom"
						},
						"0.4583": {
							"post": [-2.975, 0, 0],
							"lerp_mode": "catmullrom"
						},
						"0.625": {
							"post": [2.35, 0, 0],
							"lerp_mode": "catmullrom"
						},
						"0.75": {
							"post": [-0.175, 0, 0],
							"lerp_mode": "catmullrom"
						},
						"0.875": {
							"post": [1.8, 0, 0],
							"lerp_mode": "catmullrom"
						},
						"1.0": {
							"post": [-0.225, 0, 0],
							"lerp_mode": "catmullrom"
						},
						"1.125": {
							"post": [1.15, 0, 0],
							"lerp_mode": "catmullrom"
						},
						"1.25": {
							"post": [-0.475, 0, 0],
							"lerp_mode": "catmullrom"
						},
						"1.375": {
							"post": [0.75, 0, 0],
							"lerp_mode": "catmullrom"
						},
						"1.5": {
							"post": [-0.25, 0, 0],
							"lerp_mode": "catmullrom"
						},
						"2.0": {
							"post": [0, 0, 0],
							"lerp_mode": "catmullrom"
						},
						"2.5": [0, 0, 0]
					}
				},
				"head": {
					"rotation": {
						"0.0": [0, 0, 0],
						"0.2917": {
							"pre": [3.75, 0, 0],
							"post": [3.75, 0, 0],
							"lerp_mode": "catmullrom"
						},
						"0.4167": {
							"post": [-1.725, 0, 0],
							"lerp_mode": "catmullrom"
						},
						"0.5417": {
							"post": [-2.975, 0, 0],
							"lerp_mode": "catmullrom"
						},
						"0.7083": {
							"post": [2.2, 0, 0],
							"lerp_mode": "catmullrom"
						},
						"0.8333": {
							"post": [-0.4, 0, 0],
							"lerp_mode": "catmullrom"
						},
						"0.9583": {
							"post": [1.3, 0, 0],
							"lerp_mode": "catmullrom"
						},
						"1.0833": {
							"post": [-0.625, 0, 0],
							"lerp_mode": "catmullrom"
						},
						"1.2083": {
							"post": [0.475, 0, 0],
							"lerp_mode": "catmullrom"
						},
						"1.3333": {
							"post": [-0.975, 0, 0],
							"lerp_mode": "catmullrom"
						},
						"1.4583": {
							"post": [-0.025, 0, 0],
							"lerp_mode": "catmullrom"
						},
						"1.5833": {
							"post": [-0.925, 0, 0],
							"lerp_mode": "catmullrom"
						},
						"2.0833": {
							"post": [0, 0, 0],
							"lerp_mode": "catmullrom"
						},
						"2.5": [0, 0, 0]
					}
				},
				"eyelash_left": {
					"rotation": {
						"0.0417": [0, 0, 0],
						"0.375": {
							"pre": [3.75, 0, 0],
							"post": [3.75, 0, 0],
							"lerp_mode": "catmullrom"
						},
						"0.5": {
							"post": [-1.725, 0, 0],
							"lerp_mode": "catmullrom"
						},
						"0.625": {
							"post": [-2.975, 0, 0],
							"lerp_mode": "catmullrom"
						},
						"0.7917": {
							"post": [2.2, 0, 0],
							"lerp_mode": "catmullrom"
						},
						"0.9167": {
							"post": [-0.4, 0, 0],
							"lerp_mode": "catmullrom"
						},
						"1.0417": {
							"post": [1.3, 0, 0],
							"lerp_mode": "catmullrom"
						},
						"1.1667": {
							"post": [-0.625, 0, 0],
							"lerp_mode": "catmullrom"
						},
						"1.2917": {
							"post": [0.475, 0, 0],
							"lerp_mode": "catmullrom"
						},
						"1.4167": {
							"post": [-0.975, 0, 0],
							"lerp_mode": "catmullrom"
						},
						"1.5417": {
							"post": [-0.025, 0, 0],
							"lerp_mode": "catmullrom"
						},
						"1.6667": {
							"post": [-0.925, 0, 0],
							"lerp_mode": "catmullrom"
						},
						"2.1667": {
							"post": [0, 0, 0],
							"lerp_mode": "catmullrom"
						},
						"2.5": [0, 0, 0]
					}
				},
				"eyelash_left2": {
					"rotation": {
						"0.0833": [0, 0, 0],
						"0.4583": {
							"pre": [3.75, 0, 0],
							"post": [3.75, 0, 0],
							"lerp_mode": "catmullrom"
						},
						"0.5833": {
							"post": [-1.725, 0, 0],
							"lerp_mode": "catmullrom"
						},
						"0.7083": {
							"post": [-2.975, 0, 0],
							"lerp_mode": "catmullrom"
						},
						"0.875": {
							"post": [2.2, 0, 0],
							"lerp_mode": "catmullrom"
						},
						"1.0": {
							"post": [-0.4, 0, 0],
							"lerp_mode": "catmullrom"
						},
						"1.125": {
							"post": [1.3, 0, 0],
							"lerp_mode": "catmullrom"
						},
						"1.25": {
							"post": [-0.625, 0, 0],
							"lerp_mode": "catmullrom"
						},
						"1.375": {
							"post": [0.475, 0, 0],
							"lerp_mode": "catmullrom"
						},
						"1.5": {
							"post": [-0.975, 0, 0],
							"lerp_mode": "catmullrom"
						},
						"1.625": {
							"post": [-0.025, 0, 0],
							"lerp_mode": "catmullrom"
						},
						"1.75": {
							"post": [-0.925, 0, 0],
							"lerp_mode": "catmullrom"
						},
						"2.25": {
							"post": [0, 0, 0],
							"lerp_mode": "catmullrom"
						},
						"2.5": [0, 0, 0]
					}
				},
				"eyelash_left3": {
					"rotation": {
						"0.125": [0, 0, 0],
						"0.5": {
							"pre": [3.75, 0, 0],
							"post": [3.75, 0, 0],
							"lerp_mode": "catmullrom"
						},
						"0.625": {
							"post": [-1.725, 0, 0],
							"lerp_mode": "catmullrom"
						},
						"0.75": {
							"post": [-2.975, 0, 0],
							"lerp_mode": "catmullrom"
						},
						"0.9167": {
							"post": [2.2, 0, 0],
							"lerp_mode": "catmullrom"
						},
						"1.0417": {
							"post": [-0.4, 0, 0],
							"lerp_mode": "catmullrom"
						},
						"1.1667": {
							"post": [1.3, 0, 0],
							"lerp_mode": "catmullrom"
						},
						"1.2917": {
							"post": [-0.625, 0, 0],
							"lerp_mode": "catmullrom"
						},
						"1.4167": {
							"post": [0.475, 0, 0],
							"lerp_mode": "catmullrom"
						},
						"1.5417": {
							"post": [-0.975, 0, 0],
							"lerp_mode": "catmullrom"
						},
						"1.6667": {
							"post": [-0.025, 0, 0],
							"lerp_mode": "catmullrom"
						},
						"1.7917": {
							"post": [-0.925, 0, 0],
							"lerp_mode": "catmullrom"
						},
						"2.2917": {
							"post": [0, 0, 0],
							"lerp_mode": "catmullrom"
						},
						"2.5": [0, 0, 0]
					}
				},
				"eyelid_left": {
					"position": {
						"0.0": [0, 0, 0],
						"0.5": {
							"pre": [0, 0, 0],
							"post": [0, 0, -0.1]
						},
						"1.5": {
							"pre": [0, 0, -0.1],
							"post": [0, 0, 0]
						}
					}
				},
				"eyelash_right": {
					"rotation": {
						"0.0417": [0, 0, 0],
						"0.375": {
							"pre": [3.75, 0, 0],
							"post": [3.75, 0, 0],
							"lerp_mode": "catmullrom"
						},
						"0.5": {
							"post": [-1.725, 0, 0],
							"lerp_mode": "catmullrom"
						},
						"0.625": {
							"post": [-2.975, 0, 0],
							"lerp_mode": "catmullrom"
						},
						"0.7917": {
							"post": [2.2, 0, 0],
							"lerp_mode": "catmullrom"
						},
						"0.9167": {
							"post": [-0.4, 0, 0],
							"lerp_mode": "catmullrom"
						},
						"1.0417": {
							"post": [1.3, 0, 0],
							"lerp_mode": "catmullrom"
						},
						"1.1667": {
							"post": [-0.625, 0, 0],
							"lerp_mode": "catmullrom"
						},
						"1.2917": {
							"post": [0.475, 0, 0],
							"lerp_mode": "catmullrom"
						},
						"1.4167": {
							"post": [-0.975, 0, 0],
							"lerp_mode": "catmullrom"
						},
						"1.5417": {
							"post": [-0.025, 0, 0],
							"lerp_mode": "catmullrom"
						},
						"1.6667": {
							"post": [-0.925, 0, 0],
							"lerp_mode": "catmullrom"
						},
						"2.1667": {
							"post": [0, 0, 0],
							"lerp_mode": "catmullrom"
						},
						"2.5": [0, 0, 0]
					}
				},
				"eyelash_right2": {
					"rotation": {
						"0.0833": [0, 0, 0],
						"0.4583": {
							"pre": [3.75, 0, 0],
							"post": [3.75, 0, 0],
							"lerp_mode": "catmullrom"
						},
						"0.5833": {
							"post": [-1.725, 0, 0],
							"lerp_mode": "catmullrom"
						},
						"0.7083": {
							"post": [-2.975, 0, 0],
							"lerp_mode": "catmullrom"
						},
						"0.875": {
							"post": [2.2, 0, 0],
							"lerp_mode": "catmullrom"
						},
						"1.0": {
							"post": [-0.4, 0, 0],
							"lerp_mode": "catmullrom"
						},
						"1.125": {
							"post": [1.3, 0, 0],
							"lerp_mode": "catmullrom"
						},
						"1.25": {
							"post": [-0.625, 0, 0],
							"lerp_mode": "catmullrom"
						},
						"1.375": {
							"post": [0.475, 0, 0],
							"lerp_mode": "catmullrom"
						},
						"1.5": {
							"post": [-0.975, 0, 0],
							"lerp_mode": "catmullrom"
						},
						"1.625": {
							"post": [-0.025, 0, 0],
							"lerp_mode": "catmullrom"
						},
						"1.75": {
							"post": [-0.925, 0, 0],
							"lerp_mode": "catmullrom"
						},
						"2.25": {
							"post": [0, 0, 0],
							"lerp_mode": "catmullrom"
						},
						"2.5": [0, 0, 0]
					}
				},
				"eyelash_right3": {
					"rotation": {
						"0.125": [0, 0, 0],
						"0.5": {
							"pre": [3.75, 0, 0],
							"post": [3.75, 0, 0],
							"lerp_mode": "catmullrom"
						},
						"0.625": {
							"post": [-1.725, 0, 0],
							"lerp_mode": "catmullrom"
						},
						"0.75": {
							"post": [-2.975, 0, 0],
							"lerp_mode": "catmullrom"
						},
						"0.9167": {
							"post": [2.2, 0, 0],
							"lerp_mode": "catmullrom"
						},
						"1.0417": {
							"post": [-0.4, 0, 0],
							"lerp_mode": "catmullrom"
						},
						"1.1667": {
							"post": [1.3, 0, 0],
							"lerp_mode": "catmullrom"
						},
						"1.2917": {
							"post": [-0.625, 0, 0],
							"lerp_mode": "catmullrom"
						},
						"1.4167": {
							"post": [0.475, 0, 0],
							"lerp_mode": "catmullrom"
						},
						"1.5417": {
							"post": [-0.975, 0, 0],
							"lerp_mode": "catmullrom"
						},
						"1.6667": {
							"post": [-0.025, 0, 0],
							"lerp_mode": "catmullrom"
						},
						"1.7917": {
							"post": [-0.925, 0, 0],
							"lerp_mode": "catmullrom"
						},
						"2.2917": {
							"post": [0, 0, 0],
							"lerp_mode": "catmullrom"
						},
						"2.5": [0, 0, 0]
					}
				},
				"eyelid_right": {
					"position": {
						"0.0": [0, 0, 0],
						"0.5": {
							"pre": [0, 0, 0],
							"post": [0, 0, -0.1]
						},
						"1.5": {
							"pre": [0, 0, -0.1],
							"post": [0, 0, 0]
						}
					}
				},
				"mouth_closed": {
					"position": {
						"0.0": [0, 0, 0],
						"0.0417": {
							"pre": [0, 0, 0],
							"post": [0, 0, 0.1]
						},
						"1.4583": {
							"pre": [0, 0, 0.1],
							"post": [0, 0, 0]
						}
					}
				},
				"mouth_open": {
					"position": {
						"0.0": [0, 0, 0],
						"0.125": {
							"pre": [0, 0, 0],
							"post": [0, 0, -0.1]
						},
						"0.5417": {
							"pre": [0, 0, -0.1],
							"post": [0, 0.05, -0.1]
						},
						"0.6667": {
							"pre": [0, 0.05, -0.1],
							"post": [0, 0, -0.1]
						},
						"0.7917": {
							"pre": [0, 0, -0.1],
							"post": [0, 0.05, -0.1]
						},
						"0.9167": {
							"pre": [0, 0.05, -0.1],
							"post": [0, 0, -0.1]
						},
						"1.0417": {
							"pre": [0, 0, -0.1],
							"post": [0, 0.05, -0.1]
						},
						"1.1667": {
							"pre": [0, 0.05, -0.1],
							"post": [0, 0, -0.1]
						},
						"1.2917": {
							"pre": [0, 0, -0.1],
							"post": [0, 0.05, -0.1]
						},
						"1.4583": {
							"pre": [0, 0.05, -0.1],
							"post": [0, 0, 0]
						}
					}
				},
				"ear_left": {
					"rotation": {
						"0.0417": [0, 0, 0],
						"0.375": {
							"pre": [0, 0, -3.7],
							"post": [0, 0, -3.7],
							"lerp_mode": "catmullrom"
						},
						"0.5": {
							"post": [0, 0, 1.9],
							"lerp_mode": "catmullrom"
						},
						"0.625": {
							"post": [0, 0, 3.2],
							"lerp_mode": "catmullrom"
						},
						"0.7917": {
							"post": [0, 0, -2],
							"lerp_mode": "catmullrom"
						},
						"0.9167": {
							"post": [0, 0, 0.4],
							"lerp_mode": "catmullrom"
						},
						"1.0417": {
							"post": [0, 0, -1.2],
							"lerp_mode": "catmullrom"
						},
						"1.1667": {
							"post": [0, 0, 0.6],
							"lerp_mode": "catmullrom"
						},
						"1.2917": {
							"post": [0, 0, -0.5],
							"lerp_mode": "catmullrom"
						},
						"1.4167": {
							"post": [0, 0, 0.8],
							"lerp_mode": "catmullrom"
						},
						"1.5417": {
							"post": [0, 0, 0],
							"lerp_mode": "catmullrom"
						},
						"1.6667": {
							"post": [0, 0, 0.8],
							"lerp_mode": "catmullrom"
						},
						"2.1667": {
							"post": [0, 0, 0],
							"lerp_mode": "catmullrom"
						},
						"2.5": [0, 0, 0]
					}
				},
				"ear_left2": {
					"rotation": {
						"0.0833": [0, 0, 0],
						"0.4583": {
							"pre": [0, 0, -3.7],
							"post": [0, 0, -3.7],
							"lerp_mode": "catmullrom"
						},
						"0.5833": {
							"post": [0, 0, 1.9],
							"lerp_mode": "catmullrom"
						},
						"0.7083": {
							"post": [0, 0, 3.2],
							"lerp_mode": "catmullrom"
						},
						"0.875": {
							"post": [0, 0, -2],
							"lerp_mode": "catmullrom"
						},
						"1.0": {
							"post": [0, 0, 0.4],
							"lerp_mode": "catmullrom"
						},
						"1.125": {
							"post": [0, 0, -1.2],
							"lerp_mode": "catmullrom"
						},
						"1.25": {
							"post": [0, 0, 0.6],
							"lerp_mode": "catmullrom"
						},
						"1.375": {
							"post": [0, 0, -0.5],
							"lerp_mode": "catmullrom"
						},
						"1.5": {
							"post": [0, 0, 0.8],
							"lerp_mode": "catmullrom"
						},
						"1.625": {
							"post": [0, 0, 0],
							"lerp_mode": "catmullrom"
						},
						"1.75": {
							"post": [0, 0, 0.8],
							"lerp_mode": "catmullrom"
						},
						"2.25": {
							"post": [0, 0, 0],
							"lerp_mode": "catmullrom"
						},
						"2.5": [0, 0, 0]
					}
				},
				"ear_right": {
					"rotation": {
						"0.0417": [0, 0, 0],
						"0.375": {
							"pre": [0, 0, 3.7],
							"post": [0, 0, 3.7],
							"lerp_mode": "catmullrom"
						},
						"0.5": {
							"post": [0, 0, -1.9],
							"lerp_mode": "catmullrom"
						},
						"0.625": {
							"post": [0, 0, -3.2],
							"lerp_mode": "catmullrom"
						},
						"0.7917": {
							"post": [0, 0, 2],
							"lerp_mode": "catmullrom"
						},
						"0.9167": {
							"post": [0, 0, -0.4],
							"lerp_mode": "catmullrom"
						},
						"1.0417": {
							"post": [0, 0, 1.2],
							"lerp_mode": "catmullrom"
						},
						"1.1667": {
							"post": [0, 0, -0.6],
							"lerp_mode": "catmullrom"
						},
						"1.2917": {
							"post": [0, 0, 0.5],
							"lerp_mode": "catmullrom"
						},
						"1.4167": {
							"post": [0, 0, -0.8],
							"lerp_mode": "catmullrom"
						},
						"1.5417": {
							"post": [0, 0, 0],
							"lerp_mode": "catmullrom"
						},
						"1.6667": {
							"post": [0, 0, -0.8],
							"lerp_mode": "catmullrom"
						},
						"2.1667": {
							"post": [0, 0, 0],
							"lerp_mode": "catmullrom"
						},
						"2.5": [0, 0, 0]
					}
				},
				"ear_right2": {
					"rotation": {
						"0.0833": [0, 0, 0],
						"0.4583": {
							"pre": [0, 0, 3.7],
							"post": [0, 0, 3.7],
							"lerp_mode": "catmullrom"
						},
						"0.5833": {
							"post": [0, 0, -1.9],
							"lerp_mode": "catmullrom"
						},
						"0.7083": {
							"post": [0, 0, -3.2],
							"lerp_mode": "catmullrom"
						},
						"0.875": {
							"post": [0, 0, 2],
							"lerp_mode": "catmullrom"
						},
						"1.0": {
							"post": [0, 0, -0.4],
							"lerp_mode": "catmullrom"
						},
						"1.125": {
							"post": [0, 0, 1.2],
							"lerp_mode": "catmullrom"
						},
						"1.25": {
							"post": [0, 0, -0.6],
							"lerp_mode": "catmullrom"
						},
						"1.375": {
							"post": [0, 0, 0.5],
							"lerp_mode": "catmullrom"
						},
						"1.5": {
							"post": [0, 0, -0.8],
							"lerp_mode": "catmullrom"
						},
						"1.625": {
							"post": [0, 0, 0],
							"lerp_mode": "catmullrom"
						},
						"1.75": {
							"post": [0, 0, -0.8],
							"lerp_mode": "catmullrom"
						},
						"2.25": {
							"post": [0, 0, 0],
							"lerp_mode": "catmullrom"
						},
						"2.5": [0, 0, 0]
					}
				},
				"tail": {
					"rotation": {
						"0.0": [0, 0, 0],
						"0.2083": {
							"pre": [3.75, 0, 0],
							"post": [3.75, 0, 0],
							"lerp_mode": "catmullrom"
						},
						"0.3333": {
							"post": [-1.725, 0, 0],
							"lerp_mode": "catmullrom"
						},
						"0.4583": {
							"post": [-2.975, 0, 0],
							"lerp_mode": "catmullrom"
						},
						"0.625": {
							"post": [2.725, 0, 0],
							"lerp_mode": "catmullrom"
						},
						"0.75": {
							"post": [0.75, 0, 0],
							"lerp_mode": "catmullrom"
						},
						"0.875": {
							"post": [2.45, 0, 0],
							"lerp_mode": "catmullrom"
						},
						"1.0": {
							"post": [0.975, 0, 0],
							"lerp_mode": "catmullrom"
						},
						"1.125": {
							"post": [2.075, 0, 0],
							"lerp_mode": "catmullrom"
						},
						"1.25": {
							"post": [1.125, 0, 0],
							"lerp_mode": "catmullrom"
						},
						"1.375": {
							"post": [2.075, 0, 0],
							"lerp_mode": "catmullrom"
						},
						"1.5": {
							"post": [1.175, 0, 0],
							"lerp_mode": "catmullrom"
						},
						"2.0": {
							"post": [0, 0, 0],
							"lerp_mode": "catmullrom"
						},
						"2.5": [0, 0, 0]
					}
				},
				"tail2": {
					"rotation": {
						"0.0": [0, 0, 0],
						"0.2917": {
							"pre": [3.75, 0, 0],
							"post": [3.75, 0, 0],
							"lerp_mode": "catmullrom"
						},
						"0.4167": {
							"post": [-1.725, 0, 0],
							"lerp_mode": "catmullrom"
						},
						"0.5417": {
							"post": [-2.975, 0, 0],
							"lerp_mode": "catmullrom"
						},
						"0.7083": {
							"post": [2.725, 0, 0],
							"lerp_mode": "catmullrom"
						},
						"0.8333": {
							"post": [0.75, 0, 0],
							"lerp_mode": "catmullrom"
						},
						"0.9583": {
							"post": [2.45, 0, 0],
							"lerp_mode": "catmullrom"
						},
						"1.0833": {
							"post": [0.975, 0, 0],
							"lerp_mode": "catmullrom"
						},
						"1.2083": {
							"post": [2.075, 0, 0],
							"lerp_mode": "catmullrom"
						},
						"1.3333": {
							"post": [1.125, 0, 0],
							"lerp_mode": "catmullrom"
						},
						"1.4583": {
							"post": [2.075, 0, 0],
							"lerp_mode": "catmullrom"
						},
						"1.5833": {
							"post": [1.175, 0, 0],
							"lerp_mode": "catmullrom"
						},
						"2.0833": {
							"post": [0, 0, 0],
							"lerp_mode": "catmullrom"
						},
						"2.5": [0, 0, 0]
					}
				},
				"tail_end": {
					"rotation": {
						"0.0": [0, 0, 0],
						"0.375": {
							"pre": [3.75, 0, 0],
							"post": [3.75, 0, 0],
							"lerp_mode": "catmullrom"
						},
						"0.5": {
							"post": [-1.725, 0, 0],
							"lerp_mode": "catmullrom"
						},
						"0.625": {
							"post": [-2.975, 0, 0],
							"lerp_mode": "catmullrom"
						},
						"0.7917": {
							"post": [2.725, 0, 0],
							"lerp_mode": "catmullrom"
						},
						"0.9167": {
							"post": [0.75, 0, 0],
							"lerp_mode": "catmullrom"
						},
						"1.0417": {
							"post": [2.45, 0, 0],
							"lerp_mode": "catmullrom"
						},
						"1.1667": {
							"post": [0.975, 0, 0],
							"lerp_mode": "catmullrom"
						},
						"1.2917": {
							"post": [2.075, 0, 0],
							"lerp_mode": "catmullrom"
						},
						"1.4167": {
							"post": [1.125, 0, 0],
							"lerp_mode": "catmullrom"
						},
						"1.5417": {
							"post": [2.075, 0, 0],
							"lerp_mode": "catmullrom"
						},
						"1.6667": {
							"post": [1.175, 0, 0],
							"lerp_mode": "catmullrom"
						},
						"2.1667": {
							"post": [0, 0, 0],
							"lerp_mode": "catmullrom"
						},
						"2.5": [0, 0, 0]
					}
				},
				"flower": {
					"rotation": {
						"0.0": [0, 0, 0],
						"0.125": {
							"pre": [1, 0, 0],
							"post": [1, 0, 0],
							"lerp_mode": "catmullrom"
						},
						"0.25": {
							"post": [-0.275, 0, 0],
							"lerp_mode": "catmullrom"
						},
						"0.375": {
							"post": [-0.725, 0, 0],
							"lerp_mode": "catmullrom"
						},
						"0.5417": {
							"post": [0.9, 0, 0],
							"lerp_mode": "catmullrom"
						},
						"0.6667": {
							"post": [0.225, 0, 0],
							"lerp_mode": "catmullrom"
						},
						"0.7917": {
							"post": [0.85, 0, 0],
							"lerp_mode": "catmullrom"
						},
						"0.9167": {
							"post": [0.35, 0, 0],
							"lerp_mode": "catmullrom"
						},
						"1.0417": {
							"post": [0.8, 0, 0],
							"lerp_mode": "catmullrom"
						},
						"1.1667": {
							"post": [0.5, 0, 0],
							"lerp_mode": "catmullrom"
						},
						"1.2917": {
							"post": [0.8, 0, 0],
							"lerp_mode": "catmullrom"
						},
						"1.4167": {
							"post": [0.55, 0, 0],
							"lerp_mode": "catmullrom"
						},
						"1.9167": {
							"post": [0, 0, 0],
							"lerp_mode": "catmullrom"
						},
						"2.5": [0, 0, 0]
					},
					"position": {
						"0.0": [0, 0, -16],
						"0.125": {
							"pre": [0, -0.65, -16],
							"post": [0, -0.65, -16],
							"lerp_mode": "catmullrom"
						},
						"0.3333": {
							"post": [0, 0.05, -16],
							"lerp_mode": "catmullrom"
						},
						"0.4583": {
							"post": [0, 0.175, -16],
							"lerp_mode": "catmullrom"
						},
						"0.5833": {
							"post": [0, -0.23, -16],
							"lerp_mode": "catmullrom"
						},
						"0.7083": [0, 0, -16]
					}
				},
				"stem_back": {
					"rotation": {
						"0.0833": [0, 0, 0],
						"0.2083": {
							"pre": [-7.4, 0, 0],
							"post": [-7.4, 0, 0],
							"lerp_mode": "catmullrom"
						},
						"0.4583": {
							"post": [4.8, 0, 0],
							"lerp_mode": "catmullrom"
						},
						"0.7083": {
							"post": [-0.7, 0, 0],
							"lerp_mode": "catmullrom"
						},
						"1.0417": [0, 0, 0]
					}
				},
				"stem_back2": {
					"rotation": {
						"0.1667": [0, 0, 0],
						"0.2917": {
							"pre": [-7.4, 0, 0],
							"post": [-7.4, 0, 0],
							"lerp_mode": "catmullrom"
						},
						"0.5417": {
							"post": [4.8, 0, 0],
							"lerp_mode": "catmullrom"
						},
						"0.7917": {
							"post": [-0.7, 0, 0],
							"lerp_mode": "catmullrom"
						},
						"1.125": [0, 0, 0]
					}
				},
				"stem_back3": {
					"rotation": {
						"0.25": [0, 0, 0],
						"0.375": {
							"pre": [-7.4, 0, 0],
							"post": [-7.4, 0, 0],
							"lerp_mode": "catmullrom"
						},
						"0.625": {
							"post": [4.8, 0, 0],
							"lerp_mode": "catmullrom"
						},
						"0.875": {
							"post": [-0.7, 0, 0],
							"lerp_mode": "catmullrom"
						},
						"1.2083": [0, 0, 0]
					}
				},
				"stem_left": {
					"rotation": {
						"0.0833": [0, 0, 0],
						"0.2083": {
							"pre": [7.4, 0, 0],
							"post": [7.4, 0, 0],
							"lerp_mode": "catmullrom"
						},
						"0.4583": {
							"post": [-4.8, 0, 0],
							"lerp_mode": "catmullrom"
						},
						"0.7083": {
							"post": [0.7, 0, 0],
							"lerp_mode": "catmullrom"
						},
						"1.0417": [0, 0, 0]
					}
				},
				"stem_left2": {
					"rotation": {
						"0.1667": [0, 0, 0],
						"0.2917": {
							"pre": [7.4, 0, 0],
							"post": [7.4, 0, 0],
							"lerp_mode": "catmullrom"
						},
						"0.5417": {
							"post": [-4.8, 0, 0],
							"lerp_mode": "catmullrom"
						},
						"0.7917": {
							"post": [0.7, 0, 0],
							"lerp_mode": "catmullrom"
						},
						"1.125": [0, 0, 0]
					}
				},
				"stem_left3": {
					"rotation": {
						"0.25": [0, 0, 0],
						"0.375": {
							"pre": [7.4, 0, 0],
							"post": [7.4, 0, 0],
							"lerp_mode": "catmullrom"
						},
						"0.625": {
							"post": [-4.8, 0, 0],
							"lerp_mode": "catmullrom"
						},
						"0.875": {
							"post": [0.7, 0, 0],
							"lerp_mode": "catmullrom"
						},
						"1.2083": [0, 0, 0]
					}
				},
				"stem_right": {
					"rotation": {
						"0.0833": [0, 0, 0],
						"0.2083": {
							"pre": [7.4, 0, 0],
							"post": [7.4, 0, 0],
							"lerp_mode": "catmullrom"
						},
						"0.4583": {
							"post": [-4.8, 0, 0],
							"lerp_mode": "catmullrom"
						},
						"0.7083": {
							"post": [0.7, 0, 0],
							"lerp_mode": "catmullrom"
						},
						"1.0417": [0, 0, 0]
					}
				},
				"stem_right2": {
					"rotation": {
						"0.1667": [0, 0, 0],
						"0.2917": {
							"pre": [7.4, 0, 0],
							"post": [7.4, 0, 0],
							"lerp_mode": "catmullrom"
						},
						"0.5417": {
							"post": [-4.8, 0, 0],
							"lerp_mode": "catmullrom"
						},
						"0.7917": {
							"post": [0.7, 0, 0],
							"lerp_mode": "catmullrom"
						},
						"1.125": [0, 0, 0]
					}
				},
				"stem_right3": {
					"rotation": {
						"0.25": [0, 0, 0],
						"0.375": {
							"pre": [7.4, 0, 0],
							"post": [7.4, 0, 0],
							"lerp_mode": "catmullrom"
						},
						"0.625": {
							"post": [-4.8, 0, 0],
							"lerp_mode": "catmullrom"
						},
						"0.875": {
							"post": [0.7, 0, 0],
							"lerp_mode": "catmullrom"
						},
						"1.2083": [0, 0, 0]
					}
				},
				"leaf": {
					"rotation": {
						"0.0417": [0, 0, 0],
						"0.1667": {
							"pre": [0, 0, -7.5],
							"post": [0, 0, -7.5],
							"lerp_mode": "catmullrom"
						},
						"0.4167": {
							"post": [0, 0, 5],
							"lerp_mode": "catmullrom"
						},
						"0.6667": {
							"post": [0, 0, -0.5],
							"lerp_mode": "catmullrom"
						},
						"1.0": [0, 0, 0]
					}
				},
				"leaf2": {
					"rotation": {
						"0.0833": [0, 0, 0],
						"0.25": {
							"pre": [0, 0, -9.775],
							"post": [0, 0, -9.775],
							"lerp_mode": "catmullrom"
						},
						"0.5": {
							"post": [0, 0, 7.8],
							"lerp_mode": "catmullrom"
						},
						"0.75": {
							"post": [0, 0, -6.775],
							"lerp_mode": "catmullrom"
						},
						"1.0833": {
							"post": [0, 0, 0],
							"lerp_mode": "catmullrom"
						},
						"1.25": [0, 0, 0]
					}
				},
				"root5": {
					"rotation": {
						"0.0": [0, 0, 0],
						"0.0833": {
							"pre": [-5.93, 0, 0],
							"post": [-5.93, 0, 0],
							"lerp_mode": "catmullrom"
						},
						"0.2083": {
							"post": [1.5, 0, 0],
							"lerp_mode": "catmullrom"
						},
						"0.3333": {
							"post": [-1.725, 0, 0],
							"lerp_mode": "catmullrom"
						},
						"0.4583": {
							"post": [-2.975, 0, 0],
							"lerp_mode": "catmullrom"
						},
						"0.625": {
							"post": [2.725, 0, 0],
							"lerp_mode": "catmullrom"
						},
						"0.75": {
							"post": [0.75, 0, 0],
							"lerp_mode": "catmullrom"
						},
						"0.875": {
							"post": [2.45, 0, 0],
							"lerp_mode": "catmullrom"
						},
						"1.0": {
							"post": [0.975, 0, 0],
							"lerp_mode": "catmullrom"
						},
						"1.125": {
							"post": [2.075, 0, 0],
							"lerp_mode": "catmullrom"
						},
						"1.25": {
							"post": [1.125, 0, 0],
							"lerp_mode": "catmullrom"
						},
						"1.375": {
							"post": [2.075, 0, 0],
							"lerp_mode": "catmullrom"
						},
						"1.5": {
							"post": [1.175, 0, 0],
							"lerp_mode": "catmullrom"
						},
						"2.0": {
							"post": [0, 0, 0],
							"lerp_mode": "catmullrom"
						},
						"2.5": [0, 0, 0]
					}
				},
				"root6": {
					"rotation": {
						"0.0": [0, 0, 0],
						"0.1667": {
							"pre": [-5.93, 0, 0],
							"post": [-5.93, 0, 0],
							"lerp_mode": "catmullrom"
						},
						"0.2917": {
							"post": [1.25, 0, 0],
							"lerp_mode": "catmullrom"
						},
						"0.4167": {
							"post": [-1.725, 0, 0],
							"lerp_mode": "catmullrom"
						},
						"0.5417": {
							"post": [-2.975, 0, 0],
							"lerp_mode": "catmullrom"
						},
						"0.7083": {
							"post": [2.725, 0, 0],
							"lerp_mode": "catmullrom"
						},
						"0.8333": {
							"post": [0.75, 0, 0],
							"lerp_mode": "catmullrom"
						},
						"0.9583": {
							"post": [2.45, 0, 0],
							"lerp_mode": "catmullrom"
						},
						"1.0833": {
							"post": [0.975, 0, 0],
							"lerp_mode": "catmullrom"
						},
						"1.2083": {
							"post": [2.075, 0, 0],
							"lerp_mode": "catmullrom"
						},
						"1.3333": {
							"post": [1.125, 0, 0],
							"lerp_mode": "catmullrom"
						},
						"1.4583": {
							"post": [2.075, 0, 0],
							"lerp_mode": "catmullrom"
						},
						"1.5833": {
							"post": [1.175, 0, 0],
							"lerp_mode": "catmullrom"
						},
						"2.0833": {
							"post": [0, 0, 0],
							"lerp_mode": "catmullrom"
						},
						"2.5": [0, 0, 0]
					}
				},
				"mouth_open_o": {
					"position": {
						"0.0": [0, 0, 0],
						"0.0417": {
							"pre": [0, 0, 0],
							"post": [0, 0, -0.1]
						},
						"0.125": {
							"pre": [0, 0, -0.1],
							"post": [0, 0, 0]
						}
					}
				}
			},
			"sound_effects": {
				"0.0417": {
					"effect": "pokemon.floette.cry"
				}
			}
		},
		"animation.floette_eternal_mega.blink": {
			"animation_length": 0.1667,
			"bones": {
				"eyelid_left": {
					"position": {
						"0.0": [0, 0, -0.1],
						"0.125": [0, 0, -0.1],
						"0.1667": [0, 0, 0]
					}
				},
				"eyelid_right": {
					"position": {
						"0.0": [0, 0, -0.1],
						"0.125": [0, 0, -0.1],
						"0.1667": [0, 0, 0]
					}
				},
				"body": {
					"position": [0, 0, -16]
				},
				"flower": {
					"position": [0, 0, -16]
				}
			}
		},
		"animation.floette_eternal_mega.recoil": {
			"animation_length": 1.5,
			"bones": {
				"body": {
					"rotation": {
						"0.0": [0, 0, 0],
						"0.0417": [-9.5, 0, 0],
						"0.625": {
							"pre": [0.6, 0, 0],
							"post": [0.6, 0, 0],
							"lerp_mode": "catmullrom"
						},
						"1.0833": {
							"post": [0, 0, 0],
							"lerp_mode": "catmullrom"
						},
						"1.5": [0, 0, 0]
					},
					"position": {
						"0.0": [0, 0, -16],
						"0.0417": [0, 0, -12.8],
						"0.5833": {
							"pre": [0, 0, -15.025],
							"post": [0, 0, -15.025],
							"lerp_mode": "catmullrom"
						},
						"1.0417": {
							"post": [0, 0, -16],
							"lerp_mode": "catmullrom"
						},
						"1.5": [0, 0, -16]
					}
				},
				"neck": {
					"rotation": {
						"0.0": [0, 0, 0],
						"0.0417": [-5, 0, 0],
						"0.7083": {
							"pre": [2, 0, 0],
							"post": [2, 0, 0],
							"lerp_mode": "catmullrom"
						},
						"1.1667": {
							"post": [0, 0, 0],
							"lerp_mode": "catmullrom"
						},
						"1.5": [0, 0, 0]
					}
				},
				"head": {
					"rotation": {
						"0.0": [0, 0, 0],
						"0.0417": [-5, 0, 0],
						"0.7917": {
							"pre": [1.8, 0, 0],
							"post": [1.8, 0, 0],
							"lerp_mode": "catmullrom"
						},
						"1.25": {
							"post": [0, 0, 0],
							"lerp_mode": "catmullrom"
						},
						"1.5": [0, 0, 0]
					}
				},
				"eyelash_left": {
					"rotation": {
						"0.0": [0, 0, 0],
						"0.0417": [9.25, 0, 0],
						"0.375": {
							"pre": [-4.6, 0, 0],
							"post": [-4.6, 0, 0],
							"lerp_mode": "catmullrom"
						},
						"0.9583": {
							"post": [0, 0, 0],
							"lerp_mode": "catmullrom"
						},
						"1.5": [0, 0, 0]
					}
				},
				"eyelash_left2": {
					"rotation": {
						"0.0": [0, 0, 0],
						"0.0417": [9.25, 0, 0],
						"0.4583": {
							"pre": [-7.35, 0, 0],
							"post": [-7.35, 0, 0],
							"lerp_mode": "catmullrom"
						},
						"1.0417": {
							"post": [0, 0, 0],
							"lerp_mode": "catmullrom"
						},
						"1.5": [0, 0, 0]
					}
				},
				"eyelash_left3": {
					"rotation": {
						"0.0": [0, 0, 0],
						"0.0417": [9.25, 0, 0],
						"0.5417": {
							"pre": [-23.49, 0, 0],
							"post": [-23.49, 0, 0],
							"lerp_mode": "catmullrom"
						},
						"1.125": {
							"post": [0, 0, 0],
							"lerp_mode": "catmullrom"
						},
						"1.5": [0, 0, 0]
					}
				},
				"eyelid_left": {
					"position": {
						"0.0": [0, 0, -0.1],
						"0.1667": {"pre": [0, 0, -0.1], "post": [0, 0, 0]},
						"0.5": {"pre": [0, 0, 0], "post": [0, 0, -0.1]},
						"0.5833": {"pre": [0, 0, -0.1], "post": [0, 0, 0]}
					}
				},
				"eyelash_right": {
					"rotation": {
						"0.0": [0, 0, 0],
						"0.0417": [9.25, 0, 0],
						"0.375": {
							"pre": [-4.6, 0, 0],
							"post": [-4.6, 0, 0],
							"lerp_mode": "catmullrom"
						},
						"0.9583": {
							"post": [0, 0, 0],
							"lerp_mode": "catmullrom"
						},
						"1.5": [0, 0, 0]
					}
				},
				"eyelash_right2": {
					"rotation": {
						"0.0": [0, 0, 0],
						"0.0417": [9.25, 0, 0],
						"0.4583": {
							"pre": [-7.35, 0, 0],
							"post": [-7.35, 0, 0],
							"lerp_mode": "catmullrom"
						},
						"1.0417": {
							"post": [0, 0, 0],
							"lerp_mode": "catmullrom"
						},
						"1.5": [0, 0, 0]
					}
				},
				"eyelash_right3": {
					"rotation": {
						"0.0": [0, 0, 0],
						"0.0417": [9.25, 0, 0],
						"0.5417": {
							"pre": [-23.49, 0, 0],
							"post": [-23.49, 0, 0],
							"lerp_mode": "catmullrom"
						},
						"1.125": {
							"post": [0, 0, 0],
							"lerp_mode": "catmullrom"
						},
						"1.5": [0, 0, 0]
					}
				},
				"eyelid_right": {
					"position": {
						"0.0": [0, 0, -0.1],
						"0.1667": {"pre": [0, 0, -0.1], "post": [0, 0, 0]},
						"0.5": {"pre": [0, 0, 0], "post": [0, 0, -0.1]},
						"0.5833": {"pre": [0, 0, -0.1], "post": [0, 0, 0]}
					}
				},
				"ear_left": {
					"rotation": {
						"0.0": [0, 0, 0],
						"0.0833": [0, 15.25, 0],
						"0.625": {
							"pre": [0, 1.25, 0],
							"post": [0, 1.25, 0],
							"lerp_mode": "catmullrom"
						},
						"0.9583": {
							"post": [0, -3, 0],
							"lerp_mode": "catmullrom"
						},
						"1.5": [0, 0, 0]
					}
				},
				"ear_left2": {
					"rotation": {
						"0.0": [0, 0, 0],
						"0.1667": [0, 13, 0],
						"0.7083": {
							"pre": [0, 1.25, 0],
							"post": [0, 1.25, 0],
							"lerp_mode": "catmullrom"
						},
						"1.0417": {
							"post": [0, 0, 0],
							"lerp_mode": "catmullrom"
						},
						"1.5": [0, 0, 0]
					}
				},
				"ear_right": {
					"rotation": {
						"0.0": [0, 0, 0],
						"0.0833": [0, -15.25, 0],
						"0.625": {
							"pre": [0, -1.25, 0],
							"post": [0, -1.25, 0],
							"lerp_mode": "catmullrom"
						},
						"0.9583": {
							"post": [0, 3, 0],
							"lerp_mode": "catmullrom"
						},
						"1.5": [0, 0, 0]
					}
				},
				"ear_right2": {
					"rotation": {
						"0.0": [0, 0, 0],
						"0.1667": [0, -13, 0],
						"0.7083": {
							"pre": [0, -1.25, 0],
							"post": [0, -1.25, 0],
							"lerp_mode": "catmullrom"
						},
						"1.0417": {
							"post": [0, 0, 0],
							"lerp_mode": "catmullrom"
						},
						"1.5": [0, 0, 0]
					}
				},
				"tail": {
					"rotation": {
						"0.0": [0, 0, 0],
						"0.0833": [-9.5, 0, 0],
						"0.7083": {
							"pre": [1.2, 0, 0],
							"post": [1.2, 0, 0],
							"lerp_mode": "catmullrom"
						},
						"1.1667": {
							"post": [0, 0, 0],
							"lerp_mode": "catmullrom"
						},
						"1.5": [0, 0, 0]
					}
				},
				"tail2": {
					"rotation": {
						"0.0": [0, 0, 0],
						"0.125": [-9.5, 0, 0],
						"0.7917": {
							"pre": [1.2, 0, 0],
							"post": [1.2, 0, 0],
							"lerp_mode": "catmullrom"
						},
						"1.25": {
							"post": [0, 0, 0],
							"lerp_mode": "catmullrom"
						},
						"1.5": [0, 0, 0]
					}
				},
				"tail_end": {
					"rotation": {
						"0.0": [0, 0, 0],
						"0.1667": [-9.5, 0, 0],
						"0.875": {
							"pre": [1.2, 0, 0],
							"post": [1.2, 0, 0],
							"lerp_mode": "catmullrom"
						},
						"1.3333": {
							"post": [0, 0, 0],
							"lerp_mode": "catmullrom"
						},
						"1.5": [0, 0, 0]
					}
				},
				"flower": {
					"rotation": {
						"0.0": [0, 0, 0],
						"0.0417": [-9.5, 0, 0],
						"0.625": {
							"pre": [0.6, 0, 0],
							"post": [0.6, 0, 0],
							"lerp_mode": "catmullrom"
						},
						"1.0833": {
							"post": [0, 0, 0],
							"lerp_mode": "catmullrom"
						},
						"1.5": [0, 0, 0]
					},
					"position": {
						"0.0": [0, 0, -16],
						"0.0417": [-0.81, -1.13, -11.655],
						"0.5833": {
							"pre": [0, 0.25, -15.025],
							"post": [0, 0.25, -15.025],
							"lerp_mode": "catmullrom"
						},
						"1.0417": {
							"post": [0, 0.3, -16],
							"lerp_mode": "catmullrom"
						},
						"1.5": [0, 0, -16]
					}
				},
				"petal_back_rotation": {
					"rotation": {
						"0.0": [0, 0, 0],
						"0.0833": [-4.5, 0, 0],
						"0.625": {
							"pre": [5.25, 0, 0],
							"post": [5.25, 0, 0],
							"lerp_mode": "catmullrom"
						},
						"1.125": {
							"post": [0, 0, 0],
							"lerp_mode": "catmullrom"
						},
						"1.5": [0, 0, 0]
					}
				},
				"petal_front2": {
					"rotation": {
						"0.0": [0, 0, 0],
						"0.125": [-24.5, 0, 0],
						"0.75": {
							"pre": [6.75, 0, 0],
							"post": [6.75, 0, 0],
							"lerp_mode": "catmullrom"
						},
						"1.25": {
							"post": [0, 0, 0],
							"lerp_mode": "catmullrom"
						},
						"1.5": [0, 0, 0]
					}
				},
				"petal_left1_rotation": {
					"rotation": {
						"0.0": [0, 0, 0],
						"0.0833": [4.5, 0, 0],
						"0.625": {
							"pre": [-5.25, 0, 0],
							"post": [-5.25, 0, 0],
							"lerp_mode": "catmullrom"
						},
						"1.125": {
							"post": [0, 0, 0],
							"lerp_mode": "catmullrom"
						},
						"1.5": [0, 0, 0]
					}
				},
				"petal_left1_2": {
					"rotation": {
						"0.0": [0, 0, 0],
						"0.125": [24.5, 0, 0],
						"0.75": {
							"pre": [-6.75, 0, 0],
							"post": [-6.75, 0, 0],
							"lerp_mode": "catmullrom"
						},
						"1.25": {
							"post": [0, 0, 0],
							"lerp_mode": "catmullrom"
						},
						"1.5": [0, 0, 0]
					}
				},
				"petal_left2_rotation": {
					"rotation": {
						"0.0": [0, 0, 0],
						"0.0833": [-4.5, 0, 0],
						"0.625": {
							"pre": [5.25, 0, 0],
							"post": [5.25, 0, 0],
							"lerp_mode": "catmullrom"
						},
						"1.125": {
							"post": [0, 0, 0],
							"lerp_mode": "catmullrom"
						},
						"1.5": [0, 0, 0]
					}
				},
				"petal_left2_2": {
					"rotation": {
						"0.0": [0, 0, 0],
						"0.125": [-24.5, 0, 0],
						"0.75": {
							"pre": [6.75, 0, 0],
							"post": [6.75, 0, 0],
							"lerp_mode": "catmullrom"
						},
						"1.25": {
							"post": [0, 0, 0],
							"lerp_mode": "catmullrom"
						},
						"1.5": [0, 0, 0]
					}
				},
				"petal_right1_rotation": {
					"rotation": {
						"0.0": [0, 0, 0],
						"0.0833": [4.5, 0, 0],
						"0.625": {
							"pre": [-5.25, 0, 0],
							"post": [-5.25, 0, 0],
							"lerp_mode": "catmullrom"
						},
						"1.125": {
							"post": [0, 0, 0],
							"lerp_mode": "catmullrom"
						},
						"1.5": [0, 0, 0]
					}
				},
				"petal_right1_2": {
					"rotation": {
						"0.0": [0, 0, 0],
						"0.125": [24.5, 0, 0],
						"0.75": {
							"pre": [-6.75, 0, 0],
							"post": [-6.75, 0, 0],
							"lerp_mode": "catmullrom"
						},
						"1.25": {
							"post": [0, 0, 0],
							"lerp_mode": "catmullrom"
						},
						"1.5": [0, 0, 0]
					}
				},
				"petal_right2_rotation": {
					"rotation": {
						"0.0": [0, 0, 0],
						"0.0833": [-4.5, 0, 0],
						"0.625": {
							"pre": [5.25, 0, 0],
							"post": [5.25, 0, 0],
							"lerp_mode": "catmullrom"
						},
						"1.125": {
							"post": [0, 0, 0],
							"lerp_mode": "catmullrom"
						},
						"1.5": [0, 0, 0]
					}
				},
				"petal_right2_2": {
					"rotation": {
						"0.0": [0, 0, 0],
						"0.125": [-24.5, 0, 0],
						"0.75": {
							"pre": [6.75, 0, 0],
							"post": [6.75, 0, 0],
							"lerp_mode": "catmullrom"
						},
						"1.25": {
							"post": [0, 0, 0],
							"lerp_mode": "catmullrom"
						},
						"1.5": [0, 0, 0]
					}
				},
				"root5": {
					"rotation": {
						"0.0": [0, 0, 0],
						"0.0833": [-5.25, 0, 0],
						"0.7083": {
							"pre": [2, 0, 0],
							"post": [2, 0, 0],
							"lerp_mode": "catmullrom"
						},
						"1.125": {
							"post": [0, 0, 0],
							"lerp_mode": "catmullrom"
						},
						"1.5": {
							"post": [0, 0, 0],
							"lerp_mode": "catmullrom"
						}
					}
				},
				"root6": {
					"rotation": {
						"0.0": [0, 0, 0],
						"0.125": [-7.75, 0, 0],
						"0.8333": {
							"pre": [2, 0, 0],
							"post": [2, 0, 0],
							"lerp_mode": "catmullrom"
						},
						"1.25": {
							"post": [0, 0, 0],
							"lerp_mode": "catmullrom"
						},
						"1.5": {
							"post": [0, 0, 0],
							"lerp_mode": "catmullrom"
						}
					}
				},
				"arm_left": {
					"rotation": {
						"0.0": [0, 0, 0],
						"0.0417": [0, 6.5, -8.5],
						"0.625": {
							"pre": [0, 0, 0],
							"post": [0, 0, 0],
							"lerp_mode": "catmullrom"
						},
						"1.0833": {
							"post": [0, 0, 0],
							"lerp_mode": "catmullrom"
						},
						"1.5": [0, 0, 0]
					},
					"position": {
						"0.0": [0, 0, 0],
						"0.0417": [0, 0, -0.575],
						"0.625": {
							"pre": [0, 0, 0],
							"post": [0, 0, 0],
							"lerp_mode": "catmullrom"
						},
						"1.0833": {
							"post": [0, 0, 0],
							"lerp_mode": "catmullrom"
						},
						"1.5": [0, 0, 0]
					}
				},
				"arm_right": {
					"rotation": {
						"0.0": [0, 0, 0],
						"0.0417": [0, 11.75, 0],
						"0.625": {
							"pre": [0, 0, 0],
							"post": [0, 0, 0],
							"lerp_mode": "catmullrom"
						},
						"1.0833": {
							"post": [0, 0, 0],
							"lerp_mode": "catmullrom"
						},
						"1.5": [0, 0, 0]
					}
				},
				"petalflap1": {
					"rotation": {
						"0.0": [0, 0, 0],
						"0.0833": [0, 0, -4.5],
						"0.625": {
							"pre": [0, 0, 5.25],
							"post": [0, 0, 5.25],
							"lerp_mode": "catmullrom"
						},
						"1.125": {
							"post": [0, 0, 0],
							"lerp_mode": "catmullrom"
						},
						"1.5": [0, 0, 0]
					}
				},
				"petalflap2": {
					"rotation": {
						"0.0": [0, 0, 0],
						"0.0833": [0, 0, -4.5],
						"0.625": {
							"pre": [0, 0, 5.25],
							"post": [0, 0, 5.25],
							"lerp_mode": "catmullrom"
						},
						"1.125": {
							"post": [0, 0, 0],
							"lerp_mode": "catmullrom"
						},
						"1.5": [0, 0, 0]
					}
				},
				"petalflap5": {
					"rotation": {
						"0.0": [0, 0, 0],
						"0.0833": [0, 0, -4.5],
						"0.625": {
							"pre": [0, 0, 5.25],
							"post": [0, 0, 5.25],
							"lerp_mode": "catmullrom"
						},
						"1.125": {
							"post": [0, 0, 0],
							"lerp_mode": "catmullrom"
						},
						"1.5": [0, 0, 0]
					}
				}
			}
		}
	}
}