{
	"format_version": "1.8.0",
	"animations": {
		"animation.pikachu_captain.ground_idle": {
			"loop": true,
			"bones": {
				"torso": {
					"rotation": [0, "math.sin(q.anim_time*90)*2", 0],
					"position": [0, "0.1*(math.sin(q.anim_time*90*3-30)*1+1)", 0]
				},
				"tail": {
					"rotation": ["math.sin(query.anim_time*90)*6", "math.sin(query.anim_time*90)*4", 0]
				},
				"head": {
					"rotation": ["math.sin(query.anim_time*90*2)*2", "math.sin(query.anim_time*90)*4", 0]
				},
				"ear_right": {
					"rotation": [0, 0, "math.sin(q.anim_time*90*2+90)*4"]
				},
				"ear_left": {
					"rotation": [0, 0, "-math.sin(q.anim_time*90*2+90)*4"]
				},
				"arm_right": {
					"rotation": [85, -60, -130],
					"position": [-0.5, -0.25, 0.5]
				},
				"arm_left": {
					"rotation": [85, 60, 130],
					"position": [0.5, -0.25, 0.5]
				},
				"leg_left": {
					"rotation": [0, -5, 0]
				},
				"leg_right": {
					"rotation": [0, 5, 0]
				},
				"foot_left": {
					"rotation": [0, -5, 0]
				},
				"foot_right": {
					"rotation": [0, 5, 0]
				}
			}
		},
		"animation.pikachu_captain.ground_walk": {
			"loop": true,
			"bones": {
				"body": {
					"rotation": ["89+6*(math.sin(q.anim_time*90*4*2-140))", 0, 0],
					"position": [0, "-0.5+math.clamp(1*(math.sin(q.anim_time*90*4*2-60)*1.25),0,2)", "-math.clamp(math.sin(q.anim_time*90*4*2-110)*1.25,0,2)"]
				},
				"tail": {
					"rotation": ["-80+12*(math.sin(q.anim_time*90*4*2-240)*1+1)", "10*(math.sin(q.anim_time*90*2*2-140))", 0]
				},
				"head": {
					"rotation": ["-90+3*(math.sin(q.anim_time*90*4*2-200)*1+1)", 0, 0],
					"position": [0, 2.5, -1]
				},
				"ear_left": {
					"rotation": ["-25+16*(math.sin(q.anim_time*90*4*2-240))", 0, "-10*(math.sin(q.anim_time*90*4*2-200))"]
				},
				"ear_right": {
					"rotation": ["-25+16*(math.sin(q.anim_time*90*4*2-240))", 0, "10*(math.sin(q.anim_time*90*4*2-200))"]
				},
				"arm_right": {
					"rotation": [
						-358.7,
						"-76.5+1.8*(math.clamp(math.sin(-q.anim_time*90*4)*40,-50,5)+math.clamp(math.sin(q.anim_time*90*4)*40,-50,5)+math.clamp(math.sin(-q.anim_time*90*8)*25,-15,50))",
						"266.25+5*(-math.sin(q.anim_time*90*4))"
					],
					"position": [0.5, "1-math.clamp(0.5*(math.sin(q.anim_time*90*4*2-30)*1),-1,0)", 0.015]
				},
				"arm_left": {
					"rotation": [
						-1.3,
						"76.5-1.8*(math.clamp(math.sin(-q.anim_time*90*4)*40,-50,5)+math.clamp(math.sin(q.anim_time*90*4)*40,-50,5)+math.clamp(math.sin(-q.anim_time*90*8)*25,-15,50))",
						"93.75-5*(-math.sin(q.anim_time*90*4))"
					],
					"position": [-0.5, "1-math.clamp(0.5*(math.sin(q.anim_time*90*4*2-30)*1),-1,0)", 0.015]
				},
				"leg_right": {
					"rotation": ["-70+math.clamp(math.sin(q.anim_time*90*8-80)*40,-17.5,50)-math.clamp(math.sin(-q.anim_time*90*8)*3,0,8)", 0, 0],
					"position": [
						0,
						"-math.clamp(math.sin(q.anim_time*90*4*2-80)*1,0,2)-math.clamp(math.sin(-q.anim_time*90*4*2)*0.5,0,2)",
						"-1+math.clamp(math.sin(q.anim_time*90*4*2-110)*1,0,2)"
					]
				},
				"foot_right": {
					"rotation": ["35+math.clamp(math.sin(q.anim_time*90*8-80)*20,-17.5,50)-math.clamp(math.sin(-q.anim_time*90*8)*3,0,8)", 0, 0],
					"position": [0, -0.175, 0.45]
				},
				"toes_right": {
					"rotation": ["math.clamp(math.sin(q.anim_time*90*8-20)*-40,-50,0)", 0, 0]
				},
				"leg_left": {
					"rotation": ["-70+math.clamp(math.sin(q.anim_time*90*8-80)*40,-17.5,50)-math.clamp(math.sin(-q.anim_time*90*8)*3,0,8)", 0, 0],
					"position": [
						0,
						"-math.clamp(math.sin(q.anim_time*90*4*2-80)*1,0,2)-math.clamp(math.sin(-q.anim_time*90*4*2)*0.5,0,2)",
						"-1+math.clamp(math.sin(q.anim_time*90*4*2-110)*1,0,2)"
					]
				},
				"foot_left": {
					"rotation": ["35+math.clamp(math.sin(q.anim_time*90*8-80)*20,-17.5,50)-math.clamp(math.sin(-q.anim_time*90*8)*3,0,8)", 0, 0],
					"position": [0, -0.175, 0.45]
				},
				"toes_left": {
					"rotation": ["math.clamp(math.sin(q.anim_time*90*8-20)*-40,-50,0)", 0, 0]
				}
			}
		},
		"animation.pikachu_captain.sleep": {
			"loop": true,
			"animation_length": 3.8333,
			"bones": {
				"body": {
					"rotation": [90, 12.5, 0],
					"position": [0, -4, 2]
				},
				"torso": {
					"rotation": ["-5+math.sin(query.anim_time*90*0.5)*1.5", 0, 0]
				},
				"head": {
					"rotation": ["-78.75+math.sin(query.anim_time*90)*1.5", -3.5, 9.5],
					"position": [1, 2.25, -1.5]
				},
				"eyelid_right": {
					"position": [0, 0, -0.1]
				},
				"eyelid_left": {
					"position": [0, 0, -0.1]
				},
				"ear_left": {
					"rotation": ["-135+math.sin(query.anim_time*90+20)*1.5", 54, "-14-math.sin(query.anim_time*90+20)"],
					"position": [0, 0.75, 0]
				},
				"ear_right": {
					"rotation": ["-127+math.sin(query.anim_time*90+40)*1.5", -54, "14+math.sin(query.anim_time*90+20)"],
					"position": [0, 0.75, 0]
				},
				"arm_right": {
					"rotation": [-90.5, "-5+math.sin(query.anim_time*90*0.5)*3", 125],
					"position": [0, 1, -2]
				},
				"arm_left": {
					"rotation": [-90.75, "5-math.sin(query.anim_time*90*0.5)*3", -110],
					"position": [1, 0, -2]
				},
				"tail": {
					"rotation": ["-135-math.sin(query.anim_time*90+30*0.5)*1.5", 0, "math.sin(query.anim_time*90*2)*1.5"],
					"position": [0, 0, -1]
				},
				"leg_right": {
					"rotation": [-127, 5, -17.25],
					"position": [0, -1, 0.25]
				},
				"foot_right": {
					"rotation": [37.5, 0, 0],
					"position": [-0.25, 0, -0.5]
				},
				"leg_left": {
					"rotation": [-128.5, -6, 24],
					"position": [0.25, -1, 0]
				},
				"foot_left": {
					"rotation": [37.5, 0, 0],
					"position": [0, 0.5, -0.25]
				},
				"eye_right": {
					"rotation": [0, 0, -10]
				},
				"eye_left": {
					"rotation": [0, 0, 10]
				}
			}
		},
		"animation.pikachu_captain.battle_idle": {
			"loop": true,
			"bones": {
				"body": {
					"rotation": [89, 0, 0],
					"position": [0, "-1.25+0.1*math.sin(q.anim_time*90*4)", 0]
				},
				"tail": {
					"rotation": ["-80+8*(math.sin(q.anim_time*90*4-80))", "10*(math.sin(q.anim_time*90*2-120))", 0]
				},
				"head": {
					"rotation": ["-95-math.sin(query.anim_time*90*4+45)*2", 0, 0],
					"position": [0, 3.25, -0.75]
				},
				"ear_right": {
					"rotation": [-20, 0, "math.sin(q.anim_time*90*4+90)*4"]
				},
				"ear_left": {
					"rotation": [-20, 0, "-math.sin(q.anim_time*90*4+90)*4"]
				},
				"arm_right": {
					"rotation": [-71.35, "-74.2-0.8*math.sin(q.anim_time*90*4)", 72],
					"position": [0.5, 0, "0.25-0.1*math.sin(q.anim_time*90*4)"]
				},
				"arm_left": {
					"rotation": [-71.35, "74.2+0.8*math.sin(q.anim_time*90*4)", -72],
					"position": [-0.5, 0, "0.25-0.1*math.sin(q.anim_time*90*4)"]
				},
				"leg_right": {
					"rotation": ["-65-2*math.sin(q.anim_time*90*4)", 3.15, -6.8],
					"position": [0, 0, "-1-0.1*math.sin(q.anim_time*90*4)"]
				},
				"foot_right": {
					"rotation": ["35+1.5*math.sin(q.anim_time*90*4)", 0, 0],
					"position": [0, -0.175, "0.45+0.1*math.sin(q.anim_time*90*3)"]
				},
				"toes_right": {
					"rotation": ["-55-2*math.sin(q.anim_time*90*4)", 0, 0]
				},
				"leg_left": {
					"rotation": ["-65-2*math.sin(q.anim_time*90*4)", -3.15, 6.8],
					"position": [0, 0, "-1-0.1*math.sin(q.anim_time*90*4)"]
				},
				"foot_left": {
					"rotation": ["35+1.5*math.sin(q.anim_time*90*4)", 0, 0],
					"position": [0, -0.175, "0.45+0.1*math.sin(q.anim_time*90*4)"]
				},
				"toes_left": {
					"rotation": ["-55-2*math.sin(q.anim_time*90*4)", 0, 0]
				},
				"torso": {
					"rotation": [5, 0, 0]
				},
				"eye_right": {
					"rotation": [0, 0, 20]
				},
				"eye_left": {
					"rotation": [0, 0, -20]
				}
			}
		},
		"animation.pikachu_captain.thunderpunch": {
			"animation_length": 3.0833,
			"bones": {
				"body": {
					"rotation": {
						"0.0": [89, 0, 0],
						"0.2917": {
							"pre": [89, 0, 0],
							"post": [89, 0, 0],
							"lerp_mode": "catmullrom"
						},
						"0.4583": {
							"post": [88.87265, -27.49546, 0.52053],
							"lerp_mode": "catmullrom"
						},
						"0.625": {
							"post": [82.70129, -95.8742, -0.4512],
							"lerp_mode": "catmullrom"
						},
						"0.7917": {
							"post": [82.7, -340.87, -0.45],
							"lerp_mode": "catmullrom"
						},
						"0.9167": {
							"post": [83.05713, -353.27438, 1.13686],
							"lerp_mode": "catmullrom"
						},
						"1.0833": {
							"post": [81.67478, -326.00708, -2.72325],
							"lerp_mode": "catmullrom"
						},
						"1.375": {
							"post": [81.67, -326.01, -2.72],
							"lerp_mode": "catmullrom"
						},
						"1.5417": {
							"post": [81.76946, -392.95643, 6.45873],
							"lerp_mode": "catmullrom"
						},
						"1.6667": {
							"post": [77.87365, -415.12724, 11.95795],
							"lerp_mode": "catmullrom"
						},
						"2.5": {
							"post": [77.87365, -415.12724, 11.95795],
							"lerp_mode": "catmullrom"
						},
						"2.9167": [83.05219, -353.28365, 1.14281],
						"3.0833": {
							"pre": [89, 0, 0],
							"post": [89, 0, 0],
							"lerp_mode": "catmullrom"
						}
					},
					"position": {
						"0.0": [0, 0, 0],
						"0.2917": [0, 6, -6],
						"0.4583": [0, 16, -12],
						"0.625": [0, 26, -16],
						"0.7917": {
							"pre": [0, 31, -19],
							"post": [0, 31, -19],
							"lerp_mode": "catmullrom"
						},
						"1.375": ["0+math.sin(q.anim_time*90*1)*1", "31+math.sin(q.anim_time*90*0.7+50)*1", "-19+Math.cos((query.anim_time-0.2) * 90 * 48) * 0.5"],
						"1.5417": [0, 14, -33],
						"1.6667": [0, 2, -60],
						"2.5": [0, 2, -60],
						"2.9167": [0, 12, -30],
						"3.0833": [0, 0, 0]
					}
				},
				"tail": {
					"rotation": {
						"0.0": [-80, 10, 0],
						"0.1667": [-80, 10, 0],
						"0.2917": [-80, 10, 0],
						"0.4583": [-70.77493, 58.71163, 14.84081],
						"0.625": [-70.77, 58.71, 14.84],
						"0.7917": [-70.77, 58.71, 14.84],
						"0.9167": [-97.42195, -12.16493, -3.90354],
						"1.375": [-97.42, -12.16, -3.9],
						"1.5417": [-37.42, -12.16, -3.9],
						"2.9167": [-37.42, -12.16, -3.9],
						"3.0833": [-80, 10, 0]
					}
				},
				"head": {
					"rotation": {
						"0.0": [-95, 0, 0],
						"0.1667": [-65, 0, 0],
						"0.2917": [-22.5, 0, 0],
						"0.4583": [-26.15697, -29.76212, 13.70122],
						"0.7917": [-5.67957, -19.81506, 12.5669],
						"0.9167": [-3.61411, -10.65158, 1.4363],
						"1.0833": [7.8215, -40.57782, 3.8146],
						"1.375": [7.82, -40.58, 3.81],
						"1.5417": [6.18921, 16.56359, 10.686],
						"1.6667": [-9.37676, 36.02577, -14.67349],
						"2.5": [-9.38, 36.03, -14.67],
						"2.9167": [-8.08961, -2.20355, 1.27416],
						"3.0833": [-95, 0, 0]
					},
					"position": {
						"0.0": [0, 3.25, -0.75],
						"0.1667": [0, 3.25, -0.75],
						"0.2917": [0, 1.25, -0.75],
						"0.625": [0, 1.25, -0.75],
						"0.7917": [0, 0.25, -0.75],
						"2.5": [0, 0.25, -0.75],
						"2.9167": [0, 0.25, -0.75],
						"3.0833": [0, 3.25, -0.75]
					}
				},
				"ear_right": {
					"rotation": {
						"0.0": [-20, 0, 0],
						"0.2917": [-10.3141, -17.2294, -58.4333],
						"0.7083": [-10.3141, -17.2294, -58.4333],
						"0.9167": [-20, 0, 0],
						"3.0833": [-20, 0, 0]
					}
				},
				"ear_left": {
					"rotation": {
						"0.0": [-20, 0, 0],
						"0.2917": [-10.3141, 17.2294, 58.4333],
						"0.7083": [-10.3141, 17.2294, 58.4333],
						"0.9167": [-20, 0, 0],
						"3.0833": [-20, 0, 0]
					}
				},
				"arm_right": {
					"rotation": {
						"0.0": [-71.35, -74.2, 72],
						"0.1667": [56.1621, -81.00399, -56.49775],
						"0.2917": [-103.11391, -19.05963, 63.77674],
						"0.7917": [-78.67537, 7.83583, 27.22986],
						"1.375": [-78.68, 7.84, 27.23],
						"1.5417": [-53.42081, -70.95558, -9.38319],
						"1.6667": [-69.99631, -55.3582, 8.99256],
						"2.5": [-70, -55.36, 8.99],
						"2.9167": [-25.77753, -77.532, -38.02255],
						"3.0833": [-71.35, -74.2, 72]
					},
					"position": {
						"0.0": [0.5, 0, 0.25],
						"0.1667": [0.5, 0, 0.25],
						"0.2917": [-0.5, 0, 0.25],
						"0.7917": [-0.5, 0, 0.25],
						"1.375": {
							"pre": [-0.5, 0, 0.25],
							"post": [-0.5, 0, 0.25],
							"lerp_mode": "catmullrom"
						},
						"1.6667": ["-0.5+math.sin(q.anim_time*90*1)*1", "0+math.sin(q.anim_time*90*0.7+50)*1", "0.25+Math.cos((query.anim_time-0.2) * 90 * 48) * 0.5"],
						"2.5": [-0.5, 0, 0.25],
						"2.9167": [-0.5, 0, 0.25],
						"3.0833": [0.5, 0, 0.25]
					}
				},
				"arm_left": {
					"rotation": {
						"0.0": [-71.35, 74.2, -72],
						"0.1667": [56.1621, 81.00399, 56.49775],
						"0.2917": [141.49523, 67.23656, 140.54922],
						"0.7917": [20.69747, -25.23163, -21.53371],
						"1.0833": [99.57576, 71.08102, 87.72716],
						"1.375": [99.58, 71.08, 87.73],
						"1.5417": [19.01607, -11.11107, -16.18594],
						"2.5": [19.02, -11.11, -16.19],
						"2.9167": [45.69434, 63.45698, 30.11705],
						"3.0833": [-71.35, 74.2, -72]
					},
					"position": {
						"0.0": [-0.5, 0, 0.25],
						"0.7917": [0.5, 0, 0.25],
						"1.375": [0.5, 0, 0.25],
						"2.5": [0.5, 0, 0.25],
						"2.9167": [0.5, 0, 0.25],
						"3.0833": [-0.5, 0, 0.25]
					}
				},
				"leg_right": {
					"rotation": {
						"0.0": [-65, 3.15, -6.8],
						"0.1667": [-80, 3.15, -6.8],
						"0.625": [-80, 3.15, -6.8],
						"0.7917": [-74.34161, 20.37096, -3.60694],
						"1.375": [-74.34, 20.37, -3.61],
						"2.9167": [-74.34, 20.37, -3.61],
						"3.0833": [-65, 3.15, -6.8]
					},
					"position": [0, 0, -1]
				},
				"foot_right": {
					"rotation": [35, 0, 0],
					"position": [0, -0.175, 0.45]
				},
				"toes_right": {
					"rotation": [-55, 0, 0]
				},
				"leg_left": {
					"rotation": {
						"0.0": [-65, -3.15, 6.8],
						"0.1667": [-85, -3.15, 6.8],
						"0.625": [-85, -3.15, 6.8],
						"0.7917": [-117.0724, -23.06905, 4.9433],
						"1.375": [-117.07, -23.07, 4.94],
						"2.9167": [-117.07, -23.07, 4.94],
						"3.0833": [-65, -3.15, 6.8]
					},
					"position": [0, 0, -1]
				},
				"foot_left": {
					"rotation": [35, 0, 0],
					"position": [0, -0.175, 0.45]
				},
				"toes_left": {
					"rotation": [-55, 0, 0]
				},
				"torso": {
					"rotation": {
						"0.0": [5, 0, 0],
						"0.2917": [-47.5, 0, 0],
						"0.4583": [-67.5, 0, 0],
						"1.6667": [-55, 0, 0],
						"2.9167": [-55, 0, 0],
						"3.0833": [5, 0, 0]
					}
				},
				"eye_right": {
					"rotation": [0, 0, 20]
				},
				"eye_left": {
					"rotation": [0, 0, -20]
				}
			}
		},
		"animation.pikachu_captain.shoulder_right": {
			"loop": true,
			"bones": {
				"body": {
					"rotation": [0, 0, -7.5],
					"position": [0, -6.5, 4]
				},
				"torso": {
					"rotation": [20, 0, "math.sin((query.anim_time)*90*2) * 0.3"],
					"position": [0, 0, -1]
				},
				"head": {
					"rotation": [-17.5, 1.5, 4.75]
				},
				"ear_left": {
					"rotation": [0, 0, "-(math.sin((query.anim_time)*90*2) * 2)"]
				},
				"ear_right": {
					"rotation": [0, 0, "(math.sin((query.anim_time)*90*2) * 2)"]
				},
				"arm_right": {
					"rotation": [121.75, -61.75, -133]
				},
				"arm_left": {
					"rotation": [137.25, 60.35, 141.65]
				},
				"tail": {
					"rotation": [0, "-40+math.sin((query.anim_time)*90*2+60)", 0]
				},
				"leg_right": {
					"rotation": [0, 0, 7.5],
					"position": [-0.13, -1, 0]
				},
				"leg_left": {
					"rotation": [0, 0, 7.5],
					"position": [-0.13, -1, 0]
				},
				"foot_left": {
					"rotation": [25, 0, 0],
					"position": [0, 0, -0.5]
				}
			}
		},
		"animation.pikachu_captain.shoulder_left": {
			"loop": true,
			"bones": {
				"body": {
					"rotation": [0, 0, 7.5],
					"position": [0, -6.5, 4]
				},
				"torso": {
					"rotation": [20, 0, "-(math.sin((query.anim_time)*90*2) * 0.3)"],
					"position": [0, 0, -1]
				},
				"head": {
					"rotation": [-17.5, -1.5, -4.75]
				},
				"ear_left": {
					"rotation": [0, 0, "-(math.sin((query.anim_time)*90*2)*2)"]
				},
				"ear_right": {
					"rotation": [0, 0, "(math.sin((query.anim_time)*90*2)*2)"]
				},
				"arm_right": {
					"rotation": [137.25, -60.35, -141.65]
				},
				"arm_left": {
					"rotation": [121.75, 61.75, 133]
				},
				"tail": {
					"rotation": [0, "40+math.sin((query.anim_time)*90*2+60)", 0]
				},
				"leg_right": {
					"rotation": [0, 0, -7.5],
					"position": [0.13, -1, 0]
				},
				"leg_left": {
					"rotation": [0, 0, -7.5],
					"position": [0.13, -1, 0]
				},
				"foot_right": {
					"rotation": [25, 0, 0],
					"position": [0, 0, -0.5]
				}
			}
		},
		"animation.pikachu_captain.blink": {
			"animation_length": 0.1667,
			"bones": {
				"eyelid_left": {
					"position": {
						"0.0": [0, 0, -0.1],
						"0.125": [0, 0, -0.1],
						"0.1667": [0, 0, 0]
					}
				},
				"eyelid_right": {
					"position": {
						"0.0": [0, 0, -0.1],
						"0.125": [0, 0, -0.1],
						"0.1667": [0, 0, 0]
					}
				}
			}
		},
		"animation.pikachu_captain.cry": {
			"animation_length": 0.95,
			"bones": {
				"head": {
					"rotation": {
						"0.0": {
							"post": [0, 0, 0],
							"lerp_mode": "catmullrom"
						},
						"0.25": {
							"post": [-15, 0, 0],
							"lerp_mode": "catmullrom"
						},
						"0.55": {
							"post": [-15, 0, 0],
							"lerp_mode": "catmullrom"
						},
						"0.95": {
							"post": [0, 0, 0],
							"lerp_mode": "catmullrom"
						}
					}
				},
				"mouth_closed": {
					"position": {
						"0.0": {
							"post": [0, 0, 0],
							"lerp_mode": "catmullrom"
						},
						"0.2": {
							"post": [0, 0, 0],
							"lerp_mode": "catmullrom"
						},
						"0.25": {
							"post": [0, 0, 0.2],
							"lerp_mode": "catmullrom"
						},
						"0.55": {
							"post": [0, 0, 0.2],
							"lerp_mode": "catmullrom"
						},
						"0.6": {
							"post": [0, 0, 0],
							"lerp_mode": "catmullrom"
						},
						"0.95": {
							"post": [0, 0, 0],
							"lerp_mode": "catmullrom"
						}
					}
				},
				"mouth_open": {
					"position": {
						"0.0": {
							"post": [0, 0, 0],
							"lerp_mode": "catmullrom"
						},
						"0.2": {
							"post": [0, 0, -0.2],
							"lerp_mode": "catmullrom"
						},
						"0.6": {
							"post": [0, 0, -0.2],
							"lerp_mode": "catmullrom"
						},
						"0.95": {
							"post": [0, 0, 0],
							"lerp_mode": "catmullrom"
						}
					}
				}
			},
			"sound_effects": {
				"0.2": {
					"effect": "pokemon.pikachu.cry"
				}
			}
		},
		"animation.pikachu_captain.render": {
			"loop": true,
			"bones": {
				"body": {
					"rotation": [30, 0, 0],
					"position": [0, 3, 0]
				},
				"head": {
					"rotation": [-35, 0, 0],
					"position": [0, -0.43, -0.25]
				},
				"ear_left": {
					"rotation": [-25, 0, 15]
				},
				"ear_right": {
					"rotation": [0, 30, -5]
				},
				"arm_right": {
					"rotation": [-45, -50, 40],
					"position": [0, -0.43, -0.25]
				},
				"arm_left": {
					"rotation": [-45, 50, -40],
					"position": [0, -0.43, -0.25]
				},
				"tail": {
					"rotation": [-25, 40, 0]
				},
				"leg_right": {
					"rotation": [0, 0, 10],
					"position": [0, -1.36, 0.36]
				},
				"foot_right": {
					"rotation": [27.5, 3, -7],
					"position": [0, -0.25, 0]
				},
				"leg_left": {
					"rotation": [0, 0, -10],
					"position": [0, -1.36, 0.36]
				},
				"foot_left": {
					"rotation": [25, -1.85, 6.85],
					"position": [0, -0.25, 0]
				},
				"mouth_closed": {
					"position": [0, 0, 0.1]
				},
				"mouth_open": {
					"rotation": [-25, 0, 180],
					"position": [0, -0.9, 0]
				}
			}
		},
		"animation.pikachu_captain.pose": {
			"loop": true,
			"bones": {
				"body": {
					"position": [0, 26, 0]
				},
				"torso": {
					"rotation": [25, 0, 0]
				},
				"head": {
					"rotation": [15.33981, -48.97354, -11.69208]
				},
				"arm_right": {
					"rotation": [-77.63842, 5.16321, 25.91497],
					"position": [0.1, 0, -1.6]
				},
				"arm_left": {
					"rotation": [290.16128, 25.23221, 386.35263],
					"position": [0.2, 0, -1.7]
				},
				"tail": {
					"rotation": [-191.36649, 80.21782, -136.85642]
				},
				"leg_right": {
					"rotation": [-37.14233, 4.59902, 21.88927]
				},
				"foot_right": {
					"rotation": [0, 0, -12]
				},
				"leg_left": {
					"rotation": [-24.33829, -7.57131, -22.97528]
				},
				"foot_left": {
					"rotation": [0, 0, 12]
				}
			}
		},
		"animation.pikachu_captain.quirk": {
			"animation_length": 3.9583,
			"bones": {
				"tail2": {
					"rotation": {
						"0.0": [0, 0, 0],
						"0.6667": [0, 0, 0],
						"0.75": [-20, 0, 0],
						"0.8333": [-20, 0, 0],
						"1.1667": [-10, 0, 0],
						"1.5": [-20, 0, 0],
						"1.8333": [-10, 0, 0],
						"2.1667": [-20, 0, 0],
						"2.5": [-10, 0, 0],
						"3.1667": [-20, 0, 0],
						"3.25": [0, 0, 0],
						"3.75": [0, 0, 0],
						"3.9167": [0, 0, 0]
					}
				},
				"body": {
					"rotation": {
						"0.0": [0, 0, 0],
						"0.1667": [0, 0, 0],
						"0.6667": [0, 0, 0],
						"0.75": [7.5, 0, 0],
						"3.25": [0, 0, 0],
						"3.75": [0, 0, 0],
						"3.9167": [0, 0, 0]
					},
					"position": {
						"0.0": [0, 0, 0],
						"0.1667": [0, 0, 0],
						"0.3333": [0, 14, 0],
						"0.5": [0, 18, 0],
						"0.6667": [0, 14, 0],
						"0.75": [0, 11, 0],
						"0.8333": [0, 11, 0],
						"1.1667": [0, 17, 0],
						"1.5": ["0+math.sin(q.anim_time*90*1)*1", "11+math.sin(q.anim_time*90*0.7+50)*1", "0+Math.cos((query.anim_time-0.2) * 90 * 48) * 0.5"],
						"1.625": [0.35, 13.54, 0.25],
						"1.8333": [0, 17, 0],
						"2.1667": ["0+math.sin(q.anim_time*90*1)*1", "11+math.sin(q.anim_time*90*0.7+50)*1", "0+Math.cos((query.anim_time-0.2) * 90 * 48) * 0.5"],
						"2.2917": [0, 13.25, 0],
						"2.5": [0, 17, 0],
						"3.1667": ["0+math.sin(q.anim_time*90*1)*1", "11+math.sin(q.anim_time*90*0.7+50)*1", "0+Math.cos((query.anim_time-0.2) * 90 * 48) * 0.5"],
						"3.25": [0, 14, 0],
						"3.4167": [0, 18, 0],
						"3.5833": [0, 14, 0],
						"3.75": [0, 0, 0],
						"3.9167": [0, 0, 0]
					}
				},
				"torso": {
					"rotation": {
						"0.0": [0, 0, 0],
						"0.1667": [17.5, 0, 0],
						"0.3333": [-10, 0, 0],
						"0.5": [-10, 0, 0],
						"0.6667": [5, 0, 0],
						"0.8333": [5, 0, 0],
						"1.1667": [-22.5, 0, 0],
						"1.5": [5, 0, 0],
						"1.8333": [-22.5, 0, 0],
						"2.1667": [5, 0, 0],
						"2.5": [-22.5, 0, 0],
						"3.1667": [5, 0, 0],
						"3.25": [5, 0, 0],
						"3.4167": [-10, 0, 0],
						"3.5833": [-10, 0, 0],
						"3.75": [17.5, 0, 0],
						"3.9167": [0, 0, 0]
					},
					"position": {
						"0.0": [0, 0.1, 0],
						"3.9167": [0, 0.1, 0],
						"3.9583": [0, 0, 0]
					}
				},
				"head": {
					"rotation": {
						"0.0": [0, 0, 0],
						"0.1667": [10, 0, 0],
						"0.3333": [2.5, 0, 0],
						"0.5": [7.5, 0, 0],
						"0.6667": [15, 0, 0],
						"0.75": [15, 0, 0],
						"0.8333": [15, 0, 0],
						"1.1667": [0, 0, 0],
						"1.5": [15, 0, 0],
						"1.8333": [0, 0, 0],
						"2.1667": [15, 0, 0],
						"2.5": [0, 0, 0],
						"3.1667": [15, 0, 0],
						"3.25": [15, 0, 0],
						"3.4167": [7.5, 0, 0],
						"3.5833": [2.5, 0, 0],
						"3.75": [10, 0, 0],
						"3.9167": [0, 0, 0]
					}
				},
				"ear_left": {
					"rotation": {
						"0.0": [0, 0, 0],
						"0.1667": [0, 0, 0],
						"0.3333": [0, 0, 47.5],
						"0.5": [0, 0, 72.5],
						"0.6667": [0, 0, 27.5],
						"0.75": [0, 0, -12.5],
						"0.8333": [0, 0, 2.5],
						"1.1667": [0, 0, 37.5],
						"1.5": [0, 0, -12.5],
						"1.8333": [0, 0, 37.5],
						"2.1667": [0, 0, -12.5],
						"2.5": [0, 0, 37.5],
						"3.1667": [0, 0, -12.5],
						"3.25": [0, 0, 27.5],
						"3.4167": [0, 0, 72.5],
						"3.5833": [0, 0, 47.5],
						"3.75": [0, 0, 0],
						"3.9167": [0, 0, 0]
					}
				},
				"ear_right": {
					"rotation": {
						"0.0": [0, 0, 0],
						"0.1667": [0, 0, 0],
						"0.3333": [0, 0, -47.5],
						"0.5": [0, 0, -72.5],
						"0.6667": [0, 0, -27.5],
						"0.75": [0, 0, 12.5],
						"0.8333": [0, 0, -2.5],
						"1.1667": [0, 0, -37.5],
						"1.5": [0, 0, 12.5],
						"1.8333": [0, 0, -37.5],
						"2.1667": [0, 0, 12.5],
						"2.5": [0, 0, -37.5],
						"3.1667": [0, 0, 12.5],
						"3.25": [0, 0, -27.5],
						"3.4167": [0, 0, -72.5],
						"3.5833": [0, 0, -47.5],
						"3.75": [0, 0, 0],
						"3.9167": [0, 0, 0]
					}
				},
				"arm_right": {
					"rotation": {
						"0.0": [0, 0, 0],
						"0.1667": [0, 0, 0],
						"0.2083": [19.61931, 4.05977, 9.17071],
						"0.2917": [222.29978, 45.99993, 103.91021],
						"0.3333": [241.91908, 50.0597, 113.08092],
						"0.375": [242.87469, 49.15379, 117.57415],
						"0.4583": [252.74671, 39.79513, 163.99225],
						"0.5": {
							"pre": [253.70231, 38.88922, 168.48548],
							"post": [253.70231, 38.88922, 168.48548],
							"lerp_mode": "catmullrom"
						},
						"0.6667": {
							"post": [245.75415, 43.69511, 129.83276],
							"lerp_mode": "catmullrom"
						},
						"0.75": [113.87288, 10.93326, -21.95355],
						"0.8333": [113.87, 10.93, -21.95],
						"1.1667": [123.7327, 14.98928, -35.38962],
						"1.5": [113.87, 10.93, -21.95],
						"1.8333": [123.7327, 14.98928, -35.38962],
						"2.1667": [113.87, 10.93, -21.95],
						"2.5": [123.7327, 14.98928, -35.38962],
						"3.1667": [113.87, 10.93, -21.95],
						"3.25": {
							"pre": [245.75415, 43.69511, 129.83276],
							"post": [245.75415, 43.69511, 129.83276],
							"lerp_mode": "catmullrom"
						},
						"3.2917": [246.39874, 43.30536, 132.96744],
						"3.375": [253.05773, 39.27897, 165.3508],
						"3.4167": [253.70231, 38.88922, 168.48548],
						"3.4583": [252.74671, 39.79513, 163.99225],
						"3.5417": [242.87469, 49.15379, 117.57415],
						"3.5833": {
							"pre": [241.91908, 50.0597, 113.08092],
							"post": [241.91908, 50.0597, 113.08092],
							"lerp_mode": "catmullrom"
						},
						"3.75": [0, 0, 0],
						"3.9167": [0, 0, 0]
					},
					"position": {
						"0.0": [0, 0, 0],
						"0.6667": [0, 0, 0],
						"0.75": [0, 0, -1],
						"0.8333": [0, 0, -1],
						"3.25": [0, 0, 0],
						"3.9167": [0, 0, 0]
					}
				},
				"arm_left": {
					"rotation": {
						"0.0": [0, 0, 0],
						"0.1667": [0, 0, 0],
						"0.2083": [-19.61931, -4.05977, -9.17071],
						"0.2917": [-222.29978, -45.99993, -103.91021],
						"0.3333": [-241.91908, -50.0597, -113.08092],
						"0.375": [-243.1107, -48.94701, -116.95538],
						"0.4583": [-255.42085, -37.4521, -156.98115],
						"0.5": {
							"pre": [-256.61246, -36.3394, -160.85561],
							"post": [-256.61246, -36.3394, -160.85561],
							"lerp_mode": "catmullrom"
						},
						"0.6667": {
							"post": [-245.75415, -43.69511, -129.83276],
							"lerp_mode": "catmullrom"
						},
						"0.75": [-113.87288, -10.93326, 21.95355],
						"0.8333": [-113.87288, -10.93326, 21.95355],
						"1.1667": [-108.61396, -22.16524, 29.55779],
						"1.5": [-113.87288, -10.93326, 21.95355],
						"1.8333": [-108.61396, -22.16524, 29.55779],
						"2.1667": [-113.87288, -10.93326, 21.95355],
						"2.5": [-108.61396, -22.16524, 29.55779],
						"3.1667": [-113.87288, -10.93326, 21.95355],
						"3.25": {
							"pre": [-245.75415, -43.69511, -129.83276],
							"post": [-245.75415, -43.69511, -129.83276],
							"lerp_mode": "catmullrom"
						},
						"3.2917": [-246.63475, -43.09857, -132.34867],
						"3.375": [-255.73187, -36.93594, -158.3397],
						"3.4167": [-256.61246, -36.3394, -160.85561],
						"3.4583": [-255.42085, -37.4521, -156.98115],
						"3.5417": [-243.1107, -48.94701, -116.95538],
						"3.5833": {
							"pre": [-241.91908, -50.0597, -113.08092],
							"post": [-241.91908, -50.0597, -113.08092],
							"lerp_mode": "catmullrom"
						},
						"3.75": [0, 0, 0],
						"3.9167": [0, 0, 0]
					},
					"position": {
						"0.0": [0, 0, 0],
						"0.6667": [0, 0, 0],
						"0.75": [0, 0, -1],
						"0.8333": [0, 0, -1],
						"3.25": [0, 0, 0],
						"3.9167": [0, 0, 0]
					}
				},
				"tail": {
					"rotation": {
						"0.0": [0, 0, 0],
						"0.1667": [0, 0, 0],
						"0.3333": [-82.5, 0, 0],
						"0.5": [-157.5, 0, 0],
						"0.6667": [-175, 0, 0],
						"0.8333": [-175, 0, 0],
						"1.1667": [-130, 0, 0],
						"1.5": [-175, 0, 0],
						"1.8333": [-130, 0, 0],
						"2.1667": [-175, 0, 0],
						"2.5": [-130, 0, 0],
						"3.1667": [-175, 0, 0],
						"3.25": [-175, 0, 0],
						"3.4167": [-157.5, 0, 0],
						"3.5833": [-82.5, 0, 0],
						"3.75": [0, 0, 0],
						"3.9167": [0, 0, 0]
					}
				},
				"leg_right": {
					"rotation": {
						"0.0": [0, 5, 0],
						"0.1667": [0, 5, 0],
						"0.3333": [-18.70283, 4.82922, 15.0547],
						"0.5": {
							"pre": [-38.70283, 4.82922, 15.0547],
							"post": [-38.70283, 4.82922, 15.0547],
							"lerp_mode": "catmullrom"
						},
						"0.8333": {
							"post": [-68.29, 4.7, 20.07],
							"lerp_mode": "catmullrom"
						},
						"1.1667": {
							"post": [18.8, 4.83, 15.05],
							"lerp_mode": "catmullrom"
						},
						"1.5": {
							"post": [-68.29, 4.7, 20.07],
							"lerp_mode": "catmullrom"
						},
						"1.8333": {
							"post": [18.8, 4.83, 15.05],
							"lerp_mode": "catmullrom"
						},
						"2.1667": {
							"post": [-68.29, 4.7, 20.07],
							"lerp_mode": "catmullrom"
						},
						"2.5": {
							"post": [18.8, 4.83, 15.05],
							"lerp_mode": "catmullrom"
						},
						"3.1667": [-68.29, 4.7, 20.07],
						"3.4167": [-38.70283, 4.82922, 15.0547],
						"3.5833": [-18.70283, 4.82922, 15.0547],
						"3.75": [0, 5, 0],
						"3.9167": [0, 5, 0],
						"3.9583": [0, 0, 0]
					}
				},
				"foot_right": {
					"rotation": {
						"0.0": [0, 5, 0],
						"3.9167": [0, 5, 0],
						"3.9583": [0, 0, 0]
					}
				},
				"leg_left": {
					"rotation": {
						"0.0": [0, -5, 0],
						"0.1667": [0, -5, 0],
						"0.3333": [-20.78606, -4.69776, -20.07031],
						"0.5": {
							"pre": [-45.78606, -4.69776, -20.07031],
							"post": [-45.78606, -4.69776, -20.07031],
							"lerp_mode": "catmullrom"
						},
						"0.8333": {
							"post": [-68.29, -4.7, -20.07],
							"lerp_mode": "catmullrom"
						},
						"1.1667": {
							"post": [21.71, -4.7, -20.07],
							"lerp_mode": "catmullrom"
						},
						"1.5": {
							"post": [-68.29, -4.7, -20.07],
							"lerp_mode": "catmullrom"
						},
						"1.8333": {
							"post": [21.71, -4.7, -20.07],
							"lerp_mode": "catmullrom"
						},
						"2.1667": {
							"post": [-68.29, -4.7, -20.07],
							"lerp_mode": "catmullrom"
						},
						"2.5": {
							"post": [21.71, -4.7, -20.07],
							"lerp_mode": "catmullrom"
						},
						"3.1667": [-68.29, -4.7, -20.07],
						"3.4167": [-45.78606, -4.69776, -20.07031],
						"3.5833": [-20.78606, -4.69776, -20.07031],
						"3.75": [0, -5, 0],
						"3.9167": [0, -5, 0],
						"3.9583": [0, 0, 0]
					}
				},
				"foot_left": {
					"rotation": {
						"0.0": [0, -5, 0],
						"3.9167": [0, -5, 0],
						"3.9583": [0, 0, 0]
					}
				},
				"mouth_open_2": {
					"position": {
						"0.0": [0, 0, 0],
						"0.1667": [0, 0, 0],
						"1.1667": {
							"pre": [0, 0, 0],
							"post": [0, 0, -0.1]
						},
						"1.5": {
							"pre": [0, 0, -0.1],
							"post": [0, 0, 0]
						},
						"1.8333": {
							"pre": [0, 0, 0],
							"post": [0, 0, -0.1]
						},
						"2.1667": {
							"pre": [0, 0, -0.1],
							"post": [0, 0, 0]
						},
						"2.5": {
							"pre": [0, 0, 0],
							"post": [0, 0, -0.1]
						},
						"3.25": {
							"pre": [0, 0, -0.1],
							"post": [0, 0, 0]
						}
					}
				},
				"mouth_closed": {
					"position": {
						"0.0": {
							"post": [0, 0, 0],
							"lerp_mode": "catmullrom"
						},
						"0.1667": {
							"post": [0, 0, 0],
							"lerp_mode": "catmullrom"
						},
						"0.2083": {
							"post": [0, 0, 0.2],
							"lerp_mode": "catmullrom"
						},
						"0.75": {
							"post": [0, 0, 0.2],
							"lerp_mode": "catmullrom"
						},
						"0.7917": {
							"post": [0, 0, 0],
							"lerp_mode": "catmullrom"
						},
						"1.125": {
							"post": [0, 0, 0],
							"lerp_mode": "catmullrom"
						},
						"1.1667": {
							"post": [0, 0, 0.2],
							"lerp_mode": "catmullrom"
						},
						"1.4583": {
							"post": [0, 0, 0.2],
							"lerp_mode": "catmullrom"
						},
						"1.5": {
							"post": [0, 0, 0],
							"lerp_mode": "catmullrom"
						},
						"1.7917": {
							"post": [0, 0, 0],
							"lerp_mode": "catmullrom"
						},
						"1.8333": {
							"post": [0, 0, 0.2],
							"lerp_mode": "catmullrom"
						},
						"2.125": {
							"post": [0, 0, 0.2],
							"lerp_mode": "catmullrom"
						},
						"2.1667": {
							"post": [0, 0, 0],
							"lerp_mode": "catmullrom"
						},
						"2.4583": {
							"post": [0, 0, 0],
							"lerp_mode": "catmullrom"
						},
						"2.5": {
							"post": [0, 0, 0.2],
							"lerp_mode": "catmullrom"
						},
						"3.2083": {
							"post": [0, 0, 0.2],
							"lerp_mode": "catmullrom"
						},
						"3.25": {
							"post": [0, 0, 0],
							"lerp_mode": "catmullrom"
						}
					}
				},
				"mouth_open": {
					"position": {
						"0.0": {
							"post": [0, 0, 0],
							"lerp_mode": "catmullrom"
						},
						"0.1667": {
							"post": [0, 0, -0.2],
							"lerp_mode": "catmullrom"
						},
						"0.7917": {
							"post": [0, 0, -0.2],
							"lerp_mode": "catmullrom"
						},
						"0.8333": {
							"post": [0, 0, 0],
							"lerp_mode": "catmullrom"
						}
					}
				}
			}
		},
		"animation.pikachu_captain.special": {
			"animation_length": 1.875,
			"bones": {
				"body": {
					"rotation": {
						"0.0": {
							"post": [0, 0, 0],
							"lerp_mode": "catmullrom"
						},
						"0.2083": [0, 0, 0],
						"0.4167": [-75, 0, 0],
						"0.4583": {
							"pre": [-75, 0, 0],
							"post": [-75, 0, 0]
						},
						"1.4167": [-75, 0, 0],
						"1.4583": {
							"pre": [-75, 0, 0],
							"post": [-75, 0, 0]
						},
						"1.6667": {
							"pre": [0, 0, 0],
							"post": [0, 0, 0],
							"lerp_mode": "catmullrom"
						},
						"1.875": [0, 0, 0]
					},
					"position": {
						"0.0": [0, 0, 0],
						"0.2083": {
							"pre": [0, 0, 0],
							"post": [0, 0, 0]
						},
						"0.4167": [0, 32, 0],
						"0.4583": {
							"pre": [0, 32, 0],
							"post": ["0+math.sin(q.anim_time*90*1)*1", "32+math.sin(q.anim_time*90*0.7+50)*1", "0+Math.cos((query.anim_time-0.2) * 90 * 48) * 0.5"]
						},
						"1.4167": [0, 32, 0],
						"1.4583": {
							"pre": [0, 32, 0],
							"post": ["0+math.sin(q.anim_time*90*1)*1", "32+math.sin(q.anim_time*90*0.7+50)*1", "0+Math.cos((query.anim_time-0.2) * 90 * 48) * 0.5"]
						},
						"1.6667": [0, 0, 0],
						"1.875": {
							"pre": [0, 0, 0],
							"post": [0, 0, 0]
						}
					}
				},
				"head": {
					"rotation": {
						"0.0": [0, 0, 0],
						"0.2083": [30, 0, 0],
						"0.4167": [82.5, 0, 0],
						"1.4167": [82.5, 0, 0],
						"1.6667": [30, 0, 0],
						"1.875": [0, 0, 0]
					},
					"position": {
						"0.0": [0, 0, 0],
						"0.2083": [0, 0, 0],
						"0.4167": [0, -3, 0],
						"0.625": [0, -3, 0],
						"1.4167": [0, -3, 0],
						"1.6667": [0, 0, 0],
						"1.875": [0, 0, 0]
					}
				},
				"mouth_closed": {
					"position": {
						"0.375": {
							"pre": [0, 0, 0],
							"post": [0, 0, 0],
							"lerp_mode": "catmullrom"
						},
						"0.4167": {
							"post": [0, 0, 0],
							"lerp_mode": "catmullrom"
						},
						"0.4583": {
							"post": [0, 0, 0.1],
							"lerp_mode": "catmullrom"
						},
						"1.4167": {
							"post": [0, 0, 0],
							"lerp_mode": "catmullrom"
						}
					}
				},
				"arm_right": {
					"rotation": {
						"0.0": [0, 0, 0],
						"0.2083": [0, -20, 0],
						"0.4167": [-14.68158, 67.23427, 300.72233],
						"1.4167": [-14.68158, 67.23427, 300.72233],
						"1.6667": [0, -20, 0],
						"1.875": [0, 0, 0]
					},
					"position": {
						"0.0": [0, 0, 0],
						"1.875": [0, 0, 0]
					}
				},
				"arm_left": {
					"rotation": {
						"0.0": [0, 0, 0],
						"0.2083": [0, 22.5, 0],
						"0.4167": [-12.14887, -74.24187, -293.77168],
						"1.4167": [-12.14887, -74.24187, -293.77168],
						"1.6667": [0, 22.5, 0],
						"1.875": [0, 0, 0]
					},
					"position": {
						"0.0": [0, 0, 0],
						"1.875": [0, 0, 0]
					}
				},
				"leg_right": {
					"rotation": {
						"0.0": [0, 0, 0],
						"0.2083": [-17.5, 0, 0],
						"0.4167": [-15.46994, 37.20558, 5.18853],
						"1.4167": [-15.46994, 37.20558, 5.18853],
						"1.6667": [-17.5, 0, 0],
						"1.875": [0, 0, 0]
					}
				},
				"leg_left": {
					"rotation": {
						"0.0": [0, 0, 0],
						"0.2083": [-20, 0, 0],
						"0.4167": [15.00385, -24.3327, -18.37062],
						"1.4167": [15.00385, -24.3327, -18.37062],
						"1.6667": [-20, 0, 0],
						"1.875": [0, 0, 0]
					}
				},
				"mouth_open_2": {
					"position": {
						"0.375": {
							"pre": [0, 0, 0],
							"post": [0, 0, 0],
							"lerp_mode": "catmullrom"
						},
						"0.4167": {
							"post": [0, 0, -0.1],
							"lerp_mode": "catmullrom"
						},
						"1.4167": {
							"post": [0, 0, -0.1],
							"lerp_mode": "catmullrom"
						},
						"1.4583": {
							"post": [0, 0, 0],
							"lerp_mode": "catmullrom"
						}
					}
				}
			}
		}
	}
}