{
	"format_version": "1.8.0",
	"animations": {
		"animation.glameow_alatian.render": {
			"loop": true,
			"bones": {
				"glameow": {
					"rotation": [0, -30, 0]
				},
				"head": {
					"rotation": [-12.56397, 7.43547, -8.48448]
				},
				"fur": {
					"rotation": [55.18803, 3.1622, 6.80423],
					"position": [0, 0, -1]
				},
				"leg_front_right": {
					"rotation": [-20, 0, 0]
				},
				"leg_front_right_2": {
					"rotation": [-92.5, 0, 0]
				},
				"claws_right": {
					"rotation": [52.5, 0, 0]
				},
				"leg_front_left": {
					"rotation": [42.5, 0, 0],
					"position": [0, 1, 0]
				},
				"leg_front_left_2": {
					"rotation": [-12.5, 0, 0]
				},
				"claws_left": {
					"position": [0, 0, 1]
				},
				"leg_retro_right": {
					"rotation": [-22.10943, 13.39119, 12.11941],
					"position": [-0.22884, 0.72281, -1.57724]
				},
				"leg_retro_right_2": {
					"position": [0, 3, 0]
				},
				"leg_retro_left": {
					"rotation": [-42.10943, -13.39119, -12.11941],
					"position": [-0.00659, 0.38809, -0.31519]
				},
				"leg_retro_left_2": {
					"position": [0, 3, 0]
				},
				"tail": {
					"rotation": [47.5, 0, 0]
				},
				"neck": {
					"rotation": [50, 0, 0]
				},
				"torso2": {
					"rotation": [22.5, 0, 0],
					"position": [0, 0, -1]
				},
				"body": {
					"rotation": [-40, -32.5, 0],
					"position": [0, -4, 0]
				}
			}
		},
		"animation.glameow_alatian.ground_idle": {
			"loop": true,
			"animation_length": 2,
			"bones": {
				"torso": {
					"rotation": ["1+math.sin(q.anim_time*180)*1", 0, 0],
					"position": [0, "-0.75-math.sin(q.anim_time*180-10)*0.1", 0]
				},
				"head": {
					"rotation": ["-7.5-math.sin(q.anim_time*180-30)*3", 0, 0]
				},
				"fur": {
					"rotation": ["0+math.sin(q.anim_time*180-90)*3", "0+math.sin(q.anim_time*180-135)*2", "0+math.sin(q.anim_time*180-180)*2"]
				},
				"leg_front_right": {
					"rotation": ["-2.4905-math.sin(q.anim_time*180)*1+math.sin(q.anim_time*180)*2", -0.21782, -4.99527],
					"position": [0.08716, -0.99525, "-0.0435-math.sin(q.anim_time*180)*0.1"]
				},
				"leg_front_right_2": {
					"rotation": ["-9.707-math.sin(q.anim_time*180)*2", 0.93284, 3.44471],
					"position": [0, 0.5, 0]
				},
				"claws_right": {
					"position": [0, 0, 1]
				},
				"leg_front_left": {
					"rotation": ["17.4375-math.sin(q.anim_time*180)*1+math.sin(q.anim_time*180)*2", -1.50179, 4.76968],
					"position": [-0.08716, -0.95009, "0.2996-math.sin(q.anim_time*180)*0.1"]
				},
				"leg_front_left_2": {
					"rotation": ["-22.2028-math.sin(q.anim_time*180)*2", -1.3813, -3.64818],
					"position": [0, 0.5, 0]
				},
				"claws_left": {
					"position": [0, 0, 1]
				},
				"leg_retro_right": {
					"rotation": ["7.4718-math.sin(q.anim_time*180)*1", 0.65182, -4.95744],
					"position": [0.04358, -0.24384, 0.06501]
				},
				"leg_retro_right_2": {
					"rotation": [-12.45392, 1.08089, 4.88206]
				},
				"leg_retro_left": {
					"rotation": ["-0.0282-math.sin(q.anim_time*180)*1", -0.65182, 4.95744],
					"position": [-0.04321, -0.24813, -0.00025]
				},
				"leg_retro_left_2": {
					"rotation": [-12.45392, -1.08089, -4.88206]
				},
				"tail": {
					"rotation": ["0+math.sin(q.anim_time*180-90)*3", "7.5+math.sin(q.anim_time*180)*5", 0]
				},
				"tail2": {
					"rotation": ["0+math.sin(q.anim_time*180)*2", 17.5, 0]
				},
				"tail3": {
					"rotation": ["0+math.sin(q.anim_time*180)*2", 0, 0]
				},
				"tail4": {
					"rotation": ["0+math.sin(q.anim_time*180)*2", 0, 0]
				},
				"tail5": {
					"rotation": ["0+math.sin(q.anim_time*180)*2", 0, 0]
				},
				"tail6": {
					"rotation": ["0+math.sin(q.anim_time*180)*2", 0, 0]
				},
				"tail7": {
					"rotation": ["0+math.sin(q.anim_time*180)*2", "0+math.sin(q.anim_time*180+90)*5", 10]
				},
				"tail8": {
					"rotation": ["0+math.sin(q.anim_time*180)*2", 0, 0]
				},
				"tail9": {
					"rotation": ["0+math.sin(q.anim_time*180)*2", 0, 0]
				},
				"tail10": {
					"rotation": ["0+math.sin(q.anim_time*180)*2", 0, 0]
				},
				"tail11": {
					"rotation": ["0+math.sin(q.anim_time*180)*2", 0, 0]
				},
				"tail12": {
					"rotation": ["0+math.sin(q.anim_time*180)*2", 0, "0+math.sin(q.anim_time*180+90)*5"]
				},
				"tail13": {
					"rotation": ["0+math.sin(q.anim_time*180)*2", 0, 0]
				},
				"tail14": {
					"rotation": ["0+math.sin(q.anim_time*180)*2", 0, "17.5+math.sin(q.anim_time*360-90)*5"]
				},
				"tail15": {
					"rotation": ["0+math.sin(q.anim_time*180)*2", 0, "0+math.sin(q.anim_time*360-90-180)*5"]
				},
				"tail16": {
					"rotation": ["0+math.sin(q.anim_time*180)*2", "0+math.sin(q.anim_time*360-120-180)*5-math.sin(q.anim_time*360-90-180)*5", 0]
				},
				"neck": {
					"rotation": ["10+math.sin(q.anim_time*180)*3", 0, 0]
				},
				"tuft_right": {
					"rotation": ["0+math.sin(q.anim_time*180-30)*2", "0-math.sin(q.anim_time*180-120)*1", 0],
					"position": [0, 0.25, 0]
				},
				"tuft_left": {
					"rotation": ["0+math.sin(q.anim_time*180-30)*2", "0+math.sin(q.anim_time*180-120)*1", 0],
					"position": [0, 0.25, 0]
				},
				"body": {
					"position": [0, 0, "0+math.sin(q.anim_time*180)*0.2"]
				}
			}
		},
		"animation.glameow_alatian.ground_walk": {
			"loop": true,
			"animation_length": 2,
			"bones": {
				"torso": {
					"rotation": ["0-math.sin(q.anim_time*360*2)*2", 0, "0-math.sin(q.anim_time*360+90)*1"],
					"position": [0, "-0.5+math.clamp(math.sin(q.anim_time*360-90)*0.3,0,10)+math.clamp(math.sin(q.anim_time*360+180-90)*0.3,0,10)", 0]
				},
				"head": {
					"rotation": ["2.5+math.sin(q.anim_time*360*2+90)*2", 0, 0],
					"position": [0, "0-math.sin(q.anim_time*360*2+60)*0.2", 0]
				},
				"fur": {
					"rotation": ["0-math.sin(q.anim_time*360*2)*2", 0, "0-math.sin(q.anim_time*360+180)*5"]
				},
				"leg_front_right": {
					"rotation": ["7.4717+math.sin(q.anim_time*360+180)*20", 0.65182, 0],
					"position": [0, "0+math.clamp(math.sin(q.anim_time*360-90+180)*1.5,0,1)", 0]
				},
				"leg_front_right_2": {
					"rotation": ["-7.5+math.sin(q.anim_time*360-30+180)*20-math.sin(q.anim_time*360+180)*20", 0, 0],
					"position": [0, "0+math.clamp(math.sin(q.anim_time*360-90+180)*0.5,0,10)", 0]
				},
				"claws_right": {
					"position": [0, 0, 1]
				},
				"leg_front_left": {
					"rotation": ["7.4717+math.sin(q.anim_time*360)*20", -0.65181, 0],
					"position": [0, "0+math.clamp(math.sin(q.anim_time*360-90)*1.5,0,1)", 0]
				},
				"leg_front_left_2": {
					"rotation": ["-7.5+math.sin(q.anim_time*360-30)*20-math.sin(q.anim_time*360)*20", 0, 0],
					"position": [0, "0+math.clamp(math.sin(q.anim_time*360-90)*0.5,0,10)", 0]
				},
				"claws_left": {
					"position": [0, 0, 1]
				},
				"leg_retro_right": {
					"rotation": ["0+math.sin(q.anim_time*360+60)*15", 0, 0],
					"position": [0, "0+math.clamp(math.sin(q.anim_time*360-90+60)*1.5,0,1)", 0]
				},
				"leg_retro_right_2": {
					"rotation": ["-7.5+math.sin(q.anim_time*360-30+60+180)*20-math.sin(q.anim_time*360+60+180)*20", 0, 0],
					"position": [0, "0+math.clamp(math.sin(q.anim_time*360-90+60+180+180)*0.5,0,10)", 0]
				},
				"leg_retro_left": {
					"rotation": ["0+math.sin(q.anim_time*360+60+180)*15", 0, 0],
					"position": [0, "0+math.clamp(math.sin(q.anim_time*360-90+60+180)*1.5,0,1)", 0]
				},
				"leg_retro_left_2": {
					"rotation": ["-7.5+math.sin(q.anim_time*360-30+60)*20-math.sin(q.anim_time*360+60)*20", 0, 0],
					"position": [0, "0+math.clamp(math.sin(q.anim_time*360-90+60+180)*0.5,0,10)", 0]
				},
				"neck": {
					"rotation": [0, 0, "0+math.sin(q.anim_time*360+90-30)*1"]
				},
				"tail": {
					"rotation": ["0+math.sin(q.anim_time*360+90)*5", "12.5+math.sin(q.anim_time*360)*15", 0]
				},
				"tail2": {
					"rotation": ["0+math.sin(q.anim_time*360+90)*10", "0+math.sin(q.anim_time*360-30)*5", 0]
				},
				"tail3": {
					"rotation": ["0+math.sin(q.anim_time*360+90)*2", "0+math.sin(q.anim_time*360-60)*5", 0]
				},
				"tail4": {
					"rotation": ["0+math.sin(q.anim_time*360+90)*2", 0, 0]
				},
				"tail5": {
					"rotation": ["0+math.sin(q.anim_time*360+90)*2", 0, 0]
				},
				"tail6": {
					"rotation": ["0+math.sin(q.anim_time*360+90)*2", 0, 0]
				},
				"tail7": {
					"rotation": ["-2.5+math.sin(q.anim_time*360+90)*2", -12.5, "math.sin(q.anim_time*360)*10"]
				},
				"tail8": {
					"rotation": ["0+math.sin(q.anim_time*360+90)*2", 0, 20]
				},
				"tail9": {
					"rotation": ["0+math.sin(q.anim_time*360+90)*2", 0, 0]
				},
				"tail10": {
					"rotation": ["0+math.sin(q.anim_time*360+90)*2", 0, 0]
				},
				"tail11": {
					"rotation": ["0+math.sin(q.anim_time*360+90)*2", 0, 0]
				},
				"tail12": {
					"rotation": ["0+math.sin(q.anim_time*360+90)*2", 0, 0]
				},
				"tail13": {
					"rotation": ["0+math.sin(q.anim_time*360+90)*2", "0+math.sin(q.anim_time*360)*10", 0]
				},
				"tail14": {
					"rotation": ["0+math.sin(q.anim_time*360+90)*2", 0, 0]
				},
				"tail15": {
					"rotation": [0, 0, "0+math.sin(q.anim_time*360+90)*10"]
				},
				"tail16": {
					"rotation": ["0+math.sin(q.anim_time*360+90-30)*15-math.sin(q.anim_time*360+90)*10", 0, 0]
				},
				"tuft_left": {
					"rotation": ["0-math.sin(q.anim_time*360-90)*5", 0, "0+math.sin(q.anim_time*360+180)*5"],
					"position": [0, 0.25, 0]
				},
				"tuft_right": {
					"rotation": ["0-math.sin(q.anim_time*360-90)*5", 0, "0-math.sin(q.anim_time*360+180)*5"],
					"position": [0, 0.25, 0]
				},
				"torso2": {
					"rotation": ["0+math.sin(q.anim_time*360*2-90)*2+math.sin(q.anim_time*360*2)*2", 0, 0]
				}
			}
		},
		"animation.glameow_alatian.sleep": {
			"loop": true,
			"animation_length": 4,
			"bones": {
				"torso": {
					"position": [0, -6, 0]
				},
				"head": {
					"rotation": ["9.9627+math.sin(q.anim_time*90)*2", -0.86717, "4.9244+math.sin(q.anim_time*90-90)*1"],
					"position": [-0.03501, -3.49122, -0.91351]
				},
				"eyes_closed": {
					"position": [0, 0, -0.05]
				},
				"fur": {
					"rotation": ["15+math.sin(q.anim_time*90)*2", 0, 0],
					"position": [0, -1.40631, -0.32738]
				},
				"leg_front_right": {
					"rotation": [-90, -5, 0],
					"position": [0, -6, -1]
				},
				"leg_front_right_2": {
					"rotation": [0, 0, 0],
					"position": [0, 3, 0]
				},
				"claws_right": {
					"position": [0, 0, 1]
				},
				"leg_front_left": {
					"rotation": [-90, 5, 0],
					"position": [0, -6, -1]
				},
				"leg_front_left_2": {
					"rotation": [0, 0, 0],
					"position": [0, 3, 0]
				},
				"claws_left": {
					"position": [0, 0, 1]
				},
				"torso2": {
					"rotation": [0, 17.5, 0],
					"position": [0, 0, -1]
				},
				"tail": {
					"rotation": [40, 0, 112.5],
					"position": [0, -1, 0]
				},
				"tail2": {
					"rotation": [-82.5, -20, -12.5]
				},
				"tail15": {
					"rotation": [0, 0, -25]
				},
				"leg_retro_right": {
					"rotation": [-90, 27.5, 0],
					"position": [0, -5.5, 0]
				},
				"leg_retro_right_2": {
					"position": [0, 3, 0]
				},
				"leg_retro_left": {
					"rotation": [-90, -7.5, 0],
					"position": [1.28171, -5.5, -0.59767]
				},
				"leg_retro_left_2": {
					"position": [0, 3, 0]
				}
			}
		},
		"animation.glameow_alatian.tail": {
			"loop": true,
			"bones": {
				"tail": {
					"rotation": [20, 0, 0]
				},
				"tail2": {
					"rotation": [50, 0, 0]
				},
				"tail3": {
					"rotation": [-55, 0, 0]
				},
				"tail4": {
					"rotation": [-55, 0, 0]
				},
				"tail5": {
					"rotation": [-55, 0, 0]
				},
				"tail6": {
					"rotation": [-55, 0, 0]
				},
				"tail7": {
					"rotation": [-55.9276, -8.53726, 12.37961]
				},
				"tail8": {
					"rotation": [-55.06225, 11.05319, 1.61419]
				},
				"tail9": {
					"rotation": [-60, 0, 0]
				},
				"tail10": {
					"rotation": [-60.02362, -1.2497, 2.16541]
				},
				"tail11": {
					"rotation": [-60.0945, -2.49762, 4.33287]
				},
				"tail12": {
					"rotation": [-72.5, 0, 0]
				},
				"tail13": {
					"rotation": [-68.09158, -6.21271, 10.86815]
				},
				"tail14": {
					"rotation": [-67.5945, -2.49762, 4.33287]
				},
				"tail15": {
					"rotation": [-83.43495, -14.47751, 26.56505]
				},
				"tail16": {
					"rotation": [-22.5, -30, 0]
				}
			}
		},
		"animation.glameow_alatian.blink": {
			"animation_length": 0.4167,
			"bones": {
				"eyes_closed": {
					"position": {
						"0.0": [0, 0, -0.05],
						"0.125": [0, 0, -0.05],
						"0.1667": [0, 0, 0],
						"0.2083": [0, 0, 0],
						"0.25": [0, 0, -0.05],
						"0.375": [0, 0, -0.05],
						"0.4167": [0, 0, 0]
					}
				}
			}
		},
		"animation.glameow_alatian.faint": {
			"animation_length": 3,
			"bones": {
				"body": {
					"rotation": {
						"0.0": [0, 0, 0],
						"0.5": [0, 0, 7.5],
						"0.5417": [0.02405, 0, 7.14901],
						"1.0417": [0.66882, 0, -2.25928],
						"1.2083": [0.86408, 0, -5.10859],
						"1.25": ["0+math.sin(q.anim_time*90*32-90)*1", 0, "-5+math.sin(q.anim_time*90*32)*1"],
						"1.2917": [0.84488, 0, -9.57705],
						"1.3333": [0.74001, 0, -19.55952],
						"1.375": [0.60007, 0, -32.87995],
						"1.4583": [0.28806, 0, -62.57963],
						"1.5": [0.14813, 0, -75.90006],
						"1.5417": [0.04326, 0, -85.88253],
						"1.5833": [0, 0, -90]
					},
					"position": {
						"0.0": [0, 0, 0],
						"0.5": [3, 0, 0],
						"0.75": [3, 0, 0],
						"1.25": [0, 0, 0],
						"1.5833": [-8, -6, 0]
					}
				},
				"tail": {
					"rotation": {
						"0.0": [20, 0, 0],
						"1.0": [30, 0, 0],
						"1.5": [34.4491, 30.35062, 33.47598],
						"1.625": [29.8448, 11.2158, 20.72648],
						"1.7083": [30.1172, 13.38137, 22.00503],
						"1.8333": [29.8448, 11.2158, 20.72648]
					},
					"position": {
						"1.0": [0, 0, 0],
						"1.5": [-0.67276, -0.57178, -0.40188],
						"1.625": [-0.67276, -0.57178, -0.40188],
						"1.8333": [-0.67276, -0.57178, -0.40188]
					}
				},
				"tail2": {
					"rotation": {
						"0.0": [50, 0, 0],
						"1.0": [60, 0, 0],
						"1.5": [63.72386, -3.05273, -12.82884],
						"1.625": [63.72386, 6.94727, -12.82884],
						"1.7083": [63.72386, 1.94727, -12.82884],
						"1.8333": [63.72386, 6.94727, -12.82884]
					}
				},
				"tail3": {
					"rotation": {
						"0.0": [-55, 0, 0],
						"1.0": [-45, 0, 0],
						"1.5": [-40, -10, 0],
						"1.625": [-40, 0, 0],
						"1.7083": [-40, -5, 0],
						"1.8333": [-40, 0, 0]
					}
				},
				"tail4": {
					"rotation": {
						"0.0": [-55, 0, 0],
						"1.0": [-45, 0, 0],
						"1.5": [-40, -10, 0],
						"1.625": [-40, 0, 0],
						"1.7083": [-40, -5, 0],
						"1.8333": [-40, 0, 0]
					}
				},
				"tail5": {
					"rotation": {
						"0.0": [-55, 0, 0],
						"1.0": [-45, 0, 0],
						"1.5": [-40, -10, 0],
						"1.625": [-40, 0, 0],
						"1.7083": [-40, -5, 0],
						"1.8333": [-40, 0, 0]
					}
				},
				"tail6": {
					"rotation": {
						"0.0": [-55, 0, 0],
						"1.0": [-45, 0, 0],
						"1.5": [-40, -10, 0],
						"1.625": [-40, 0, 0],
						"1.7083": [-40, -5, 0],
						"1.8333": [-40, 0, 0]
					}
				},
				"tail7": {
					"rotation": {
						"0.0": [-55.9276, -8.53726, 12.37961],
						"1.0": [-45.9276, -8.53726, 12.37961],
						"1.5": [-42.1147, 4.14538, -11.07985],
						"1.625": [-42.1147, 14.14538, -11.07985],
						"1.7083": [-42.1147, 9.14538, -11.07985],
						"1.8333": [-42.1147, 14.14538, -11.07985]
					}
				},
				"tail8": {
					"rotation": {
						"0.0": [-55.06225, 11.05319, 1.61419],
						"1.0": [-45.06225, 11.05319, 1.61419],
						"1.5": [-35.05944, -30.09123, -6.79484],
						"1.625": [-35.05944, -20.09123, -6.79484],
						"1.7083": [-35.05944, -25.09123, -6.79484],
						"1.8333": [-35.05944, -20.09123, -6.79484]
					}
				},
				"tail9": {
					"rotation": {
						"0.0": [-60, 0, 0],
						"1.0": [-50, 0, 0],
						"1.5": [-45, -10, 0],
						"1.625": [-45, 0, 0],
						"1.7083": [-45, -5, 0],
						"1.8333": [-45, 0, 0]
					}
				},
				"tail10": {
					"rotation": {
						"0.0": [-60.02362, -1.2497, 2.16541],
						"1.0": [-50.02362, -1.2497, 2.16541],
						"1.5": [-45.02362, -11.2497, 2.16541],
						"1.625": [-45.02362, -1.2497, 2.16541],
						"1.7083": [-45.02362, -6.2497, 2.16541],
						"1.8333": [-45.02362, -1.2497, 2.16541]
					}
				},
				"tail11": {
					"rotation": {
						"0.0": [-60.0945, -2.49762, 4.33287],
						"1.0": [-50.0945, -2.49762, 4.33287],
						"1.5": [-45.0945, -12.49762, 4.33287],
						"1.625": [-45.0945, -2.49762, 4.33287],
						"1.7083": [-45.0945, -7.49762, 4.33287],
						"1.8333": [-45.0945, -2.49762, 4.33287]
					}
				},
				"tail12": {
					"rotation": {
						"0.0": [-72.5, 0, 0],
						"1.0": [-62.5, 0, 0],
						"1.5": [-57.5, -10, 0],
						"1.625": [-57.5, 0, 0],
						"1.7083": [-57.5, -5, 0],
						"1.8333": [-57.5, 0, 0]
					}
				},
				"tail13": {
					"rotation": {
						"0.0": [-68.09158, -6.21271, 10.86815],
						"1.0": [-58.09158, -6.21271, 10.86815],
						"1.5": [-52.83182, -5.525, -6.06326],
						"1.625": [-52.83182, 4.475, -6.06326],
						"1.7083": [-52.83182, -0.525, -6.06326],
						"1.8333": [-52.83182, 4.475, -6.06326]
					}
				},
				"tail14": {
					"rotation": {
						"0.0": [-67.5945, -2.49762, 4.33287],
						"1.0": [-57.5945, -2.49762, 4.33287],
						"1.5": [-52.62195, -7.13085, -4.10814],
						"1.625": [-52.62195, 2.86915, -4.10814],
						"1.7083": [-52.62195, -2.13085, -4.10814],
						"1.8333": [-52.62195, 2.86915, -4.10814]
					}
				},
				"tail15": {
					"rotation": {
						"0.0": [-83.43495, -14.47751, 26.56505],
						"1.0": [-73.43495, -14.47751, 26.56505],
						"1.5": [-63.20009, -11.73572, -9.15064],
						"1.625": [-63.80447, 6.12116, -24.81164],
						"1.7083": [-63.20009, -6.73572, -9.15064],
						"1.9583": [-63.20009, -1.73572, -9.15064]
					}
				},
				"tail16": {
					"rotation": {
						"0.0": [-22.5, -30, 0],
						"1.0": [-12.5, -30, 0],
						"1.5": [-7.5, -40, 0],
						"1.625": [-6.79476, 17.17213, -5.78087],
						"1.7083": [-6.18718, 7.22648, -5.09965],
						"1.9583": [-7.5, -30, 0]
					}
				},
				"leg_front_left": {
					"rotation": {
						"0.0": [0, 0, 0],
						"0.2917": {
							"pre": [-27.5, 0, -6.25],
							"post": [-27.5, 0, -6.25],
							"lerp_mode": "catmullrom"
						},
						"0.5": {
							"post": [10, 0, -12.5],
							"lerp_mode": "catmullrom"
						},
						"0.75": {
							"post": [9.96271, -0.86717, -7.57558],
							"lerp_mode": "catmullrom"
						},
						"1.0": {
							"post": [9.96271, 0.86717, -17.42442],
							"lerp_mode": "catmullrom"
						},
						"1.25": {
							"post": [9.96, 0.87, -17.42],
							"lerp_mode": "catmullrom"
						},
						"1.5": {
							"post": [8.21511, 5.71728, -47.08489],
							"lerp_mode": "catmullrom"
						},
						"1.625": {
							"post": [-1.01326, -5.23074, 24.5273],
							"lerp_mode": "catmullrom"
						},
						"1.7083": {
							"post": [-0.55226, -5.29909, 19.50657],
							"lerp_mode": "catmullrom"
						},
						"1.7917": [-1.01326, -5.23074, 24.5273]
					},
					"position": {
						"0.0": [0, 0, 0],
						"0.2917": {
							"pre": [-0.04559, 0.31162, 1.34913],
							"post": [-0.04559, 0.31162, 1.34913],
							"lerp_mode": "catmullrom"
						},
						"0.5": {
							"post": [0, -0.25, 0],
							"lerp_mode": "catmullrom"
						},
						"1.0": {
							"post": [0, -0.75, 0],
							"lerp_mode": "catmullrom"
						},
						"1.25": {
							"post": [0, -0.75, 0],
							"lerp_mode": "catmullrom"
						},
						"1.625": {
							"post": [0, -0.75, 0],
							"lerp_mode": "catmullrom"
						},
						"1.7917": [0, -0.75, 0]
					}
				},
				"leg_front_left_2": {
					"rotation": {
						"0.0": [0, 0, 0],
						"0.1667": {
							"pre": [-30, 0, 0],
							"post": [-30, 0, 0],
							"lerp_mode": "catmullrom"
						},
						"0.5": [-15, 0, 0]
					},
					"position": {
						"0.0": [0, 0, 0],
						"0.1667": {
							"pre": [0, 0, 0],
							"post": [0, 0, 0],
							"lerp_mode": "catmullrom"
						},
						"0.5": [0, 0, 0]
					}
				},
				"claws_left": {
					"position": [0, 0, 1]
				},
				"leg_front_right": {
					"rotation": {
						"0.0": [0, 0, 0],
						"0.5": {
							"pre": [10, 0, 12.5],
							"post": [10, 0, 12.5],
							"lerp_mode": "catmullrom"
						},
						"0.75": {
							"post": [10, 0, 12.5],
							"lerp_mode": "catmullrom"
						},
						"1.0": {
							"post": [15, 0, 0],
							"lerp_mode": "catmullrom"
						},
						"1.25": {
							"post": [14.94548, 1.29256, -4.83045],
							"lerp_mode": "catmullrom"
						},
						"1.5": {
							"post": [13.64973, 6.27967, -24.24769],
							"lerp_mode": "catmullrom"
						},
						"1.625": [14.94548, -1.29256, 4.83045]
					},
					"position": {
						"0.0": [0, 0, 0],
						"0.5": {
							"pre": [0, -0.75, 0],
							"post": [0, -0.75, 0],
							"lerp_mode": "catmullrom"
						},
						"0.75": {
							"post": [0, -0.75, 0],
							"lerp_mode": "catmullrom"
						},
						"1.0": {
							"post": [0, 0, 0],
							"lerp_mode": "catmullrom"
						}
					}
				},
				"leg_front_right_2": {
					"rotation": {
						"0.0": [0, 0, 0],
						"0.5": [-15, 0, 0]
					},
					"position": {
						"0.0": [0, 0, 0],
						"0.5": [0, 0, 0]
					}
				},
				"claws_right": {
					"position": [0, 0, 1]
				},
				"head": {
					"rotation": {
						"0.0": [0, 0, 0],
						"0.3333": {
							"pre": [-17.5, 0, -15.21],
							"post": [-17.5, 0, -15.21],
							"lerp_mode": "catmullrom"
						},
						"0.8333": {
							"post": [17.5, 0, 12.5],
							"lerp_mode": "catmullrom"
						},
						"1.25": {
							"post": [7.59, 0, -4.41],
							"lerp_mode": "catmullrom"
						},
						"1.5": {
							"post": [6.03461, -4.61198, 32.84677],
							"lerp_mode": "catmullrom"
						},
						"1.5833": {
							"post": [0, 0, 0],
							"lerp_mode": "catmullrom"
						},
						"1.6667": {
							"post": [0, 0, 7.5],
							"lerp_mode": "catmullrom"
						},
						"1.75": [0, 0, 0]
					},
					"position": {
						"1.5": {
							"pre": [0, 0, 0],
							"post": [0, 0, 0],
							"lerp_mode": "catmullrom"
						},
						"1.5833": {
							"post": [1, 0, 0],
							"lerp_mode": "catmullrom"
						}
					}
				},
				"eyes_closed": {
					"position": {
						"0.0": [0, 0, 0],
						"0.125": {"pre": [0, 0, 0], "post": [0, 0, -0.05]}
					}
				},
				"mouth": {
					"position": {
						"0.0": [0, 0, 0],
						"0.0417": {"pre": [0, 0, 0], "post": [0, 0, -1]},
						"1.5833": {"pre": [0, 0, -1], "post": [0, 0, 0]}
					}
				},
				"closed_mouth": {
					"position": {
						"0.0": [0, 0, 0],
						"0.0417": {"pre": [0, 0, 0], "post": [0, 0, 1]},
						"1.5833": {"pre": [0, 0, 1], "post": [0, 0, 0]}
					}
				},
				"fur": {
					"rotation": {
						"0.0": [0, 0, 0],
						"0.4167": {
							"pre": [-17.5, 0, -15.21],
							"post": [-17.5, 0, -15.21],
							"lerp_mode": "catmullrom"
						},
						"0.9167": {
							"post": [17.5, 0, 12.5],
							"lerp_mode": "catmullrom"
						},
						"1.3333": {
							"post": [7.59, 0, -4.41],
							"lerp_mode": "catmullrom"
						},
						"1.5417": {
							"post": [5.35244, -8.69078, 24.41642],
							"lerp_mode": "catmullrom"
						},
						"1.6667": [0, 0, 15]
					}
				},
				"torso2": {
					"rotation": {
						"0.0": [0, 0, 0],
						"0.5": [0, -20, 0],
						"1.0": [4.50432, -19.50645, -13.27463]
					},
					"position": [0, 0, 0]
				},
				"leg_retro_left": {
					"rotation": {
						"0.0": [10, 0, 0],
						"0.3333": {
							"pre": [0, 0, 7.5],
							"post": [0, 0, 7.5],
							"lerp_mode": "catmullrom"
						},
						"0.625": {
							"post": [9.85108, 1.72794, -9.85108],
							"lerp_mode": "catmullrom"
						},
						"1.0": {
							"post": [9.6658, 2.57594, -14.78217],
							"lerp_mode": "catmullrom"
						},
						"1.5": {
							"post": [7.10708, 7.05302, -44.56145],
							"lerp_mode": "catmullrom"
						},
						"1.7083": {
							"post": [26.75249, -3.81024, 22.19157],
							"lerp_mode": "catmullrom"
						},
						"1.7917": {
							"post": [26.96144, -1.55027, 17.72628],
							"lerp_mode": "catmullrom"
						},
						"1.875": [26.75249, -3.81024, 22.19157]
					},
					"position": {
						"0.0": [0, -0.2462, 0.04341],
						"0.3333": {
							"pre": [-0.49572, -0.18474, 0.04],
							"post": [-0.49572, -0.18474, 0.04],
							"lerp_mode": "catmullrom"
						},
						"0.5": {
							"post": [-0.25362, 0.77422, -0.05808],
							"lerp_mode": "catmullrom"
						},
						"0.625": {
							"post": [0, -0.2462, 0.04341],
							"lerp_mode": "catmullrom"
						},
						"1.0": {
							"post": [0.0647, -0.48781, 0.08193],
							"lerp_mode": "catmullrom"
						}
					}
				},
				"leg_retro_left_2": {
					"rotation": [-15, 0, 0]
				},
				"leg_retro_right": {
					"rotation": {
						"0.0": [10, 0, 0],
						"0.5": {
							"pre": [0, 0, 7.5],
							"post": [0, 0, 7.5],
							"lerp_mode": "catmullrom"
						},
						"0.75": {
							"post": [0, 0, 7.5],
							"lerp_mode": "catmullrom"
						},
						"1.0": {
							"post": [10, 0, -2.5],
							"lerp_mode": "catmullrom"
						},
						"1.25": {
							"post": [9.96271, 0.86717, -7.42442],
							"lerp_mode": "catmullrom"
						},
						"1.5": {
							"post": [8.88927, 4.59902, -29.64233],
							"lerp_mode": "catmullrom"
						},
						"1.625": [10, 0, -2.5]
					},
					"position": {
						"0.0": [0, -0.2462, 0.04341],
						"0.5": {
							"pre": [-0.98481, -0.67365, 0],
							"post": [-0.98481, -0.67365, 0],
							"lerp_mode": "catmullrom"
						},
						"0.75": {
							"post": [-0.95218, -0.42579, 0],
							"lerp_mode": "catmullrom"
						},
						"1.0": {
							"post": [-1.00198, -0.16668, 0.04341],
							"lerp_mode": "catmullrom"
						},
						"1.5": {
							"post": [-1, -0.17, 0.04],
							"lerp_mode": "catmullrom"
						},
						"1.625": [-0.0085, -0.0408, 0.02487]
					}
				},
				"leg_retro_right_2": {
					"rotation": {
						"0.0": [-15, 0, 0],
						"0.5": [-10, 0, 0],
						"0.75": [-10, 0, 0],
						"1.0": [-20, 0, 0]
					},
					"position": [0, 0, 0]
				}
			},
			"sound_effects": {
				"0.0": {
					"effect": "pokemon.glameow_alatian.faint"
				}
			}
		},
		"animation.glameow_alatian.cry": {
			"animation_length": 0.5833,
			"bones": {
				"head": {
					"rotation": {
						"0.0": [0, 0, 0],
						"0.0833": [17.5, 0, 0],
						"0.1667": ["-5+math.sin(q.anim_time*2880)*2", 0, 0],
						"0.4167": ["0+math.sin(q.anim_time*2880)*2", 0, 0],
						"0.5833": [0, 0, 0]
					}
				},
				"closed_mouth": {
					"position": {
						"0.0": [0, 0, 0],
						"0.0417": {
							"pre": [0, 0, 0],
							"post": [0, 0, 1]
						},
						"0.5833": {
							"pre": [0, 0, 1],
							"post": [0, 0, 0]
						}
					}
				},
				"mouth": {
					"position": {
						"0.0": [0, 0, 0],
						"0.0417": {
							"pre": [0, 0, 0],
							"post": [0, 0, -1]
						},
						"0.5833": {
							"pre": [0, 0, -1],
							"post": [0, 0, 0]
						}
					}
				}
			},
			"sound_effects": {
				"0.0": {
					"effect": "pokemon.glameow_alatian.cry"
				}
			}
		}
	}
}