{
	"format_version": "1.8.0",
	"animations": {
		"animation.mewtwo_mega_y.pose": {
			"loop": true,
			"bones": {
				"head": {
					"rotation": [15, 0, 0]
				},
				"bone9": {
					"rotation": [-17.5, 0, 0]
				},
				"bone10": {
					"rotation": [-20, 0, 0]
				},
				"bone24": {
					"rotation": [-32.5, 0, 0]
				},
				"bone25": {
					"rotation": [-34.13554, 16.76559, -11.06517]
				},
				"bone26": {
					"rotation": [-35, 0, 0]
				},
				"bone27": {
					"rotation": [-25, -30, 0]
				},
				"bone28": {
					"rotation": [0, -27.5, 0]
				},
				"bone29": {
					"rotation": [0, -22.5, 0]
				},
				"bone30": {
					"rotation": [12.54707, -18.82943, -34.58859]
				},
				"bone31": {
					"rotation": [0, 0, -17.5]
				},
				"bone12": {
					"rotation": [3.5328, -24.61863, -13.56003]
				},
				"bone36": {
					"rotation": [-97.58078, 57.26897, -53.00854]
				},
				"bone34": {
					"rotation": [-1.3378, 14.94159, -5.17544]
				},
				"bone38": {
					"rotation": [0, 0, 17.5]
				},
				"bone39": {
					"rotation": [0, 0, 25]
				},
				"bone41": {
					"rotation": [0, 0, 32.5]
				},
				"bone44": {
					"rotation": [0, -22.5, 0]
				},
				"bone35": {
					"rotation": [-16.39125, -9.11566, 9.05782]
				},
				"bone18": {
					"rotation": [0, 27.5, 15]
				},
				"bone46": {
					"rotation": [-52.5, -75, 0]
				},
				"bone47": {
					"rotation": [0, 0, -20]
				},
				"bone49": {
					"rotation": [0, 0, -27.5]
				},
				"bone51": {
					"rotation": [0, 40, 0]
				},
				"bone53": {
					"rotation": [0, 0, -30]
				},
				"bone54": {
					"position": [0, 0.25, 0]
				},
				"bone55": {
					"position": [0, 0.25, 0]
				}
			}
		},
		"animation.mewtwo_mega_y.ground_idle": {
			"loop": true,
			"bones": {
				"body": {
					"position": [0, "7-math.sin(q.anim_time*90*1)*2", 0]
				},
				"head": {
					"rotation": ["15+math.sin(q.anim_time*90*1-90)*3", 0, 0]
				},
				"bone9": {
					"rotation": [-10, 0, 0]
				},
				"bone10": {
					"rotation": [-15, 0, 0]
				},
				"bone24": {
					"rotation": ["-34.9759-math.sin(q.anim_time*90*1-90)*10", "-math.sin(q.anim_time*90*1)*10", 0]
				},
				"bone25": {
					"rotation": ["-14.9895358388-math.sin(q.anim_time*90*1-90)*10", "-math.sin(q.anim_time*90*1-90)*10", 0]
				},
				"bone26": {
					"rotation": ["0-math.sin(q.anim_time*90*1-90)*10", "-math.sin(q.anim_time*90*1-90)*10", 0]
				},
				"bone27": {
					"rotation": ["0-math.sin(q.anim_time*90*1-90)*10", "-math.sin(q.anim_time*90*1-90)*10", 0]
				},
				"bone28": {
					"rotation": ["0-math.sin(q.anim_time*90*1-90)*10", "-math.sin(q.anim_time*90*1-90)*10", 0]
				},
				"bone29": {
					"rotation": ["0-math.sin(q.anim_time*90*1-90)*10", "-math.sin(q.anim_time*90*1-90)*10", 0]
				},
				"bone30": {
					"rotation": ["0-math.sin(q.anim_time*90*1-90)*10", "-math.sin(q.anim_time*90*1-90)*10", 0]
				},
				"bone31": {
					"rotation": ["0-math.sin(q.anim_time*90*1-90)*10", "-math.sin(q.anim_time*90*1-90)*10", 0]
				},
				"bone12": {
					"rotation": ["-3.3874223367+math.sin(q.anim_time*90*1)*3", -24.6378, 2.95103]
				},
				"bone13": {
					"rotation": ["0+math.sin(q.anim_time*90*1-90)*3", 0, 0]
				},
				"bone14": {
					"rotation": ["0+math.sin(q.anim_time*90*1-90)*3", 0, 0]
				},
				"bone36": {
					"rotation": [0, "20+math.sin(q.anim_time*90*1-90)*3", 0]
				},
				"bone34": {
					"rotation": [-0.64747, "2.4862073568+math.sin(q.anim_time*90*1)*3", -2.443]
				},
				"bone38": {
					"rotation": [0, 0, 17.5]
				},
				"bone39": {
					"rotation": [0, 0, 25]
				},
				"bone41": {
					"rotation": [0, 0, 32.5]
				},
				"bone44": {
					"rotation": [0, -22.5, 0]
				},
				"bone35": {
					"rotation": [-22.81346, "7.3371305306-math.sin(q.anim_time*90*1)*3", -3.36725]
				},
				"bone18": {
					"rotation": ["-15.1652432872-math.sin(q.anim_time*90*1)*3", 27.0478, 3.75686]
				},
				"bone19": {
					"rotation": ["22.5-math.sin(q.anim_time*90*1-90)*3", 0, 0]
				},
				"bone20": {
					"rotation": ["0-math.sin(q.anim_time*90*1-90)*3", 0, 0]
				},
				"bone46": {
					"rotation": [0, "-22.5-math.sin(q.anim_time*90*1-90)*3", 0]
				},
				"bone47": {
					"rotation": [0, 0, -20]
				},
				"bone49": {
					"rotation": [0, 0, -27.5]
				},
				"bone51": {
					"rotation": [0, 40, 0]
				},
				"bone53": {
					"rotation": [0, 0, -30]
				},
				"bone54": {
					"position": [0, 0, 0]
				},
				"bone55": {
					"position": [0, 0, 0]
				}
			}
		},
		"animation.mewtwo_mega_y.battle_idle": {
			"loop": true,
			"bones": {
				"body": {
					"position": [0, "7-math.sin(q.anim_time*90*1)*2", 0]
				},
				"head": {
					"rotation": ["17.5+math.sin(q.anim_time*90*1-90)*3", 0, 0]
				},
				"bone9": {
					"rotation": [-10, 0, 0]
				},
				"bone10": {
					"rotation": [-15, 0, 0]
				},
				"bone24": {
					"rotation": ["-34.9759-math.sin(q.anim_time*90*1-90)*10", "-math.sin(q.anim_time*90*1)*10", 0]
				},
				"bone25": {
					"rotation": ["-14.9895358388-math.sin(q.anim_time*90*1-90)*10", "-math.sin(q.anim_time*90*1-90)*10", 0]
				},
				"bone26": {
					"rotation": ["0-math.sin(q.anim_time*90*1-90)*10", "-math.sin(q.anim_time*90*1-90)*10", 0]
				},
				"bone27": {
					"rotation": ["0-math.sin(q.anim_time*90*1-90)*10", "-math.sin(q.anim_time*90*1-90)*10", 0]
				},
				"bone28": {
					"rotation": ["0-math.sin(q.anim_time*90*1-90)*10", "-math.sin(q.anim_time*90*1-90)*10", 0]
				},
				"bone29": {
					"rotation": ["0-math.sin(q.anim_time*90*1-90)*10", "-math.sin(q.anim_time*90*1-90)*10", 0]
				},
				"bone30": {
					"rotation": ["0-math.sin(q.anim_time*90*1-90)*10", "-math.sin(q.anim_time*90*1-90)*10", 0]
				},
				"bone31": {
					"rotation": ["0-math.sin(q.anim_time*90*1-90)*10", "-math.sin(q.anim_time*90*1-90)*10", 0]
				},
				"bone12": {
					"rotation": ["-3.3874223367+math.sin(q.anim_time*90*1)*3", -24.6378, 2.95103]
				},
				"bone13": {
					"rotation": ["0+math.sin(q.anim_time*90*1-90)*3", 0, 0]
				},
				"bone14": {
					"rotation": ["0+math.sin(q.anim_time*90*1-90)*3", 0, 0]
				},
				"bone36": {
					"rotation": [-30, "72.5+math.sin(q.anim_time*90*1-90)*3", 0]
				},
				"bone34": {
					"rotation": [-45.64747, "2.4862+math.sin(q.anim_time*90*1)*3", -2.443]
				},
				"bone38": {
					"rotation": [0, 0, 17.5]
				},
				"bone39": {
					"rotation": [0, 0, 25]
				},
				"bone41": {
					"rotation": [0, 0, 32.5]
				},
				"bone44": {
					"rotation": [0, -22.5, 0]
				},
				"bone35": {
					"rotation": [-47.49085, "-4.5017-math.sin(q.anim_time*90*1)*3", 9.54751]
				},
				"bone18": {
					"rotation": ["-15.1652432872-math.sin(q.anim_time*90*1)*3", 27.0478, 3.75686]
				},
				"bone19": {
					"rotation": ["22.5-math.sin(q.anim_time*90*1-90)*3", 0, 0]
				},
				"bone20": {
					"rotation": ["0-math.sin(q.anim_time*90*1-90)*3", 0, 0]
				},
				"bone46": {
					"rotation": [-45, "-72.5-math.sin(q.anim_time*90*1-90)*3", 0]
				},
				"bone47": {
					"rotation": [0, 0, -20]
				},
				"bone49": {
					"rotation": [0, 0, -27.5]
				},
				"bone51": {
					"rotation": [0, 40, 0]
				},
				"bone53": {
					"rotation": [0, 0, -30]
				},
				"bone54": {
					"position": [0, 0, 0]
				},
				"bone55": {
					"position": [0, 0, 0]
				}
			}
		},
		"animation.mewtwo_mega_y.ground_walk": {
			"loop": true,
			"bones": {
				"body": {
					"rotation": ["47.5+math.sin(q.anim_time*90*1-90)*3", 0, 0],
					"position": [0, "0-math.sin(q.anim_time*90*1)*2", 0]
				},
				"bone34": {
					"rotation": [0, "-10-math.sin(q.anim_time*90*1)*3", 0]
				},
				"bone36": {
					"rotation": [0, "17.5-math.sin(q.anim_time*90*1-90)*4", 0]
				},
				"bone38": {
					"rotation": [0, 0, 10]
				},
				"bone39": {
					"rotation": [0, 0, 20]
				},
				"bone44": {
					"rotation": [0, 0, 20]
				},
				"bone41": {
					"rotation": [0, 0, 20]
				},
				"bone35": {
					"rotation": [0, "7.5+math.sin(q.anim_time*90*1)*3", 0]
				},
				"bone46": {
					"rotation": [0, "-20+math.sin(q.anim_time*90*1-90)*4", 0]
				},
				"bone47": {
					"rotation": [0, 0, -10]
				},
				"bone49": {
					"rotation": [0, 0, -20]
				},
				"bone51": {
					"rotation": [0, 0, -20]
				},
				"bone53": {
					"rotation": [0, 0, -20]
				},
				"head": {
					"rotation": ["-40+math.sin(q.anim_time*90*1-90)*3", 0, 0]
				},
				"bone9": {
					"rotation": [-2.5, 0, 0]
				},
				"bone10": {
					"rotation": ["0+math.sin(q.anim_time*90*1)*10", 0, 0]
				},
				"bone24": {
					"rotation": ["0+math.sin(q.anim_time*90*1-90)*10", 0, 0]
				},
				"bone25": {
					"rotation": ["0+math.sin(q.anim_time*90*1-90)*10", 0, 0]
				},
				"bone26": {
					"rotation": ["0+math.sin(q.anim_time*90*1-90)*10", 0, 0]
				},
				"bone27": {
					"rotation": ["0+math.sin(q.anim_time*90*1-90)*10", 0, 0]
				},
				"bone28": {
					"rotation": ["0+math.sin(q.anim_time*90*1-90)*10", 0, 0]
				},
				"bone29": {
					"rotation": ["0+math.sin(q.anim_time*90*1-90)*10", 0, 0]
				},
				"bone30": {
					"rotation": ["0+math.sin(q.anim_time*90*1-90)*10", 0, 0]
				},
				"bone31": {
					"rotation": ["0+math.sin(q.anim_time*90*1-90)*10", 0, 0]
				},
				"bone12": {
					"rotation": ["2.003068355+math.sin(q.anim_time*90*1)*3", -14.8687, -7.7614]
				},
				"bone13": {
					"rotation": ["12.5+math.sin(q.anim_time*90*1-90)*3", 0, 0]
				},
				"bone14": {
					"rotation": ["0+math.sin(q.anim_time*90*1-90)*3", 0, 0]
				},
				"bone15": {
					"rotation": ["0+math.sin(q.anim_time*90*1-90)*3", 0, 0]
				},
				"bone16": {
					"rotation": ["0+math.sin(q.anim_time*90*1-90)*3", 0, 0]
				},
				"bone17": {
					"rotation": ["0+math.sin(q.anim_time*90*1-90)*3", 0, 0]
				},
				"bone18": {
					"rotation": ["0.9844794635+math.sin(q.anim_time*90*1)*3", 7.43547, 7.56397]
				},
				"bone19": {
					"rotation": ["12.5+math.sin(q.anim_time*90*1-90)*3", 0, 0]
				},
				"bone20": {
					"rotation": ["0+math.sin(q.anim_time*90*1-90)*3", 0, 0]
				},
				"bone21": {
					"rotation": ["0+math.sin(q.anim_time*90*1-90)*3", 0, 0]
				},
				"bone22": {
					"rotation": ["0+math.sin(q.anim_time*90*1-90)*3", 0, 0]
				},
				"bone23": {
					"rotation": ["0+math.sin(q.anim_time*90*1-90)*3", 0, 0]
				}
			}
		},
		"animation.mewtwo_mega_y.physical": {
			"animation_length": 2.5417,
			"bones": {
				"body": {
					"rotation": {
						"0.0": {
							"post": [0, 0, 0],
							"lerp_mode": "catmullrom"
						},
						"1.0833": {
							"post": [0, 17.5, 0],
							"lerp_mode": "catmullrom"
						},
						"1.375": {
							"post": [0, -20, 0],
							"lerp_mode": "catmullrom"
						},
						"2.0": {
							"post": [0, -20, 0],
							"lerp_mode": "catmullrom"
						},
						"2.5417": {
							"post": [0, 0, 0],
							"lerp_mode": "catmullrom"
						}
					},
					"position": {
						"0.0": {
							"post": [0, 7, 0],
							"lerp_mode": "catmullrom"
						},
						"2.5417": {
							"post": [0, 7, 0],
							"lerp_mode": "catmullrom"
						}
					}
				},
				"head": {
					"rotation": {
						"0.0": {
							"post": [15, 0, 0],
							"lerp_mode": "catmullrom"
						},
						"1.0833": {
							"post": [7.49492, -30.21196, 11.78389],
							"lerp_mode": "catmullrom"
						},
						"1.375": {
							"post": [8.06742, 38.5986, -8.37995],
							"lerp_mode": "catmullrom"
						},
						"2.0": {
							"post": [8.06742, 38.5986, -8.37995],
							"lerp_mode": "catmullrom"
						},
						"2.5417": {
							"post": [15, 0, 0],
							"lerp_mode": "catmullrom"
						}
					}
				},
				"bone9": {
					"rotation": {
						"0.0": {
							"post": [-10, 0, 0],
							"lerp_mode": "catmullrom"
						},
						"2.5417": {
							"post": [-10, 0, 0],
							"lerp_mode": "catmullrom"
						}
					}
				},
				"bone10": {
					"rotation": {
						"0.0": {
							"post": [-15, 0, 0],
							"lerp_mode": "catmullrom"
						},
						"2.5417": {
							"post": [-15, 0, 0],
							"lerp_mode": "catmullrom"
						}
					}
				},
				"bone24": {
					"rotation": {
						"0.0": ["-34.9759-math.sin(q.anim_time*90*1-90)*10", "-math.sin(q.anim_time*90*1)*10", 0],
						"2.5417": ["-34.9759-math.sin(q.anim_time*90*1-90)*10", "-math.sin(q.anim_time*90*1)*10", 0]
					}
				},
				"bone25": {
					"rotation": {
						"0.0": ["-14.9895358388-math.sin(q.anim_time*90*1-90)*10", "-math.sin(q.anim_time*90*1-90)*10", 0],
						"1.25": ["-14.9895358388-math.sin(q.anim_time*90*1-90)*10", "-math.sin(q.anim_time*90*1-90)*10", 0],
						"1.5": {
							"pre": [-16.8105, 30.0475, -12.66159],
							"post": [-16.8105, 30.0475, -12.66159],
							"lerp_mode": "catmullrom"
						},
						"1.75": {
							"post": [-16.8105, 30.0475, -12.66159],
							"lerp_mode": "catmullrom"
						},
						"2.5417": ["-14.9895358388-math.sin(q.anim_time*90*1-90)*10", "-math.sin(q.anim_time*90*1-90)*10", 0]
					}
				},
				"bone26": {
					"rotation": {
						"0.0": ["0-math.sin(q.anim_time*90*1-90)*10", "-math.sin(q.anim_time*90*1-90)*10", 0],
						"1.25": ["0-math.sin(q.anim_time*90*1-90)*10", "-math.sin(q.anim_time*90*1-90)*10", 0],
						"1.5": {
							"pre": [-0.8559, 34.7196, -4.57184],
							"post": [-0.8559, 34.7196, -4.57184],
							"lerp_mode": "catmullrom"
						},
						"1.75": {
							"post": [-0.8559, 34.7196, -4.57184],
							"lerp_mode": "catmullrom"
						},
						"2.5417": ["0-math.sin(q.anim_time*90*1-90)*10", "-math.sin(q.anim_time*90*1-90)*10", 0]
					}
				},
				"bone27": {
					"rotation": {
						"0.0": ["0-math.sin(q.anim_time*90*1-90)*10", "-math.sin(q.anim_time*90*1-90)*10", 0],
						"1.25": ["0-math.sin(q.anim_time*90*1-90)*10", "-math.sin(q.anim_time*90*1-90)*10", 0],
						"1.5": {
							"pre": [-0.1251, 19.8483, -2.47433],
							"post": [-0.1251, 19.8483, -2.47433],
							"lerp_mode": "catmullrom"
						},
						"1.75": {
							"post": [-0.1251, 19.8483, -2.47433],
							"lerp_mode": "catmullrom"
						},
						"2.5417": ["0-math.sin(q.anim_time*90*1-90)*10", "-math.sin(q.anim_time*90*1-90)*10", 0]
					}
				},
				"bone28": {
					"rotation": {
						"0.0": ["0-math.sin(q.anim_time*90*1-90)*10", "-math.sin(q.anim_time*90*1-90)*10", 0],
						"1.25": ["0-math.sin(q.anim_time*90*1-90)*10", "-math.sin(q.anim_time*90*1-90)*10", 0],
						"1.5": {
							"pre": [-1.0484, 37.1951, -4.97032],
							"post": [-1.0484, 37.1951, -4.97032],
							"lerp_mode": "catmullrom"
						},
						"1.75": {
							"post": [-1.0484, 37.1951, -4.97032],
							"lerp_mode": "catmullrom"
						},
						"2.5417": ["0-math.sin(q.anim_time*90*1-90)*10", "-math.sin(q.anim_time*90*1-90)*10", 0]
					}
				},
				"bone29": {
					"rotation": {
						"0.0": ["0-math.sin(q.anim_time*90*1-90)*10", "-math.sin(q.anim_time*90*1-90)*10", 0],
						"1.25": ["0-math.sin(q.anim_time*90*1-90)*10", "-math.sin(q.anim_time*90*1-90)*10", 0],
						"1.5": {
							"pre": [-0.2981, 24.808, -3.1311],
							"post": [-0.2981, 24.808, -3.1311],
							"lerp_mode": "catmullrom"
						},
						"1.75": {
							"post": [-0.2981, 24.808, -3.1311],
							"lerp_mode": "catmullrom"
						},
						"2.5417": ["0-math.sin(q.anim_time*90*1-90)*10", "-math.sin(q.anim_time*90*1-90)*10", 0]
					}
				},
				"bone30": {
					"rotation": {
						"0.0": ["0-math.sin(q.anim_time*90*1-90)*10", "-math.sin(q.anim_time*90*1-90)*10", 0],
						"1.25": ["0-math.sin(q.anim_time*90*1-90)*10", "-math.sin(q.anim_time*90*1-90)*10", 0],
						"1.5": {
							"pre": [-0.1251, 19.8483, -2.47433],
							"post": [-0.1251, 19.8483, -2.47433],
							"lerp_mode": "catmullrom"
						},
						"1.75": {
							"post": [-0.1251, 19.8483, -2.47433],
							"lerp_mode": "catmullrom"
						},
						"2.5417": ["0-math.sin(q.anim_time*90*1-90)*10", "-math.sin(q.anim_time*90*1-90)*10", 0]
					}
				},
				"bone31": {
					"rotation": {
						"0.0": ["0-math.sin(q.anim_time*90*1-90)*10", "-math.sin(q.anim_time*90*1-90)*10", 0],
						"1.25": ["0-math.sin(q.anim_time*90*1-90)*10", "-math.sin(q.anim_time*90*1-90)*10", 0],
						"2.5417": ["0-math.sin(q.anim_time*90*1-90)*10", "-math.sin(q.anim_time*90*1-90)*10", 0]
					}
				},
				"waist": {
					"rotation": {
						"0.0": {
							"post": [0, 0, 0],
							"lerp_mode": "catmullrom"
						},
						"1.2083": {
							"post": [17.89807, 11.91276, 3.81397],
							"lerp_mode": "catmullrom"
						},
						"1.375": {
							"post": [15.85731, -26.03116, -0.09638],
							"lerp_mode": "catmullrom"
						},
						"2.0": {
							"post": [15.85731, -26.03116, -0.09638],
							"lerp_mode": "catmullrom"
						},
						"2.5417": {
							"post": [0, 0, 0],
							"lerp_mode": "catmullrom"
						}
					}
				},
				"bone12": {
					"rotation": {
						"0.0": {
							"post": [-3.38742, -24.6378, 2.95103],
							"lerp_mode": "catmullrom"
						},
						"1.0833": {
							"post": [-18.38742, -24.6378, 2.95103],
							"lerp_mode": "catmullrom"
						},
						"1.375": {
							"post": [-8.36615, -29.32775, -18.90475],
							"lerp_mode": "catmullrom"
						},
						"2.0": {
							"post": [-8.36615, -29.32775, -18.90475],
							"lerp_mode": "catmullrom"
						},
						"2.5417": {
							"post": [-3.38742, -24.6378, 2.95103],
							"lerp_mode": "catmullrom"
						}
					}
				},
				"bone13": {
					"rotation": {
						"0.0": {
							"post": [0, 0, 0],
							"lerp_mode": "catmullrom"
						},
						"1.0833": {
							"post": [17.5, 0, 0],
							"lerp_mode": "catmullrom"
						},
						"2.5417": {
							"post": [0, 0, 0],
							"lerp_mode": "catmullrom"
						}
					}
				},
				"bone14": {
					"rotation": {
						"0.0": {
							"post": [0, 0, 0],
							"lerp_mode": "catmullrom"
						},
						"1.0833": {
							"post": [-15, 0, 0],
							"lerp_mode": "catmullrom"
						},
						"1.375": {
							"post": [10, 0, 0],
							"lerp_mode": "catmullrom"
						},
						"2.0": {
							"post": [10, 0, 0],
							"lerp_mode": "catmullrom"
						},
						"2.5417": {
							"post": [0, 0, 0],
							"lerp_mode": "catmullrom"
						}
					}
				},
				"bone36": {
					"rotation": {
						"0.0": {
							"post": [0, 20, 0],
							"lerp_mode": "catmullrom"
						},
						"1.0833": {
							"post": [0, 67.5, 0],
							"lerp_mode": "catmullrom"
						},
						"1.375": {
							"post": [0, 2.5, 0],
							"lerp_mode": "catmullrom"
						},
						"2.0": {
							"post": [0, 2.5, 0],
							"lerp_mode": "catmullrom"
						},
						"2.5417": {
							"post": [0, 20, 0],
							"lerp_mode": "catmullrom"
						}
					}
				},
				"bone34": {
					"rotation": {
						"0.0": {
							"post": [-0.64747, 2.48621, -2.443],
							"lerp_mode": "catmullrom"
						},
						"1.0833": {
							"post": [27.74582, 66.50234, 6.77503],
							"lerp_mode": "catmullrom"
						},
						"1.375": {
							"post": [6.965, 8.26736, -60.83801],
							"lerp_mode": "catmullrom"
						},
						"2.0": {
							"post": [6.965, 8.26736, -60.83801],
							"lerp_mode": "catmullrom"
						},
						"2.5417": {
							"post": [-0.64747, 2.48621, -2.443],
							"lerp_mode": "catmullrom"
						}
					}
				},
				"bone37": {
					"rotation": {
						"0.0": {
							"post": [0, 0, 0],
							"lerp_mode": "catmullrom"
						},
						"1.2083": {
							"post": [0, 0, 0],
							"lerp_mode": "catmullrom"
						},
						"1.375": {
							"post": [0, 0, -50],
							"lerp_mode": "catmullrom"
						},
						"2.0": {
							"post": [0, 0, -50],
							"lerp_mode": "catmullrom"
						},
						"2.5417": {
							"post": [0, 0, 0],
							"lerp_mode": "catmullrom"
						}
					}
				},
				"bone38": {
					"rotation": {
						"0.0": {
							"post": [0, 0, 17.5],
							"lerp_mode": "catmullrom"
						},
						"1.2083": {
							"post": [0, 0, 17.5],
							"lerp_mode": "catmullrom"
						},
						"1.375": {
							"post": [0, 0, 0],
							"lerp_mode": "catmullrom"
						},
						"2.0": {
							"post": [0, 0, 0],
							"lerp_mode": "catmullrom"
						},
						"2.5417": {
							"post": [0, 0, 17.5],
							"lerp_mode": "catmullrom"
						}
					}
				},
				"bone39": {
					"rotation": {
						"0.0": {
							"post": [0, 0, 25],
							"lerp_mode": "catmullrom"
						},
						"1.2083": {
							"post": [0, 0, 25],
							"lerp_mode": "catmullrom"
						},
						"1.375": {
							"post": [0, 0, 5],
							"lerp_mode": "catmullrom"
						},
						"2.0": {
							"post": [0, 0, 5],
							"lerp_mode": "catmullrom"
						},
						"2.5417": {
							"post": [0, 0, 25],
							"lerp_mode": "catmullrom"
						}
					}
				},
				"bone40": {
					"rotation": {
						"0.0": {
							"post": [0, 0, 0],
							"lerp_mode": "catmullrom"
						},
						"1.2083": {
							"post": [0, 0, 0],
							"lerp_mode": "catmullrom"
						},
						"1.375": {
							"post": [0, 0, -27.5],
							"lerp_mode": "catmullrom"
						},
						"2.0": {
							"post": [0, 0, -27.5],
							"lerp_mode": "catmullrom"
						},
						"2.5417": {
							"post": [0, 0, 0],
							"lerp_mode": "catmullrom"
						}
					}
				},
				"bone41": {
					"rotation": {
						"0.0": {
							"post": [0, 0, 32.5],
							"lerp_mode": "catmullrom"
						},
						"1.2083": {
							"post": [0, 0, 32.5],
							"lerp_mode": "catmullrom"
						},
						"1.375": {
							"post": [0, 0, -2.5],
							"lerp_mode": "catmullrom"
						},
						"2.0": {
							"post": [0, 0, -2.5],
							"lerp_mode": "catmullrom"
						},
						"2.5417": {
							"post": [0, 0, 32.5],
							"lerp_mode": "catmullrom"
						}
					}
				},
				"bone43": {
					"rotation": {
						"0.0": {
							"post": [0, 0, 0],
							"lerp_mode": "catmullrom"
						},
						"1.2083": {
							"post": [0, 0, 0],
							"lerp_mode": "catmullrom"
						},
						"1.375": {
							"post": [35.70512, 17.13957, 14.97123],
							"lerp_mode": "catmullrom"
						},
						"2.0": {
							"post": [35.70512, 17.13957, 14.97123],
							"lerp_mode": "catmullrom"
						},
						"2.5417": {
							"post": [0, 0, 0],
							"lerp_mode": "catmullrom"
						}
					}
				},
				"bone44": {
					"rotation": {
						"0.0": {
							"post": [0, -22.5, 0],
							"lerp_mode": "catmullrom"
						},
						"1.2083": {
							"post": [0, -22.5, 0],
							"lerp_mode": "catmullrom"
						},
						"2.5417": {
							"post": [0, -22.5, 0],
							"lerp_mode": "catmullrom"
						}
					}
				},
				"bone35": {
					"rotation": {
						"0.0": {
							"post": [-22.81346, 7.33713, -3.36725],
							"lerp_mode": "catmullrom"
						},
						"1.2083": {
							"post": [-11.35866, 31.90417, 9.52252],
							"lerp_mode": "catmullrom"
						},
						"1.375": {
							"post": [-9.8509, 12.23738, 13.47489],
							"lerp_mode": "catmullrom"
						},
						"2.0": {
							"post": [-9.8509, 12.23738, 13.47489],
							"lerp_mode": "catmullrom"
						},
						"2.5417": {
							"post": [-22.81346, 7.33713, -3.36725],
							"lerp_mode": "catmullrom"
						}
					}
				},
				"bone18": {
					"rotation": {
						"0.0": {
							"post": [-15.16524, 27.0478, 3.75686],
							"lerp_mode": "catmullrom"
						},
						"1.2083": {
							"post": [-47.66524, 27.0478, 3.75686],
							"lerp_mode": "catmullrom"
						},
						"2.5417": {
							"post": [-15.16524, 27.0478, 3.75686],
							"lerp_mode": "catmullrom"
						}
					}
				},
				"bone19": {
					"rotation": {
						"0.0": {
							"post": [22.5, 0, 0],
							"lerp_mode": "catmullrom"
						},
						"1.2083": {
							"post": [47.5, 0, 0],
							"lerp_mode": "catmullrom"
						},
						"1.375": {
							"post": [20, 0, 0],
							"lerp_mode": "catmullrom"
						},
						"2.0": {
							"post": [20, 0, 0],
							"lerp_mode": "catmullrom"
						},
						"2.5417": {
							"post": [22.5, 0, 0],
							"lerp_mode": "catmullrom"
						}
					}
				},
				"bone20": {
					"rotation": {
						"0.0": {
							"post": [0, 0, 0],
							"lerp_mode": "catmullrom"
						},
						"1.375": {
							"post": [12.5, 0, 0],
							"lerp_mode": "catmullrom"
						},
						"2.0": {
							"post": [12.5, 0, 0],
							"lerp_mode": "catmullrom"
						},
						"2.5417": {
							"post": [0, 0, 0],
							"lerp_mode": "catmullrom"
						}
					}
				},
				"bone46": {
					"rotation": {
						"0.0": {
							"post": [0, -22.5, 0],
							"lerp_mode": "catmullrom"
						},
						"1.2083": {
							"post": [0, -50, 0],
							"lerp_mode": "catmullrom"
						},
						"1.375": {
							"post": [0, -22.5, 0],
							"lerp_mode": "catmullrom"
						},
						"2.0": {
							"post": [0, -22.5, 0],
							"lerp_mode": "catmullrom"
						},
						"2.5417": {
							"post": [0, -22.5, 0],
							"lerp_mode": "catmullrom"
						}
					}
				},
				"bone47": {
					"rotation": {
						"0.0": {
							"post": [0, 0, -20],
							"lerp_mode": "catmullrom"
						},
						"2.5417": {
							"post": [0, 0, -20],
							"lerp_mode": "catmullrom"
						}
					}
				},
				"bone49": {
					"rotation": {
						"0.0": {
							"post": [0, 0, -27.5],
							"lerp_mode": "catmullrom"
						},
						"2.5417": {
							"post": [0, 0, -27.5],
							"lerp_mode": "catmullrom"
						}
					}
				},
				"bone51": {
					"rotation": {
						"0.0": {
							"post": [0, 40, 0],
							"lerp_mode": "catmullrom"
						},
						"2.5417": {
							"post": [0, 40, 0],
							"lerp_mode": "catmullrom"
						}
					}
				},
				"bone53": {
					"rotation": {
						"0.0": {
							"post": [0, 0, -30],
							"lerp_mode": "catmullrom"
						},
						"2.5417": {
							"post": [0, 0, -30],
							"lerp_mode": "catmullrom"
						}
					}
				},
				"bone54": {
					"position": {
						"0.0": {
							"post": [0, 0, 0],
							"lerp_mode": "catmullrom"
						},
						"2.5417": {
							"post": [0, 0, 0],
							"lerp_mode": "catmullrom"
						}
					}
				},
				"bone55": {
					"position": {
						"0.0": {
							"post": [0, 0, 0],
							"lerp_mode": "catmullrom"
						},
						"2.5417": {
							"post": [0, 0, 0],
							"lerp_mode": "catmullrom"
						}
					}
				}
			}
		},
		"animation.mewtwo_mega_y.special": {
			"animation_length": 2.8333,
			"bones": {
				"body": {
					"rotation": {
						"0.0": {
							"post": [0, 0, 0],
							"lerp_mode": "catmullrom"
						},
						"2.8333": {
							"post": [0, 0, 0],
							"lerp_mode": "catmullrom"
						}
					},
					"position": {
						"0.0": {
							"post": [0, 7, 0],
							"lerp_mode": "catmullrom"
						},
						"2.8333": {
							"post": [0, 7, 0],
							"lerp_mode": "catmullrom"
						}
					}
				},
				"chest3": {
					"rotation": {
						"0.0": {
							"post": [0, 0, 0],
							"lerp_mode": "catmullrom"
						},
						"0.5": {
							"post": [20, 0, 0],
							"lerp_mode": "catmullrom"
						},
						"1.0": {
							"post": [20, 0, 0],
							"lerp_mode": "catmullrom"
						},
						"1.25": {
							"post": [0, 0, 0],
							"lerp_mode": "catmullrom"
						},
						"2.2917": {
							"post": [0, 0, 0],
							"lerp_mode": "catmullrom"
						},
						"2.8333": {
							"post": [0, 0, 0],
							"lerp_mode": "catmullrom"
						}
					}
				},
				"waist": {
					"rotation": {
						"0.0": {
							"post": [0, 0, 0],
							"lerp_mode": "catmullrom"
						},
						"2.8333": {
							"post": [0, 0, 0],
							"lerp_mode": "catmullrom"
						}
					}
				},
				"bone34": {
					"rotation": {
						"0.0": {
							"post": [-0.64747, 2.48621, -2.443],
							"lerp_mode": "catmullrom"
						},
						"0.5": {
							"post": [6.44618, -21.6264, -21.01864],
							"lerp_mode": "catmullrom"
						},
						"1.0": {
							"post": [6.44618, -21.6264, -21.01864],
							"lerp_mode": "catmullrom"
						},
						"1.25": {
							"post": [-12.60429, 65.28852, -40.08263],
							"lerp_mode": "catmullrom"
						},
						"2.2917": {
							"post": [-12.60429, 65.28852, -40.08263],
							"lerp_mode": "catmullrom"
						},
						"2.8333": {
							"post": [-0.64747, 2.48621, -2.443],
							"lerp_mode": "catmullrom"
						}
					}
				},
				"bone36": {
					"rotation": {
						"0.0": {
							"post": [0, 20, 0],
							"lerp_mode": "catmullrom"
						},
						"0.5": {
							"post": [0, 67.5, 0],
							"lerp_mode": "catmullrom"
						},
						"1.0": {
							"post": [0, 67.5, 0],
							"lerp_mode": "catmullrom"
						},
						"1.25": {
							"post": [0, 10, 0],
							"lerp_mode": "catmullrom"
						},
						"2.2917": {
							"post": [0, 10, 0],
							"lerp_mode": "catmullrom"
						},
						"2.8333": {
							"post": [0, 20, 0],
							"lerp_mode": "catmullrom"
						}
					}
				},
				"bone38": {
					"rotation": {
						"0.0": {
							"post": [0, 0, 17.5],
							"lerp_mode": "catmullrom"
						},
						"1.25": {
							"post": [0, 0, 5],
							"lerp_mode": "catmullrom"
						},
						"2.2917": {
							"post": [0, 0, 5],
							"lerp_mode": "catmullrom"
						},
						"2.8333": {
							"post": [0, 0, 17.5],
							"lerp_mode": "catmullrom"
						}
					}
				},
				"bone37": {
					"rotation": {
						"0.0": {
							"post": [0, 0, 0],
							"lerp_mode": "catmullrom"
						},
						"0.5": {
							"post": [0, 0, 30],
							"lerp_mode": "catmullrom"
						},
						"1.0": {
							"post": [0, 0, 30],
							"lerp_mode": "catmullrom"
						},
						"1.25": {
							"post": [0, 0, -37.5],
							"lerp_mode": "catmullrom"
						},
						"2.2917": {
							"post": [0, 0, -37.5],
							"lerp_mode": "catmullrom"
						},
						"2.8333": {
							"post": [0, 0, 0],
							"lerp_mode": "catmullrom"
						}
					}
				},
				"bone39": {
					"rotation": {
						"0.0": {
							"post": [0, 0, 25],
							"lerp_mode": "catmullrom"
						},
						"0.5": {
							"post": [0, 0, 55],
							"lerp_mode": "catmullrom"
						},
						"1.0": {
							"post": [0, 0, 55],
							"lerp_mode": "catmullrom"
						},
						"1.25": {
							"post": [0, 0, 5],
							"lerp_mode": "catmullrom"
						},
						"2.2917": {
							"post": [0, 0, 5],
							"lerp_mode": "catmullrom"
						},
						"2.8333": {
							"post": [0, 0, 25],
							"lerp_mode": "catmullrom"
						}
					}
				},
				"bone43": {
					"rotation": {
						"0.0": {
							"post": [0, 0, 0],
							"lerp_mode": "catmullrom"
						},
						"0.5": {
							"post": [0, -22.5, 0],
							"lerp_mode": "catmullrom"
						},
						"1.0": {
							"post": [0, -22.5, 0],
							"lerp_mode": "catmullrom"
						},
						"1.25": {
							"post": [0, 27.5, 0],
							"lerp_mode": "catmullrom"
						},
						"2.2917": {
							"post": [0, 27.5, 0],
							"lerp_mode": "catmullrom"
						},
						"2.8333": {
							"post": [0, 0, 0],
							"lerp_mode": "catmullrom"
						}
					}
				},
				"bone44": {
					"rotation": {
						"0.0": {
							"post": [0, -22.5, 0],
							"lerp_mode": "catmullrom"
						},
						"1.25": {
							"post": [0, -17.5, 0],
							"lerp_mode": "catmullrom"
						},
						"2.2917": {
							"post": [0, -17.5, 0],
							"lerp_mode": "catmullrom"
						},
						"2.8333": {
							"post": [0, -22.5, 0],
							"lerp_mode": "catmullrom"
						}
					}
				},
				"bone40": {
					"rotation": {
						"0.0": {
							"post": [0, 0, 0],
							"lerp_mode": "catmullrom"
						},
						"0.5": {
							"post": [0, 0, 42.5],
							"lerp_mode": "catmullrom"
						},
						"1.0": {
							"post": [0, 0, 42.5],
							"lerp_mode": "catmullrom"
						},
						"1.25": {
							"post": [0, 0, -42.5],
							"lerp_mode": "catmullrom"
						},
						"2.2917": {
							"post": [0, 0, -42.5],
							"lerp_mode": "catmullrom"
						},
						"2.8333": {
							"post": [0, 0, 0],
							"lerp_mode": "catmullrom"
						}
					}
				},
				"bone41": {
					"rotation": {
						"0.0": {
							"post": [0, 0, 32.5],
							"lerp_mode": "catmullrom"
						},
						"0.5": {
							"post": [0, 0, 52.5],
							"lerp_mode": "catmullrom"
						},
						"1.0": {
							"post": [0, 0, 52.5],
							"lerp_mode": "catmullrom"
						},
						"1.25": {
							"post": [0, 0, 7.5],
							"lerp_mode": "catmullrom"
						},
						"2.2917": {
							"post": [0, 0, 7.5],
							"lerp_mode": "catmullrom"
						},
						"2.8333": {
							"post": [0, 0, 32.5],
							"lerp_mode": "catmullrom"
						}
					}
				},
				"bone35": {
					"rotation": {
						"0.0": {
							"post": [-22.81346, 7.33713, -3.36725],
							"lerp_mode": "catmullrom"
						},
						"0.5": {
							"post": [-15.00078, 38.8307, -3.5738],
							"lerp_mode": "catmullrom"
						},
						"1.0": {
							"post": [-15.00078, 38.8307, -3.5738],
							"lerp_mode": "catmullrom"
						},
						"1.25": {
							"post": [-34.68636, -69.24898, 38.87422],
							"lerp_mode": "catmullrom"
						},
						"2.2917": {
							"post": [-34.68636, -69.24898, 38.87422],
							"lerp_mode": "catmullrom"
						},
						"2.8333": {
							"post": [-22.81346, 7.33713, -3.36725],
							"lerp_mode": "catmullrom"
						}
					}
				},
				"bone46": {
					"rotation": {
						"0.0": {
							"post": [0, -22.5, 0],
							"lerp_mode": "catmullrom"
						},
						"0.5": {
							"post": [0, -65, 0],
							"lerp_mode": "catmullrom"
						},
						"1.0": {
							"post": [0, -65, 0],
							"lerp_mode": "catmullrom"
						},
						"1.25": {
							"post": [0, -10, 0],
							"lerp_mode": "catmullrom"
						},
						"2.2917": {
							"post": [0, -10, 0],
							"lerp_mode": "catmullrom"
						},
						"2.8333": {
							"post": [0, -22.5, 0],
							"lerp_mode": "catmullrom"
						}
					}
				},
				"bone47": {
					"rotation": {
						"0.0": {
							"post": [0, 0, -20],
							"lerp_mode": "catmullrom"
						},
						"1.25": {
							"post": [0, 0, -5],
							"lerp_mode": "catmullrom"
						},
						"2.2917": {
							"post": [0, 0, -5],
							"lerp_mode": "catmullrom"
						},
						"2.8333": {
							"post": [0, 0, -20],
							"lerp_mode": "catmullrom"
						}
					}
				},
				"bone48": {
					"rotation": {
						"0.0": {
							"post": [0, 0, 0],
							"lerp_mode": "catmullrom"
						},
						"0.5": {
							"post": [0, 0, -47.5],
							"lerp_mode": "catmullrom"
						},
						"1.0": {
							"post": [0, 0, -47.5],
							"lerp_mode": "catmullrom"
						},
						"1.25": {
							"post": [0, 0, 47.5],
							"lerp_mode": "catmullrom"
						},
						"2.2917": {
							"post": [0, 0, 47.5],
							"lerp_mode": "catmullrom"
						},
						"2.8333": {
							"post": [0, 0, 0],
							"lerp_mode": "catmullrom"
						}
					}
				},
				"bone49": {
					"rotation": {
						"0.0": {
							"post": [0, 0, -27.5],
							"lerp_mode": "catmullrom"
						},
						"0.5": {
							"post": [0, 0, -45],
							"lerp_mode": "catmullrom"
						},
						"1.0": {
							"post": [0, 0, -45],
							"lerp_mode": "catmullrom"
						},
						"1.25": {
							"post": [0, 0, -7.5],
							"lerp_mode": "catmullrom"
						},
						"2.2917": {
							"post": [0, 0, -7.5],
							"lerp_mode": "catmullrom"
						},
						"2.8333": {
							"post": [0, 0, -27.5],
							"lerp_mode": "catmullrom"
						}
					}
				},
				"bone50": {
					"rotation": {
						"0.0": {
							"post": [0, 0, 0],
							"lerp_mode": "catmullrom"
						},
						"0.5": {
							"post": [1.42866, 35.19121, -4.44981],
							"lerp_mode": "catmullrom"
						},
						"1.0": {
							"post": [1.42866, 35.19121, -4.44981],
							"lerp_mode": "catmullrom"
						},
						"2.8333": {
							"post": [0, 0, 0],
							"lerp_mode": "catmullrom"
						}
					}
				},
				"bone51": {
					"rotation": {
						"0.0": {
							"post": [0, 40, 0],
							"lerp_mode": "catmullrom"
						},
						"1.25": {
							"post": [0, -17.5, 0],
							"lerp_mode": "catmullrom"
						},
						"2.2917": {
							"post": [0, -17.5, 0],
							"lerp_mode": "catmullrom"
						},
						"2.8333": {
							"post": [0, 40, 0],
							"lerp_mode": "catmullrom"
						}
					}
				},
				"bone52": {
					"rotation": {
						"0.0": {
							"post": [0, 0, 0],
							"lerp_mode": "catmullrom"
						},
						"0.5": {
							"post": [0, 0, -52.5],
							"lerp_mode": "catmullrom"
						},
						"1.0": {
							"post": [0, 0, -52.5],
							"lerp_mode": "catmullrom"
						},
						"1.25": {
							"post": [0, 0, 37.5],
							"lerp_mode": "catmullrom"
						},
						"2.2917": {
							"post": [0, 0, 37.5],
							"lerp_mode": "catmullrom"
						},
						"2.8333": {
							"post": [0, 0, 0],
							"lerp_mode": "catmullrom"
						}
					}
				},
				"bone53": {
					"rotation": {
						"0.0": {
							"post": [0, 0, -30],
							"lerp_mode": "catmullrom"
						},
						"0.5": {
							"post": [0, 0, -50],
							"lerp_mode": "catmullrom"
						},
						"1.0": {
							"post": [0, 0, -50],
							"lerp_mode": "catmullrom"
						},
						"1.25": {
							"post": [0, 0, 0],
							"lerp_mode": "catmullrom"
						},
						"2.2917": {
							"post": [0, 0, 0],
							"lerp_mode": "catmullrom"
						},
						"2.8333": {
							"post": [0, 0, -30],
							"lerp_mode": "catmullrom"
						}
					}
				},
				"head": {
					"rotation": {
						"0.0": {
							"post": [15, 0, 0],
							"lerp_mode": "catmullrom"
						},
						"1.25": {
							"post": [10, 0, 0],
							"lerp_mode": "catmullrom"
						},
						"2.2917": {
							"post": [10, 0, 0],
							"lerp_mode": "catmullrom"
						},
						"2.8333": {
							"post": [15, 0, 0],
							"lerp_mode": "catmullrom"
						}
					}
				},
				"bone54": {
					"position": {
						"0.0": {
							"post": [0, 0, 0],
							"lerp_mode": "catmullrom"
						},
						"2.8333": {
							"post": [0, 0, 0],
							"lerp_mode": "catmullrom"
						}
					}
				},
				"bone55": {
					"position": {
						"0.0": {
							"post": [0, 0, 0],
							"lerp_mode": "catmullrom"
						},
						"2.8333": {
							"post": [0, 0, 0],
							"lerp_mode": "catmullrom"
						}
					}
				},
				"bone9": {
					"rotation": {
						"0.0": {
							"post": [-10, 0, 0],
							"lerp_mode": "catmullrom"
						},
						"2.8333": {
							"post": [-10, 0, 0],
							"lerp_mode": "catmullrom"
						}
					}
				},
				"bone10": {
					"rotation": {
						"0.0": {
							"post": [-15, 0, 0],
							"lerp_mode": "catmullrom"
						},
						"2.8333": {
							"post": [-15, 0, 0],
							"lerp_mode": "catmullrom"
						}
					}
				},
				"bone24": {
					"rotation": {
						"0.0": ["-34.9759-math.sin(q.anim_time*90*1-90)*10", "-math.sin(q.anim_time*90*1)*10", 0],
						"2.8333": ["-34.9759-math.sin(q.anim_time*90*1-90)*10", "-math.sin(q.anim_time*90*1)*10", 0]
					}
				},
				"bone25": {
					"rotation": {
						"0.0": ["-14.9895358388-math.sin(q.anim_time*90*1-90)*10", "-math.sin(q.anim_time*90*1-90)*10", 0],
						"2.8333": ["-14.9895358388-math.sin(q.anim_time*90*1-90)*10", "-math.sin(q.anim_time*90*1-90)*10", 0]
					}
				},
				"bone26": {
					"rotation": {
						"0.0": ["0-math.sin(q.anim_time*90*1-90)*10", "-math.sin(q.anim_time*90*1-90)*10", 0],
						"2.8333": ["0-math.sin(q.anim_time*90*1-90)*10", "-math.sin(q.anim_time*90*1-90)*10", 0]
					}
				},
				"bone27": {
					"rotation": {
						"0.0": ["0-math.sin(q.anim_time*90*1-90)*10", "-math.sin(q.anim_time*90*1-90)*10", 0],
						"2.8333": ["0-math.sin(q.anim_time*90*1-90)*10", "-math.sin(q.anim_time*90*1-90)*10", 0]
					}
				},
				"bone28": {
					"rotation": {
						"0.0": ["0-math.sin(q.anim_time*90*1-90)*10", "-math.sin(q.anim_time*90*1-90)*10", 0],
						"2.8333": ["0-math.sin(q.anim_time*90*1-90)*10", "-math.sin(q.anim_time*90*1-90)*10", 0]
					}
				},
				"bone29": {
					"rotation": {
						"0.0": ["0-math.sin(q.anim_time*90*1-90)*10", "-math.sin(q.anim_time*90*1-90)*10", 0],
						"2.8333": ["0-math.sin(q.anim_time*90*1-90)*10", "-math.sin(q.anim_time*90*1-90)*10", 0]
					}
				},
				"bone30": {
					"rotation": {
						"0.0": ["0-math.sin(q.anim_time*90*1-90)*10", "-math.sin(q.anim_time*90*1-90)*10", 0],
						"2.8333": ["0-math.sin(q.anim_time*90*1-90)*10", "-math.sin(q.anim_time*90*1-90)*10", 0]
					}
				},
				"bone31": {
					"rotation": {
						"0.0": ["0-math.sin(q.anim_time*90*1-90)*10", "-math.sin(q.anim_time*90*1-90)*10", 0],
						"2.8333": ["0-math.sin(q.anim_time*90*1-90)*10", "-math.sin(q.anim_time*90*1-90)*10", 0]
					}
				},
				"bone12": {
					"rotation": {
						"0.0": {
							"post": [-3.38742, -24.6378, 2.95103],
							"lerp_mode": "catmullrom"
						},
						"0.5": {
							"post": [-50.88742, -24.6378, 2.95103],
							"lerp_mode": "catmullrom"
						},
						"1.0": {
							"post": [-50.88742, -24.6378, 2.95103],
							"lerp_mode": "catmullrom"
						},
						"1.25": {
							"post": [18.86405, -18.4806, -23.15115],
							"lerp_mode": "catmullrom"
						},
						"2.2917": {
							"post": [18.86405, -18.4806, -23.15115],
							"lerp_mode": "catmullrom"
						},
						"2.8333": {
							"post": [-3.38742, -24.6378, 2.95103],
							"lerp_mode": "catmullrom"
						}
					}
				},
				"bone13": {
					"rotation": {
						"0.0": {
							"post": [0, 0, 0],
							"lerp_mode": "catmullrom"
						},
						"0.5": {
							"post": [40, 0, 0],
							"lerp_mode": "catmullrom"
						},
						"1.0": {
							"post": [40, 0, 0],
							"lerp_mode": "catmullrom"
						},
						"1.25": {
							"post": [-17.5, 0, 0],
							"lerp_mode": "catmullrom"
						},
						"2.2917": {
							"post": [-17.5, 0, 0],
							"lerp_mode": "catmullrom"
						},
						"2.8333": {
							"post": [0, 0, 0],
							"lerp_mode": "catmullrom"
						}
					}
				},
				"bone14": {
					"rotation": {
						"0.0": {
							"post": [0, 0, 0],
							"lerp_mode": "catmullrom"
						},
						"0.5": {
							"post": [-20, 0, 0],
							"lerp_mode": "catmullrom"
						},
						"1.0": {
							"post": [-20, 0, 0],
							"lerp_mode": "catmullrom"
						},
						"1.25": {
							"post": [15, 0, 0],
							"lerp_mode": "catmullrom"
						},
						"2.2917": {
							"post": [15, 0, 0],
							"lerp_mode": "catmullrom"
						},
						"2.8333": {
							"post": [0, 0, 0],
							"lerp_mode": "catmullrom"
						}
					}
				},
				"bone18": {
					"rotation": {
						"0.0": {
							"post": [-15.16524, 27.0478, 3.75686],
							"lerp_mode": "catmullrom"
						},
						"0.5": {
							"post": [-57.66524, 27.0478, 3.75686],
							"lerp_mode": "catmullrom"
						},
						"1.0": {
							"post": [-57.66524, 27.0478, 3.75686],
							"lerp_mode": "catmullrom"
						},
						"1.25": {
							"post": [18.78482, 22.04161, 25.07625],
							"lerp_mode": "catmullrom"
						},
						"2.2917": {
							"post": [18.78482, 22.04161, 25.07625],
							"lerp_mode": "catmullrom"
						},
						"2.8333": {
							"post": [-15.16524, 27.0478, 3.75686],
							"lerp_mode": "catmullrom"
						}
					}
				},
				"bone19": {
					"rotation": {
						"0.0": {
							"post": [22.5, 0, 0],
							"lerp_mode": "catmullrom"
						},
						"0.5": {
							"post": [50, 0, 0],
							"lerp_mode": "catmullrom"
						},
						"1.0": {
							"post": [50, 0, 0],
							"lerp_mode": "catmullrom"
						},
						"1.25": {
							"post": [-2.49668, -0.25791, -0.44245],
							"lerp_mode": "catmullrom"
						},
						"2.2917": {
							"post": [-2.49668, -0.25791, -0.44245],
							"lerp_mode": "catmullrom"
						},
						"2.8333": {
							"post": [22.5, 0, 0],
							"lerp_mode": "catmullrom"
						}
					}
				},
				"bone20": {
					"rotation": {
						"0.0": {
							"post": [0, 0, 0],
							"lerp_mode": "catmullrom"
						},
						"0.5": {
							"post": [-15, 0, 0],
							"lerp_mode": "catmullrom"
						},
						"1.0": {
							"post": [-15, 0, 0],
							"lerp_mode": "catmullrom"
						},
						"1.25": {
							"post": [12.5, 0, 0],
							"lerp_mode": "catmullrom"
						},
						"2.2917": {
							"post": [12.5, 0, 0],
							"lerp_mode": "catmullrom"
						},
						"2.8333": {
							"post": [0, 0, 0],
							"lerp_mode": "catmullrom"
						}
					}
				}
			}
		},
		"animation.mewtwo_mega_y.recoil": {
			"animation_length": 0.7083,
			"bones": {
				"chest3": {
					"rotation": {
						"0.0": {
							"post": [0, 0, 0],
							"lerp_mode": "catmullrom"
						},
						"0.0833": {
							"post": [5, 0, 0],
							"lerp_mode": "catmullrom"
						},
						"0.2917": {
							"post": [-2.5, 0, 0],
							"lerp_mode": "catmullrom"
						},
						"0.5": {
							"post": [0, 0, 0],
							"lerp_mode": "catmullrom"
						}
					}
				},
				"head": {
					"rotation": {
						"0.0": {
							"post": [0, 0, 0],
							"lerp_mode": "catmullrom"
						},
						"0.0833": {
							"post": [7.5, 0, 0],
							"lerp_mode": "catmullrom"
						},
						"0.2917": {
							"post": [-24.76758, -2.15393, -12.31594],
							"lerp_mode": "catmullrom"
						},
						"0.5": {
							"post": [0, 0, 0],
							"lerp_mode": "catmullrom"
						}
					}
				},
				"eyelid_right": {
					"position": {
						"0.0": [0, 0, 0],
						"0.3333": {
							"pre": [0, 0, 0],
							"post": [-1, 0, -1]
						},
						"0.5417": {
							"pre": [-1, 0, -1],
							"post": [0, 0, 0]
						}
					}
				},
				"eyelid_left": {
					"position": {
						"0.0": [0, 0, 0],
						"0.3333": {
							"pre": [0, 0, 0],
							"post": [1, 0, -1]
						},
						"0.5417": {
							"pre": [1, 0, -1],
							"post": [0, 0, 0]
						}
					}
				}
			}
		},
		"animation.mewtwo_mega_y.faint": {
			"animation_length": 3,
			"bones": {
				"body": {
					"rotation": {
						"0.0": {
							"post": [0, 0, 0],
							"lerp_mode": "catmullrom"
						},
						"0.3333": {
							"post": [-2.5, 0, 0],
							"lerp_mode": "catmullrom"
						},
						"2.9167": {
							"post": [22.5, 0, 0],
							"lerp_mode": "catmullrom"
						}
					},
					"position": {
						"0.0": {
							"post": [0, 7, 0],
							"lerp_mode": "catmullrom"
						}
					}
				},
				"chest3": {
					"rotation": {
						"0.0": {
							"post": [0, 0, 0],
							"lerp_mode": "catmullrom"
						},
						"0.3333": {
							"post": [-10, 0, 0],
							"lerp_mode": "catmullrom"
						},
						"2.9167": {
							"post": [25, 0, 0],
							"lerp_mode": "catmullrom"
						}
					}
				},
				"waist": {
					"rotation": {
						"0.0": {
							"post": [0, 0, 0],
							"lerp_mode": "catmullrom"
						},
						"2.9167": {
							"post": [22.5, 0, 0],
							"lerp_mode": "catmullrom"
						}
					}
				},
				"chest": {
					"rotation": {
						"0.0": {
							"post": [0, 0, 0],
							"lerp_mode": "catmullrom"
						},
						"0.3333": {
							"post": [-7.5, 0, 0],
							"lerp_mode": "catmullrom"
						}
					}
				},
				"bone34": {
					"rotation": {
						"0.0": {
							"post": [-0.64747, 2.48621, -2.443],
							"lerp_mode": "catmullrom"
						},
						"0.3333": {
							"post": [-4.89869, -26.90415, 11.7531],
							"lerp_mode": "catmullrom"
						},
						"2.8333": {
							"post": [-3.94194, 53.03442, 7.88587],
							"lerp_mode": "catmullrom"
						}
					}
				},
				"bone36": {
					"rotation": {
						"0.0": {
							"post": [0, 20, 0],
							"lerp_mode": "catmullrom"
						},
						"0.3333": {
							"post": [0, 10, 0],
							"lerp_mode": "catmullrom"
						}
					}
				},
				"bone38": {
					"rotation": {
						"0.0": {
							"post": [0, 0, 17.5],
							"lerp_mode": "catmullrom"
						}
					}
				},
				"bone37": {
					"rotation": {
						"0.0": {
							"post": [0, 0, 0],
							"lerp_mode": "catmullrom"
						}
					}
				},
				"bone39": {
					"rotation": {
						"0.0": {
							"post": [0, 0, 25],
							"lerp_mode": "catmullrom"
						}
					}
				},
				"bone43": {
					"rotation": {
						"0.0": {
							"post": [0, 0, 0],
							"lerp_mode": "catmullrom"
						}
					}
				},
				"bone44": {
					"rotation": {
						"0.0": {
							"post": [0, -22.5, 0],
							"lerp_mode": "catmullrom"
						}
					}
				},
				"bone40": {
					"rotation": {
						"0.0": {
							"post": [0, 0, 0],
							"lerp_mode": "catmullrom"
						}
					}
				},
				"bone41": {
					"rotation": {
						"0.0": {
							"post": [0, 0, 32.5],
							"lerp_mode": "catmullrom"
						}
					}
				},
				"bone35": {
					"rotation": {
						"0.0": {
							"post": [-22.81346, 7.33713, -3.36725],
							"lerp_mode": "catmullrom"
						},
						"0.3333": {
							"post": [-27.83833, 31.55346, -23.84086],
							"lerp_mode": "catmullrom"
						},
						"2.9167": {
							"post": [-22.08375, -38.45296, -2.49543],
							"lerp_mode": "catmullrom"
						}
					}
				},
				"bone46": {
					"rotation": {
						"0.0": {
							"post": [0, -22.5, 0],
							"lerp_mode": "catmullrom"
						}
					}
				},
				"bone47": {
					"rotation": {
						"0.0": {
							"post": [0, 0, -20],
							"lerp_mode": "catmullrom"
						}
					}
				},
				"bone49": {
					"rotation": {
						"0.0": {
							"post": [0, 0, -27.5],
							"lerp_mode": "catmullrom"
						}
					}
				},
				"bone51": {
					"rotation": {
						"0.0": {
							"post": [0, 40, 0],
							"lerp_mode": "catmullrom"
						}
					}
				},
				"bone53": {
					"rotation": {
						"0.0": {
							"post": [0, 0, -30],
							"lerp_mode": "catmullrom"
						}
					}
				},
				"head": {
					"rotation": {
						"0.0": {
							"post": [15, 0, 0],
							"lerp_mode": "catmullrom"
						},
						"0.3333": {
							"post": [-12.5, 0, 0],
							"lerp_mode": "catmullrom"
						},
						"2.9167": {
							"post": [15, 0, 0],
							"lerp_mode": "catmullrom"
						}
					}
				},
				"eyelid_left": {
					"position": {
						"0.0": [0, 0, 0],
						"0.3333": {
							"pre": [0, 0, 0],
							"post": [1, 0, -1]
						}
					}
				},
				"bone54": {
					"position": {
						"0.0": {
							"post": [0, 0, 0],
							"lerp_mode": "catmullrom"
						}
					}
				},
				"eyelid_right": {
					"position": {
						"0.0": [0, 0, 0],
						"0.3333": {
							"pre": [0, 0, 0],
							"post": [-1, 0, -1]
						}
					}
				},
				"bone55": {
					"position": {
						"0.0": {
							"post": [0, 0, 0],
							"lerp_mode": "catmullrom"
						}
					}
				},
				"bone9": {
					"rotation": {
						"0.0": {
							"post": [-10, 0, 0],
							"lerp_mode": "catmullrom"
						}
					}
				},
				"bone10": {
					"rotation": {
						"0.0": {
							"post": [-15, 0, 0],
							"lerp_mode": "catmullrom"
						}
					}
				},
				"bone24": {
					"rotation": {
						"0.0": {
							"post": [-34.9759, 0, 0],
							"lerp_mode": "catmullrom"
						}
					}
				},
				"bone25": {
					"rotation": {
						"0.0": {
							"post": [-14.98954, 0, 0],
							"lerp_mode": "catmullrom"
						},
						"2.8333": {
							"post": [-32.49, 0, 0],
							"lerp_mode": "catmullrom"
						}
					}
				},
				"bone26": {
					"rotation": {
						"0.0": {
							"post": [15, 0, 0],
							"lerp_mode": "catmullrom"
						},
						"2.8333": {
							"post": [-25, 0, 0],
							"lerp_mode": "catmullrom"
						}
					}
				},
				"bone27": {
					"rotation": {
						"0.0": {
							"post": [19.91997, 0.13907, 1.81565],
							"lerp_mode": "catmullrom"
						},
						"2.8333": {
							"post": [-7.58003, 0.13907, 1.81565],
							"lerp_mode": "catmullrom"
						}
					}
				},
				"bone28": {
					"rotation": {
						"0.0": {
							"post": [22.5, 0, 0],
							"lerp_mode": "catmullrom"
						},
						"0.3333": {
							"post": [37.5, 0, 0],
							"lerp_mode": "catmullrom"
						},
						"2.8333": {
							"post": [-5, 0, 0],
							"lerp_mode": "catmullrom"
						}
					}
				},
				"bone29": {
					"rotation": {
						"0.0": {
							"post": [15, 0, 0],
							"lerp_mode": "catmullrom"
						},
						"0.3333": {
							"post": [30, 0, 0],
							"lerp_mode": "catmullrom"
						},
						"2.8333": {
							"post": [10, 0, 0],
							"lerp_mode": "catmullrom"
						}
					}
				},
				"bone30": {
					"rotation": {
						"0.0": {
							"post": [12.5, 0, 0],
							"lerp_mode": "catmullrom"
						},
						"0.3333": {
							"post": [22.5, 0, 0],
							"lerp_mode": "catmullrom"
						}
					}
				},
				"bone31": {
					"rotation": {
						"0.0": {
							"post": [0, 0, 0],
							"lerp_mode": "catmullrom"
						},
						"0.3333": {
							"post": [7.5, 0, 0],
							"lerp_mode": "catmullrom"
						}
					}
				},
				"bone12": {
					"rotation": {
						"0.0": {
							"post": [-3.38742, -24.6378, 2.95103],
							"lerp_mode": "catmullrom"
						},
						"0.3333": {
							"post": [4.11258, -24.6378, 2.95103],
							"lerp_mode": "catmullrom"
						},
						"2.9167": {
							"post": [-28.38742, -24.6378, 2.95103],
							"lerp_mode": "catmullrom"
						}
					}
				},
				"bone13": {
					"rotation": {
						"0.0": {
							"post": [0, 0, 0],
							"lerp_mode": "catmullrom"
						},
						"0.3333": {
							"post": [0, 0, 0],
							"lerp_mode": "catmullrom"
						}
					}
				},
				"bone14": {
					"rotation": {
						"0.0": {
							"post": [0, 0, 0],
							"lerp_mode": "catmullrom"
						}
					}
				},
				"bone18": {
					"rotation": {
						"0.0": {
							"post": [-15.16524, 27.0478, 3.75686],
							"lerp_mode": "catmullrom"
						},
						"0.3333": {
							"post": [2.33476, 27.0478, 3.75686],
							"lerp_mode": "catmullrom"
						},
						"2.9167": {
							"post": [-32.66524, 27.0478, 3.75686],
							"lerp_mode": "catmullrom"
						}
					}
				},
				"bone19": {
					"rotation": {
						"0.0": {
							"post": [22.5, 0, 0],
							"lerp_mode": "catmullrom"
						}
					}
				},
				"bone20": {
					"rotation": {
						"0.0": {
							"post": [0, 0, 0],
							"lerp_mode": "catmullrom"
						}
					}
				}
			}
		},
		"animation.mewtwo_mega_y.blink": {
			"animation_length": 0.4583,
			"bones": {
				"eyelid_left": {
					"position": {
						"0.0": [1, 0, -1],
						"0.4583": {
							"pre": [1, 0, -1],
							"post": [0, 0, 0]
						}
					}
				},
				"eyelid_right": {
					"position": {
						"0.0": [-1, 0, -1],
						"0.4583": {
							"pre": [-1, 0, -1],
							"post": [0, 0, 0]
						}
					}
				}
			}
		}
	}
}