{"format_version":"1.8.0","animations":{"animation.zangoose.ground_idle":{"loop":true,"bones":{"zangoose":{"position":[0,0,"math.cos(((query.anim_time) - (0.5/4)) * 90 * 1.5) * (0.2 * 1)"]},"body":{"rotation":["math.cos(((query.anim_time) - (0.5/4)) * 90 * 1.5) * (-2 * 1)",0,0]},"chest":{"rotation":["math.sin(((query.anim_time) - (0.5/4)) * 90 * 1.5) * (-1 * 1)",0,0]},"head":{"rotation":["math.cos(((query.anim_time) - (0.5/4)) * 90 * 1.5) * (4 * 1)",0,0]},"left_ear":{"rotation":["math.sin(((query.anim_time) - (0.5/4)) * 90 * 1.5) * (4 * 1)",0,0]},"right_ear":{"rotation":["math.sin(((query.anim_time) - (0.5/4)) * 90 * 1.5) * (4 * 1)",0,0]},"right_arm":{"rotation":["12.3544+math.cos(((query.anim_time) - (0.5/4)) * 90 * 1.5) * (1 * 1)",3.2242,"-55.5392+math.cos(((query.anim_time) - (0.5/4)) * 90 * 1.5) * (1 * 1)"]},"right_forearm":{"rotation":["1.9941+math.sin(((query.anim_time) - (0.5/4)) * 90 * 1.5) * (4 * 1)",-45.85963,12.45609]},"tail":{"rotation":["math.sin(((query.anim_time) - (0.5/4)) * 90 * 1.5) * (-4 * 1)",0,0]},"tailend1":{"rotation":["math.sin(((query.anim_time) - (0.5/4)) * 90 * 1.5) * (-4 * 1)",0,0]},"tailend2":{"rotation":["math.sin(((query.anim_time) - (0.5/4)) * 90 * 1.5) * (-4 * 1)",0,0]},"tailend3":{"rotation":["math.sin(((query.anim_time) - (0.5/4)) * 90 * 1.5) * (-4 * 1)",0,0]},"right_leg":{"rotation":["math.cos(((query.anim_time) - (0.5/4)) * 90 * 1.5) * (2 * 1)",0,0]},"left_arm":{"rotation":["12.3544+math.cos(((query.anim_time) - (0.5/4)) * 90 * 1.5) * (1 * 1)",-3.2242,"55.5392+math.cos(((query.anim_time) - (0.5/4)) * 90 * 1.5) * (1 * 1)"]},"left_forearm":{"rotation":["1.9941+math.sin(((query.anim_time) - (0.5/4)) * 90 * 1.5) * (4 * 1)",45.85963,-12.45609]},"left_leg":{"rotation":["math.cos(((query.anim_time) - (0.5/4)) * 90 * 1.5) * (2 * 1)",0,0]}}},"animation.zangoose.ground_walk":{"loop":true,"bones":{"zangoose":{"rotation":["math.sin(((query.anim_time) - (0.5/4)) * 90 * 5) * (15 * 1)",0,0],"position":[0,-2.7,"0+math.cos(((query.anim_time) - (0.5/4)) * 90 * 1.5) * (0.2 * 1)"]},"body":{"rotation":["52.5+math.cos(((query.anim_time) - (0.5/4)) * 90 * 5) * (10 * 1)",0,0]},"chest":{"rotation":["27.5+math.cos(((query.anim_time) - (0.5/4)) * 90 * 5) * (-20 * 1)",0,0],"position":[0,"-0.1466+math.cos(((query.anim_time) - (0.5/4)) * 90 * 5) * (1 * 1)","-1.5583+math.cos(((query.anim_time) - (0.5/4)) * 90 * 5) * (1 * 1)"]},"head":{"rotation":["-65+math.sin(((query.anim_time) - (0.5/4)) * 90 * 5) * (10 * 1)",0,0]},"left_ear":{"rotation":["math.sin(((query.anim_time) - (0.5/4)) * 90 * 5) * (-50 * 1)",0,0]},"right_ear":{"rotation":["math.sin(((query.anim_time) - (0.5/4)) * 90 * 5) * (-50 * 1)",0,0]},"right_arm":{"rotation":[-98.8525,"-58.9073+math.cos(((query.anim_time) - (0.5/4)) * 90 * 5) * (80 * 1)",67.3517]},"right_forearm":{"rotation":["6.901+math.sin(((query.anim_time) - (0.5/4)) * 90 * 3) * (4 * 1)",-12.1011,"-10.123+math.cos(((query.anim_time) - (0.5/4)) * 90 * 5) * (90 * 1)"]},"tail":{"rotation":["-50+math.sin(((query.anim_time) - (0.5/4)) * 90 * 5) * (20 * 1)",0,0]},"tailend1":{"rotation":["math.sin(((query.anim_time) - (0.5/4)) * 90 * 5) * (20 * 1)",0,0]},"tailend2":{"rotation":["math.sin(((query.anim_time) - (0.5/4)) * 90 * 5) * (20 * 1)",0,0]},"tailend3":{"rotation":["math.sin(((query.anim_time) - (0.5/4)) * 90 * 5) * (20 * 1)",0,0]},"right_leg":{"rotation":["25+math.sin(((query.anim_time) - (0.5/4)) * 90 * 5) * (70 * 1)",0,0]},"left_arm":{"rotation":[-98.8525,"58.9073+math.cos(((query.anim_time) - (0.5/4)) * 90 * 5) * (-80 * 1)",-67.3517]},"left_forearm":{"rotation":["1.7572+math.sin(((query.anim_time) - (0.5/4)) * 90 * 1.5) * (4 * 1)",13.36197,"-10.123+math.cos(((query.anim_time) - (0.5/4)) * 90 * 5) * (-90 * 1)"]},"left_leg":{"rotation":["25+math.sin(((query.anim_time) - (0.5/4)) * 90 * 5) * (70 * 1)",0,0]}}},"animation.zangoose.sleep":{"loop":true,"bones":{"zangoose":{"rotation":[-180,-77.5,-180],"position":[-3,0,2]},"body":{"rotation":[71.50446,-3.74196,29.78729],"position":[0,-10,0]},"chest":{"rotation":[-10.02599,20.25437,-52.31056],"position":[2.0837,"-1.9767+math.cos(((query.anim_time) - (0.5/4)) * 90 * 1) * (-0.25 * 1)","1.8196+math.cos(((query.anim_time) - (0.5/4)) * 90 * 1) * (-0.15 * 1)"]},"head":{"rotation":[32.79781,45.05075,24.51604]},"left_ear":{"rotation":[0,0,"math.sin(((query.anim_time) - (0.5/4)) * 90 * 1) * (3 * 1)"]},"right_ear":{"rotation":[0,0,"math.sin(((query.anim_time) - (0.5/4)) * 90 * 1) * (3 * 1)"]},"lids":{"position":[0,0,-1]},"right_arm":{"rotation":[16.41462,-68.36824,"-46.8399+math.cos(((query.anim_time) - (0.5/4)) * 90 * 1) * (-3 * 1)"]},"right_forearm":{"rotation":[-38.78602,-65.96855,53.77751]},"left_arm":{"rotation":["-180+math.cos(((query.anim_time) - (0.5/4)) * 90 * 1) * (-3 * 1)",75,-180]},"left_forearm":{"rotation":[-6.22037,23.2438,-17.34109]},"tail":{"rotation":[111.55036,"-46.0478+math.cos(((query.anim_time) - (0.5/4)) * 90 * 1) * (1 * 1)",-167.20546],"position":[1.50036,-3.75721,0.79519]},"right_leg":{"rotation":[-119.25816,-18.40368,53.3186]},"left_leg":{"rotation":[-133.18552,-41.20946,-45.91235]}}},"animation.zangoose.faint":{"animation_length":3,"bones":{"body":{"rotation":{"0.0":[0,0,0],"0.5":{"pre":[0,18,0],"post":[0,18,0],"lerp_mode":"catmullrom"},"0.9583":{"post":[0,18,0],"lerp_mode":"catmullrom"},"1.2917":[83,18,0]},"position":{"0.0":[0,0,0],"0.5":{"pre":[0,0,1.9],"post":[0,0,1.9],"lerp_mode":"catmullrom"},"0.9583":{"post":[0,2,-1.1],"lerp_mode":"catmullrom"},"1.2917":[0,-8.6,-14.1]}},"chest":{"rotation":{"0.0":[0,0,0],"0.5":{"pre":[23.90177,7.47233,7.2827],"post":[23.90177,7.47233,7.2827],"lerp_mode":"catmullrom"},"0.9583":{"post":[-6.09823,7.47233,7.2827],"lerp_mode":"catmullrom"},"1.2917":[-3.09823,7.47233,7.2827]}},"head":{"rotation":{"0.0":[0,0,0],"0.5":{"pre":[-3.213,-20.96986,1.15091],"post":[-3.213,-20.96986,1.15091],"lerp_mode":"catmullrom"},"0.9583":{"post":[-23.213,-20.96986,1.15091],"lerp_mode":"catmullrom"},"1.1667":{"post":[-43.213,-20.96986,1.15091],"lerp_mode":"catmullrom"},"1.2917":[6.787,-20.96986,1.15091]}},"left_ear":{"rotation":[35,0,0]},"right_ear":{"rotation":[25,0,0]},"lids":{"position":{"0.0":[0,0,0],"0.1667":[0.02662,0.18144,-1.08461]}},"right_arm":{"rotation":{"0.0":[12.3544,3.2242,-55.5392],"0.5":{"pre":[-33.93466,7.23913,-43.3673],"post":[-33.93466,7.23913,-43.3673],"lerp_mode":"catmullrom"},"0.9583":{"post":[-10.78102,16.66101,-28.27225],"lerp_mode":"catmullrom"},"1.1667":{"post":[-56.12109,16.66729,-14.73641],"lerp_mode":"catmullrom"},"1.2917":[-83.72362,-19.33802,-31.54493]}},"right_forearm":{"rotation":{"0.0":[1.9941,-45.85963,12.45609],"0.5":{"pre":[19.7164,-10.01601,-32.90552],"post":[19.7164,-10.01601,-32.90552],"lerp_mode":"catmullrom"},"0.9583":{"post":[19.7164,-10.01601,-32.90552],"lerp_mode":"catmullrom"},"1.1667":{"post":[8.64171,-19.43229,6.60072],"lerp_mode":"catmullrom"},"1.2917":[11.22046,-19.07502,-0.05175]}},"left_arm":{"rotation":{"0.0":[12.3544,-3.2242,55.5392],"0.5":{"pre":[35.84068,36.90366,51.40188],"post":[35.84068,36.90366,51.40188],"lerp_mode":"catmullrom"},"0.9583":{"post":[65.46781,22.67148,45.45751],"lerp_mode":"catmullrom"},"1.1667":{"post":[-16.42865,-4.82419,-4.41613],"lerp_mode":"catmullrom"},"1.2917":[-62.73849,14.56498,-40.28636]}},"left_forearm":{"rotation":{"0.0":[1.9941,45.85963,-12.45609],"0.5":{"pre":[-17.1148,21.67526,-7.59087],"post":[-17.1148,21.67526,-7.59087],"lerp_mode":"catmullrom"},"0.9583":{"post":[-17.1148,21.67526,-7.59087],"lerp_mode":"catmullrom"},"1.1667":{"post":[-16.00418,7.29007,-3.18691],"lerp_mode":"catmullrom"}}},"tail":{"rotation":{"0.0":[0,0,0],"0.5":{"pre":[0,-25,0],"post":[0,-25,0],"lerp_mode":"catmullrom"},"0.9583":{"post":[0,10,0],"lerp_mode":"catmullrom"},"1.2917":[-67.71721,-42.33669,32.75432]}},"tailend1":{"rotation":{"0.0":[0,0,0],"1.2917":[0,-26,0]}},"tailend2":{"rotation":{"0.0":[0,0,0],"1.2917":[0,-27,0]}},"tailend3":{"rotation":{"0.0":[0,0,0],"1.2917":[0,-36,0]}},"right_leg":{"rotation":{"0.0":[0,0,0],"0.5":{"pre":[19.76861,23.72689,14.30242],"post":[19.76861,23.72689,14.30242],"lerp_mode":"catmullrom"},"0.9583":{"post":[19.76861,23.72689,14.30242],"lerp_mode":"catmullrom"},"1.2917":[-29.23139,23.72689,14.30242]}},"left_leg":{"rotation":{"0.0":[0,0,0],"0.9583":{"pre":[20.88,0,0],"post":[20.88,0,0],"lerp_mode":"catmullrom"},"1.2917":[-24,0,0]}}}},"animation.zangoose.blink":{"animation_length":0.1667,"bones":{"lids":{"position":{"0.0":[0,0,-1],"0.125":[0,0,-1],"0.1667":[0,0,0]}}}}}}