{
	"format_version": "1.8.0",
	"animations": {
		"animation.sharpedo.ground_idle": {
			"loop": true,
			"bones": {
				"body": {
					"rotation": [0, 0, "-52.5+Math.cos((query.anim_time) * 90 * 4 - 90) * 2"],
					"position": ["0+Math.cos((query.anim_time) * 90 * 4 - 90) * 0.5", "2+Math.cos((query.anim_time) * 90 * 8 - 90) * -0.1", 0]
				},
				"locator_seat_1": {
					"rotation": [0, 0, 52.5],
					"position": [5, -4, 0]
				},
				"fin_bottom": {
					"rotation": [0, 0, "-15+Math.cos((query.anim_time) * 90 * 4 - 90) * -2"]
				},
				"head": {
					"rotation": ["0+Math.cos((query.anim_time) * 90 * 8 - 90) * -3", 0, 0]
				},
				"gills_right": {
					"rotation": ["-2.5+Math.cos((query.anim_time) * 90 * 8 - 90) * -2", 0, 0]
				},
				"fin_right": {
					"rotation": [0, "0+Math.cos((query.anim_time) * 90 * 8 - 90) * -1", "45+Math.cos((query.anim_time) * 90 * 4 - 90) * -3"]
				},
				"gills_left": {
					"rotation": ["-2.5+Math.cos((query.anim_time) * 90 * 8 - 90) * -2", 0, 0]
				},
				"jaw": {
					"rotation": ["20+Math.cos((query.anim_time) * 90 * 8 - 90) * 3", 0, 0]
				}
			}
		},
		"animation.sharpedo.ground_walk": {
			"loop": true,
			"animation_length": 0.5,
			"bones": {
				"body": {
					"rotation": {
						"0.0": [0, 0, -42],
						"0.0833": [-6.32, -8.404, -42],
						"0.125": [-8, -10, -42],
						"0.1667": [-6.32, -7.3, -42],
						"0.3333": [4.8, 10, -42],
						"0.4167": [7.64, 13, -42],
						"0.4583": [5.24, 10.244, -42],
						"0.5": [0, 0, -42]
					},
					"position": {
						"0.0": [0, 1.45, 0],
						"0.0417": [0, 2.49, 0],
						"0.125": [0, 6.425, 0],
						"0.1667": [0, 7.48, 0],
						"0.25": [0, 8.1, 0],
						"0.3333": [0, 7.48, 0],
						"0.375": [0, 6.425, 0],
						"0.4583": [0, 0.665, 0],
						"0.5": [0, 1.45, 0]
					}
				},
				"locator_seat_1": {
					"rotation": ["0+Math.cos((query.anim_time) * 90 * 8 - 45) * 8", 0, 42.5],
					"position": [5, -4, 0]
				},
				"fin_bottom": {
					"rotation": {
						"0.0": [0, 0, -32.5],
						"0.0417": [2.5, 0, -29.25],
						"0.0833": [5, 0, -20],
						"0.1667": [5, 0, 0.5],
						"0.2917": [5, 0, 0],
						"0.375": [3, 0, -5.5],
						"0.4167": [2, 0, -22],
						"0.4583": [1, 0, -34.75],
						"0.5": [0, 0, -32.5]
					}
				},
				"head": {
					"rotation": {
						"0.0": [0, 0, 0],
						"0.0833": [-5.625, 0, 0],
						"0.1667": [-10.25625, 0, 0],
						"0.25": [-11.25, 0, 0],
						"0.3333": [-9.4, 0, 0],
						"0.4167": [-3.75, 0, 0],
						"0.5": [0, 0, 0]
					}
				},
				"gills_right": {
					"rotation": {
						"0.0": [0, 0, 0],
						"0.0833": [-5.625, 0, 0],
						"0.1667": [-10.25625, 0, 0],
						"0.25": [-11.25, 0, 0],
						"0.3333": [-9.4, 0, 0],
						"0.4167": [-3.75, 0, 0],
						"0.5": [0, 0, 0]
					}
				},
				"fin_right": {
					"rotation": {
						"0.0": [0, 0, 27.5],
						"0.0417": [0, 0, 29.25],
						"0.0833": [0, 0, 25],
						"0.125": [0, 0, 20],
						"0.2083": [0, 0, 12.5],
						"0.3333": [0, 0, 7.5],
						"0.4167": [0, 0, 17.5],
						"0.4583": [0, 0, 26.35],
						"0.5": [0, 0, 27.5]
					}
				},
				"gills_left": {
					"rotation": {
						"0.0": [0, 0, 0],
						"0.0833": [-5.625, 0, 0],
						"0.1667": [-10.25625, 0, 0],
						"0.25": [-11.25, 0, 0],
						"0.3333": [-9.4, 0, 0],
						"0.4167": [-3.75, 0, 0],
						"0.5": [0, 0, 0]
					}
				},
				"jaw": {
					"rotation": {
						"0.0": [-17.5, 0, 0],
						"0.125": [7.5, 0, 0],
						"0.25": [9.875, 0, 0],
						"0.375": [7.5, 0, 0],
						"0.5": [-17.5, 0, 0]
					}
				},
				"fin_top": {
					"rotation": {
						"0.0": {
							"post": [0, 0, 1.3],
							"lerp_mode": "catmullrom"
						},
						"0.0833": {
							"post": [0, 0, -9.5],
							"lerp_mode": "catmullrom"
						},
						"0.25": {
							"post": [0, 0, 8],
							"lerp_mode": "catmullrom"
						},
						"0.4167": {
							"post": [0, 0, 10],
							"lerp_mode": "catmullrom"
						},
						"0.5": {
							"post": [0, 0, 1.3],
							"lerp_mode": "catmullrom"
						}
					}
				},
				"fin_left": {
					"rotation": {
						"0.0": [-0.11306, 0.64256, -2.45791],
						"0.125": [7.43656, -0.9762, 17.43656],
						"0.3333": [-0.02822, 0.65182, 5.04256],
						"0.5": [-0.11306, 0.64256, -2.45791]
					}
				}
			}
		},
		"animation.sharpedo.water_idle": {
			"loop": true,
			"bones": {
				"body": {
					"rotation": ["0+Math.cos((query.anim_time) * 90 * 2 - 90) * -1", 0, 0],
					"position": [0, "0+Math.cos((query.anim_time) * 90 * 2) * 0.5", 0]
				},
				"locator_seat_1": {
					"position": [0, -2, 0]
				},
				"jaw": {
					"rotation": ["0+Math.cos((query.anim_time) * 90 * 2) * 2", 0, 0]
				}
			}
		},
		"animation.sharpedo.water_swim": {
			"loop": true,
			"bones": {
				"body": {
					"rotation": ["0+Math.cos((query.anim_time) * 90 * 4 + 90) * -3", "0+Math.cos((query.anim_time) * 90 * 8) * -5", 0],
					"position": ["0+Math.cos((query.anim_time) * 90 * 8 - 45) * 1", "0+Math.cos((query.anim_time) * 90 * 4) * 1", 0]
				},
				"locator_seat_1": {
					"rotation": ["0+Math.cos((query.anim_time) * 90 * 4 + 90) * 2", "0+Math.cos((query.anim_time) * 90 * 8) * 2", 0],
					"position": [0, -2, 0]
				},
				"head": {
					"rotation": ["-10+Math.cos((query.anim_time) * 90 * 4) * 2", 0, 0]
				},
				"gills_right": {
					"rotation": ["-7.5+Math.cos((query.anim_time) * 90 * 4) * 2", 0, 0]
				},
				"gills_left": {
					"rotation": ["-7.5+Math.cos((query.anim_time) * 90 * 4) * 2", 0, 0]
				},
				"jaw": {
					"rotation": ["12.5+Math.cos((query.anim_time) * 90 * 4) * -5", 0, 0]
				},
				"fin_top": {
					"rotation": [0, "0+Math.cos((query.anim_time) * 90 * 8 + 90) * 3", "0+Math.cos((query.anim_time) * 90 * 8 - 90) * 3"]
				},
				"fin_bottom": {
					"rotation": [0, "0+Math.cos((query.anim_time) * 90 * 8 - 90) * 3", "0+Math.cos((query.anim_time) * 90 * 8) * 3"]
				},
				"fin_right": {
					"rotation": [0, 0, "0+Math.cos((query.anim_time) * 90 * 8 + 90) * 3"]
				},
				"fin_left": {
					"rotation": [0, 0, "0+Math.cos((query.anim_time) * 90 * 8 + 90) * -3"]
				}
			}
		},
		"animation.sharpedo.surfacewater_idle": {
			"loop": true,
			"bones": {
				"body": {
					"rotation": ["-5+Math.cos((query.anim_time) * 90 * 2 - 90) * -1", 0, 0],
					"position": [0, "0+Math.cos((query.anim_time) * 90 * 2) * 0.5", 0]
				},
				"locator_seat_1": {
					"position": [0, -2, 0]
				},
				"jaw": {
					"rotation": ["5+Math.cos((query.anim_time) * 90 * 2) * 2", 0, 0]
				},
				"head": {
					"rotation": [-15, 0, 0],
					"position": [0, 0, -0.5]
				},
				"gills_right": {
					"rotation": [-7.5, 0, 0]
				},
				"gills_left": {
					"rotation": [-7.5, 0, 0]
				}
			}
		},
		"animation.sharpedo.surfacewater_swim": {
			"loop": true,
			"bones": {
				"body": {
					"rotation": [
						"-10+Math.cos((query.anim_time) * 90 * 8) * -4",
						"0+Math.cos((query.anim_time) * 90 * 16) * -5",
						"0+Math.cos((query.anim_time) * 90 * 16 - 90) * -2"
					],
					"position": [
						"0+Math.cos((query.anim_time) * 90 * 16 - 90) * 1",
						"0+Math.cos((query.anim_time) * 90 * 8) * -1",
						"0+Math.cos((query.anim_time) * 90 * 8 - 90) * -1"
					]
				},
				"locator_seat_1": {
					"rotation": [
						"Math.cos((query.anim_time) * 90 * 8) * 5",
						"0+Math.cos((query.anim_time) * 90 * 16) * 7",
						"0+Math.cos((query.anim_time) * 90 * 16 - 90) * 2"
					],
					"position": [0, -3, 0]
				},
				"head": {
					"rotation": [-22.5, 0, 0],
					"position": [0, 0.5, -1]
				},
				"gills_right": {
					"rotation": [-10, 0, 0],
					"position": [0, -0.75, -0.5]
				},
				"fin_right": {
					"rotation": [0, 0, "0+Math.cos((query.anim_time) * 90 * 16 - 90) * 4"]
				},
				"gills_left": {
					"rotation": [-10, 0, 0],
					"position": [0, -0.75, -0.5]
				},
				"fin_left": {
					"rotation": [0, 0, "0+Math.cos((query.anim_time) * 90 * 16 - 90) * 4"]
				},
				"jaw": {
					"rotation": ["2.5+Math.cos((query.anim_time) * 90 * 16 - 90) * 2", 0, 0]
				}
			}
		},
		"animation.sharpedo.quirk_surfacewater_swim": {
			"animation_length": 1.25,
			"bones": {
				"body": {
					"rotation": {
						"0.0": [0, 0, 0],
						"0.0833": [-10, 0, 0],
						"0.25": {
							"pre": [-5, 0, 0],
							"post": [-5, 0, 0],
							"lerp_mode": "catmullrom"
						},
						"0.5": {
							"post": [-7.5, 0, 0],
							"lerp_mode": "catmullrom"
						},
						"0.6667": {
							"post": [-9, 0, 0],
							"lerp_mode": "catmullrom"
						},
						"0.875": [9.75, 0, 0],
						"0.9583": [20, 0, 0],
						"1.0833": [5.28, 0, 0],
						"1.1667": [1.6, 0, 0],
						"1.25": [0, 0, 0]
					},
					"position": {
						"0.0": [0, 0, 0],
						"0.0417": [0, 3.645, 0],
						"0.0833": [0, 5.395, 0],
						"0.125": [0, 6, 0],
						"0.1667": [0, 5.845, 0],
						"0.2083": [0, 4.87, 0],
						"0.25": [0, 3.05, 0],
						"0.3333": {
							"pre": [0, -0.8, 0],
							"post": [0, -0.8, 0],
							"lerp_mode": "catmullrom"
						},
						"0.4167": {
							"post": [0, -2.845, 0],
							"lerp_mode": "catmullrom"
						},
						"0.5": {
							"post": [0, -2.04, -0.3],
							"lerp_mode": "catmullrom"
						},
						"0.5417": {
							"post": [0, 1.62, -1.55],
							"lerp_mode": "catmullrom"
						},
						"0.5833": [0, 5.31, -3.525],
						"0.625": [0, 6.315, -4.875],
						"0.7083": [0, 6.91, -5.625],
						"0.7917": [0, 6.46, -4.875],
						"0.8333": [0, 5.85, -4.525],
						"0.875": [0, 4.06, -4.275],
						"0.9583": [0, -0.725, -3.375],
						"1.0": [0, -1.02, -2.43],
						"1.0833": [0, -0.1, -0.55],
						"1.1667": [0, 0, 0]
					}
				},
				"head": {
					"rotation": {
						"0.0": [0, 0, 0],
						"0.0417": [0, 0, 0],
						"0.125": {
							"pre": [-6.43, 0, 0],
							"post": [-6.43, 0, 0],
							"lerp_mode": "catmullrom"
						},
						"0.1667": {
							"post": [-8.5, 0, 0],
							"lerp_mode": "catmullrom"
						},
						"0.375": {
							"post": [0, 0, 0],
							"lerp_mode": "catmullrom"
						},
						"0.5": {
							"post": [0, 0, 0],
							"lerp_mode": "catmullrom"
						},
						"0.6667": {
							"post": [-10, 0, 0],
							"lerp_mode": "catmullrom"
						},
						"1.0": [0, 0, 0]
					}
				},
				"gills_right": {
					"rotation": {
						"0.0": [0, 0, 0],
						"0.0417": [0, 0, 0],
						"0.125": {
							"pre": [-10.43, 0, 0],
							"post": [-10.43, 0, 0],
							"lerp_mode": "catmullrom"
						},
						"0.1667": {
							"post": [-12.5, 0, 0],
							"lerp_mode": "catmullrom"
						},
						"0.375": {
							"post": [0, 0, 0],
							"lerp_mode": "catmullrom"
						},
						"0.5": {
							"post": [0, 0, 0],
							"lerp_mode": "catmullrom"
						},
						"0.6667": {
							"post": [-15, 0, 0],
							"lerp_mode": "catmullrom"
						},
						"1.0": [0, 0, 0]
					}
				},
				"fin_right": {
					"rotation": {
						"0.0": [0, 0, 0],
						"0.125": [0, 0, -10],
						"0.2917": [0, 0, 10],
						"0.4583": [0, 0, 0],
						"0.5833": [0, 0, -17.5],
						"0.875": [0, 0, 17.5],
						"1.0417": [0, 0, -2.22],
						"1.125": [0, 0, 0]
					}
				},
				"gills_left": {
					"rotation": {
						"0.0": [0, 0, 0],
						"0.0417": [0, 0, 0],
						"0.125": {
							"pre": [-10.43, 0, 0],
							"post": [-10.43, 0, 0],
							"lerp_mode": "catmullrom"
						},
						"0.1667": {
							"post": [-12.5, 0, 0],
							"lerp_mode": "catmullrom"
						},
						"0.375": {
							"post": [0, 0, 0],
							"lerp_mode": "catmullrom"
						},
						"0.5": {
							"post": [0, 0, 0],
							"lerp_mode": "catmullrom"
						},
						"0.6667": {
							"post": [-15, 0, 0],
							"lerp_mode": "catmullrom"
						},
						"1.0": [0, 0, 0]
					}
				},
				"fin_left": {
					"rotation": {
						"0.0": [0, 0, 0],
						"0.125": [0, 0, 10],
						"0.2917": [0, 0, -10],
						"0.4583": [0, 0, 0],
						"0.5833": [0, 0, 17.5],
						"0.875": [0, 0, -17.5],
						"1.0417": [0, 0, 2.22],
						"1.125": [0, 0, 0]
					}
				},
				"jaw": {
					"rotation": {
						"0.0": [0, 0, 0],
						"0.0417": {
							"pre": [-15, 0, 0],
							"post": [-15, 0, 0],
							"lerp_mode": "catmullrom"
						},
						"0.1667": {
							"post": [21, 0, 0],
							"lerp_mode": "catmullrom"
						},
						"0.25": {
							"post": [7, 0, 0],
							"lerp_mode": "catmullrom"
						},
						"0.375": {
							"post": [-22.6, 0, 0],
							"lerp_mode": "catmullrom"
						},
						"0.5": {
							"post": [-15.1, 0, 0],
							"lerp_mode": "catmullrom"
						},
						"0.6667": {
							"post": [18, 0, 0],
							"lerp_mode": "catmullrom"
						},
						"0.7917": {
							"post": [24.5, 0, 0],
							"lerp_mode": "catmullrom"
						},
						"1.0": {
							"post": [-15, 0, 0],
							"lerp_mode": "catmullrom"
						},
						"1.1667": [0, 0, 0]
					}
				}
			}
		},
		"animation.sharpedo.ride_water_swim": {
			"loop": true,
			"bones": {
				"body": {
					"rotation": ["q.r.pitch_change(0)*-10", "q.r.yaw_change(0)*10", "q.r.yaw_change(0)*-10"]
				},
				"fin_top": {
					"rotation": [0, "-0-q.r.yaw_change(0)*10", "0+q.r.yaw_change(0)*-5"]
				},
				"fin_right": {
					"rotation": ["-0+q.r.pitch_change(0)*-10+q.r.yaw_change(0)*-10", 0, "0-q.r.pitch_change(0)*10"]
				},
				"fin_left": {
					"rotation": ["-0+q.r.pitch_change(0)*-10+q.r.yaw_change(0)*10", 0, "0-q.r.pitch_change(0)*-10"]
				},
				"jaw": {
					"rotation": ["-0-q.r.pitch_change(0)*-10", 0, 0]
				}
			}
		},
		"animation.sharpedo.test_walkspeed": {
			"loop": true,
			"animation_length": 3.5,
			"bones": {
				"body": {
					"position": [0, 0, "39-q.anim_time*90*0.31"]
				}
			}
		},
		"animation.sharpedo.mouth_open": {
			"loop": true,
			"bones": {
				"head": {
					"rotation": [-10, 0, 0]
				},
				"jaw": {
					"rotation": [22.5, 0, 0]
				},
				"gills_right": {
					"rotation": [-5, 0, 0]
				},
				"gills_left": {
					"rotation": [-5, 0, 0]
				}
			}
		},
		"animation.sharpedo.basepose": {
			"loop": true
		}
	}
}