{
	"format_version": "1.10.0",
	"particle_effect": {
		"description": {
			"identifier": "cobblemon:bitterblade_drain",
			"basic_render_parameters": {
				"material": "particles_blend",
				"texture": "textures/particles/medium-fadeorb"
			}
		},
		"curves": {
			"variable.scale": {
				"type": "linear",
				"input": "v.particle_age",
				"horizontal_range": "v.particle_lifetime",
				"nodes": [0, 0.6, 0.85, 1, 1]
			},
			"variable.speed": {
				"type": "linear",
				"input": "v.particle_age",
				"horizontal_range": "v.particle_lifetime",
				"nodes": [0, 0.6, 0.85, 1, 1]
			}
		},
		"events": {
			"event.sound": {
				"sound_effect": {
					"event_name": "move.generic.drain"
				}
			}
		},
		"components": {
			"minecraft:emitter_rate_steady": {
				"spawn_rate": 20,
				"max_particles": 100
			},
			"minecraft:emitter_lifetime_looping": {
				"active_time": 0.9
			},
			"minecraft:emitter_lifetime_events": {
				"creation_event": "event.sound"
			},
			"minecraft:emitter_shape_point": {
				"offset": [0, 0, 0.5],
				"direction": ["math.random(-1.5,1.5)", "math.random(-1.5,1.5)", -4]
			},
			"minecraft:particle_lifetime_expression": {
				"max_lifetime": 1.2
			},
			"minecraft:particle_initial_spin": {
				"rotation": 90
			},
			"minecraft:particle_initial_speed": 2,
			"minecraft:particle_motion_dynamic": {},
			"minecraft:particle_appearance_billboard": {
				"size": ["0.3*variable.scale", "0.3*variable.scale"],
				"facing_camera_mode": "rotate_xyz",
				"uv": {
					"texture_width": 99,
					"texture_height": 9,
					"flipbook": {
						"base_UV": [0, 0],
						"size_UV": [9, 9],
						"step_UV": [9, 0],
						"frames_per_second": 15,
						"max_frame": 11,
						"loop": true
					}
				}
			},
			"minecraft:particle_appearance_tinting": {
				"color": {
					"interpolant": "v.particle_age / v.particle_lifetime",
					"gradient": {
						"0.0": "#00CB48FF",
						"0.2": "#A6AEEC14",
						"0.39": "#A64BEE4A",
						"0.65": "#A6B4EC14",
						"0.84": "#A668EE4A",
						"1.0": "#00CB48FF"
					}
				}
			}
		}
	}
}