{"format_version":"1.8.0","animations":{"animation.eelektrik.ground_idle":{"loop":true,"animation_length":2,"bones":{"head":{"rotation":["math.cos(q.anim_time*90*2+90)*5",0,0]},"neck":{"rotation":[-22.5,0,0]},"neck2":{"rotation":[-22.5,0,0]},"torso":{"rotation":["-22.5+math.cos(q.anim_time*90*2)*10",0,0]},"torso2":{"rotation":["22.5+math.cos(q.anim_time*90*2-90)*10",0,0]},"tail":{"rotation":[22.5,0,0]},"tail2":{"rotation":[22.5,0,0]},"tail3":{"rotation":["22.5+math.cos(q.anim_time*90*2-180)*10",0,0]},"tail4":{"rotation":["-22.5-math.cos(q.anim_time*90*2-270)*10",0,0]},"tailfin":{"rotation":[0,0,0]},"body":{"position":[0,16,"-math.cos(q.anim_time*90*2)*1"]}}},"animation.eelektrik.ground_walk":{"loop":true,"animation_length":1,"bones":{"body":{"position":[0,"7-math.sin(q.anim_time*90*4*2)*2",0]},"head":{"rotation":["math.cos(q.anim_time*90*4*2)*10",0,0]},"neck":{"rotation":["math.cos(q.anim_time*90*4*2-90)*15",0,0]},"torso":{"rotation":["math.cos(q.anim_time*90*4*2-180)*15",0,0]},"torso2":{"rotation":["math.cos(q.anim_time*90*4*2-270)*10",0,0]},"tail":{"rotation":["math.cos(q.anim_time*90*4*2+(270-90))*20",0,0]},"tail2":{"rotation":["math.cos(q.anim_time*90*4*2+(270-180))*20",0,0]}}},"animation.eelektrik.water_idle":{"loop":true,"animation_length":2,"bones":{"head":{"rotation":["math.cos(q.anim_time*90*2+90)*5",0,0]},"neck":{"rotation":[-22.5,0,0]},"neck2":{"rotation":[-22.5,0,0]},"torso":{"rotation":["-22.5+math.cos(q.anim_time*90*2)*10",0,0]},"torso2":{"rotation":["22.5+math.cos(q.anim_time*90*2-90)*10",0,0]},"tail":{"rotation":[22.5,0,0]},"tail2":{"rotation":[22.5,0,0]},"tail3":{"rotation":["22.5+math.cos(q.anim_time*90*2-180)*10",0,0]},"tail4":{"rotation":["-22.5-math.cos(q.anim_time*90*2-270)*10",0,0]},"tailfin":{"rotation":[0,0,0]},"body":{"position":[0,0,"-math.cos(q.anim_time*90*2)*1"]}}},"animation.eelektrik.water_swim":{"loop":true,"animation_length":1,"bones":{"body":{"position":[0,"-math.sin(q.anim_time*90*4*2)*2",0]},"head":{"rotation":["math.cos(q.anim_time*90*4*2)*10",0,0]},"neck":{"rotation":["math.cos(q.anim_time*90*4*2-90)*15",0,0]},"torso":{"rotation":["math.cos(q.anim_time*90*4*2-180)*15",0,0]},"torso2":{"rotation":["math.cos(q.anim_time*90*4*2-270)*10",0,0]},"tail":{"rotation":["math.cos(q.anim_time*90*4*2+(270-90))*20",0,0]},"tail2":{"rotation":["math.cos(q.anim_time*90*4*2+(270-180))*20",0,0]}}}},"geckolib_format_version":2}