{
	"format_version": "1.8.0",
	"animations": {
		"animation.klang.ground_idle": {
			"loop": true,
			"bones": {
				"body": {
					"rotation": [-5, 0, "16*math.sin(q.anim_time*90*1.5+180+50)"],
					"position": [0, "0.5+0.9*math.sin(q.anim_time*90*1+180)", 0]
				},
				"main_gear": {
					"rotation": [0, 0, "22.5-math.mod(q.anim_time*0.5, 1)*360"]
				},
				"gear2": {
					"rotation": [0, 0, "-22.5+math.mod(q.anim_time*0.5, 1)*360"],
					"position": [-0.7, 0.2, 0]
				}
			}
		},
		"animation.klang.battle_idle": {
			"loop": true,
			"bones": {
				"body": {
					"rotation": ["5+4*math.sin(q.anim_time*90*1)", 0, "-5-20 *math.sin(q.anim_time*90*2+180+50)"],
					"position": ["1.3*math.sin(q.anim_time*90*1 +180)", "0.5+1.3*math.sin(q.anim_time*90*2+180)", 0]
				},
				"main_gear": {
					"rotation": [0, 0, "22.5-math.mod(q.anim_time*0.6, 1)*360"]
				},
				"gear2": {
					"rotation": [0, 0, "-22.5+math.mod(q.anim_time*0.6, 1)*360"],
					"position": [-0.7, 0.2, 0]
				}
			}
		},
		"animation.klang.ground_walk": {
			"loop": true,
			"bones": {
				"body": {
					"rotation": [10, 0, "8*math.sin(q.anim_time*90*1.5+180+50)"],
					"position": [0, "0.5+0.9*math.sin(q.anim_time*90*3+180)", -0.5]
				},
				"main_gear": {
					"rotation": [0, 0, "22.5-math.mod(q.anim_time*0.6, 1)*360"]
				},
				"gear2": {
					"rotation": [0, 0, "-22.5+math.mod(q.anim_time*0.6, 1)*360"],
					"position": [-0.7, 0.2, 0]
				}
			}
		},
		"animation.klang.physical": {
			"animation_length": 3,
			"bones": {
				"body": {
					"rotation": {
						"0.0": {
							"post": [0, 0, 0],
							"lerp_mode": "catmullrom"
						},
						"0.375": {
							"post": [0, 0, 6],
							"lerp_mode": "catmullrom"
						},
						"0.8333": {
							"post": [-34.5, 0, 185.7],
							"lerp_mode": "catmullrom"
						},
						"1.0833": [-61.45719, 20.03663, 245.48594],
						"1.125": [-94.67792, 61.37279, 242.76507],
						"1.1667": [-119.67805, 83.85298, 228.82078],
						"1.2083": [-124.75694, 84.41743, 227.33999],
						"1.25": [16.7, 95.4, 360],
						"1.2917": [16.7, 95.4, 360],
						"1.75": [16.7, 95.4, 360],
						"1.8333": {
							"pre": [-91.96519, 34.98416, 254.58296],
							"post": [-91.96519, 34.98416, 254.58296],
							"lerp_mode": "catmullrom"
						},
						"2.1667": {
							"post": [-91.96519, 34.98416, 201.68296],
							"lerp_mode": "catmullrom"
						},
						"2.5833": {
							"post": [0, 0, 24.4],
							"lerp_mode": "catmullrom"
						},
						"3.0": {
							"post": [0, 0, 0],
							"lerp_mode": "catmullrom"
						}
					},
					"position": {
						"0.0": {
							"post": [0, 0.5, 0],
							"lerp_mode": "catmullrom"
						},
						"0.2083": {
							"post": [0, 0.3, 0],
							"lerp_mode": "catmullrom"
						},
						"0.4167": {
							"post": [0, 12.5, 0],
							"lerp_mode": "catmullrom"
						},
						"0.7917": {
							"post": [0, 23.8, 5.9],
							"lerp_mode": "catmullrom"
						},
						"1.0833": {
							"post": [0, 2.1, 5.9],
							"lerp_mode": "catmullrom"
						},
						"1.25": [0, 0.5, -4],
						"1.75": [0, 0.5, -4],
						"2.0833": {
							"pre": [0, 3.1, -3.09],
							"post": [0, 3.1, -3.09],
							"lerp_mode": "catmullrom"
						},
						"2.3333": {
							"post": [0, 23.5, 2.01],
							"lerp_mode": "catmullrom"
						},
						"2.625": {
							"post": [0, 15, 1.91],
							"lerp_mode": "catmullrom"
						},
						"2.75": {
							"post": [0, 1.5, 0],
							"lerp_mode": "catmullrom"
						},
						"3.0": {
							"post": [0, 0.5, 0],
							"lerp_mode": "catmullrom"
						}
					}
				},
				"main_gear": {
					"rotation": {
						"0.0": {
							"post": [0, 0, 10],
							"lerp_mode": "catmullrom"
						},
						"0.125": {
							"post": [0, 0, 10],
							"lerp_mode": "catmullrom"
						},
						"0.4167": {
							"post": [-0.24957, -0.13787, 146.11572],
							"lerp_mode": "catmullrom"
						},
						"0.6667": {
							"post": [-0.24957, -0.13787, 433.71572],
							"lerp_mode": "catmullrom"
						},
						"1.0417": {
							"post": [-1.6, 3.7, 437.1],
							"lerp_mode": "catmullrom"
						},
						"1.25": [-6.68217, 2.57594, 19.6658],
						"1.2917": [-6.68, 2.58, "19.67+math.sin(q.anim_time*90*60)*2"],
						"1.7083": [-6.68, 2.58, 19.55],
						"1.75": {
							"pre": [-6.68, 2.58, 19.55],
							"post": [-6.68217, 2.57594, 740.6658]
						},
						"1.875": {
							"pre": [-0.24957, -0.13787, -10.28428],
							"post": [-0.24957, -0.13787, -10.28428],
							"lerp_mode": "catmullrom"
						},
						"2.0": {
							"post": [-1.6, 3.7, -430.9],
							"lerp_mode": "catmullrom"
						},
						"2.2917": {
							"post": [-1.6, 3.7, -430.9],
							"lerp_mode": "catmullrom"
						},
						"2.5417": {
							"post": [-1.6, 3.7, -88.7],
							"lerp_mode": "catmullrom"
						},
						"2.75": [-1.6, 3.7, 11.9],
						"3.0": [0, 0, 10]
					},
					"position": {
						"0.0": {
							"post": [0, 0, 0],
							"lerp_mode": "catmullrom"
						},
						"0.4167": {
							"post": [12, 0, 5.1],
							"lerp_mode": "catmullrom"
						},
						"0.8333": {
							"post": [30.2, -6.8, 5.1],
							"lerp_mode": "catmullrom"
						},
						"1.0417": {
							"post": [34.39, -9.83, 4.55],
							"lerp_mode": "catmullrom"
						},
						"1.25": [36.3, -6, 0],
						"1.2917": [36.3, "-6+math.sin(q.anim_time*90*60)*0.6", 0],
						"1.5": [36.3, "-6+math.sin(q.anim_time*90*60)*0.1", 0],
						"1.7083": [36.3, "-6+math.sin(q.anim_time*90*60)*1.5", 0],
						"1.75": [36.3, -6, 0],
						"2.25": {
							"pre": [31.98, 0.22, 0],
							"post": [31.98, 0.22, 0],
							"lerp_mode": "catmullrom"
						},
						"2.6667": {
							"post": [3.6, 0, 0],
							"lerp_mode": "catmullrom"
						},
						"3.0": {
							"post": [0, 0, 0],
							"lerp_mode": "catmullrom"
						}
					},
					"scale": {
						"0.0": [1, 1, 1],
						"1.0417": [1, 1, 1],
						"1.2083": [0.84, 1.25, 1],
						"1.25": [1, 1, 1],
						"1.75": [1, 1, 1],
						"1.7917": [0.84, 1.23, 1],
						"1.9167": [1, 1, 1],
						"3.0": [1, 1, 1]
					}
				},
				"gear2": {
					"rotation": {
						"0.0": [0, 0, -27.5],
						"0.4583": [0, 0, -30.64],
						"0.5": {
							"pre": [0, 0, -30.64],
							"post": [0, 0, 329.23]
						},
						"0.625": [0, 0, 334.05],
						"1.0": {
							"pre": [0, 0, 356.05],
							"post": [0, 0, 356.05],
							"lerp_mode": "catmullrom"
						},
						"1.2917": {
							"post": [0, 0, 612.85],
							"lerp_mode": "catmullrom"
						},
						"1.5": {
							"post": [0, 0, 592.85],
							"lerp_mode": "catmullrom"
						},
						"1.6667": {
							"post": [0, 0, 233.85],
							"lerp_mode": "catmullrom"
						},
						"1.7917": {
							"post": [0, 0, -49.15],
							"lerp_mode": "catmullrom"
						},
						"1.9167": {
							"post": [0, 0, -248.15],
							"lerp_mode": "catmullrom"
						},
						"2.125": {
							"post": [0, 0, -282.15],
							"lerp_mode": "catmullrom"
						},
						"2.4167": {
							"post": [0, 0, -52.55],
							"lerp_mode": "catmullrom"
						},
						"2.6667": [0, 0, -12.45],
						"3.0": [0, 0, -27.5]
					},
					"position": {
						"0.0": {
							"post": [-1.5, -1.5, 0],
							"lerp_mode": "catmullrom"
						},
						"0.7917": {
							"post": [-0.3, -1.5, 0],
							"lerp_mode": "catmullrom"
						},
						"1.25": [7.5, -8, -5.4],
						"1.75": [7.5, -8, -5.4],
						"2.25": {
							"pre": [-0.6, -6.9, 0],
							"post": [-0.6, -6.9, 0],
							"lerp_mode": "catmullrom"
						},
						"2.5833": {
							"post": [-1.5, -2.1, 0],
							"lerp_mode": "catmullrom"
						},
						"3.0": {
							"post": [-1.5, -1.5, 0],
							"lerp_mode": "catmullrom"
						}
					}
				}
			}
		},
		"animation.klang.special": {
			"animation_length": 3,
			"bones": {
				"body": {
					"rotation": {
						"0.0": [0, 0, 0],
						"0.5": [0, 0, 0],
						"0.5417": {
							"pre": [0, 0, 0],
							"post": [0, 0, 720]
						},
						"0.7083": [0, 0, 721.45],
						"1.0417": {
							"pre": [0, 0, 773.45],
							"post": [0, 0, 773.45],
							"lerp_mode": "catmullrom"
						},
						"1.25": {
							"post": [0, 0, 773.75],
							"lerp_mode": "catmullrom"
						},
						"1.5": {
							"post": [0, 0, 556.45],
							"lerp_mode": "catmullrom"
						},
						"2.0": {
							"post": [0, 0, -76.35],
							"lerp_mode": "catmullrom"
						},
						"2.25": {
							"post": [0, 0, -122.88],
							"lerp_mode": "catmullrom"
						},
						"2.7083": [0, 0, -6.45],
						"3.0": {
							"pre": [0, 0, 0],
							"post": [0, 0, 0],
							"lerp_mode": "catmullrom"
						}
					},
					"position": {
						"0.0": {
							"post": [0, 0.5, 0],
							"lerp_mode": "catmullrom"
						},
						"0.2917": {
							"post": [0, 0.5, 0],
							"lerp_mode": "catmullrom"
						},
						"0.5833": {
							"post": [0, 3.5, 2],
							"lerp_mode": "catmullrom"
						},
						"0.875": {
							"post": [0, 12.5, 0],
							"lerp_mode": "catmullrom"
						},
						"1.0833": {
							"post": [0, 13.5, -3.8],
							"lerp_mode": "catmullrom"
						},
						"1.25": [0, 8.5, -9],
						"1.2917": [0, "8.5+math.sin(q.anim_time*90*60)*0.9", "-9+math.sin(q.anim_time*90*60)*0.7"],
						"1.9583": [0, 8.53, -8.98],
						"2.0": [0, 8.5, -9],
						"3.0": {
							"pre": [0, 0.5, 0],
							"post": [0, 0.5, 0],
							"lerp_mode": "catmullrom"
						}
					}
				},
				"main_gear": {
					"rotation": {
						"0.0": {
							"post": [0, 0, 10],
							"lerp_mode": "catmullrom"
						},
						"0.2083": {
							"post": [0, 0, 19],
							"lerp_mode": "catmullrom"
						},
						"0.7917": {
							"post": [0, 0, -95.8],
							"lerp_mode": "catmullrom"
						},
						"1.0833": {
							"post": [0, 9.4, 57.2],
							"lerp_mode": "catmullrom"
						},
						"1.25": [0, 12.5, 10],
						"2.0": [0, 12.5, -350],
						"2.2917": {
							"pre": [0, 0, -341.3],
							"post": [0, 0, -341.3],
							"lerp_mode": "catmullrom"
						},
						"2.625": {
							"post": [0, 0, -22],
							"lerp_mode": "catmullrom"
						},
						"3.0": {
							"post": [0, 0, 10],
							"lerp_mode": "catmullrom"
						}
					},
					"position": {
						"0.0": {
							"post": [0, 0, 0],
							"lerp_mode": "catmullrom"
						},
						"0.3333": {
							"post": [3, -1.3, 0],
							"lerp_mode": "catmullrom"
						},
						"0.75": {
							"post": [12, -5, 0],
							"lerp_mode": "catmullrom"
						},
						"0.9583": [0, 0, 0],
						"2.0417": [0, 0, 0],
						"2.375": {
							"pre": [6, -4.1, 0],
							"post": [6, -4.1, 0],
							"lerp_mode": "catmullrom"
						},
						"2.7083": {
							"post": [9, -4.7, 0],
							"lerp_mode": "catmullrom"
						},
						"3.0": {
							"post": [0, 0, 0],
							"lerp_mode": "catmullrom"
						}
					}
				},
				"gear2": {
					"rotation": {
						"0.0": {
							"post": [0, 0, -27.5],
							"lerp_mode": "catmullrom"
						},
						"0.25": {
							"post": [0, 0, 41.5],
							"lerp_mode": "catmullrom"
						},
						"0.7917": {
							"post": [0, 0, 322.5],
							"lerp_mode": "catmullrom"
						},
						"0.9167": {
							"post": [0, 0, -28.6],
							"lerp_mode": "catmullrom"
						},
						"1.0833": {
							"post": [0, -8.66, -73.7],
							"lerp_mode": "catmullrom"
						},
						"1.25": [0, -12.5, -27.5],
						"2.0": [0, -12.5, 333.5],
						"2.2917": {
							"pre": [0, -9.39, 328.26],
							"post": [0, -9.39, 328.26],
							"lerp_mode": "catmullrom"
						},
						"2.625": {
							"post": [0, 0, 8.4],
							"lerp_mode": "catmullrom"
						},
						"3.0": {
							"post": [0, 0, -27.5],
							"lerp_mode": "catmullrom"
						}
					},
					"position": {
						"0.0": [-1.5, -1.5, 0],
						"0.2083": [-1.5, -1.5, 0],
						"0.375": {
							"pre": [-8.2, 2, 0],
							"post": [-8.2, 2, 0],
							"lerp_mode": "catmullrom"
						},
						"0.75": {
							"post": [-2.5, 9, 0],
							"lerp_mode": "catmullrom"
						},
						"0.9583": [-1.5, -1.5, 0],
						"2.0": [-1.5, -1.5, 0],
						"2.375": {
							"pre": [-1.4, 4.1, 0],
							"post": [-1.4, 4.1, 0],
							"lerp_mode": "catmullrom"
						},
						"2.625": {
							"post": [-8, 8.8, 0],
							"lerp_mode": "catmullrom"
						},
						"2.7917": {
							"post": [-1.5, 0.2, 0],
							"lerp_mode": "catmullrom"
						},
						"3.0": [-1.5, -1.5, 0]
					}
				}
			}
		},
		"animation.klang.status": {
			"animation_length": 3,
			"bones": {
				"body": {
					"rotation": {
						"0.0": {
							"post": [0, 0, 0],
							"lerp_mode": "catmullrom"
						},
						"0.5417": {
							"post": [0, 0, 0],
							"lerp_mode": "catmullrom"
						},
						"1.25": [0, 0, -370],
						"1.2917": {
							"pre": [0, 0, -370],
							"post": [0, 0, 350]
						},
						"1.375": [0, 0, 350.975],
						"1.5": [0, 0, 325.375],
						"1.625": [0, 0, 325.375],
						"1.75": [0, 0, 301.175],
						"1.875": [0, 0, 301.175],
						"2.0": [0, 0, 277.675],
						"2.125": [0, 0, 277.675],
						"2.4167": {
							"pre": [0, 0, 105.835],
							"post": [0, 0, 105.835],
							"lerp_mode": "catmullrom"
						},
						"2.75": [0, 0, 21.535],
						"2.9583": [0, 0, 0.975],
						"3.0": [0, 0, 0]
					},
					"position": {
						"0.0": {
							"post": [0, 0.5, 0],
							"lerp_mode": "catmullrom"
						},
						"0.2083": {
							"post": [-1.92, -2.26, 0],
							"lerp_mode": "catmullrom"
						},
						"0.4583": {
							"post": [-0.55, 0.9, 0],
							"lerp_mode": "catmullrom"
						},
						"0.7917": {
							"post": [6.35, 16.6, 0],
							"lerp_mode": "catmullrom"
						},
						"1.0417": {
							"post": [6.95, 16.6, 0],
							"lerp_mode": "catmullrom"
						},
						"1.25": [4.75, 4.5, 0],
						"1.375": [4.75, 4.5, 0],
						"1.5": [5.25, 5.5, 0],
						"1.625": [5.25, 5.5, 0],
						"1.75": [4.4, 7.5, 0],
						"1.875": [4.4, 7.5, 0],
						"2.0": [3.25, 8.5, 0],
						"2.125": [3.25, 8.5, 0],
						"2.375": {
							"pre": [-4.71, 19.36, 0],
							"post": [-4.71, 19.36, 0],
							"lerp_mode": "catmullrom"
						},
						"2.7083": {
							"post": [-4.71, 0.16, 0],
							"lerp_mode": "catmullrom"
						},
						"3.0": {
							"post": [0, 0.5, 0],
							"lerp_mode": "catmullrom"
						}
					}
				},
				"main_gear": {
					"rotation": {
						"0.0": {
							"post": [0, 0, 10],
							"lerp_mode": "catmullrom"
						},
						"0.4167": {
							"post": [0, 0, 294],
							"lerp_mode": "catmullrom"
						},
						"0.75": {
							"post": [0, 0, 294],
							"lerp_mode": "catmullrom"
						},
						"1.25": [0, 0, -40],
						"1.375": [0, 0, -40],
						"1.5": [0, 0, 10],
						"1.625": [0, 0, 10],
						"1.75": [0, 0, 79.2],
						"1.875": [0, 0, 79.2],
						"2.0": [0, 0, 134.2],
						"2.125": [0, 0, 134.2],
						"2.375": {
							"pre": [0, 0, 238.15],
							"post": [0, 0, 238.15],
							"lerp_mode": "catmullrom"
						},
						"2.6667": {
							"post": [0, 0, -22.85],
							"lerp_mode": "catmullrom"
						},
						"3.0": {
							"post": [0, 0, 10],
							"lerp_mode": "catmullrom"
						}
					},
					"position": {
						"0.0": [0, 0, 0],
						"0.5833": [0, 0, 0],
						"0.9167": {
							"pre": [8.2, -7, 0],
							"post": [8.2, -7, 0],
							"lerp_mode": "catmullrom"
						},
						"1.25": [0, 0, 0],
						"2.125": [0, 0, 0],
						"2.375": {
							"pre": [7, -7, 0],
							"post": [7, -7, 0],
							"lerp_mode": "catmullrom"
						},
						"2.6667": [0, 0, 0],
						"3.0": [0, 0, 0]
					}
				},
				"gear2": {
					"rotation": {
						"0.0": {
							"post": [0, 0, -27.5],
							"lerp_mode": "catmullrom"
						},
						"0.4167": {
							"post": [0, 0, -256.5],
							"lerp_mode": "catmullrom"
						},
						"0.75": {
							"post": [0, 0, -256.5],
							"lerp_mode": "catmullrom"
						},
						"1.25": [0, 0, 33.5],
						"1.375": [0, 0, 33.5],
						"1.5": [0, 0, -29],
						"1.625": [0, 0, -29],
						"1.75": [0, 0, -91.5],
						"1.875": [0, 0, -91.5],
						"2.0": [0, 0, -144],
						"2.125": [0, 0, -144],
						"2.375": {
							"pre": [0, 0, -260],
							"post": [0, 0, -260],
							"lerp_mode": "catmullrom"
						},
						"2.6667": {
							"post": [0, 0, -3.6],
							"lerp_mode": "catmullrom"
						},
						"3.0": {
							"post": [0, 0, -27.5],
							"lerp_mode": "catmullrom"
						}
					},
					"position": {
						"0.0": [-1.5, -1.5, 0],
						"0.625": [-1.5, -1.5, 0],
						"0.9167": {
							"pre": [0.6, 3.5, 0],
							"post": [0.6, 3.5, 0],
							"lerp_mode": "catmullrom"
						},
						"1.25": [-1.5, -1.5, 0],
						"2.125": [-1.5, -1.5, 0],
						"2.375": {
							"pre": [0.6, 1.1, 0],
							"post": [0.6, 1.1, 0],
							"lerp_mode": "catmullrom"
						},
						"2.625": [-1.5, -1.5, 0],
						"3.0": [-1.5, -1.5, 0]
					}
				}
			}
		},
		"animation.klang.battle_cry": {
			"animation_length": 3,
			"bones": {
				"body": {
					"rotation": {
						"0.0": {
							"post": [0, 0, 0],
							"lerp_mode": "catmullrom"
						},
						"0.5417": {
							"post": [0, 0, 0],
							"lerp_mode": "catmullrom"
						},
						"1.25": [0, 0, -370],
						"1.2917": {"pre": [0, 0, -370], "post": [0, 0, 350]},
						"1.375": [0, 0, 350.975],
						"1.5": [0, 0, 325.375],
						"1.625": [0, 0, 325.375],
						"1.75": [0, 0, 301.175],
						"1.875": [0, 0, 301.175],
						"2.0": [0, 0, 277.675],
						"2.125": [0, 0, 277.675],
						"2.4167": {
							"pre": [0, 0, 105.835],
							"post": [0, 0, 105.835],
							"lerp_mode": "catmullrom"
						},
						"2.75": [0, 0, 21.535],
						"2.9583": [0, 0, 0.975],
						"3.0": [0, 0, 0]
					},
					"position": {
						"0.0": {
							"post": [0, 0.5, 0],
							"lerp_mode": "catmullrom"
						},
						"0.2083": {
							"post": [-1.92, -2.26, 0],
							"lerp_mode": "catmullrom"
						},
						"0.4583": {
							"post": [-0.55, 0.9, 0],
							"lerp_mode": "catmullrom"
						},
						"0.7917": {
							"post": [6.35, 16.6, 0],
							"lerp_mode": "catmullrom"
						},
						"1.0417": {
							"post": [6.95, 16.6, 0],
							"lerp_mode": "catmullrom"
						},
						"1.25": [4.75, 4.5, 0],
						"1.375": [4.75, 4.5, 0],
						"1.5": [5.25, 5.5, 0],
						"1.625": [5.25, 5.5, 0],
						"1.75": [4.4, 7.5, 0],
						"1.875": [4.4, 7.5, 0],
						"2.0": [3.25, 8.5, 0],
						"2.125": [3.25, 8.5, 0],
						"2.375": {
							"pre": [-4.71, 19.36, 0],
							"post": [-4.71, 19.36, 0],
							"lerp_mode": "catmullrom"
						},
						"2.7083": {
							"post": [-4.71, 0.16, 0],
							"lerp_mode": "catmullrom"
						},
						"3.0": {
							"post": [0, 0.5, 0],
							"lerp_mode": "catmullrom"
						}
					}
				},
				"main_gear": {
					"rotation": {
						"0.0": {
							"post": [0, 0, 10],
							"lerp_mode": "catmullrom"
						},
						"0.4167": {
							"post": [0, 0, 294],
							"lerp_mode": "catmullrom"
						},
						"0.75": {
							"post": [0, 0, 294],
							"lerp_mode": "catmullrom"
						},
						"1.25": [0, 0, -40],
						"1.375": [0, 0, -40],
						"1.5": [0, 0, 10],
						"1.625": [0, 0, 10],
						"1.75": [0, 0, 79.2],
						"1.875": [0, 0, 79.2],
						"2.0": [0, 0, 134.2],
						"2.125": [0, 0, 134.2],
						"2.375": {
							"pre": [0, 0, 238.15],
							"post": [0, 0, 238.15],
							"lerp_mode": "catmullrom"
						},
						"2.6667": {
							"post": [0, 0, -22.85],
							"lerp_mode": "catmullrom"
						},
						"3.0": {
							"post": [0, 0, 10],
							"lerp_mode": "catmullrom"
						}
					},
					"position": {
						"0.0": [0, 0, 0],
						"0.5833": [0, 0, 0],
						"0.9167": {
							"pre": [8.2, -7, 0],
							"post": [8.2, -7, 0],
							"lerp_mode": "catmullrom"
						},
						"1.25": [0, 0, 0],
						"2.125": [0, 0, 0],
						"2.375": {
							"pre": [7, -7, 0],
							"post": [7, -7, 0],
							"lerp_mode": "catmullrom"
						},
						"2.6667": [0, 0, 0],
						"3.0": [0, 0, 0]
					}
				},
				"gear2": {
					"rotation": {
						"0.0": {
							"post": [0, 0, -27.5],
							"lerp_mode": "catmullrom"
						},
						"0.4167": {
							"post": [0, 0, -256.5],
							"lerp_mode": "catmullrom"
						},
						"0.75": {
							"post": [0, 0, -256.5],
							"lerp_mode": "catmullrom"
						},
						"1.25": [0, 0, 33.5],
						"1.375": [0, 0, 33.5],
						"1.5": [0, 0, -29],
						"1.625": [0, 0, -29],
						"1.75": [0, 0, -91.5],
						"1.875": [0, 0, -91.5],
						"2.0": [0, 0, -144],
						"2.125": [0, 0, -144],
						"2.375": {
							"pre": [0, 0, -260],
							"post": [0, 0, -260],
							"lerp_mode": "catmullrom"
						},
						"2.6667": {
							"post": [0, 0, -3.6],
							"lerp_mode": "catmullrom"
						},
						"3.0": {
							"post": [0, 0, -27.5],
							"lerp_mode": "catmullrom"
						}
					},
					"position": {
						"0.0": [-1.5, -1.5, 0],
						"0.625": [-1.5, -1.5, 0],
						"0.9167": {
							"pre": [0.6, 3.5, 0],
							"post": [0.6, 3.5, 0],
							"lerp_mode": "catmullrom"
						},
						"1.25": [-1.5, -1.5, 0],
						"2.125": [-1.5, -1.5, 0],
						"2.375": {
							"pre": [0.6, 1.1, 0],
							"post": [0.6, 1.1, 0],
							"lerp_mode": "catmullrom"
						},
						"2.625": [-1.5, -1.5, 0],
						"3.0": [-1.5, -1.5, 0]
					}
				}
			},
			"sound_effects": {
				"1.25": {
					"effect": "pokemon.klang.cry"
				}
			}
		},
		"animation.klang.cry": {
			"animation_length": 1.5,
			"bones": {
				"body": {
					"rotation": {
						"0.25": [0, 0, 0],
						"0.2917": [-5.2, 0, "math.sin(q.anim_time*90*40)*8"],
						"1.0417": [-3.78, 0, "0.13+math.sin(q.anim_time*90*40)*2"],
						"1.0833": [0, 0, 0]
					},
					"position": {
						"0.0": {
							"post": [0, 0, 0],
							"lerp_mode": "catmullrom"
						},
						"0.1667": {
							"post": [0, -1.8, 0.8],
							"lerp_mode": "catmullrom"
						},
						"0.2917": {
							"post": [0, 3, -1.8],
							"lerp_mode": "catmullrom"
						},
						"0.5833": {
							"post": [0, 4.2, -1.8],
							"lerp_mode": "catmullrom"
						},
						"1.0": {
							"post": [0, 5.4, -1.8],
							"lerp_mode": "catmullrom"
						},
						"1.25": {
							"post": [0, 0.6, 0],
							"lerp_mode": "catmullrom"
						},
						"1.5": {
							"post": [0, 0, 0],
							"lerp_mode": "catmullrom"
						}
					}
				},
				"main_gear": {
					"rotation": {
						"0.0": {
							"post": [0, 0, 0],
							"lerp_mode": "catmullrom"
						},
						"0.3333": {
							"post": [0, 0, 19],
							"lerp_mode": "catmullrom"
						},
						"1.0": {
							"post": [0, 0, 338.49],
							"lerp_mode": "catmullrom"
						},
						"1.375": [0, 0, 366.2],
						"1.4583": [0, 0, 360],
						"1.5": {
							"pre": [0, 0, 360],
							"post": [0, 0, 0]
						}
					}
				},
				"gear2": {
					"rotation": {
						"0.0": {
							"post": [0, 0, 0],
							"lerp_mode": "catmullrom"
						},
						"0.3333": {
							"post": [0, 0, -19],
							"lerp_mode": "catmullrom"
						},
						"1.0": {
							"post": [0, 0, -338.49],
							"lerp_mode": "catmullrom"
						},
						"1.375": [0, 0, -366.2],
						"1.4583": [0, 0, -360],
						"1.5": {
							"pre": [0, 0, -360],
							"post": [0, 0, 0]
						}
					}
				}
			},
			"sound_effects": {
				"0.25": {
					"effect": "pokemon.klang.cry"
				}
			}
		},
		"animation.klang.faint": {
			"animation_length": 3,
			"bones": {
				"body": {
					"rotation": {
						"0.0": [15, 0, 0],
						"0.0833": [-12.5, 0, 0],
						"0.25": [6.26, 0, 0],
						"0.5": [12.7, 0, 0],
						"0.875": [8.48, 0, 0],
						"1.0417": [3.04, 0, 0],
						"1.25": [-2.25, 0, 0],
						"1.375": [0.25, 0, 0]
					},
					"position": {
						"0.0": [0, 0, 0],
						"0.0417": [0, -1, 0],
						"0.125": [0, -1.25, 0],
						"0.5833": [0, 1.07, 0],
						"1.0417": [0, 2.39, 0],
						"1.2917": [0, 2.75, 0]
					}
				},
				"main_gear": {
					"rotation": {
						"0.0": [0, 0, 0],
						"0.0417": [0, 0, -13.33],
						"0.125": [0, 0, -17.5],
						"0.2917": [0, 0, 87.69],
						"0.5": [0, 0, 188.34],
						"0.7083": [0, 0, 237.66],
						"0.9167": [0, 0, 260],
						"1.25": [-7.25, 0, 268.8],
						"1.3333": [51.5, 0, 249.66],
						"1.4583": [75.75, 0, 217.33],
						"1.5833": [87.25, 0, 197.89],
						"1.7083": [93.47222, 14.75, 189.40556],
						"1.8333": [90.88889, 97.5, 183.04222],
						"1.9167": [90, 143.75, 178.8],
						"2.0833": [90, 158.5, 178.8],
						"2.2083": [72.6, 164, 178.8],
						"2.25": [70, 164, 178.8],
						"2.2917": [90, 164, 178.8],
						"2.4583": [95, 164, 178.8],
						"2.5833": [89, 164, 178.8]
					},
					"position": {
						"0.0": [0, 0, 0],
						"1.0833": [0, 0, 0],
						"1.2083": [-1, 1, 0],
						"1.25": [0, -1.25, 0],
						"1.375": [4.25, -2.75, 0],
						"1.4583": [5.5, -3, 0],
						"1.6667": [6.25, -2.85, 0],
						"1.7917": [6.25, -2, 0],
						"1.875": [6.25, -1, 0],
						"1.9583": [6.25, 0.75, 0],
						"2.0833": [6.25, 2.375, 0],
						"2.1667": [6.25, 2.325, 0],
						"2.2083": [6.25, 0.575, 0],
						"2.2917": [6.25, -13.55, 0],
						"2.3333": [6.25, -14.3, 0],
						"2.375": [6.25, -12.275, 0],
						"2.4583": [6.25, -11.325, 0],
						"2.5417": [6.25, -11.825, 0],
						"2.5833": [6.25, -13.925, 0],
						"2.625": [6.25, -13.64, 0],
						"2.6667": [6.25, -13.55, 0]
					}
				},
				"gear2": {
					"rotation": {
						"0.0": [0, 0, 0],
						"0.0833": [0, 0, -12.25],
						"0.125": [0, 0, -17.5],
						"0.2917": [0, 0, -100.74],
						"0.625": [0, 0, -209.2],
						"0.9167": [0, 0, -259.51],
						"1.25": [0, 0, -268.8],
						"1.3333": [0, 0, -141.47],
						"1.4167": [0, 0, -85.63],
						"1.5": [0, 0, -58.8],
						"1.5833": [-1.98333, 0, -58.8],
						"1.75": [-79.5, 0, -58.8],
						"1.7917": [-89.45, 0, -58.8],
						"1.875": [-96.49573, 0.19609, -56.3077],
						"1.9167": [-101.5, 0.2, -56.31],
						"1.9583": [-86.5, 0.2, -56.31],
						"2.0417": [-89.5, 0.2, -56.31]
					},
					"position": {
						"1.1667": [0, 0, 0],
						"1.2083": [1, -1, 0],
						"1.25": [0, 0, 0],
						"1.2917": [-5.75, 5.25, 0],
						"1.375": [-8, 6, 0],
						"1.4583": [-9.62, 4.25, 0],
						"1.5417": [-10.5, -1, 0],
						"1.625": [-11, -20, 1.75],
						"1.6667": [-11, -21.5, 4],
						"1.7083": [-11, -18.5, 6],
						"1.75": [-11, -16.75, 7],
						"1.8333": [-11, -16.5, 7.75],
						"1.875": [-11, -19, 8],
						"1.9167": [-11, -23.75, 8],
						"1.9583": [-11, -23.025, 8],
						"2.0": [-11, -22.425, 8],
						"2.0833": [-11, -22.71, 8],
						"2.125": [-11, -23.75, 8]
					}
				}
			}
		},
		"animation.klang.sleep": {
			"loop": true,
			"bones": {
				"body": {
					"rotation": ["35.6484+Math.cos((query.anim_time-0.6) * 90 * 1) * 2", 10.21235, "7.2468+Math.cos((query.anim_time-1.5) * 90 * 0.5) * -6"],
					"position": [0, "2+Math.cos((query.anim_time-0.2) * 90 * 0.5) * 1", 1]
				},
				"main_gear": {
					"rotation": [0, 0, "Math.cos((query.anim_time) * 90 * 0.5) * 20"]
				},
				"gear2": {
					"rotation": [0, 0, "Math.cos((query.anim_time) * 90 * 0.5) * -20"]
				}
			}
		},
		"animation.klang.recoil": {
			"animation_length": 1.5,
			"bones": {
				"body": {
					"position": {
						"0.0": [0, 0, 0],
						"0.0417": [0, 1.5, 2.51],
						"0.125": [0, 2.4, 5.37],
						"0.2083": [0, 2.6, 5.77],
						"0.5417": {
							"pre": [0, -0.2, -1.43],
							"post": [0, -0.2, -1.43],
							"lerp_mode": "catmullrom"
						},
						"0.9583": {
							"post": [0, 0.4, 0.19],
							"lerp_mode": "catmullrom"
						},
						"1.2917": {
							"post": [0, -0.4, 0],
							"lerp_mode": "catmullrom"
						},
						"1.5": [0, 0, 0]
					}
				},
				"main_gear": {
					"rotation": {
						"0.0": {
							"post": [0, -2, 0],
							"lerp_mode": "catmullrom"
						},
						"0.0833": {
							"post": [-15.5, 18.3, 34.9],
							"lerp_mode": "catmullrom"
						},
						"0.3333": {
							"post": [12.8, -14.7, -24.9],
							"lerp_mode": "catmullrom"
						},
						"0.5833": {
							"post": [-6.7, 3.2, 0],
							"lerp_mode": "catmullrom"
						},
						"0.9583": {
							"post": [0, -3.3, 0],
							"lerp_mode": "catmullrom"
						},
						"1.2083": {
							"post": [0, -2, 0],
							"lerp_mode": "catmullrom"
						},
						"1.5": {
							"post": [0, -2, 0],
							"lerp_mode": "catmullrom"
						}
					}
				},
				"gear2": {
					"rotation": {
						"0.0": {
							"post": [0, -2, 0],
							"lerp_mode": "catmullrom"
						},
						"0.0833": {
							"post": [-15.5, -29.1, 24.5],
							"lerp_mode": "catmullrom"
						},
						"0.3333": {
							"post": [12.8, 21.1, -40.2],
							"lerp_mode": "catmullrom"
						},
						"0.5833": {
							"post": [-6.7, -14.8, 21.8],
							"lerp_mode": "catmullrom"
						},
						"0.9583": {
							"post": [0, 2, 0],
							"lerp_mode": "catmullrom"
						},
						"1.2083": {
							"post": [0, -2, 0],
							"lerp_mode": "catmullrom"
						},
						"1.5": {
							"post": [0, -2, 0],
							"lerp_mode": "catmullrom"
						}
					},
					"position": {
						"0.0": {
							"post": [0, 0, 0],
							"lerp_mode": "catmullrom"
						},
						"0.0833": {
							"post": [-4, 5, -2.8],
							"lerp_mode": "catmullrom"
						},
						"0.2917": {
							"post": [-4.5, -1.5, -2.8],
							"lerp_mode": "catmullrom"
						},
						"0.5417": {
							"post": [1.1, 1.5, -0.5],
							"lerp_mode": "catmullrom"
						},
						"0.9583": [0, 0, 0],
						"1.5": [0, 0, 0]
					}
				}
			}
		},
		"animation.klang.render": {
			"loop": true,
			"bones": {
				"body": {
					"rotation": [-3.13388, -17.22575, 2.97479]
				},
				"main_gear": {
					"rotation": [0, -7.5, 10],
					"position": [0, 0, 0.25]
				},
				"gear2": {
					"rotation": [0.98448, -7.43547, -7.56397],
					"position": [0, 0, -0.75]
				}
			}
		}
	}
}