{"format_version":"1.8.0","animations":{"animation.cinderace_animeallstars.battle_idle":{"loop":true,"animation_length":0.8333,"bones":{"body":{"position":{"0.0":{"post":[-0.5,0.4,0],"lerp_mode":"catmullrom"},"0.0833":{"post":[-0.6,-0.8,0],"lerp_mode":"catmullrom"},"0.1667":{"post":[-0.65,0.65,0],"lerp_mode":"catmullrom"},"0.25":{"post":[0,4,0],"lerp_mode":"catmullrom"},"0.3333":{"post":[0.35,4,0],"lerp_mode":"catmullrom"},"0.4167":{"post":[0.5,0.5,0],"lerp_mode":"catmullrom"},"0.5":{"post":[0.6,-0.8,0],"lerp_mode":"catmullrom"},"0.5833":{"post":[0.65,0.65,0],"lerp_mode":"catmullrom"},"0.6667":{"post":[0,4,0],"lerp_mode":"catmullrom"},"0.75":{"post":[-0.3,4,0],"lerp_mode":"catmullrom"},"0.8333":{"post":[-0.5,0.4,0],"lerp_mode":"catmullrom"}}},"torso":{"rotation":["15-math.cos(q.anim_time*90*9.6)*4","math.cos(q.anim_time*90*4.8-50)*10","-math.cos(q.anim_time*90*4.8-50)*7.5"],"position":{"0.0":{"post":[-0.3,0,0],"lerp_mode":"catmullrom"},"0.0833":{"post":[-0.65,0.5,0],"lerp_mode":"catmullrom"},"0.1667":{"post":[-0.65,0.6,0],"lerp_mode":"catmullrom"},"0.2917":{"post":[-0.3,0.45,0],"lerp_mode":"catmullrom"},"0.4167":{"post":[0.3,0,0],"lerp_mode":"catmullrom"},"0.5":{"post":[0.65,0.5,0],"lerp_mode":"catmullrom"},"0.5833":{"post":[0.65,0.6,0],"lerp_mode":"catmullrom"},"0.7083":{"post":[0.3,0.45,0],"lerp_mode":"catmullrom"},"0.7917":{"post":[-0.28,0.04,0],"lerp_mode":"catmullrom"},"0.8333":{"post":[-0.3,0,0],"lerp_mode":"catmullrom"}}},"head":{"rotation":["-7 + math.cos(q.anim_time*90*9.6-40)*4","math.cos(q.anim_time*90*4.8-50)*8","-math.cos(q.anim_time*90*4.8-50)*3"]},"ear_right":{"rotation":[-24.78487,20.49634,8.37977],"position":[0,0,0]},"ear_right2":{"rotation":[-13.0811,-3.21625,24.98627]},"ear_left":{"rotation":[-25.49645,-11.53103,9.86151],"position":[0,0.5,0]},"ear_left2":{"rotation":[-14.42945,-0.3074,-15.94018],"position":[-0.25,0,0]},"pupil_right":{"position":[0.1,0,0]},"arm_right":{"rotation":{"0.0":{"post":[12.5,-27.5,-47.5],"lerp_mode":"catmullrom"},"0.125":{"post":[20.85453,-59.5,-58.5],"lerp_mode":"catmullrom"},"0.25":{"post":[19.09,-59.28,-58.74],"lerp_mode":"catmullrom"},"0.3333":{"post":[6.08,-40.13,-52.8],"lerp_mode":"catmullrom"},"0.5":{"post":[-4.9,25.69,-53.41],"lerp_mode":"catmullrom"},"0.6667":{"post":[-8,30.5,-52.5],"lerp_mode":"catmullrom"},"0.75":{"post":[-0.18,14.28,-47.03],"lerp_mode":"catmullrom"},"0.8333":{"post":[12.5,-27.5,-47.5],"lerp_mode":"catmullrom"}},"position":["-0.5+math.cos(q.anim_time*90*4.8-50)*0.5",-0.5,"0-math.sin(q.anim_time*90*4.8+40)*0.5"]},"arm_right2":{"rotation":{"0.0":{"post":[0,-82.5,0],"lerp_mode":"catmullrom"},"0.125":{"post":[0,-70,0],"lerp_mode":"catmullrom"},"0.25":{"post":[0,-79.23,0],"lerp_mode":"catmullrom"},"0.375":{"post":[0,-82.5,0],"lerp_mode":"catmullrom"},"0.5":{"post":[0,-89.06,0],"lerp_mode":"catmullrom"},"0.625":{"post":[0,-77.37,0],"lerp_mode":"catmullrom"},"0.8333":{"post":[0,-82.5,0],"lerp_mode":"catmullrom"}}},"arm_left":{"rotation":{"0.0":{"post":[-0.03,-0.71,52.79],"lerp_mode":"catmullrom"},"0.0833":{"post":[-4.9,-25.69,53.41],"lerp_mode":"catmullrom"},"0.25":{"post":[-8,-30.5,52.5],"lerp_mode":"catmullrom"},"0.3333":{"post":[-0.18,-14.28,47.03],"lerp_mode":"catmullrom"},"0.4167":{"post":[12.5,27.5,47.5],"lerp_mode":"catmullrom"},"0.5417":{"post":[20.85453,59.5,58.5],"lerp_mode":"catmullrom"},"0.6667":{"post":[19.09,59.28,58.74],"lerp_mode":"catmullrom"},"0.75":{"post":[6.08,40.13,52.8],"lerp_mode":"catmullrom"},"0.8333":{"post":[-0.03,-0.71,52.79],"lerp_mode":"catmullrom"}},"position":["0.5-math.cos(q.anim_time*90*4.8-50)*0.5",-0.5,"math.sin(q.anim_time*90*4.8+40)*0.5"]},"arm_left2":{"rotation":{"0.0":{"post":[0,85.12,0],"lerp_mode":"catmullrom"},"0.0833":{"post":[0,89.06,0],"lerp_mode":"catmullrom"},"0.2083":{"post":[0,77.37,0],"lerp_mode":"catmullrom"},"0.4167":{"post":[0,82.5,0],"lerp_mode":"catmullrom"},"0.5417":{"post":[0,70,0],"lerp_mode":"catmullrom"},"0.6667":{"post":[0,79.23,0],"lerp_mode":"catmullrom"},"0.8333":{"post":[0,85.12,0],"lerp_mode":"catmullrom"}}},"foot_right":{"rotation":{"0.0":{"post":[10.13592,6.51136,-12.27296],"lerp_mode":"catmullrom"},"0.0833":{"post":[-20.92204,6.65995,-8.09283],"lerp_mode":"catmullrom"},"0.1667":{"post":[13.88673,8.805,-6.21212],"lerp_mode":"catmullrom"},"0.25":{"post":[29.95148,7.59699,-18.29643],"lerp_mode":"catmullrom"},"0.4167":[-16,0,-18.5],"0.4583":[-17.69,-2.1,-19.03],"0.5":{"pre":[-16.50752,-2,-19.86595],"post":[-16.50752,-2,-19.86595],"lerp_mode":"catmullrom"},"0.5833":{"post":[-11,0.5,-20],"lerp_mode":"catmullrom"},"0.7083":{"post":[2.02468,9.01856,-17.97247],"lerp_mode":"catmullrom"},"0.8333":{"post":[10.13592,6.51136,-12.27296],"lerp_mode":"catmullrom"}},"position":{"0.0":[0,0,-0.25],"0.0417":[0,0.31,-0.25],"0.0833":[0,0.04,-0.25],"0.1667":[0,0.25,-0.25],"0.2917":[0,0.32,-0.25],"0.3333":[0,-0.62,-0.25],"0.4167":[0,-0.5,-0.25],"0.5":[0,-0.92,-0.25],"0.5833":[0,-1.1,-0.25],"0.6667":[0,-1.2,-0.25],"0.75":[0,-0.85,-0.25],"0.8333":[0,0,-0.25]}},"toe_right":{"rotation":{"0.0":{"post":[-29,0,0],"lerp_mode":"catmullrom"},"0.0833":{"post":[0,0,0],"lerp_mode":"catmullrom"},"0.1667":{"post":[-29,0,0],"lerp_mode":"catmullrom"},"0.25":{"post":[-11.5,0,0],"lerp_mode":"catmullrom"},"0.4167":{"post":[-2.5,0,0],"lerp_mode":"catmullrom"},"0.7917":{"post":[-3.42,0,0],"lerp_mode":"catmullrom"},"0.8333":{"post":[-29,0,0],"lerp_mode":"catmullrom"}}},"foot_left":{"rotation":{"0.0":[-16,0,18.5],"0.0417":[-17.69,2.1,19.03],"0.0833":{"pre":[-16.50752,2,19.86595],"post":[-16.50752,2,19.86595],"lerp_mode":"catmullrom"},"0.1667":{"post":[-11,-0.5,20],"lerp_mode":"catmullrom"},"0.2917":{"post":[2.02468,-9.01856,17.97247],"lerp_mode":"catmullrom"},"0.4167":{"post":[10.13592,-6.51136,12.27296],"lerp_mode":"catmullrom"},"0.5":{"post":[-20.92204,-6.65995,8.09283],"lerp_mode":"catmullrom"},"0.5833":{"post":[13.88673,-8.805,6.21212],"lerp_mode":"catmullrom"},"0.6667":{"post":[29.95148,-7.59699,18.29643],"lerp_mode":"catmullrom"},"0.8333":[-16,0,18.5]},"position":{"0.0":[0,-0.5,-0.25],"0.0833":[0,-0.92,-0.25],"0.1667":[0,-1.1,-0.25],"0.25":[0,-1.2,-0.25],"0.3333":[0,-0.85,-0.25],"0.4167":[0,0,-0.25],"0.4583":[0,0.31,-0.25],"0.5":[0,0.04,-0.25],"0.5833":[0,0.25,-0.25],"0.7083":[0,0.32,-0.25],"0.75":[0,-0.62,-0.25],"0.8333":[0,-0.5,-0.25]}},"toe_left":{"rotation":{"0.0":{"post":[-2.5,0,0],"lerp_mode":"catmullrom"},"0.375":{"post":[-3.42,0,0],"lerp_mode":"catmullrom"},"0.4167":{"post":[-29,0,0],"lerp_mode":"catmullrom"},"0.5":{"post":[0,0,0],"lerp_mode":"catmullrom"},"0.5833":{"post":[-29,0,0],"lerp_mode":"catmullrom"},"0.6667":{"post":[-11.5,0,0],"lerp_mode":"catmullrom"},"0.8333":{"post":[-2.5,0,0],"lerp_mode":"catmullrom"}}},"hair_right":{"rotation":["-10+Math.cos((query.anim_time*90+11)*9.6)*6",0,"math.cos((q.anim_time*90-8)*4.8)*7"]},"hair_right2":{"rotation":["-5+Math.sin((query.anim_time*90+15)*9.6)*8",0,0]},"hair_middle":{"rotation":["-10+Math.sin((query.anim_time*90+17)*9.6)*5",0,"math.cos((q.anim_time*90-12)*4.8)*8"]},"hair_middle2":{"rotation":["-5+Math.sin((query.anim_time*90+22)*9.6)*11",0,0]},"hair_left":{"rotation":["-10+Math.sin((query.anim_time*90+20)*9.6)*4",0,"math.cos((q.anim_time*90-9)*4.8)*8"]},"hair_left2":{"rotation":["-10+Math.sin((query.anim_time*90+12)*9.6)*7",0,0]},"tail":{"rotation":["-5+math.cos(q.anim_time*90*9.6-65)*15","math.cos(q.anim_time*90*4.8-30)*8","-math.cos(q.anim_time*90*4.8-40)*7"],"position":[0,"-0.5+math.sin(q.anim_time*90*9.6)*0.1",0]},"shoulder_spike_left":{"rotation":[0,0,"12.5-math.cos(q.anim_time*90*9.6-35)*15"],"position":[0,"0.1-math.sin(q.anim_time*90*4.8)*0.3",0]},"shoulder_spike_left2":{"rotation":[0,0,"12.5-math.cos(q.anim_time*90*9.6-25)*15"],"position":[0,"0.1-math.sin(q.anim_time*90*4.8)*0.35",0]},"shoulder_spike_right":{"rotation":[0,0,"-12.5+math.cos(q.anim_time*90*9.6-25)*15"],"position":[0,"math.sin(q.anim_time*90*4.8)*0.35",0]},"shoulder_spike_right2":{"rotation":[0,0,"-12.5+math.cos(q.anim_time*90*9.6-35)*15"],"position":[0,"0.1+math.sin(q.anim_time*90*4.8)*0.3",0]},"arm_left3":{"scale":["1.08+math.cos(q.anim_time*90*4.6-30)*0.08",1,1]},"leg_right0":{"rotation":{"0.0":{"post":[-5,10,10],"lerp_mode":"catmullrom"},"0.0833":{"post":[12.10494,10.60066,4.47277],"lerp_mode":"catmullrom"},"0.1667":{"post":[0.06853,9.74384,5.86953],"lerp_mode":"catmullrom"},"0.25":{"post":[-10.92592,10.38571,10.25865],"lerp_mode":"catmullrom"},"0.4167":[-72.5,10,8],"0.5":[-85,11.5,8],"0.5833":{"pre":[-80.09977,10.0846,7.34743],"post":[-80.09977,10.0846,7.34743],"lerp_mode":"catmullrom"},"0.6667":{"post":[-42.59977,7.5846,7.34743],"lerp_mode":"catmullrom"},"0.8333":{"post":[-5,10,10],"lerp_mode":"catmullrom"}},"position":{"0.0":[-0.6,0,0.25],"0.0833":[-0.9,0,0.25],"0.1667":[-0.95,0,0.25],"0.4167":{"pre":[-1.15,0.5,-2],"post":[-1.15,0.5,-2],"lerp_mode":"catmullrom"},"0.5":{"post":[-0.9,1.25,-2],"lerp_mode":"catmullrom"},"0.625":{"post":[-1.4,1.1,-2],"lerp_mode":"catmullrom"},"0.8333":[-0.6,0,0.25]}},"leg_right4":{"rotation":{"0.0":{"post":[26,0,0],"lerp_mode":"catmullrom"},"0.0833":{"post":[9.8419,-0.65837,1.03247],"lerp_mode":"catmullrom"},"0.1667":{"post":[16.15388,0.43802,-1.73212],"lerp_mode":"catmullrom"},"0.25":{"post":[23.65388,0.43802,-1.73212],"lerp_mode":"catmullrom"},"0.4167":[129,0,0],"0.5":[144,0,0],"0.5833":{"pre":[126.5,0,0],"post":[126.5,0,0],"lerp_mode":"catmullrom"},"0.6667":{"post":[74,0,0],"lerp_mode":"catmullrom"},"0.8333":{"post":[26,0,0],"lerp_mode":"catmullrom"}}},"leg_left0":{"rotation":{"0.0":[-72.5,-10,-8],"0.0833":[-85,-11.5,-8],"0.1667":{"pre":[-80.09977,-10.0846,-7.34743],"post":[-80.09977,-10.0846,-7.34743],"lerp_mode":"catmullrom"},"0.25":{"post":[-42.59977,-7.5846,-7.34743],"lerp_mode":"catmullrom"},"0.4167":{"post":[-5,-10,-10],"lerp_mode":"catmullrom"},"0.5":{"post":[12.10494,-10.60066,-4.47277],"lerp_mode":"catmullrom"},"0.5833":{"post":[0.06853,-9.74384,-5.86953],"lerp_mode":"catmullrom"},"0.6667":{"post":[-10.92592,-10.38571,-10.25865],"lerp_mode":"catmullrom"},"0.8333":[-72.5,-10,-8]},"position":{"0.0":{"post":[1.15,0.5,-2],"lerp_mode":"catmullrom"},"0.0833":{"post":[0.9,1.25,-2],"lerp_mode":"catmullrom"},"0.2083":{"post":[1.4,1.1,-2],"lerp_mode":"catmullrom"},"0.4167":[0.6,0,0.25],"0.5":[0.9,0,0.25],"0.5833":[0.95,0,0.25],"0.8333":{"pre":[1.15,0.5,-2],"post":[1.15,0.5,-2],"lerp_mode":"catmullrom"}}},"leg_left4":{"rotation":{"0.0":[129,0,0],"0.0833":[144,0,0],"0.1667":{"pre":[126.5,0,0],"post":[126.5,0,0],"lerp_mode":"catmullrom"},"0.25":{"post":[74,0,0],"lerp_mode":"catmullrom"},"0.4167":{"post":[26,0,0],"lerp_mode":"catmullrom"},"0.5":{"post":[9.8419,0.65837,-1.03247],"lerp_mode":"catmullrom"},"0.5833":{"post":[16.15388,-0.43802,1.73212],"lerp_mode":"catmullrom"},"0.6667":{"post":[23.65388,-0.43802,1.73212],"lerp_mode":"catmullrom"},"0.8333":[129,0,0]}},"chest2":{"rotation":["-7 + math.cos(q.anim_time*90*9.6)*2","-math.cos(q.anim_time*90*4.8-50)*18","math.cos(q.anim_time*90*4.8-50)*16"],"position":[0,0,-0.25]},"ear_right3":{"rotation":[-14.81594,-2.15393,20.23242],"position":[0,0,-0.25]},"ear_right4":{"rotation":[-32.5,0,0]},"ear_left3":{"rotation":[-12.5,-5,-20],"position":[0,0,-0.25]},"ear_left4":{"rotation":[-15,0,0]},"whisker_right_top":{"rotation":[0,0,"-12.5+math.cos(q.anim_time*90*9.6-25)*15"],"position":[0,"math.sin(q.anim_time*90*4.8)*0.35",0]},"whisker_right_bottom":{"rotation":[0,0,"-12.5+math.cos(q.anim_time*90*9.6-25)*15"],"position":[0,"math.sin(q.anim_time*90*4.8)*0.35",0]},"whisker_left_top":{"rotation":[0,0,"12.5-math.cos(q.anim_time*90*9.6-25)*15"],"position":[0,"0.1-math.sin(q.anim_time*90*4.8)*0.35",0]},"whisker_left_bottom":{"rotation":[0,0,"12.5-math.cos(q.anim_time*90*9.6-35)*15"],"position":[0,"0.1-math.sin(q.anim_time*90*4.8)*0.3",0]},"toes_right":{"rotation":{"0.0":{"post":[-29,0,0],"lerp_mode":"catmullrom"},"0.0833":{"post":[0,0,0],"lerp_mode":"catmullrom"},"0.1667":{"post":[-29,0,0],"lerp_mode":"catmullrom"},"0.25":{"post":[-11.5,0,0],"lerp_mode":"catmullrom"},"0.4167":{"post":[-2.5,0,0],"lerp_mode":"catmullrom"},"0.7917":{"post":[-3.42,0,0],"lerp_mode":"catmullrom"},"0.8333":{"post":[-29,0,0],"lerp_mode":"catmullrom"}}},"toes_left":{"rotation":{"0.0":{"post":[-2.5,0,0],"lerp_mode":"catmullrom"},"0.375":{"post":[-3.42,0,0],"lerp_mode":"catmullrom"},"0.4167":{"post":[-29,0,0],"lerp_mode":"catmullrom"},"0.5":{"post":[0,0,0],"lerp_mode":"catmullrom"},"0.5833":{"post":[-29,0,0],"lerp_mode":"catmullrom"},"0.6667":{"post":[-11.5,0,0],"lerp_mode":"catmullrom"},"0.8333":{"post":[-2.5,0,0],"lerp_mode":"catmullrom"}}}}},"animation.cinderace_animeallstars.blink":{"animation_length":0.1667,"bones":{"eyelid_right":{"position":{"0.0":[0,0,-0.1],"0.125":[0,0,-0.1],"0.1667":[0,0,0]}},"eyelid_left":{"position":{"0.0":[0,0,-0.1],"0.125":[0,0,-0.1],"0.1667":[0,0,0]}}}},"animation.cinderace_animeallstars.cry":{"animation_length":1.5,"bones":{"mouth":{"position":{"0.0":[0,0,0],"0.25":[0,-2,0],"1.25":[0,-2,0],"1.5":[0,0,0]}},"mouth2":{"position":{"0.0":[0,0,0],"0.25":[0,-5,0],"1.25":[0,-5,0],"1.5":[0,0,0]}},"jaw":{"position":{"0.0":[0,0,0],"0.25":[0,-3,0],"1.25":[0,-3,0],"1.5":[0,0,0]}},"head2":{"rotation":{"0.0":[0,0,0],"0.25":[-15,0,0],"1.25":[-15,0,0],"1.5":[0,0,0]}},"mouth_closed2":{"position":{"0.25":[0,0,-0.1],"0.3333":[0,0,0],"1.1667":[0,0,0],"1.25":[0,0,-0.1]}},"mouth_open2":{"position":{"0.0":[0,0,0.1],"0.25":[0,0,0],"1.25":[0,0,0],"1.5":[0,0,0.1]}},"head3":{"rotation":{"0.0":[0,0,0],"0.25":[-15,0,0],"1.25":[-15,0,0],"1.5":[0,0,0]}},"mouth_closed3":{"position":{"0.25":[0,0,-0.1],"0.3333":[0,0,0],"1.1667":[0,0,0],"1.25":[0,0,-0.1]}},"mouth_open3":{"position":{"0.0":[0,0,0.1],"0.25":[0,0,0],"1.25":[0,0,0],"1.5":[0,0,0.1]}},"neck":{"rotation":{"0.0":[0,0,0],"0.25":[10,0,0],"1.25":[10,0,0],"1.5":[0,0,0]}},"head":{"rotation":{"0.0":[0,0,0],"0.25":[-15,0,0],"1.25":[-15,0,0],"1.5":[0,0,0]}},"mouth_open":{"position":{"0.0":[0,0,-0.1],"1.4167":[0,0,-0.1],"1.5":[0,0,0]}}},"sound_effects":{"0.0":{"effect":"pokemon.cinderace.cry"}}},"animation.cinderace_animeallstars.ground_idle":{"loop":true,"bones":{"hair":{"rotation":[-15,0,0]},"hair2":{"rotation":[-20,0,0]},"hair_left":{"rotation":[-20,0,25]},"hair_left2":{"rotation":[-22.5,0,0]},"hair_right":{"rotation":[-20,0,-25]},"hair_right2":{"rotation":[-22.5,0,0]},"leg_left":{"rotation":[0,-10,0]},"leg_right":{"rotation":[0,10,0]},"arm_left":{"rotation":[0,-10,67.5]},"arm_left2":{"rotation":[0,25,0]},"arm_right":{"rotation":[-0.20995,6.70857,-66.11015]},"arm_right2":{"rotation":[0,-20,0]},"torso":{"rotation":[5,0,0]},"chest":{"rotation":[-7.5,0,0]},"neck":{"rotation":[2.5,0,0]},"head":{"rotation":[2.5,0,0]},"ear_right":{"rotation":[0,0,-2.5]},"ear_right2":{"rotation":[0,0,5]},"ear_right3":{"rotation":[0,0,10]},"ear_left":{"rotation":[0,0,2.5]},"ear_left2":{"rotation":[0,0,-5]},"ear_left3":{"rotation":[0,0,-10]},"hand_right":{"rotation":[0,0,-5]},"hand_left":{"rotation":[0,0,5]}}},"animation.cinderace_animeallstars.ground_walk":{"loop":true,"animation_length":1,"bones":{"hair":{"rotation":[-15,0,0]},"hair2":{"rotation":[-20,0,0]},"hair_left":{"rotation":[-20,0,25]},"hair_left2":{"rotation":[-22.5,0,0]},"hair_right":{"rotation":[-20,0,-25]},"hair_right2":{"rotation":[-22.5,0,0]},"leg_left":{"rotation":["math.sin((query.anim_time) * 90 * 4+270) * 7.5",0,"0 - 0 + (math.clamp((math.sin(((query.anim_time - (1.75 / 4))) * 180 * 4) * 1) - math.clamp((math.sin(((query.anim_time - (1.75 / 4))) * 90 * 4) * 2), 0, 1), 0, 1)) * 0"],"position":[0,"math.clamp(math.sin(((query.anim_time) + (1/4)) * 90 * 4) * 0.1, 0, 0.1)",0]},"leg_right":{"rotation":["math.sin((query.anim_time) * 90 * 4+90) * 7.5",0,"0 - (math.clamp((math.sin(((query.anim_time + (0.25 / 4))) * 180 * 4) * 1) - math.clamp((math.sin(((query.anim_time + (0.25 / 4))) * 90 * 4) * 2), 0, 1), 0, 1)) * 0"],"position":[0,"math.clamp(math.sin(((query.anim_time) - (1/4)) * 90 * 4) * 0.1, 0, 0.1)",0]},"arm_left":{"rotation":[0,"0 - math.sin(((query.anim_time) - (0.5/4)) * 90 * 4+90) * 20",65]},"arm_left2":{"rotation":[0,"-0+math.clamp(math.sin(((query.anim_time) + (0.75/4)) * 90 * 4+90) * 12, 0, 12)",0]},"arm_right":{"rotation":[0,"0 - math.sin(((query.anim_time) - (0.5/4)) * 90 * 4+90) * 20",-65]},"arm_right2":{"rotation":[0,"0- math.clamp(math.sin(((query.anim_time) - (0.75/4)) * 90 * 4+90) * 12, 0, 12)",0]},"torso":{"rotation":[0,"0 - math.sin(((query.anim_time) - (0.25/4)) * 90 * 4) * 0",0]},"chest":{"rotation":[5,0,0]},"neck":{"rotation":[2.5,0,0]},"head":{"rotation":["10+math.clamp(math.sin(((query.anim_time) - (0.75/4)) * 90 * 8) * 0.6, 0, 0.6)",0,0],"position":[0,0,"0 - (0 / 10)"]},"ear_right":{"rotation":[0,0,-2.5]},"ear_right2":{"rotation":[0,0,5]},"ear_right3":{"rotation":[0,0,10]},"ear_left":{"rotation":[0,0,2.5]},"ear_left2":{"rotation":[0,0,-5]},"ear_left3":{"rotation":[0,0,-10]},"hand_right":{"rotation":[0,0,-5]},"hand_left":{"rotation":[0,0,5]},"body":{"position":[0,"0 - (12/21) + math.abs(math.sin(((query.anim_time) - (1/4)) * 90 * 4+40) * (12/21))",0]},"leg_right2":{"rotation":{"0.0":[13.5,0,0],"0.1667":[6,0,0],"0.3333":[-12.5,0,0],"0.375":[-17.55,0,0],"0.5":[-19,0,0],"0.625":[-12.75,0,0],"0.7083":[-1.5,0,0],"0.8333":[10,0,0],"0.9167":[13.5,0,0]}},"leg_right3":{"rotation":{"0.0":[12,0,0],"0.125":[25.25,0,0],"0.2917":[50.2,0,0],"0.375":[53.33,0,0],"0.5":[29.95,0,0],"0.625":[11.55,0,0],"0.75":[5.35,0,0],"0.9167":[12,0,0]}},"foot_right":{"rotation":["math.clamp(math.sin(((query.anim_time) - (0.75/4)) * 90 * 4) * 0, 0, 0)",0,0]},"leg_left2":{"rotation":{"0.0":[-18,0,0],"0.125":[-11.75,0,0],"0.2083":[-0.5,0,0],"0.3333":[11,0,0],"0.4167":[14.5,0,0],"0.5":[13.5,0,0],"0.6667":[6,0,0],"0.8333":[-12.5,0,0],"0.875":[-17.55,0,0]}},"leg_left3":{"rotation":{"0.0":[29.95,0,0],"0.125":[10.55,0,0],"0.25":[4.35,0,0],"0.5":[11,0,0],"0.625":[25.25,0,0],"0.7917":[50.2,0,0],"0.875":[53.33,0,0],"1.0":[29.95,0,0]}},"foot_left":{"rotation":["0 - math.clamp(math.sin(((query.anim_time) - (0.75/4)) * 90 * 4) * 0, -0, 0)",0,0]}}}}}