{"format_version":"1.8.0","animations":{"animation.gallade_animeallstars.ground_idle":{"loop":true,"bones":{"body":{"position":[0,"-0.75+Math.cos((query.anim_time) * 90 * 1) * 0.15","0+Math.cos((query.anim_time) * 90 * 1) * -0.2"]},"torso":{"rotation":["0+Math.cos((query.anim_time) * 90 * 1 - 90) * -1",0,0],"position":[0,"0+Math.cos((query.anim_time) * 90 * 1) * 0.1",0]},"waist":{"rotation":["-2.5+Math.cos((query.anim_time) * 90 * 1 - 130) * -1",-10,0]},"arm_left":{"rotation":[0,"-15+Math.cos((query.anim_time) * 90 * 1) * 2","55+Math.cos((query.anim_time) * 90 * 1 - 130) * 1"]},"arm_left2":{"rotation":[0,-60,17.5]},"arm_blade_left":{"position":[10,0,0]},"hand_left":{"rotation":[0,0,32.5]},"arm_right":{"rotation":[0,"0+Math.cos((query.anim_time) * 90 * 1) * -2","-55+Math.cos((query.anim_time) * 90 * 1 - 130) * -1"]},"arm_right2":{"rotation":[0,60,-17.5]},"arm_blade_right":{"position":[-10,0,0]},"hand_right":{"rotation":[0,0,-32.5]},"neck":{"rotation":["7.5+Math.cos((query.anim_time) * 90 * 1 - 90) * 3",7.5,0]},"leg_right":{"rotation":["-5+Math.cos((query.anim_time) * 90 * 1) * 2",12.5,2.5]},"leg_right2":{"rotation":["5+Math.cos((query.anim_time) * 90 * 1) * -2",0,-2.5]},"leg_left":{"rotation":["-5+Math.cos((query.anim_time) * 90 * 1) * 2",-20,-10]},"leg_left2":{"rotation":["7.5+Math.cos((query.anim_time) * 90 * 1) * -2",0,10]}}},"animation.gallade_animeallstars.ground_walk":{"loop":true,"animation_length":1.5,"bones":{"body":{"position":[0,"-0.8+Math.cos((query.anim_time) * 90 * 8/3 * 2) * 0.8",0]},"torso":{"rotation":["0+Math.cos((query.anim_time) * 90 * 8/3 * 2 - 90) * 2",0,"0+Math.cos((query.anim_time) * 90 * 8/3 - 90) * -3"],"position":[0,"-1+Math.cos((query.anim_time) * 90 * 8/3 * 2 - 90) * 0.2",0]},"waist":{"rotation":["-5+Math.cos((query.anim_time) * 90 * 8/3 * 2 - 160) * 2",0,"0+Math.cos((query.anim_time) * 90 * 8/3 - 90) * 3"]},"chest":{"rotation":[7.5,0,0]},"arm_left":{"rotation":[27.5,"-12.5+Math.cos((query.anim_time) * 90 * 8/3) * -20",50]},"arm_left2":{"rotation":[0,"-37.5+Math.cos((query.anim_time) * 90 * 8/3 - 90) * -20",0]},"arm_blade_left":{"position":[10,0,0]},"arm_right":{"rotation":[27.5,"12.5+Math.cos((query.anim_time) * 90 * 8/3) * -20",-50]},"arm_right2":{"rotation":[0,"37.5+Math.cos((query.anim_time) * 90 * 8/3 - 90) * -20",0]},"arm_blade_right":{"position":[-10,0,0]},"neck":{"rotation":["0+Math.cos((query.anim_time) * 90 * 8/3 * 2 - 90) * -4",0,0]},"leg_right":{"rotation":{"0.0":[22.75,3,2],"0.0833":[21,3,2],"0.625":[-38.25,3,2],"0.75":[-42.5,3,2],"0.875":[-40,3,2],"1.4167":[19.5,3,2],"1.5":[22.75,3,2]},"position":{"0.0":[0,-0.75,0],"0.75":[0,0,0],"1.0833":[0,0,0],"1.25":[0,1,0],"1.5":[0,-0.75,0]}},"leg_right2":{"rotation":{"0.0":{"post":[4.5,0,0],"lerp_mode":"catmullrom"},"0.375":{"post":[51.25,0,0],"lerp_mode":"catmullrom"},"0.75":{"post":[25,0,0],"lerp_mode":"catmullrom"},"1.0833":{"post":[0.28,0,0],"lerp_mode":"catmullrom"},"1.2917":{"post":[-6.11,0,0],"lerp_mode":"catmullrom"},"1.5":{"post":[4.5,0,0],"lerp_mode":"catmullrom"}}},"foot_right":{"rotation":{"0.0":{"post":[2.5,0,0],"lerp_mode":"catmullrom"},"0.3333":{"post":[22.5,0,0],"lerp_mode":"catmullrom"},"0.75":{"post":[15,0,0],"lerp_mode":"catmullrom"},"1.0417":{"post":[4.5,0,0],"lerp_mode":"catmullrom"},"1.3333":{"post":[0,0,0],"lerp_mode":"catmullrom"},"1.5":{"post":[2.5,0,0],"lerp_mode":"catmullrom"}}},"leg_left":{"rotation":{"0.0":[-42.5,-3,-2],"0.125":[-40,-3,-2],"0.6667":[19.5,-3,-2],"0.75":[22.75,-3,-2],"0.8333":[21,-3,-2],"1.375":[-38.25,-3,-2],"1.5":[-42.5,-3,-2]},"position":{"0.0":[0,0,0],"0.3333":[0,0,0],"0.5":[0,1,0],"0.75":[0,-0.75,0],"1.5":[0,0,0]}},"leg_left2":{"rotation":{"0.0":{"post":[25,0,0],"lerp_mode":"catmullrom"},"0.3333":{"post":[0.28,0,0],"lerp_mode":"catmullrom"},"0.75":{"post":[-2.5,0,0],"lerp_mode":"catmullrom"},"1.125":{"post":[51.25,0,0],"lerp_mode":"catmullrom"},"1.5":{"post":[25,0,0],"lerp_mode":"catmullrom"}}},"foot_left":{"rotation":{"0.0":{"post":[15,0,0],"lerp_mode":"catmullrom"},"0.2917":{"post":[4.5,0,0],"lerp_mode":"catmullrom"},"0.5833":{"post":[0,0,0],"lerp_mode":"catmullrom"},"0.75":{"post":[2.5,0,0],"lerp_mode":"catmullrom"},"1.0833":{"post":[22.5,0,0],"lerp_mode":"catmullrom"},"1.5":{"post":[15,0,0],"lerp_mode":"catmullrom"}}}}},"animation.gallade_animeallstars.ground_run":{"loop":true,"animation_length":1,"bones":{"body":{"position":{"0.0":{"post":[0,3.75,-1.1],"lerp_mode":"catmullrom"},"0.125":{"post":[0,2.58,0],"lerp_mode":"catmullrom"},"0.2083":{"post":[0,-1.5,1],"lerp_mode":"catmullrom"},"0.3333":{"post":[0,2.5,-1],"lerp_mode":"catmullrom"},"0.4583":{"post":[0,3.58,-1],"lerp_mode":"catmullrom"},"0.625":{"post":[0,2.58,0],"lerp_mode":"catmullrom"},"0.7083":{"post":[0,-1.5,2],"lerp_mode":"catmullrom"},"0.8333":{"post":[0,2.5,-1],"lerp_mode":"catmullrom"},"1.0":{"post":[0,3.75,-1.1],"lerp_mode":"catmullrom"}}},"torso":{"rotation":["17.5+Math.cos((query.anim_time) * 90 * 8 - 90) * 8","0+Math.cos((query.anim_time) * 90 * 4) * 10","0+Math.cos((query.anim_time) * 90 * 4) * -5"],"position":[0,"0+Math.cos((query.anim_time) * 90 * 8 - 90) * 0.4",0]},"waist":{"rotation":["8.5+Math.cos((query.anim_time) * 90 * 8 - 90) * -8","0+Math.cos((query.anim_time) * 90 * 4) * -10","0+Math.cos((query.anim_time) * 90 * 4) * 10"]},"arm_left":{"rotation":[32.5,"0+Math.cos((query.anim_time) * 90 * 4) * -50",35]},"arm_left2":{"rotation":[0,"Math.cos((query.anim_time) * 90 * 4 - 45) * -30",0]},"arm_blade_left":{"position":[10,0,0]},"arm_right":{"rotation":[32.5,"0+Math.cos((query.anim_time) * 90 * 4) * -50",-35]},"arm_right2":{"rotation":[0,"(Math.cos((query.anim_time) * 90 * 4 - 45) * -30)",0]},"arm_blade_right":{"position":[-10,0,0]},"neck":{"rotation":["-10 + Math.cos((query.anim_time) * 90 * 8 - 90) * -4",0,0]},"leg_right":{"rotation":{"0.0":[53.25,0,0],"0.1667":{"pre":[37.5,0,0],"post":[37.5,0,0],"lerp_mode":"catmullrom"},"0.2917":{"post":[-45.5,0,0],"lerp_mode":"catmullrom"},"0.5":{"post":[-67.25,0,0],"lerp_mode":"catmullrom"},"0.7083":{"post":[-47.5,0,0],"lerp_mode":"catmullrom"},"0.8333":{"post":[34,0,0],"lerp_mode":"catmullrom"},"1.0":[53.25,0,0]}},"leg_right2":{"rotation":{"0.0":[46.37,0,0],"0.0833":[57.5,0,0],"0.1667":[62,0,0],"0.2917":[56.25,0,0],"0.4167":[9.6,0,0],"0.5":[3.5,0,0],"0.625":[1.67,0,0],"0.75":[13,0,0],"1.0":[46.37,0,0]}},"leg_left":{"rotation":{"0.0":[-67.25,0,0],"0.2083":{"pre":[-47.5,0,0],"post":[-47.5,0,0],"lerp_mode":"catmullrom"},"0.3333":{"post":[34,0,0],"lerp_mode":"catmullrom"},"0.5":{"post":[53.25,0,0],"lerp_mode":"catmullrom"},"0.6667":{"post":[37.5,0,0],"lerp_mode":"catmullrom"},"0.7917":{"post":[-45.5,0,0],"lerp_mode":"catmullrom"},"1.0":[-67.25,0,0]}},"leg_left2":{"rotation":{"0.0":[3.5,0,0],"0.125":[1.67,0,0],"0.25":[13,0,0],"0.5833":[57.5,0,0],"0.6667":[62,0,0],"0.7917":[56.25,0,0],"0.9167":[9.6,0,0],"1.0":[3.5,0,0]}},"Head":{"rotation":[-7.5,0,0]}}},"animation.gallade_animeallstars.battle_idle":{"loop":true,"bones":{"leg_left":{"rotation":["-9.9242+Math.cos((query.anim_time) * 90 * 4) * 6",1.00761,-24.22422],"position":["0+Math.cos((query.anim_time) * 90 * 4) * 0.3","0.5+Math.cos((query.anim_time) * 90 * 4) * -0.2","0+Math.cos((query.anim_time) * 90 * 4) * 0.2"]},"leg_left2":{"rotation":["13.7084+Math.cos((query.anim_time) * 90 * 4) * -8",11.45156,6.7033]},"torso":{"rotation":["5+Math.cos((query.anim_time) * 90 * 4 - 90) * -1",-10,"0+Math.cos((query.anim_time) * 90 * 2) * -2"],"position":[0,"0+Math.cos((query.anim_time) * 90 * 4 - 30) * 0.3",0]},"waist":{"rotation":["10+Math.cos((query.anim_time) * 90 * 4 - 160) * -1",-32.5,"0+Math.cos((query.anim_time) * 90 * 2) * 2"]},"arm_left":{"rotation":[-0.01907,-45.21761,"34.5801+Math.cos((query.anim_time) * 90 * 4 - 90) * -4"]},"arm_left2":{"rotation":[0,"0+Math.cos((query.anim_time) * 90 * 4 - 180) * -4",0]},"arm_blade_left":{"position":[-1,0,0]},"arm_blade_left2":{"position":[0,0,0]},"hand_left":{"rotation":[0.7522,2.38422,17.51565]},"neck":{"rotation":["0+Math.cos((query.anim_time) * 90 * 4 - 160) * 2",37.5,0]},"Head":{"rotation":[0,2.5,-7.5]},"arm_right":{"rotation":[18.31206,-19.5181,"-33.1758+Math.cos((query.anim_time) * 90 * 4 - 90) * 4"]},"arm_right2":{"rotation":[21.46148,"13.4481+Math.cos((query.anim_time) * 90 * 4 - 180) * 4",-22.00942]},"arm_blade_right":{"position":[1,0,0]},"arm_blade_right2":{"position":[0,0,0]},"hand_right":{"rotation":[0,0,-10]},"legs":{"rotation":[0,-32.5,0]},"leg_right":{"rotation":["-32.831+Math.cos((query.anim_time) * 90 * 4) * 6",59.9933,11.24487],"position":[0,0.5,0]},"leg_right2":{"rotation":["27.4777+Math.cos((query.anim_time) * 90 * 4) * -3",1.15408,"-2.2178+Math.cos((query.anim_time) * 90 * 4) * 3"]},"foot_left":{"rotation":["27.5+Math.cos((query.anim_time) * 90 * 4) * -2",0,10]},"foot_right":{"rotation":["14.9907+Math.cos((query.anim_time) * 90 * 4) * -3",0.43399,-2.46207]},"body":{"position":[0,"-2.9+Math.cos((query.anim_time) * 90 * 4) * 0.6","0+Math.cos((query.anim_time) * 90 * 4) * -0.6"]}}},"animation.gallade_animeallstars.sleep":{"loop":true,"bones":{"body":{"position":[0,-12.75,0]},"torso":{"rotation":["-12.5+Math.cos((query.anim_time) * 90 * 1) * -1",0,0]},"waist":{"rotation":["-7.5+Math.cos((query.anim_time) * 90 * 1 - 90) * -1",12.5,0]},"chest":{"rotation":[15,0,0]},"arm_left":{"rotation":[0,"-15+Math.cos((query.anim_time) * 90 * 1) * 0.6",60]},"arm_left2":{"rotation":[0,"-50+Math.cos((query.anim_time) * 90 * 1) * -2",0]},"arm_blade_left":{"position":[10,0,0]},"finger_center_left":{"rotation":[0,0,-30]},"finger_back_left":{"rotation":[0,0,-22.5]},"arm_right":{"rotation":[15,"7.5+Math.cos((query.anim_time) * 90 * 1) * -0.6",-50]},"arm_right2":{"rotation":[0,"50+Math.cos((query.anim_time) * 90 * 1) * 2",0]},"arm_blade_right":{"position":[-10,0,0]},"finger_center_right":{"rotation":[0,0,20]},"finger_back_right":{"rotation":[0,0,20]},"neck":{"rotation":["30+Math.cos((query.anim_time) * 90 * 1 - 180) * -1",7.5,5]},"leg_right":{"rotation":[-32.5,0,15],"position":[0,2,-1]},"leg_right2":{"rotation":[122.5,0,0],"position":[0,0,1.5]},"leg_left":{"rotation":[-32.5,0,-15],"position":[0,2,-1]},"leg_left2":{"rotation":[122.5,0,0],"position":[0,0,1.5]}}},"animation.gallade_animeallstars.faint":{"animation_length":3,"bones":{"body":{"rotation":{"0.0":[0,-10,0],"1.875":[0,-10,0],"2.0417":{"pre":[9,-10,0],"post":[9,-10,0],"lerp_mode":"catmullrom"},"2.2083":{"post":[75.5,-10,0],"lerp_mode":"catmullrom"},"2.2917":[87.5,-10,0]},"position":{"0.0":[0,-1.25,0],"0.125":{"pre":[0,-1.25,-0.235],"post":[0,-1.25,-0.235],"lerp_mode":"catmullrom"},"0.375":{"post":[0,-1.4,-3.93],"lerp_mode":"catmullrom"},"0.625":[0,-1.625,-4.5],"0.8333":[0,-2.075,-4.575],"1.0":[0,-3.12,-5.07],"1.125":{"pre":[0,-9.75,-9.07],"post":[0,-9.75,-9.07],"lerp_mode":"catmullrom"},"1.2083":{"post":[0,-10.325,-10.32],"lerp_mode":"catmullrom"},"1.3333":[0,-9.75,-10.82],"1.875":[0,-9.5,-10.82],"2.0417":[0,-11,-11.57],"2.1667":{"pre":[0,-17.25,-15.82],"post":[0,-17.25,-15.82],"lerp_mode":"catmullrom"},"2.25":{"post":[0,-18.25,-17.32],"lerp_mode":"catmullrom"},"2.4167":[0,-17.25,-17.32]},"scale":{"1.0":[1,1,1],"1.0833":[0.9,1.2,0.9],"1.1667":[1.2,0.9,1.1],"1.25":[1,1,1]}},"torso":{"rotation":{"0.0":[0,0,0],"0.1667":{"pre":[7.5,12.5,-7.8],"post":[7.5,12.5,-7.8],"lerp_mode":"catmullrom"},"0.2917":{"post":[4.71,13.53,-8.17],"lerp_mode":"catmullrom"},"0.4167":{"post":[-6.62,12,-7],"lerp_mode":"catmullrom"},"0.5":[-6.5,12.25,-2.25],"0.7083":[-2.5,12.25,0],"1.0417":[-12.5,12.25,0],"1.2083":{"pre":[37.5,12.25,0],"post":[37.5,12.25,0],"lerp_mode":"catmullrom"},"1.4167":{"post":[36,12.25,0],"lerp_mode":"catmullrom"},"2.0":[14.5,6.5,0],"2.125":[-13,6.5,0],"2.25":[0,0,0]},"position":{"0.0":{"post":[0,-1,0],"lerp_mode":"catmullrom"},"0.2083":{"post":[0,0.5,0],"lerp_mode":"catmullrom"},"0.4167":[0,0.07,0],"0.5833":[0,-0.5,0],"0.7083":[0,"0+Math.cos((query.anim_time) * 90 * 32) * 0.2",0],"1.0833":[0,0,0]}},"waist":{"rotation":{"0.0":[10,10,0],"0.1667":{"pre":[17,1.26,5.25],"post":[17,1.26,5.25],"lerp_mode":"catmullrom"},"0.25":{"post":[10,-2.5,7.5],"lerp_mode":"catmullrom"},"0.375":{"post":[5,-3.28,7.93],"lerp_mode":"catmullrom"},"0.5":{"post":[10,-2.5,2.5],"lerp_mode":"catmullrom"},"0.75":[10,-2.5,0],"1.0":[5,-2.5,0],"1.125":{"pre":[-20,-2.5,0],"post":[-20,-2.5,0],"lerp_mode":"catmullrom"},"1.3333":{"post":[15,-2.5,0],"lerp_mode":"catmullrom"},"1.5":[20,-2.5,0],"2.0":[10,-2.5,0],"2.1667":[-12.5,-2.5,0],"2.2917":[-2.5,-1,0],"2.375":[0,0,0],"2.5417":[1.5,0,0]}},"arm_left":{"rotation":{"0.0":[0,15,42.5],"0.6667":{"pre":[0,-32.5,52.5],"post":[0,-32.5,52.5],"lerp_mode":"catmullrom"},"0.9167":{"post":[0,-46,52.5],"lerp_mode":"catmullrom"},"1.1667":{"post":[0,-32.5,-15],"lerp_mode":"catmullrom"},"1.375":{"post":[12.5,-7.65,57.5],"lerp_mode":"catmullrom"},"1.5417":{"post":[12.5,0,57.5],"lerp_mode":"catmullrom"},"2.0417":[12.5,2.5,57.5],"2.1667":[-7.5,2.5,15],"2.2917":[-90,3.5,15],"2.4167":[-90,6,17],"2.5417":[-90,1,15]}},"arm_left2":{"rotation":{"0.0":[0,-10,0],"0.375":[0,-55,0],"0.8333":[0,-67.5,0],"1.0417":[0,-51.25,0],"1.3333":[0,45,0],"1.4583":[3,57.5,0],"1.7917":[3,57.5,-10],"2.0833":[23,59.5,32.5],"2.1667":[23,59.5,70],"2.2917":[0,32.5,-12.5]}},"arm_blade_left":{"position":[10,0,0]},"arm_right":{"rotation":{"0.0":[35,20,-42.5],"0.25":[35,-22.25,-30],"0.5417":[35,-51.5,-42.5],"0.875":[55,-61.5,-52.5],"1.125":[-40,-7.5,15],"1.3333":[2.5,-47.5,-15],"1.4167":[7.5,-50.17,"-14.5+Math.cos((query.anim_time) * 90 * 24) * -2"],"1.7083":[-43.5,-55.81,"8.19+Math.cos((query.anim_time) * 90 * 24) * -8"],"1.9583":[-57.5,-57.5,"15+Math.cos((query.anim_time) * 90 * 24) * -10"],"2.125":[-72.5,-35,30],"2.2917":[-91.5,-3.5,30],"2.3333":[-90,-5,30],"2.5":[-87.5,-5,30]}},"arm_right2":{"rotation":{"0.0":[0,50,0],"0.25":[0,67.5,0],"0.625":{"pre":[0,35,0],"post":[0,35,0],"lerp_mode":"catmullrom"},"0.9167":{"post":[0,40.25,0],"lerp_mode":"catmullrom"},"1.125":{"post":[0,25,0],"lerp_mode":"catmullrom"},"1.4583":{"post":[-5,27.75,22.5],"lerp_mode":"catmullrom"},"1.7083":{"post":[0,48.13,0],"lerp_mode":"catmullrom"},"1.7917":{"post":[0,57.5,0],"lerp_mode":"catmullrom"},"2.125":{"post":[0,57.5,25],"lerp_mode":"catmullrom"},"2.3333":[22.5,37.5,-5]}},"arm_blade_right":{"position":[-10,0,0]},"neck":{"rotation":{"0.0":[-7.5,0,0],"0.125":[5,0,0],"0.4167":{"pre":[-14,0,0],"post":[-14,0,0],"lerp_mode":"catmullrom"},"0.5417":{"post":[-13,0,0],"lerp_mode":"catmullrom"},"0.625":{"post":[8.5,0,0],"lerp_mode":"catmullrom"},"1.0":{"post":[10,0,0],"lerp_mode":"catmullrom"},"1.125":{"post":[-22.5,0,0],"lerp_mode":"catmullrom"},"1.3333":[5.5,0,0],"1.4167":[2.875,0,0],"1.8333":[-20.75,0,0],"1.9583":[-22.5,0,0],"2.2083":[-35,0,0],"2.2917":[-20,-34,0],"2.375":[-17.25,-41.5,0]}},"leg_right":{"rotation":{"0.0":[-26.41832,14.76802,4.58564],"0.0833":[-24.2,14.77,4.59],"0.375":[-5.17,14.77,4.59],"0.5":[-1.42,14.77,4.59],"0.6667":[-1.42,14.77,4.59],"1.0":[-16.42,14.77,4.59],"1.2083":[33.58,14.77,4.59],"1.4167":[31.08,14.77,4.59],"2.0417":[36.08,14.77,4.59],"2.2083":[53.58,2.27,4.59],"2.375":[41.08,2.27,4.59],"2.5417":[-16.42,2.27,4.59],"2.5833":[-6.42,2.27,4.59]}},"leg_right2":{"rotation":{"0.0":[12.5,0,0],"0.25":[17.5,0,0],"0.5417":[12.5,0,0],"1.0":{"pre":[37.5,0,0],"post":[37.5,0,0],"lerp_mode":"catmullrom"},"1.0833":{"post":[63.81,0,0],"lerp_mode":"catmullrom"},"1.2083":{"post":[57.5,0,0],"lerp_mode":"catmullrom"},"1.4167":[52.5,0,0],"1.875":[45,0,0],"1.9583":[51.25,0,0],"2.0417":[42.5,0,0],"2.4583":[55,0,0],"2.5833":[12.75,0,0],"2.6667":[10.25,0,0]}},"foot_right":{"rotation":{"0.0":[12.5,0,0],"0.4167":[20,0,0],"0.7083":[25,0,0],"1.0":[25,0,0],"1.2083":[12.5,0,0]}},"leg_left":{"rotation":{"0.0":[7.98081,8.08025,-10.12591],"0.0833":[4.98,8.08,-10.13],"0.4167":[-19.52,8.08,-10.13],"0.5":[-22.02,8.08,-10.13],"0.7917":[-22.02,8.08,-10.13],"1.0":[-44.52,8.08,-10.13],"1.1667":[-104.52,-16.92,7.37],"1.375":[-102.02,-16.92,7.37],"1.875":[-97.02,-16.92,7.37],"2.0833":[-92.63,-7.91,-11.3],"2.2083":[10,-2.5,-22.5],"2.3333":[29.5,-2.5,-22.5],"2.4583":[17,-2.5,-22.5],"2.5417":[-5,-2.5,-22.5]},"position":{"0.0":[0,0,0],"0.2917":[0,1.75,0],"0.625":[0,0,0]}},"leg_left2":{"rotation":{"0.0":[12.5,0,0],"0.2083":[38.71,0,0],"0.375":[31.2,0,0],"0.5":[15.68,0,0],"0.5833":[10,0,0],"0.7917":[7.5,0,0],"1.0":[35,0,0],"1.1667":[70,0,0],"1.375":[67.5,0,0],"1.875":[57.5,0,0],"2.0417":[57.5,0,0],"2.0833":[156,0,0],"2.125":[134.5,0,0],"2.2083":[59,0,0],"2.4583":[53.25,0,0],"2.5833":[19,0,0],"2.7083":[14,0,0]},"position":{"2.0417":[0,0,0],"2.0833":[0,0,3],"2.1667":[0,0,0]}},"foot_left":{"rotation":{"0.0":[12.5,0,0],"0.1667":[34.53,0,0],"0.2917":[37.92,0,0],"0.5417":[20.11,0,0],"0.625":[17.5,0,0],"2.5":[17.5,0,0],"2.625":[5,0,0]}}}},"animation.gallade_animeallstars.battle_faint":{"animation_length":3,"bones":{"body":{"rotation":{"0.0":[0,-10,0],"1.875":[0,-10,0],"2.0417":{"pre":[9,-10,0],"post":[9,-10,0],"lerp_mode":"catmullrom"},"2.2083":{"post":[75.5,-10,0],"lerp_mode":"catmullrom"},"2.2917":[87.5,-10,0]},"position":{"0.0":[0,-1.25,0],"0.125":{"pre":[0,-1.25,-0.235],"post":[0,-1.25,-0.235],"lerp_mode":"catmullrom"},"0.375":{"post":[0,-1.4,-3.93],"lerp_mode":"catmullrom"},"0.625":[0,-1.625,-4.5],"0.8333":[0,-2.075,-4.575],"1.0":[0,-3.12,-5.07],"1.125":{"pre":[0,-9.75,-9.07],"post":[0,-9.75,-9.07],"lerp_mode":"catmullrom"},"1.2083":{"post":[0,-10.325,-10.32],"lerp_mode":"catmullrom"},"1.3333":[0,-9.75,-10.82],"1.875":[0,-9.5,-10.82],"2.0417":[0,-11,-11.57],"2.1667":{"pre":[0,-17.25,-15.82],"post":[0,-17.25,-15.82],"lerp_mode":"catmullrom"},"2.25":{"post":[0,-18.25,-17.32],"lerp_mode":"catmullrom"},"2.4167":[0,-17.25,-17.32]},"scale":{"1.0":[1,1,1],"1.0833":[0.9,1.2,0.9],"1.1667":[1.2,0.9,1.1],"1.25":[1,1,1]}},"torso":{"rotation":{"0.0":[0,0,0],"0.1667":{"pre":[7.5,12.5,-7.8],"post":[7.5,12.5,-7.8],"lerp_mode":"catmullrom"},"0.2917":{"post":[4.71,13.53,-8.17],"lerp_mode":"catmullrom"},"0.4167":{"post":[-6.62,12,-7],"lerp_mode":"catmullrom"},"0.5":[-6.5,12.25,-2.25],"0.7083":[-2.5,12.25,0],"1.0417":[-12.5,12.25,0],"1.2083":{"pre":[37.5,12.25,0],"post":[37.5,12.25,0],"lerp_mode":"catmullrom"},"1.4167":{"post":[36,12.25,0],"lerp_mode":"catmullrom"},"2.0":[14.5,6.5,0],"2.125":[-13,6.5,0],"2.25":[0,0,0]},"position":{"0.0":{"post":[0,-1,0],"lerp_mode":"catmullrom"},"0.2083":{"post":[0,0.5,0],"lerp_mode":"catmullrom"},"0.4167":[0,0.07,0],"0.5833":[0,-0.5,0],"0.7083":[0,"0+Math.cos((query.anim_time) * 90 * 32) * 0.2",0],"1.0833":[0,0,0]}},"waist":{"rotation":{"0.0":[10,10,0],"0.1667":{"pre":[17,1.26,5.25],"post":[17,1.26,5.25],"lerp_mode":"catmullrom"},"0.25":{"post":[10,-2.5,7.5],"lerp_mode":"catmullrom"},"0.375":{"post":[5,-3.28,7.93],"lerp_mode":"catmullrom"},"0.5":{"post":[10,-2.5,2.5],"lerp_mode":"catmullrom"},"0.75":[10,-2.5,0],"1.0":[5,-2.5,0],"1.125":{"pre":[-20,-2.5,0],"post":[-20,-2.5,0],"lerp_mode":"catmullrom"},"1.3333":{"post":[15,-2.5,0],"lerp_mode":"catmullrom"},"1.5":[20,-2.5,0],"2.0":[10,-2.5,0],"2.1667":[-12.5,-2.5,0],"2.2917":[-2.5,-1,0],"2.375":[0,0,0],"2.5417":[1.5,0,0]}},"arm_left":{"rotation":{"0.0":[0,15,42.5],"0.6667":{"pre":[0,-32.5,52.5],"post":[0,-32.5,52.5],"lerp_mode":"catmullrom"},"0.9167":{"post":[0,-46,52.5],"lerp_mode":"catmullrom"},"1.1667":{"post":[0,-32.5,-15],"lerp_mode":"catmullrom"},"1.375":{"post":[12.5,-7.65,57.5],"lerp_mode":"catmullrom"},"1.5417":{"post":[12.5,0,57.5],"lerp_mode":"catmullrom"},"2.0417":[12.5,2.5,57.5],"2.1667":[-7.5,2.5,15],"2.2917":[-90,3.5,15],"2.4167":[-90,6,17],"2.5417":[-90,1,15]}},"arm_left2":{"rotation":{"0.0":[0,-10,0],"0.375":[0,-55,0],"0.8333":[0,-67.5,0],"1.0417":[0,-51.25,0],"1.3333":[0,45,0],"1.4583":[3,57.5,0],"1.7917":[3,57.5,-10],"2.0833":[23,59.5,32.5],"2.1667":[23,59.5,70],"2.2917":[0,32.5,-12.5]}},"arm_blade_left":{"position":{"0.0":[0,0,0],"0.25":[8.75,0,0],"0.3333":[10,0,0]}},"arm_right":{"rotation":{"0.0":[35,20,-42.5],"0.25":[35,-22.25,-30],"0.5417":[35,-51.5,-42.5],"0.875":[55,-61.5,-52.5],"1.125":[-40,-7.5,15],"1.3333":[2.5,-47.5,-15],"1.4167":[7.5,-50.17,"-14.5+Math.cos((query.anim_time) * 90 * 24) * -2"],"1.7083":[-43.5,-55.81,"8.19+Math.cos((query.anim_time) * 90 * 24) * -8"],"1.9583":[-57.5,-57.5,"15+Math.cos((query.anim_time) * 90 * 24) * -10"],"2.125":[-72.5,-35,30],"2.2917":[-91.5,-3.5,30],"2.3333":[-90,-5,30],"2.5":[-87.5,-5,30]}},"arm_right2":{"rotation":{"0.0":[0,50,0],"0.25":[0,67.5,0],"0.625":{"pre":[0,35,0],"post":[0,35,0],"lerp_mode":"catmullrom"},"0.9167":{"post":[0,40.25,0],"lerp_mode":"catmullrom"},"1.125":{"post":[0,25,0],"lerp_mode":"catmullrom"},"1.4583":{"post":[-5,27.75,22.5],"lerp_mode":"catmullrom"},"1.7083":{"post":[0,48.13,0],"lerp_mode":"catmullrom"},"1.7917":{"post":[0,57.5,0],"lerp_mode":"catmullrom"},"2.125":{"post":[0,57.5,25],"lerp_mode":"catmullrom"},"2.3333":[22.5,37.5,-5]}},"arm_blade_right":{"position":{"0.4167":[0,0,0],"0.6667":[-8.75,0,0],"0.75":[-10,0,0]}},"neck":{"rotation":{"0.0":[-7.5,0,0],"0.125":[5,0,0],"0.4167":{"pre":[-14,0,0],"post":[-14,0,0],"lerp_mode":"catmullrom"},"0.5417":{"post":[-13,0,0],"lerp_mode":"catmullrom"},"0.625":{"post":[8.5,0,0],"lerp_mode":"catmullrom"},"1.0":{"post":[10,0,0],"lerp_mode":"catmullrom"},"1.125":{"post":[-22.5,0,0],"lerp_mode":"catmullrom"},"1.3333":[5.5,0,0],"1.4167":[2.875,0,0],"1.8333":[-20.75,0,0],"1.9583":[-22.5,0,0],"2.2083":[-35,0,0],"2.2917":[-20,-34,0],"2.375":[-17.25,-41.5,0]}},"leg_right":{"rotation":{"0.0":[-26.41832,14.76802,4.58564],"0.0833":[-24.2,14.77,4.59],"0.375":[-5.17,14.77,4.59],"0.5":[-1.42,14.77,4.59],"0.6667":[-1.42,14.77,4.59],"1.0":[-16.42,14.77,4.59],"1.2083":[33.58,14.77,4.59],"1.4167":[31.08,14.77,4.59],"2.0417":[36.08,14.77,4.59],"2.2083":[53.58,2.27,4.59],"2.375":[41.08,2.27,4.59],"2.5417":[-16.42,2.27,4.59],"2.5833":[-6.42,2.27,4.59]}},"leg_right2":{"rotation":{"0.0":[12.5,0,0],"0.25":[17.5,0,0],"0.5417":[12.5,0,0],"1.0":{"pre":[37.5,0,0],"post":[37.5,0,0],"lerp_mode":"catmullrom"},"1.0833":{"post":[63.81,0,0],"lerp_mode":"catmullrom"},"1.2083":{"post":[57.5,0,0],"lerp_mode":"catmullrom"},"1.4167":[52.5,0,0],"1.875":[45,0,0],"1.9583":[51.25,0,0],"2.0417":[42.5,0,0],"2.4583":[55,0,0],"2.5833":[12.75,0,0],"2.6667":[10.25,0,0]}},"foot_right":{"rotation":{"0.0":[12.5,0,0],"0.4167":[20,0,0],"0.7083":[25,0,0],"1.0":[25,0,0],"1.2083":[12.5,0,0]}},"leg_left":{"rotation":{"0.0":[7.98081,8.08025,-10.12591],"0.0833":[4.98,8.08,-10.13],"0.4167":[-19.52,8.08,-10.13],"0.5":[-22.02,8.08,-10.13],"0.7917":[-22.02,8.08,-10.13],"1.0":[-44.52,8.08,-10.13],"1.1667":[-104.52,-16.92,7.37],"1.375":[-102.02,-16.92,7.37],"1.875":[-97.02,-16.92,7.37],"2.0833":[-92.63,-7.91,-11.3],"2.2083":[10,-2.5,-22.5],"2.3333":[29.5,-2.5,-22.5],"2.4583":[17,-2.5,-22.5],"2.5417":[-5,-2.5,-22.5]},"position":{"0.0":[0,0,0],"0.2917":[0,1.75,0],"0.625":[0,0,0]}},"leg_left2":{"rotation":{"0.0":[12.5,0,0],"0.2083":[38.71,0,0],"0.375":[31.2,0,0],"0.5":[15.68,0,0],"0.5833":[10,0,0],"0.7917":[7.5,0,0],"1.0":[35,0,0],"1.1667":[70,0,0],"1.375":[67.5,0,0],"1.875":[57.5,0,0],"2.0417":[57.5,0,0],"2.0833":[156,0,0],"2.125":[134.5,0,0],"2.2083":[59,0,0],"2.4583":[53.25,0,0],"2.5833":[19,0,0],"2.7083":[14,0,0]},"position":{"2.0417":[0,0,0],"2.0833":[0,0,3],"2.1667":[0,0,0]}},"foot_left":{"rotation":{"0.0":[12.5,0,0],"0.1667":[34.53,0,0],"0.2917":[37.92,0,0],"0.5417":[20.11,0,0],"0.625":[17.5,0,0],"2.5":[17.5,0,0],"2.625":[5,0,0]}}}},"animation.gallade_animeallstars.blink":{"animation_length":0.1667},"animation.gallade_animeallstars.cry":{"animation_length":1.5,"bones":{"torso":{"rotation":{"0.0":[0,0,0],"0.0417":[0,7,0],"0.125":[0,0,0],"0.5833":[0,0,0],"0.6667":[-3.5,0,0],"0.8333":[4.5,0,0],"0.9167":[3.91,0,0],"1.0417":[1.04,0,0],"1.125":[0,0,0]}},"waist":{"rotation":{"0.0":[0,0,0],"0.0417":[0,10,0],"0.1667":[0,2,0],"0.2917":[0,0,0],"0.625":[0,0,0],"0.7083":[-7.5,0,0],"0.875":[-0.87,0,0],"0.9583":[0,0,0]}},"arm_left":{"rotation":{"0.0":[0,0,0],"0.125":[0,12.5,0],"0.2917":[0,3.14,0],"0.4167":[0,0,0],"0.5417":[0,0,0],"0.7083":[0,-22.5,0],"0.8333":[0,12.5,0],"0.9167":[0,15,0],"1.2917":[0,2.86,0],"1.5":[0,0,0]}},"arm_left2":{"rotation":{"0.5833":[0,0,0],"0.7917":[0,-22.5,0],"0.9167":[0,11.5,0],"1.0":[0,17.5,0],"1.25":[0,13.75,0],"1.4167":[0,3.64,0],"1.5":[0,0,0]}},"arm_blade_left":{"rotation":[0,0,0],"position":{"0.6667":[0,0,0],"0.7917":[-9,0,0],"1.2083":{"pre":[-11,0,0],"post":[-11,0,0],"lerp_mode":"catmullrom"},"1.3333":{"post":[-9,0,0],"lerp_mode":"catmullrom"},"1.4583":[0,0,0]},"scale":{"0.6667":[1,1,1],"0.75":[1.6,1,0.7],"0.875":[1,1,1]}},"hand_left":{"rotation":{"0.0":[0,0,0],"0.7083":[0,0,0],"0.875":[0,0,35],"1.2083":[0,0,35],"1.375":[0,0,4],"1.4583":[0,0,0]}},"arm_right":{"rotation":{"0.0":[0,0,0],"0.125":[0,12.5,0],"0.2917":[0,2.86,0],"0.4167":[0,0,0],"0.5417":[0,0,0],"0.7083":[0,22.5,0],"0.8333":[0,-12.5,0],"0.9167":[0,-15,0],"1.2917":[0,-2.86,0],"1.5":[0,0,0]}},"arm_right2":{"rotation":{"0.5833":[0,0,0],"0.7917":[0,22.5,0],"0.9167":[0,-11.5,0],"1.0":[0,-17.5,0],"1.25":[0,-13.75,0],"1.4167":[0,-3.64,0],"1.5":[0,0,0]}},"arm_blade_right":{"rotation":[0,0,0],"position":{"0.6667":[0,0,0],"0.7917":[9,0,0],"1.2083":{"pre":[11,0,0],"post":[11,0,0],"lerp_mode":"catmullrom"},"1.3333":{"post":[9,0,0],"lerp_mode":"catmullrom"},"1.4583":[0,0,0]},"scale":{"0.6667":[1,1,1],"0.75":[1.6,1,0.7],"0.875":[1,1,1]}},"hand_right":{"rotation":{"0.0":[0,0,0],"0.7083":[0,0,0],"0.875":[0,0,-35],"1.2083":[0,0,-35],"1.375":[0,0,-4],"1.4583":[0,0,0]}},"neck":{"rotation":{"0.0":[0,0,0],"0.0833":[5,10.5,0],"0.2083":[-11.5,2.5,0],"0.3333":[-10.69,0,0],"0.5417":[1.25,0,0],"0.625":[2,0,0],"0.8333":[-7.5,0,0],"1.0":[4,0,0],"1.1667":[5.12,0,0],"1.2917":[3.33,0,0],"1.4167":[0.48,0,0],"1.5":[0,0,0]}},"mouth_open":{"position":{"0.0":[0,-0.1,-0.2],"0.5":{"pre":[0,-0.1,-0.2],"post":[0,0,0]}}}},"sound_effects":{"0.0":{"effect":"pokemon.gallade_animeallstars.cry"}}},"animation.gallade_animeallstars.battle_cry":{"animation_length":1.5,"bones":{"torso":{"rotation":{"0.0":[0,0,0],"0.0417":{"pre":[-10,8,0],"post":[-10,8,0],"lerp_mode":"catmullrom"},"0.1667":{"post":[-2.5,-3.25,0],"lerp_mode":"catmullrom"},"0.25":[-1,-2.125,0],"0.3333":[0,0,0],"0.5833":[0,0,0],"0.6667":[-3.5,0,0],"0.8333":[4.5,0,0],"0.9167":[3.91,0,0],"1.0417":[1.04,0,0],"1.125":[0,0,0]}},"waist":{"rotation":{"0.0":[0,0,0],"0.0417":[0,10,0],"0.1667":[0,2,0],"0.2917":[0,0,0],"0.625":[0,0,0],"0.7083":[-7.5,0,0],"0.875":[-0.87,0,0],"0.9583":[0,0,0]}},"arm_left":{"rotation":{"0.0":[0,0,0],"0.125":{"pre":[0,17.5,0],"post":[0,17.5,0],"lerp_mode":"catmullrom"},"0.2917":{"post":[0,11.89,0],"lerp_mode":"catmullrom"},"0.4167":[0,2.75,0],"0.5417":[0,0,0],"0.7083":[0,-22.5,0],"0.8333":[0,12.5,0],"0.9167":[0,15,0],"1.2917":[0,2.86,0],"1.5":[0,0,0]}},"arm_left2":{"rotation":{"0.5833":[0,0,0],"0.7917":[0,-22.5,0],"0.9167":[0,11.5,0],"1.0":[0,0,0],"1.5":[0,0,0]}},"arm_blade_left":{"rotation":[0,0,0],"position":{"0.0":[0,0,0],"0.125":[10,0,0],"0.6667":[10,0,0],"0.7917":{"pre":[1.75,0,0],"post":[1.75,0,0],"lerp_mode":"catmullrom"},"1.2083":{"post":[0,0,0],"lerp_mode":"catmullrom"},"1.3333":[0,0,0],"1.5":[0,0,0]},"scale":{"0.6667":[1,1,1],"0.75":[1.6,1,0.7],"0.875":[1,1,1]}},"hand_left":{"rotation":{"0.0":[0,0,0],"0.7083":[0,0,0],"0.875":[0,0,35],"1.2083":[0,0,35],"1.375":[0,0,4],"1.4583":[0,0,0]}},"arm_right":{"rotation":{"0.0":[0,0,0],"0.125":{"pre":[0,-17.5,0],"post":[0,-17.5,0],"lerp_mode":"catmullrom"},"0.2917":{"post":[0,-11.89,0],"lerp_mode":"catmullrom"},"0.4167":[0,-2.75,0],"0.5417":[0,0,0],"0.7083":[0,22.5,0],"0.8333":[0,-12.5,0],"0.9167":[0,-15,0],"1.2917":[0,-2.86,0],"1.5":[0,0,0]}},"arm_right2":{"rotation":{"0.5833":[0,0,0],"0.7917":[0,22.5,0],"0.9167":[0,-11.5,0],"1.0":[0,0,0],"1.5":[0,0,0]}},"arm_blade_right":{"rotation":[0,0,0],"position":{"0.0":[0,0,0],"0.125":[-10,0,0],"0.6667":[-10,0,0],"0.7917":{"pre":[-1.75,0,0],"post":[-1.75,0,0],"lerp_mode":"catmullrom"},"1.2083":{"post":[0,0,0],"lerp_mode":"catmullrom"},"1.3333":[0,0,0],"1.5":[0,0,0]},"scale":{"0.6667":[1,1,1],"0.75":[1.6,1,0.7],"0.875":[1,1,1]}},"hand_right":{"rotation":{"0.0":[0,0,0],"0.7083":[0,0,0],"0.875":[0,0,-35],"1.2083":[0,0,-35],"1.375":[0,0,-4],"1.4583":[0,0,0]}},"neck":{"rotation":{"0.0":[0,0,0],"0.0833":[12.5,5.25,0],"0.2083":[-15.75,7,0],"0.3333":[-12.19,4.75,0],"0.5417":[1.25,0,0],"0.625":[2,0,0],"0.8333":[-7.5,0,0],"1.0":[4,0,0],"1.1667":[5.12,0,0],"1.2917":[3.33,0,0],"1.4167":[0.48,0,0],"1.5":[0,0,0]}},"mouth_open":{"position":{"0.0":[0,-0.1,-0.2],"0.5":{"pre":[0,-0.1,-0.2],"post":[0,0,0]}}}},"sound_effects":{"0.0":{"effect":"pokemon.gallade_animeallstars.cry"}}},"animation.gallade_animeallstars.battle_quirk":{"animation_length":2.0833,"bones":{"leg_left":{"rotation":{"0.0":[-9.92424,1.00761,-24.22422],"0.3333":{"pre":[-22.42,1.01,-24.22],"post":[-22.42,1.01,-24.22],"lerp_mode":"catmullrom"},"0.4583":{"post":[-4.92,23.51,-14.22],"lerp_mode":"catmullrom"},"0.625":{"post":[8.33,21.01,-9.22],"lerp_mode":"catmullrom"},"0.7917":{"post":[12.58,1.01,-26.72],"lerp_mode":"catmullrom"},"1.0833":[6.58,1.01,-25.22],"1.25":[-7.49924,1.00761,-24.22422],"1.4167":[-9.92424,1.00761,-24.22422],"1.8333":[-14.92,1.01,-24.22],"2.0833":[-9.92424,1.00761,-24.22422]},"position":{"0.0":[0,0.5,0],"0.3333":[0,0.5,0],"0.4167":[0,-1.5,0],"0.5417":[0,0.5,0]}},"leg_left2":{"rotation":{"0.0":[13.7084,11.45156,6.70328],"0.3333":{"pre":[31.76,11.45,6.7],"post":[31.76,11.45,6.7],"lerp_mode":"catmullrom"},"0.4583":{"post":[1.21,11.45,6.7],"lerp_mode":"catmullrom"},"0.5417":{"post":[3.64,11.45,4.56],"lerp_mode":"catmullrom"},"0.7917":[38.71,11.45,-0.8],"1.125":[33.71,11.45,-0.8],"1.3333":[13.7084,11.45156,6.70328],"1.8333":[21.21,11.45,6.7],"2.0833":[13.7084,11.45156,6.70328]}},"torso":{"rotation":{"0.0":[5,-10,0],"0.25":[16.5,-17.5,0],"0.375":[19,-18.5,0],"0.5833":{"pre":[-2.25,-16.5,0],"post":[-2.25,-16.5,0],"lerp_mode":"catmullrom"},"0.7917":{"post":[-7.5,-12.25,0],"lerp_mode":"catmullrom"},"0.9167":{"post":[20.5,12,0],"lerp_mode":"catmullrom"},"1.0833":{"post":[21.5,15.95,0],"lerp_mode":"catmullrom"},"1.3333":{"post":[-5.5,6.5,0],"lerp_mode":"catmullrom"},"1.4583":{"post":[-12.25,-42.375,0],"lerp_mode":"catmullrom"},"1.625":{"post":[-13.5,-46.5,0],"lerp_mode":"catmullrom"},"1.7917":{"post":[-11,-39.6,0],"lerp_mode":"catmullrom"},"1.9167":{"post":[2.75,-16.5,0],"lerp_mode":"catmullrom"},"2.0417":[5,-10,0]},"position":{"0.0":[0,0,0],"0.2917":[0,-0.92,0],"0.4167":[0,-2,0],"0.5417":[0,-0.5,0],"0.7083":{"pre":[0,2.5,0],"post":[0,2.5,0],"lerp_mode":"catmullrom"},"0.7917":{"post":[0,-2.61,0],"lerp_mode":"catmullrom"},"0.9167":[0,-0.66,0],"0.9583":{"pre":[-0.5,-0.64,0],"post":[-0.5,-0.64,0],"lerp_mode":"catmullrom"},"1.0417":{"post":[0,-0.66,0],"lerp_mode":"catmullrom"},"1.4583":{"post":[0,-0.66,0],"lerp_mode":"catmullrom"},"1.5":{"post":[0.5,-0.53,0],"lerp_mode":"catmullrom"},"1.5833":[0,-0.5,0],"1.7083":{"pre":[0,-1,0],"post":[0,-1,0],"lerp_mode":"catmullrom"},"1.9167":{"post":[0,0.175,0],"lerp_mode":"catmullrom"},"2.0417":[0,0,0]}},"waist":{"rotation":{"0.0":[10,-32.5,0],"0.25":[10,-42.81,0],"0.375":[10,-45,0],"0.5":[10,-37.75,0],"0.7083":[-5.02,-23.42,0],"0.8333":{"pre":[7.64,-8.92,0],"post":[7.64,-8.92,0],"lerp_mode":"catmullrom"},"1.0":{"post":[-5.75,4,0],"lerp_mode":"catmullrom"},"1.25":{"post":[10.83,5.67,0],"lerp_mode":"catmullrom"},"1.7083":{"post":[0,-19.25,0],"lerp_mode":"catmullrom"},"1.9167":[7.67,-30.5,0],"2.0833":[10,-32.5,0]}},"arm_left":{"rotation":{"0.0":[-0.01907,-45.21761,34.5801],"0.25":[-0.02,-53.97,34.58],"0.375":[-0.02,-55.22,34.58],"0.4583":[11.37,-39.93,44.63],"0.5417":{"pre":[39.67,20.75,21.32],"post":[39.67,20.75,21.32],"lerp_mode":"catmullrom"},"0.7083":{"post":[39.98,56.78,19.58],"lerp_mode":"catmullrom"},"0.9167":{"post":[30.1,68.9,34.15],"lerp_mode":"catmullrom"},"1.125":{"post":[59.98,59.28,49.58],"lerp_mode":"catmullrom"},"1.4167":{"post":[39.15,5.11,36.25],"lerp_mode":"catmullrom"},"1.5417":[29.98,-9.37,33.655],"1.8333":[5.98,-46.55,33.58],"2.0833":[-0.01907,-45.21761,34.5801]}},"arm_left2":{"rotation":{"0.0":[0,0,0],"0.2917":[0,37.68,0],"0.4167":{"pre":[0,42.5,0],"post":[0,42.5,0],"lerp_mode":"catmullrom"},"0.5417":{"post":[0,-45,-40],"lerp_mode":"catmullrom"},"0.8333":[0,-26.25,0],"0.9167":[0,0,0],"1.0417":[0,23.75,0],"1.2083":[0,21.75,0],"1.4583":[0,4.29,0],"1.6667":[0,-36.25,0],"1.8333":[0,-51,0],"2.0":[0,-9.25,0],"2.0833":[0,0,0]},"position":{"0.4583":[0,0,0],"0.625":[-4,-2,4],"0.75":[0,0,0]},"scale":{"0.4583":[1,1,1],"0.625":[1.1,0.8,0.8],"0.75":[1,1,1]}},"arm_blade_left":{"position":{"0.0":[-1,0,0],"0.0833":[7.5,0,0],"0.2917":[10,0,0],"0.9167":[10,0,0],"1.0417":[-0.33,0,0],"1.0833":[-0.97,0,0],"1.1667":[0,0,0],"1.625":[-1,0,0]},"scale":{"0.9167":[1,1,1],"0.9583":[2.2,1,0.6],"1.0":[1,1,1]}},"arm_blade_left2":{"position":[0,0,0]},"hand_left":{"rotation":[0.7522,2.38422,17.51565]},"neck":{"rotation":{"0.0":[0,12.5,0],"0.2917":{"pre":[0,21.39,-4.44],"post":[0,21.39,-4.44],"lerp_mode":"catmullrom"},"0.4167":{"post":[11,25.975,-5],"lerp_mode":"catmullrom"},"0.5417":{"post":[5,37.5,-2.5],"lerp_mode":"catmullrom"},"0.7083":{"post":[22.81,43.45,8.08],"lerp_mode":"catmullrom"},"0.8333":{"post":[-2.5,13.75,-4.25],"lerp_mode":"catmullrom"},"1.0833":{"post":[-10,-15,-2.5],"lerp_mode":"catmullrom"},"1.3333":{"post":[3.75,-9.37,-3.13],"lerp_mode":"catmullrom"},"1.4583":{"post":[15.42,47.21,3.54],"lerp_mode":"catmullrom"},"1.625":{"post":[30,57.5,13.75],"lerp_mode":"catmullrom"},"1.8333":[10,57.5,0],"1.9167":[1.25,37.5,-7.5],"2.0833":[0,12.5,0]}},"Head":{"rotation":{"0.0":[2.5,30,-7.5],"0.4583":[2.5,30,-7.5],"0.625":[0,0,0],"0.9167":[0,-5,5],"1.0":[0,-20,2.5],"1.0833":[0,-5,5],"1.4583":[0,0,0],"1.5417":[0,17.5,-7.5],"1.625":[0,0,0],"1.875":[0,0,0],"2.0833":[2.5,30,-7.5]}},"arm_right":{"rotation":{"0.0":[18.31206,-19.51814,-33.17584],"0.25":[18.31,-44.645,-33.18],"0.375":[18.31,-49.52,-33.18],"0.4583":[-2.94,-1.27,-54.43],"0.5417":[-24.19,46.98,-30.68],"0.7083":[-27.78,58.94,-9.02],"0.875":{"pre":[-26.88,57.5,-64.89],"post":[-26.88,57.5,-64.89],"lerp_mode":"catmullrom"},"1.0417":{"post":[-24.19,42.23,-57.93],"lerp_mode":"catmullrom"},"1.1667":{"post":[-9.49,10.8,-39.68],"lerp_mode":"catmullrom"},"1.2917":{"post":[12.56,-12.32,-30.68],"lerp_mode":"catmullrom"},"1.4167":[15.49,-34.1,-30.29],"1.5":[63.31,-53.52,-65.68],"1.5833":[15.49,-34.1,-30.29],"2.0833":[18.31206,-19.51814,-33.17584]}},"arm_right2":{"rotation":{"0.0":[21.46148,13.44812,-22.00942],"0.2917":[21.46,-6.55,-22.01],"0.4167":[21.46,-9.05,-22.01],"0.5":[21.46,-36.55,-22.01],"1.0":[0,47.5,0],"1.2083":[0,65,0],"1.4167":{"pre":[0,47.8,0],"post":[0,47.8,0],"lerp_mode":"catmullrom"},"1.5417":{"post":[0,-5,0],"lerp_mode":"catmullrom"},"1.7083":{"post":[2.33,-19.9,-2.39],"lerp_mode":"catmullrom"},"2.0833":[21.46148,13.44812,-22.00942]},"position":{"1.0417":[0,0,0],"1.1667":[6.25,0,3.5],"1.2917":[0,0,0]},"scale":{"1.0417":[1,1,1],"1.1667":[1.1,0.8,0.8],"1.2917":[1,1,1]}},"arm_blade_right":{"position":{"0.0":[1,0,0],"0.0833":[-7.5,0,0],"0.2917":[-10,0,0],"1.4167":[-10,0,0],"1.5":[-0.33,0,0],"1.5833":[0.89,0,0],"1.625":[0,0,0],"2.0833":[1,0,0]},"scale":{"1.4583":[1,1,1],"1.5":[2.2,1,0.6],"1.5417":[1,1,1]}},"arm_blade_right2":{"position":[0,0,0]},"hand_right":{"rotation":[0,0,-10]},"legs":{"rotation":[0,-32.5,0]},"leg_right":{"rotation":{"0.0":[-32.83102,59.9933,11.24487],"0.3333":[-42.83,59.99,11.24],"0.4167":{"pre":[2.17,59.99,11.24],"post":[2.17,59.99,11.24],"lerp_mode":"catmullrom"},"0.625":{"post":[-6.83,59.99,11.24],"lerp_mode":"catmullrom"},"0.75":[-67.83,59.99,11.24],"0.875":[-60.33,59.99,11.24],"1.25":[-27.83102,59.9933,11.24487],"1.6667":[-27.83102,59.9933,11.24487],"1.9167":[-32.83102,59.9933,11.24487]},"position":{"0.0":[0,0.5,0],"0.25":[0,0.5,0],"0.375":[0,0.25,0],"0.4167":[0,-2.5,0],"0.5417":[0,2.5,0],"0.75":[0,0.5,0]}},"leg_right2":{"rotation":{"0.0":[27.47766,1.15408,-2.21783],"0.3333":[37.48,1.15,-2.22],"0.4167":[2.48,1.15,-2.22],"0.625":[12.48,1.15,-2.22],"0.75":[72.48,1.15,-2.22],"0.875":[67.48,1.15,-2.22],"1.25":[22.47766,1.15408,-2.21783],"1.6667":[22.47766,1.15408,-2.21783],"1.8333":[29.355,1.15,-2.22],"1.9167":[29.97766,1.15408,-2.21783],"2.0833":[27.47766,1.15408,-2.21783]}},"foot_left":{"rotation":{"0.0":[27.5,0,10],"0.2917":[27.5,0,10],"0.4583":[10,0,10],"1.125":[10,0,10],"1.3333":[27.5,0,10]}},"foot_right":{"rotation":{"0.0":[14.99067,0.43399,-2.46207],"0.375":[14.99067,0.43399,-2.46207],"0.5":{"pre":[6.99067,0.43399,-2.46207],"post":[6.99067,0.43399,-2.46207],"lerp_mode":"catmullrom"},"0.6667":{"post":[37.49,0.43,-2.46],"lerp_mode":"catmullrom"},"0.7917":[14.99067,0.43399,-2.46207]}},"body":{"position":{"0.0":[0,-2.9,0],"0.25":[0,-3.8,0],"0.3333":[0,-3.9,0],"0.375":[0,-4.23,0],"0.4583":{"pre":[0,1.7,0],"post":[0,1.7,0],"lerp_mode":"catmullrom"},"0.5833":{"post":[0,3.25,0],"lerp_mode":"catmullrom"},"0.7083":[0,-7.17,0],"0.75":[0,-8.47,0],"0.8333":{"pre":[0,-6.5,0],"post":[0,-6.5,0],"lerp_mode":"catmullrom"},"1.0833":{"post":[0,-5.2,0],"lerp_mode":"catmullrom"},"1.25":{"post":[0,-2.53,0],"lerp_mode":"catmullrom"},"1.4583":{"post":[0,-2.465,0],"lerp_mode":"catmullrom"},"1.6667":[0,-2.75,0],"1.8333":[0,-3.185,0],"1.9583":[0,-2.9,0]},"scale":{"0.3333":[1,1,1],"0.4167":{"pre":[1.1,0.9,1.1],"post":[1.1,0.9,1.1],"lerp_mode":"catmullrom"},"0.5417":{"post":[1,1.1,1],"lerp_mode":"catmullrom"},"0.6667":[1,1,1]}},"chest":{"rotation":{"0.9167":[0,0,0],"1.0":[0,15,0],"1.0833":[0,0,0],"1.4583":[0,0,0],"1.5417":[0,-20,0],"1.625":[0,0,0]}}}}}}