{"format_version":"1.8.0","animations":{"animation.infernape_animeallstars_shiny.saiyan_aura":{"loop":true,"particle_effects":{"0.0":{"effect":"cobblemon:saiyan_rose_aura","locator":"root"}}},"animation.infernape_animeallstars_shiny.saiyan_aura_dust":{"loop":true,"particle_effects":{"0.0":{"effect":"cobblemon:saiyan_aura_dust","locator":"root"}}},"animation.infernape_animeallstars_shiny.saiyan_electricity":{"loop":true,"particle_effects":{"0.0":{"effect":"cobblemon:saiyan_rose_electricity","locator":"root"}}}}}