{"format_version":"1.8.0","animations":{"animation.mewtwo_animeallstars_mega.shoulder_left":{"loop":true,"bones":{"body":{"scale":1},"waist":{"scale":0},"hips":{"scale":0},"star_platinum":{"position":[8,-26,0],"scale":1},"sp_torso":{"rotation":["0-math.sin(query.anim_time*90*1)*2",0,0]},"sp_shoulder_right":{"rotation":[-8.85157,-22.52101,-27.22644]},"sp_arm_right":{"rotation":[162.82321,-53.10479,-158.86784]},"sp_forearm_right":{"rotation":[12.99301,-35.49178,-21.67413]},"sp_hand_right":{"rotation":[0.46903,0.33488,-90.06595]},"sp_shoulder_left":{"rotation":[11.14843,22.52101,27.22644]},"sp_arm_left":{"rotation":[192.00977,60.09986,189.42268]},"sp_forearm_left":{"rotation":[4.11499,42.32092,6.74365]},"sp_hand_left":{"rotation":[0,0,40]},"sp_head":{"rotation":["0-math.sin(query.anim_time*90*1-90)*4",0,0]}}},"animation.mewtwo_animeallstars_mega.shoulder_right":{"loop":true,"bones":{"body":{"scale":1},"waist":{"scale":0},"hips":{"scale":0},"star_platinum":{"position":[-8,-26,0],"scale":1},"sp_torso":{"rotation":["0-math.sin(query.anim_time*90*1)*2",0,0]},"sp_shoulder_right":{"rotation":[-8.85157,-22.52101,-27.22644]},"sp_arm_right":{"rotation":[162.82321,-53.10479,-158.86784]},"sp_forearm_right":{"rotation":[12.99301,-35.49178,-21.67413]},"sp_hand_right":{"rotation":[0.46903,0.33488,-90.06595]},"sp_shoulder_left":{"rotation":[11.14843,22.52101,27.22644]},"sp_arm_left":{"rotation":[192.00977,60.09986,189.42268]},"sp_forearm_left":{"rotation":[4.11499,42.32092,6.74365]},"sp_hand_left":{"rotation":[0,0,40]},"sp_head":{"rotation":["0-math.sin(query.anim_time*90*1-90)*4",0,0]}}}}}