{"format_version":"1.8.0","animations":{"animation.rayquaza_animeallstars.whiskers":{"loop":true,"bones":{"whisker_left":{"rotation":[0,0,"-15+math.sin(query.anim_time*90*1-60*0)*25"]},"whisker_left2":{"rotation":[0,0,"37.5-math.sin(query.anim_time*90*1-60*0)*25+math.sin(query.anim_time*90*1-60*1)*25"]},"whisker_left3":{"rotation":[0,0,"-27.5-math.sin(query.anim_time*90*1-60*1)*25+math.sin(query.anim_time*90*1-60*2)*25"]},"whisker_left4":{"rotation":[0,0,"-5-math.sin(query.anim_time*90*1-60*2)*25+math.sin(query.anim_time*90*1-60*3)*25"]},"whisker_left5":{"rotation":[0,0,"30-math.sin(query.anim_time*90*1-60*3)*25+math.sin(query.anim_time*90*1-60*4)*25"]},"whisker_left6":{"rotation":[0,0,"-30-math.sin(query.anim_time*90*1-60*4)*25+math.sin(query.anim_time*90*1-60*5)*25"]},"whisker_left7":{"rotation":[0,0,"-45-math.sin(query.anim_time*90*1-60*5)*25+math.sin(query.anim_time*90*1-60*6)*25"]},"whisker_left8":{"rotation":[0,0,"-52.5-math.sin(query.anim_time*90*1-60*6)*25+math.sin(query.anim_time*90*1-60*7)*25"]},"leg_left":{"rotation":[0,0,"75+math.sin(query.anim_time*90*1-90)*6"]},"leg_left2":{"rotation":[0,25,"0+math.sin(query.anim_time*90*1-120)*8"]},"leg_left3":{"rotation":[0,-120,"0+math.sin(query.anim_time*90*1-160)*10"]},"foot_left":{"rotation":[100.12436,42.05244,"6.8205+math.sin(query.anim_time*90*1-190)*12 "]},"leg_right":{"rotation":[0,0,"-75-math.sin(query.anim_time*90*1-90)*6"]},"leg_right2":{"rotation":[0,-25,"0-math.sin(query.anim_time*90*1-120)*8"]},"leg_right3":{"rotation":[0,120,"0-math.sin(query.anim_time*90*1-160)*10"]},"foot_right":{"rotation":[100.12436,-42.05244,"-6.8205-math.sin(query.anim_time*90*1-190)*12 "]},"whisker_right":{"rotation":[0,0,"15-math.sin(query.anim_time*90*1-60*0)*25"]},"whisker_right2":{"rotation":[0,0,"-37.5+math.sin(query.anim_time*90*1-60*0)*25-math.sin(query.anim_time*90*1-60*1)*25"]},"whisker_right3":{"rotation":[0,0,"27.5+math.sin(query.anim_time*90*1-60*1)*25-math.sin(query.anim_time*90*1-60*2)*25"]},"whisker_right4":{"rotation":[0,0,"5+math.sin(query.anim_time*90*1-60*2)*25-math.sin(query.anim_time*90*1-60*3)*25"]},"whisker_right5":{"rotation":[0,0,"-30+math.sin(query.anim_time*90*1-60*3)*25-math.sin(query.anim_time*90*1-60*4)*25"]},"whisker_right6":{"rotation":[0,0,"30+math.sin(query.anim_time*90*1-60*4)*25-math.sin(query.anim_time*90*1-60*5)*25"]},"whisker_right7":{"rotation":[0,0,"45+math.sin(query.anim_time*90*1-60*5)*25-math.sin(query.anim_time*90*1-60*6)*25"]},"whisker_right8":{"rotation":[0,0,"52.5+math.sin(query.anim_time*90*1-60*6)*25-math.sin(query.anim_time*90*1-60*7)*25"]}}}}}