{
	"format_version": "1.8.0",
	"animations": {
		"animation.klink.ground_idle": {
			"loop": true,
			"bones": {
				"body": {
					"rotation": [0, 0, "10+8*math.sin(q.anim_time*90*1+180+50)"],
					"position": [1, "0.5*math.sin(q.anim_time*90*1+180+50)", 0]
				},
				"gear1": {
					"rotation": [0, 0, "-22.5-math.mod(q.anim_time*0.5, 1)*360"],
					"position": [0, -0.5, 0]
				},
				"gear2": {
					"rotation": [0, 0, "-22.5+math.mod(q.anim_time*0.5, 1)*360 "],
					"position": [-2.5, -3.8, 0.1]
				}
			}
		},
		"animation.klink.ground_walk": {
			"loop": true,
			"bones": {
				"body": {
					"rotation": [9.96258, 0, "0.8704+8*math.sin(q.anim_time*90*1.5+180+50)"],
					"position": [1, "-0.5+0.6*math.sin(q.anim_time*90*3+180)", "-1.1+0.1*math.sin(q.anim_time*90*6+180)"]
				},
				"gear1": {
					"rotation": [0, 0, "-22.5-  math.mod(q.anim_time*0.6, 1)*360"],
					"position": [0, -0.5, 0]
				},
				"gear2": {
					"rotation": [0, 0, "-22.5+math.mod(q.anim_time*0.6, 1)*360"],
					"position": [-2.5, -3.8, 0.1]
				}
			}
		},
		"animation.klink.battle_idle": {
			"loop": true,
			"bones": {
				"body": {
					"rotation": ["7.5+4*math.sin(q.anim_time*90*1-180)", 0, "-15+16*math.sin(q.anim_time*90*2+180+50)"],
					"position": ["1+0.4*math.sin(q.anim_time*90*1)", "0.5*math.sin(q.anim_time*90*1+180+50)", 0]
				},
				"gear1": {
					"rotation": [0, 0, "-22.5-math.mod(q.anim_time*0.6, 1)*360"],
					"position": [0, -0.5, 0]
				},
				"gear2": {
					"rotation": [0, 0, "-22.5+math.mod(q.anim_time*0.6, 1)*360"],
					"position": [-2.5, -3.8, 0.1]
				}
			}
		},
		"animation.klink.idle_quirk": {
			"animation_length": 2.25,
			"bones": {
				"gear1": {
					"rotation": {
						"0.0": [0, 0, 0],
						"0.25": [0, 0, 0],
						"0.2917": [0, 0, "-49.3-q.anim_time*-90*2"],
						"0.4583": [0, 0, "-49.1-q.anim_time*-90*2"],
						"0.5": [0, 0, 37.5],
						"0.6667": [0, 0, 37.5],
						"0.7083": [0, 0, "-90-q.anim_time*-90*2"],
						"0.9167": [0, 0, "-91.7-q.anim_time*-90*2"],
						"0.9583": [0, 0, 75.5],
						"1.1667": [0, 0, 78.5],
						"1.2083": [0, 0, "-137.1-q.anim_time*-90*2"],
						"1.4583": [0, 0, "-140.8-q.anim_time*-90*2"],
						"1.5": ["math.sin(q.anim_time*90*32-40)*10", 0, 143.5],
						"2.0": [0, 0, 143.5],
						"2.25": [0, 0, 143.5]
					}
				},
				"gear2": {
					"rotation": {
						"0.0": [0, 0, 0],
						"0.25": [0, 0, 0],
						"0.2917": [0, 0, "52.1+q.anim_time*-90*2"],
						"0.4583": [0, 0, "52.1+q.anim_time*-90*2"],
						"0.5": [0, 0, -31],
						"0.6667": [0, 0, -31],
						"0.7083": [0, 0, "92.1+q.anim_time*-90*2"],
						"0.9167": [0, 0, "91.1+q.anim_time*-90*2"],
						"0.9583": [0, 0, -73.6],
						"1.1667": [0, 0, -70.6],
						"1.2083": [0, 0, "137.7+q.anim_time*-90*2"],
						"1.4583": [0, 0, "135.2+q.anim_time*-90*2"],
						"1.5": ["-math.sin(q.anim_time*90*32-40)*10", 0, -122.8],
						"2.0": [0, 0, -123.4],
						"2.25": [0, 0, -123.4]
					}
				}
			}
		},
		"animation.klink.physical": {
			"animation_length": 3,
			"bones": {
				"body": {
					"position": {
						"0.0": {
							"post": [0, -1, 0],
							"lerp_mode": "catmullrom"
						},
						"0.25": {
							"post": [0, -1, -1],
							"lerp_mode": "catmullrom"
						},
						"0.4167": [0, -1, -8.67],
						"0.4583": [0, 1.5, -8.67],
						"0.5": [0, -1.5, -8.67],
						"0.5833": [0, -1, -8.67],
						"0.8333": {
							"pre": [0, -1, -11.9],
							"post": [0, -1, -11.9],
							"lerp_mode": "catmullrom"
						},
						"1.0833": {
							"post": [0, -0.9, -18.2],
							"lerp_mode": "catmullrom"
						},
						"1.25": [0, 2.6, -32],
						"1.2917": [0, "2.6+math.sin(q.anim_time*90*60)*1", "-32+math.sin(q.anim_time*90*60)*3"],
						"1.5833": [0, 2.6, -32],
						"1.8333": {
							"pre": [0, 4.4, -28.13],
							"post": [0, 4.4, -28.13],
							"lerp_mode": "catmullrom"
						},
						"2.4167": {
							"post": [0, -1, -4.3],
							"lerp_mode": "catmullrom"
						},
						"3.0": {
							"post": [0, -1, 0],
							"lerp_mode": "catmullrom"
						}
					}
				},
				"gear1": {
					"rotation": {
						"0.0": {
							"post": [0, 0, 7.5],
							"lerp_mode": "catmullrom"
						},
						"0.0833": {
							"post": [0, 0, 4.5],
							"lerp_mode": "catmullrom"
						},
						"0.25": {
							"post": [-6.24, 0, -32.2],
							"lerp_mode": "catmullrom"
						},
						"0.4167": [-10, -3.8, -119.9],
						"0.4583": [-10, -3.8, -112.9],
						"0.5": [-10, -3.8, -120.57],
						"0.5833": [-10, -3.8, -119.9],
						"0.7917": {
							"pre": [25.63345, 48.97427, 108.6833],
							"post": [25.63345, 48.97427, 108.6833],
							"lerp_mode": "catmullrom"
						},
						"1.0417": {
							"post": [-108.7312, -5.20375, -1.40488],
							"lerp_mode": "catmullrom"
						},
						"1.25": [-8.54569, -86.22633, -98.54569],
						"1.2917": [-8.54569, -71.6263, -98.5457],
						"1.375": [-8.54569, -106.2263, -98.5457],
						"1.5833": [-8.54569, -86.22633, -98.54569],
						"1.9167": {
							"pre": [-23.77588, -8.51261, -365.03728],
							"post": [-23.77588, -8.51261, -365.03728],
							"lerp_mode": "catmullrom"
						},
						"2.2083": {
							"post": [-6.91805, -1.14082, -404.24939],
							"lerp_mode": "catmullrom"
						},
						"2.625": {
							"post": [13.06338, -11.89537, -68.17477],
							"lerp_mode": "catmullrom"
						},
						"3.0": {
							"post": [0, 0, 7.5],
							"lerp_mode": "catmullrom"
						}
					},
					"position": {
						"0.0": {
							"post": [0.5, 1, 0],
							"lerp_mode": "catmullrom"
						},
						"0.0417": {
							"post": [0.5, 1, 0],
							"lerp_mode": "catmullrom"
						},
						"0.1667": {
							"post": [5.5, 1.16, 0],
							"lerp_mode": "catmullrom"
						},
						"0.3333": {
							"post": [7.8, 13.2, 0],
							"lerp_mode": "catmullrom"
						},
						"0.4167": [0, 12, 0],
						"0.625": [0, 12, -1],
						"0.875": {
							"pre": [23.54, 16.3, 0],
							"post": [23.54, 16.3, 0],
							"lerp_mode": "catmullrom"
						},
						"1.125": {
							"post": [21.9, 13.09, 0],
							"lerp_mode": "catmullrom"
						},
						"1.25": [15.125, 0, 0],
						"1.2917": ["-5.9+math.sin(q.anim_time*90*90)*2", 0, 0],
						"1.3333": ["math.sin(q.anim_time*90*90)*2", 0, 0],
						"1.5833": [0, 0, 0],
						"1.7083": {
							"pre": [14.05, 9.9, 0],
							"post": [14.05, 9.9, 0],
							"lerp_mode": "catmullrom"
						},
						"2.0833": {
							"post": [20.05, 10.4, 0],
							"lerp_mode": "catmullrom"
						},
						"2.5": {
							"post": [3.55, -0.8, 0],
							"lerp_mode": "catmullrom"
						},
						"3.0": {
							"post": [0.5, 1, 0],
							"lerp_mode": "catmullrom"
						}
					},
					"scale": {
						"1.25": [1, 1, 1],
						"1.2917": [1.2, 0.8, 1.2],
						"1.4167": [1, 1, 1]
					}
				},
				"gear2": {
					"rotation": {
						"0.0": {
							"post": [0, 0, -15],
							"lerp_mode": "catmullrom"
						},
						"0.0833": {
							"post": [0, 0, -15],
							"lerp_mode": "catmullrom"
						},
						"0.25": {
							"post": [0, 6.54, -86.52],
							"lerp_mode": "catmullrom"
						},
						"0.4167": [0, -6.6, -153.9],
						"0.4583": [0, -6.6, -158.8],
						"0.5": [0, -6.6, -153.9],
						"0.5833": [0, -6.6, -153.9],
						"0.7917": {
							"pre": [15.66232, 46.24708, 64.05407],
							"post": [15.66232, 46.24708, 64.05407],
							"lerp_mode": "catmullrom"
						},
						"1.0": {
							"post": [45.16473, 70.63003, 113.54567],
							"lerp_mode": "catmullrom"
						},
						"1.25": [-88.77428, -1.4447, -65.11127],
						"1.5833": [-88.77428, -1.4447, -65.11127],
						"1.9167": {
							"pre": [66.65178, 19.59599, 118.78266],
							"post": [66.65178, 19.59599, 118.78266],
							"lerp_mode": "catmullrom"
						},
						"2.25": {
							"post": [13.8, 0, 178.5],
							"lerp_mode": "catmullrom"
						},
						"2.625": {
							"post": [0, 0, -15],
							"lerp_mode": "catmullrom"
						},
						"3.0": {
							"post": [0, 0, -15],
							"lerp_mode": "catmullrom"
						}
					},
					"position": {
						"0.0": {
							"post": [0, 0.5, 0],
							"lerp_mode": "catmullrom"
						},
						"0.0417": {
							"post": [0, 0.5, 0],
							"lerp_mode": "catmullrom"
						},
						"0.1667": {
							"post": [-4.75, -2.05, -0.44],
							"lerp_mode": "catmullrom"
						},
						"0.2917": {
							"post": [-7.42, -7.65, -0.62],
							"lerp_mode": "catmullrom"
						},
						"0.4167": [1.25, -4.25, 0],
						"0.5833": [1.25, -4.25, 0],
						"0.8333": {
							"pre": [-22.96, -8.51, 0],
							"post": [-22.96, -8.51, 0],
							"lerp_mode": "catmullrom"
						},
						"1.125": {
							"post": [-22.96, -11.31, 0],
							"lerp_mode": "catmullrom"
						},
						"1.25": [-16.8, -10, -0.5],
						"1.2917": ["2.25-math.sin(q.anim_time*90*90)*2", -10, -0.5],
						"1.3333": ["-2.75-math.sin(q.anim_time*90*90)*2", -10, -0.5],
						"1.5833": [-2.75, -10, -0.5],
						"1.875": {
							"pre": [-18.49, -13.7, -0.45],
							"post": [-18.49, -13.7, -0.45],
							"lerp_mode": "catmullrom"
						},
						"2.1667": {
							"post": [-18.49, -13.1, -0.45],
							"lerp_mode": "catmullrom"
						},
						"2.5": {
							"post": [-3.01, 1.06, -0.32],
							"lerp_mode": "catmullrom"
						},
						"3.0": {
							"post": [0, 0.5, 0],
							"lerp_mode": "catmullrom"
						}
					},
					"scale": {
						"1.25": [1, 1, 1],
						"1.2917": [0.8, 1.2, 1.39],
						"1.4167": [1, 1, 1]
					}
				}
			}
		},
		"animation.klink.special": {
			"animation_length": 3,
			"bones": {
				"body": {
					"rotation": {
						"0.0": {
							"post": [0, 0, 0],
							"lerp_mode": "catmullrom"
						},
						"1.25": [0, 0, -42.5],
						"2.0": [0, 0, -42.5],
						"3.0": {
							"pre": [0, 0, 0],
							"post": [0, 0, 0],
							"lerp_mode": "catmullrom"
						}
					},
					"position": {
						"0.0": {
							"post": [0, -1, 0],
							"lerp_mode": "catmullrom"
						},
						"0.625": {
							"post": [0, -4.99, 0.5],
							"lerp_mode": "catmullrom"
						},
						"1.0": {
							"post": [0, -0.86, -2.49],
							"lerp_mode": "catmullrom"
						},
						"1.25": [0, 4, -8],
						"1.2917": [0, "4+math.sin(q.anim_time*90*60)*0.7", "-8+math.sin(q.anim_time*90*60)*0.4"],
						"1.9583": [0, 4, -8],
						"2.0": [0, 4, -8],
						"3.0": {
							"pre": [0, -1, 0],
							"post": [0, -1, 0],
							"lerp_mode": "catmullrom"
						}
					}
				},
				"gear1": {
					"rotation": {
						"0.0": {
							"post": [0, 0, 7.5],
							"lerp_mode": "catmullrom"
						},
						"0.25": {
							"post": [0, 0, -6.5],
							"lerp_mode": "catmullrom"
						},
						"0.5833": {
							"post": [21.7, 0, -57.5],
							"lerp_mode": "catmullrom"
						},
						"0.875": {
							"post": [21.7, 0, -175.9],
							"lerp_mode": "catmullrom"
						},
						"1.0": [23.1, 0, -197.04],
						"1.0833": [23.31, 0, -197.45],
						"1.125": {
							"pre": [23.31, 0, -197.45],
							"post": [23.31, 0, -1277.45]
						},
						"1.25": [0, 0, -1140.975],
						"1.5417": {
							"pre": [-1.69, 0, -701.345],
							"post": [-1.69, 0, -701.345],
							"lerp_mode": "catmullrom"
						},
						"1.75": {
							"post": [-1.06, 0, -392.68],
							"lerp_mode": "catmullrom"
						},
						"2.0": {
							"post": [0, 0, -170.15],
							"lerp_mode": "catmullrom"
						},
						"2.25": {
							"post": [0.08, 0, -63.345],
							"lerp_mode": "catmullrom"
						},
						"2.7083": [0, 0, 2.45],
						"2.7917": [0, 0, 5.65],
						"3.0": {
							"pre": [0, 0, 7.5],
							"post": [0, 0, 7.5],
							"lerp_mode": "catmullrom"
						}
					},
					"position": {
						"0.0": {
							"post": [0.5, 1, 0],
							"lerp_mode": "catmullrom"
						},
						"0.375": {
							"post": [1.5, 1.1, 0],
							"lerp_mode": "catmullrom"
						},
						"0.75": {
							"post": [8.1, 3.5, 0],
							"lerp_mode": "catmullrom"
						},
						"1.0833": {
							"post": [7.1, 3.5, 0],
							"lerp_mode": "catmullrom"
						},
						"1.2083": [0.5, 1, 0],
						"1.25": [0.5, "1+math.sin(q.anim_time*90*60)*0.3", 0],
						"1.5833": [0.5, 1, 0],
						"2.0": [0.5, 1, 0],
						"2.2917": {
							"pre": [1.5, 0, 0],
							"post": [1.5, 0, 0],
							"lerp_mode": "catmullrom"
						},
						"2.5833": {
							"post": [1.2, 0.7, 0],
							"lerp_mode": "catmullrom"
						},
						"3.0": {
							"post": [0.5, 1, 0],
							"lerp_mode": "catmullrom"
						}
					}
				},
				"gear2": {
					"rotation": {
						"0.0": {
							"post": [0, 0, -15],
							"lerp_mode": "catmullrom"
						},
						"0.25": {
							"post": [0, 0, -6.5],
							"lerp_mode": "catmullrom"
						},
						"0.5833": {
							"post": [17.2, 0, 48.4],
							"lerp_mode": "catmullrom"
						},
						"0.875": {
							"post": [17.2, 0, 163],
							"lerp_mode": "catmullrom"
						},
						"0.9583": [17.2, 0, 196.4],
						"1.0": [18.27, 0, 215.96],
						"1.0417": {
							"pre": [18.27, 0, 215.96],
							"post": [18.67, 0, 1297.72]
						},
						"1.125": [17.2, 0, 1263.8],
						"1.25": {
							"pre": [0, 0, 1062],
							"post": [0, 0, 1062],
							"lerp_mode": "catmullrom"
						},
						"1.4167": {
							"post": [-1.63, 0, 703.43],
							"lerp_mode": "catmullrom"
						},
						"1.5833": {
							"post": [-1.15, 0, 380.01],
							"lerp_mode": "catmullrom"
						},
						"1.75": {
							"post": [-1.41, 0, 118.555],
							"lerp_mode": "catmullrom"
						},
						"1.9167": [-0.03, 0, -59.585],
						"2.2083": {
							"pre": [0, 0, -173.425],
							"post": [0, 0, -173.425],
							"lerp_mode": "catmullrom"
						},
						"2.5": {
							"post": [0, 0, -117.995],
							"lerp_mode": "catmullrom"
						},
						"2.7083": {
							"post": [0, 0, -28.405],
							"lerp_mode": "catmullrom"
						},
						"2.875": [0, 0, -15]
					},
					"position": {
						"0.0": {
							"post": [0, 0.5, 0],
							"lerp_mode": "catmullrom"
						},
						"0.5833": {
							"post": [-6.5, 2.6, 0],
							"lerp_mode": "catmullrom"
						},
						"1.0": {
							"post": [-8.1, 3.5, 0],
							"lerp_mode": "catmullrom"
						},
						"1.2083": [-0.99, 0.87, 0],
						"1.25": ["0+math.sin(q.anim_time*90*60)*-0.3", 0.5, 0],
						"2.0": [0, 0.5, 0],
						"2.2917": {
							"pre": [0, 0.8, 0],
							"post": [0, 0.8, 0],
							"lerp_mode": "catmullrom"
						},
						"2.5417": {
							"post": [-1.74, 2.215, 0],
							"lerp_mode": "catmullrom"
						},
						"2.75": {
							"post": [-1.05, 2.175, 0],
							"lerp_mode": "catmullrom"
						},
						"2.9167": {
							"post": [-0.2, 0.7, 0],
							"lerp_mode": "catmullrom"
						},
						"3.0": {
							"post": [0, 0.5, 0],
							"lerp_mode": "catmullrom"
						}
					}
				}
			}
		},
		"animation.klink.status": {
			"animation_length": 3,
			"bones": {
				"body": {
					"rotation": {
						"0.0": [0, 0, 0],
						"0.2083": [0, 0, 0],
						"0.25": {
							"pre": [0, 0, 0],
							"post": [0, 0, 360]
						},
						"0.375": [0, 0, 356.63],
						"0.5": [0, 0, 336.45],
						"0.7917": {
							"pre": [0, 0, 135.8],
							"post": [0, 0, 135.8],
							"lerp_mode": "catmullrom"
						},
						"0.9583": {
							"post": [0, 0, 31.54],
							"lerp_mode": "catmullrom"
						},
						"1.1667": [0, 0, -20.75],
						"1.25": [0, 0, -20.75],
						"1.4167": [0, 0, -60.55],
						"1.5833": [0, 0, -60.55],
						"1.75": [0, 0, -16.85],
						"1.9167": [0, 0, -16.85],
						"2.0417": [0, 0, -60.55],
						"2.1667": [0, 0, -60.55],
						"2.4167": {
							"pre": [0, 0, -12.99],
							"post": [0, 0, -12.99],
							"lerp_mode": "catmullrom"
						},
						"2.7083": [0, 0, -0.25],
						"2.9583": [0, 0, -0.25],
						"3.0": {
							"pre": [0, 0, 0],
							"post": [0, 0, 0],
							"lerp_mode": "catmullrom"
						}
					},
					"position": {
						"0.0": {
							"post": [0, -1, 0],
							"lerp_mode": "catmullrom"
						},
						"0.75": {
							"post": [0, 0, 3],
							"lerp_mode": "catmullrom"
						},
						"1.25": {
							"post": [0, 4, -2],
							"lerp_mode": "catmullrom"
						},
						"1.4583": {
							"post": [0, 4, -2],
							"lerp_mode": "catmullrom"
						},
						"2.125": {
							"post": [0, 4, -2],
							"lerp_mode": "catmullrom"
						},
						"2.4583": {
							"post": [0, -0.2, 1],
							"lerp_mode": "catmullrom"
						},
						"3.0": {
							"post": [0, -1, 0],
							"lerp_mode": "catmullrom"
						}
					}
				},
				"gear1": {
					"rotation": {
						"0.0": {
							"post": [0, 0, 7.5],
							"lerp_mode": "catmullrom"
						},
						"0.5417": {
							"post": [0, 0, 23.1],
							"lerp_mode": "catmullrom"
						},
						"0.8333": {
							"post": [0, 0, 256.5],
							"lerp_mode": "catmullrom"
						},
						"1.125": [0, 0, 58.3],
						"1.25": [0, 0, 58.3],
						"1.4167": [0, 0, 123.5],
						"1.5833": [0, 0, 123.5],
						"1.75": [0, 0, 169.5],
						"1.9167": [0, 0, 171.5],
						"2.0833": [0, 0, 216.5],
						"2.25": [0, 0, 216.5],
						"2.5833": {
							"pre": [0, 0, 33.7],
							"post": [0, 0, 33.7],
							"lerp_mode": "catmullrom"
						},
						"3.0": {
							"post": [0, 0, 7.5],
							"lerp_mode": "catmullrom"
						}
					},
					"position": {
						"0.0": {
							"post": [0.5, 1, 0],
							"lerp_mode": "catmullrom"
						},
						"0.4583": [0.5, 1, 0],
						"0.7083": {
							"pre": [2.5, 0, 0],
							"post": [2.5, 0, 0],
							"lerp_mode": "catmullrom"
						},
						"0.9583": {
							"post": [2.5, 0, 0],
							"lerp_mode": "catmullrom"
						},
						"1.1667": [0.5, 1, 0],
						"3.0": [0.5, 1, 0]
					}
				},
				"gear2": {
					"rotation": {
						"0.0": {
							"post": [0, 0, -15],
							"lerp_mode": "catmullrom"
						},
						"0.5417": {
							"post": [0, 0, 4.1],
							"lerp_mode": "catmullrom"
						},
						"0.8333": {
							"post": [0, 0, 237.5],
							"lerp_mode": "catmullrom"
						},
						"1.125": [0, 0, 4.5],
						"1.25": [0, 0, 4.5],
						"1.4167": [0, 0, -60.7],
						"1.5833": [0, 0, -60.7],
						"1.75": [0, 0, -106.7],
						"1.9167": [0, 0, -106.7],
						"2.0833": [0, 0, -153.7],
						"2.25": [0, 0, -153.7],
						"2.5417": {
							"pre": [0, 0, -39.7],
							"post": [0, 0, -39.7],
							"lerp_mode": "catmullrom"
						},
						"3.0": {
							"post": [0, 0, -15],
							"lerp_mode": "catmullrom"
						}
					},
					"position": {
						"0.0": [0, 0.5, 0],
						"0.4583": [0, 0.5, 0],
						"0.7083": {
							"pre": [-2.5, 1, 0],
							"post": [-2.5, 1, 0],
							"lerp_mode": "catmullrom"
						},
						"0.9583": {
							"post": [-2.5, 1, 0],
							"lerp_mode": "catmullrom"
						},
						"1.1667": [0, 0.5, 0],
						"3.0": [0, 0.5, 0]
					}
				}
			}
		},
		"animation.klink.battle_cry": {
			"animation_length": 3,
			"bones": {
				"body": {
					"rotation": {
						"0.0": [0, 0, 0],
						"0.2083": [0, 0, 0],
						"0.25": {
							"pre": [0, 0, 0],
							"post": [0, 0, 360]
						},
						"0.375": [0, 0, 356.63],
						"0.5": [0, 0, 336.45],
						"0.7917": {
							"pre": [0, 0, 135.8],
							"post": [0, 0, 135.8],
							"lerp_mode": "catmullrom"
						},
						"0.9583": {
							"post": [0, 0, 31.54],
							"lerp_mode": "catmullrom"
						},
						"1.1667": [0, 0, -20.75],
						"1.25": [0, 0, -20.75],
						"1.4167": [0, 0, -60.55],
						"1.5833": [0, 0, -60.55],
						"1.75": [0, 0, -16.85],
						"1.9167": [0, 0, -16.85],
						"2.0417": [0, 0, -60.55],
						"2.1667": [0, 0, -60.55],
						"2.4167": {
							"pre": [0, 0, -12.99],
							"post": [0, 0, -12.99],
							"lerp_mode": "catmullrom"
						},
						"2.7083": [0, 0, -0.25],
						"2.9583": [0, 0, -0.25],
						"3.0": {
							"pre": [0, 0, 0],
							"post": [0, 0, 0],
							"lerp_mode": "catmullrom"
						}
					},
					"position": {
						"0.0": {
							"post": [0, -1, 0],
							"lerp_mode": "catmullrom"
						},
						"0.75": {
							"post": [0, 0, 3],
							"lerp_mode": "catmullrom"
						},
						"1.25": {
							"post": [0, 4, -2],
							"lerp_mode": "catmullrom"
						},
						"1.4583": {
							"post": [0, 4, -2],
							"lerp_mode": "catmullrom"
						},
						"2.125": {
							"post": [0, 4, -2],
							"lerp_mode": "catmullrom"
						},
						"2.4583": {
							"post": [0, -0.2, 1],
							"lerp_mode": "catmullrom"
						},
						"3.0": {
							"post": [0, -1, 0],
							"lerp_mode": "catmullrom"
						}
					}
				},
				"gear1": {
					"rotation": {
						"0.0": {
							"post": [0, 0, 7.5],
							"lerp_mode": "catmullrom"
						},
						"0.5417": {
							"post": [0, 0, 23.1],
							"lerp_mode": "catmullrom"
						},
						"0.8333": {
							"post": [0, 0, 256.5],
							"lerp_mode": "catmullrom"
						},
						"1.125": [0, 0, 58.3],
						"1.25": [0, 0, 58.3],
						"1.4167": [0, 0, 123.5],
						"1.5833": [0, 0, 123.5],
						"1.75": [0, 0, 169.5],
						"1.9167": [0, 0, 171.5],
						"2.0833": [0, 0, 216.5],
						"2.25": [0, 0, 216.5],
						"2.5833": {
							"pre": [0, 0, 33.7],
							"post": [0, 0, 33.7],
							"lerp_mode": "catmullrom"
						},
						"3.0": {
							"post": [0, 0, 7.5],
							"lerp_mode": "catmullrom"
						}
					},
					"position": {
						"0.0": {
							"post": [0.5, 1, 0],
							"lerp_mode": "catmullrom"
						},
						"0.4583": [0.5, 1, 0],
						"0.7083": {
							"pre": [2.5, 0, 0],
							"post": [2.5, 0, 0],
							"lerp_mode": "catmullrom"
						},
						"0.9583": {
							"post": [2.5, 0, 0],
							"lerp_mode": "catmullrom"
						},
						"1.1667": [0.5, 1, 0],
						"3.0": [0.5, 1, 0]
					}
				},
				"gear2": {
					"rotation": {
						"0.0": {
							"post": [0, 0, -15],
							"lerp_mode": "catmullrom"
						},
						"0.5417": {
							"post": [0, 0, 4.1],
							"lerp_mode": "catmullrom"
						},
						"0.8333": {
							"post": [0, 0, 237.5],
							"lerp_mode": "catmullrom"
						},
						"1.125": [0, 0, 4.5],
						"1.25": [0, 0, 4.5],
						"1.4167": [0, 0, -60.7],
						"1.5833": [0, 0, -60.7],
						"1.75": [0, 0, -106.7],
						"1.9167": [0, 0, -106.7],
						"2.0833": [0, 0, -153.7],
						"2.25": [0, 0, -153.7],
						"2.5417": {
							"pre": [0, 0, -39.7],
							"post": [0, 0, -39.7],
							"lerp_mode": "catmullrom"
						},
						"3.0": {
							"post": [0, 0, -15],
							"lerp_mode": "catmullrom"
						}
					},
					"position": {
						"0.0": [0, 0.5, 0],
						"0.4583": [0, 0.5, 0],
						"0.7083": {
							"pre": [-2.5, 1, 0],
							"post": [-2.5, 1, 0],
							"lerp_mode": "catmullrom"
						},
						"0.9583": {
							"post": [-2.5, 1, 0],
							"lerp_mode": "catmullrom"
						},
						"1.1667": [0, 0.5, 0],
						"3.0": [0, 0.5, 0]
					}
				}
			},
			"sound_effects": {
				"1.25": {
					"effect": "pokemon.klink.cry"
				}
			}
		},
		"animation.klink.faint": {
			"animation_length": 3,
			"bones": {
				"body": {
					"rotation": {
						"0.0": [0, 0, 0],
						"0.0417": [0, 0, -46],
						"0.125": [0, 0, -75],
						"0.4583": [0, 0, -72.5],
						"0.5417": [0, 0, -43.83],
						"0.5833": [0, 0, 7.5],
						"1.0": [0, 0, 12.5],
						"1.0833": [0, 0, 32.33],
						"1.125": [0, 0, 90]
					},
					"position": {
						"0.0": [0, 0, 0],
						"0.0833": [1, 0, 0],
						"0.125": [-1, 0, 0],
						"0.2083": [0.5, 0, 0],
						"0.2917": [-0.5, 0, 0],
						"0.5417": [-0.5, 0, 0],
						"0.625": [1, 0, 0],
						"0.6667": [-1, 0, 0],
						"0.75": [0.5, 0, 0],
						"0.8333": [-0.5, 0, 0]
					}
				},
				"gear1": {
					"rotation": {
						"0.0": [0, 0, -246.5],
						"0.2083": [0, 0, -111],
						"0.4583": [0, 0, -111],
						"1.0": [0, 0, 1],
						"1.125": [0, 0, -90],
						"1.2083": [0, 0, -134.75],
						"1.2917": [0, 0, -155.5],
						"1.375": [0, -9, -169.5],
						"1.4583": [0, -72, -172.5],
						"1.5417": [0, -85, -172.5],
						"1.7083": [-94.99034, -89.56436, -84.99066]
					},
					"position": {
						"1.0417": [0, 0, 0],
						"1.125": [-2.83, -2.33, 0],
						"1.1667": [-3.5, -4, 0],
						"1.25": [-3, -6, 0],
						"1.3333": [-1.5, -7, 0],
						"1.375": [4, -7.25, 0],
						"1.4167": [4.75, -7.25, 2],
						"1.4583": [1, -7.25, 3],
						"1.5417": [-0.45, -7.25, 4],
						"1.625": [0.25, -7.25, 4.25],
						"1.6667": [1.25, -7.25, 4.25],
						"1.7083": [8, -7.25, 4.25],
						"1.75": [7, -7.25, 4.25],
						"1.8333": [6.5, -7.25, 4.25],
						"1.9167": [8.075, -7.25, 4.25],
						"2.0833": [7.85, -7.25, 4.25],
						"2.1667": [8.075, -7.25, 4.25],
						"2.2083": [8.05, -7.25, 4.25],
						"2.25": [8.075, -7.25, 4.25]
					}
				},
				"gear2": {
					"rotation": {
						"0.0": [0, 0, 246.5],
						"0.2083": [0, 0, 111],
						"0.4583": [0, 0, 111],
						"1.0417": [0, 0, 0],
						"1.2083": [0, 0, 160],
						"1.3333": [0, 0, 223.75],
						"1.4583": [0, 0, 237.5],
						"1.625": [8.15559, 0.24257, 231.88011],
						"1.7917": [78.91492, 0.64686, 222.51363],
						"1.9167": [91.33467, 1.20236, 217.54392],
						"2.0": [91.33467, 1.20236, 217.54392],
						"2.0417": [85.83467, 1.20236, 217.54392],
						"2.125": [93.83467, 1.20236, 217.54392],
						"2.2083": [88.78096, 1.25943, 215.044]
					},
					"position": {
						"1.0417": [0, 0, 0],
						"1.125": [-1.67, 2.5, 0],
						"1.25": [-2.25, 4.25, 0],
						"1.375": [-2.5, 5.5, 0],
						"1.5": [-2.25, 6.5, 0],
						"1.5417": [-1, 6.67, 0],
						"1.625": [10.5, 6.75, 0],
						"1.6667": [12.5, 6.75, -2.075],
						"1.7083": [7.5, 6.75, -4.3],
						"1.7917": [5.25, 6.75, -6.775],
						"1.9167": [7, 6.75, -8.65],
						"1.9583": [13.1, 6.75, -8.65],
						"2.0": [15.5, 6.75, -8.65],
						"2.0417": [14, 6.75, -8.65],
						"2.0833": [13.25, 6.75, -8.65],
						"2.125": [12.7, 6.75, -8.65],
						"2.2083": [14.925, 6.75, -8.65],
						"2.2917": [14.4, 6.75, -8.65],
						"2.375": [15, 6.75, -8.65]
					}
				}
			}
		},
		"animation.klink.cry": {
			"animation_length": 1.75,
			"bones": {
				"body": {
					"rotation": {
						"0.0": [0, 0, 0],
						"0.1667": {
							"pre": [0, 0, -2.5],
							"post": [0, 0, -2.5],
							"lerp_mode": "catmullrom"
						},
						"0.4167": {
							"post": [-10.7, -9, -32.9],
							"lerp_mode": "catmullrom"
						},
						"0.8333": {
							"post": [-10.7, -9, -32.9],
							"lerp_mode": "catmullrom"
						},
						"1.1667": {
							"post": [-10.7, -9, -36],
							"lerp_mode": "catmullrom"
						},
						"1.4167": {
							"post": [0, 0, -7.5],
							"lerp_mode": "catmullrom"
						},
						"1.75": [0, 0, 0]
					},
					"position": {
						"0.0": {
							"post": [0, 0, 0],
							"lerp_mode": "catmullrom"
						},
						"0.3333": {
							"post": [0, -0.5, 0],
							"lerp_mode": "catmullrom"
						},
						"0.5": {
							"post": [0, 0, -0.8],
							"lerp_mode": "catmullrom"
						},
						"0.7083": {
							"post": [0, 3, -1],
							"lerp_mode": "catmullrom"
						},
						"1.125": {
							"post": [0, 5, -0.8],
							"lerp_mode": "catmullrom"
						},
						"1.3333": {
							"post": [0, 0, 0],
							"lerp_mode": "catmullrom"
						},
						"1.75": {
							"post": [0, 0, 0],
							"lerp_mode": "catmullrom"
						}
					}
				},
				"gear1": {
					"rotation": {
						"0.0": [0, 0, 0],
						"0.4167": [0, 0, 0],
						"0.5": ["math.sin(q.anim_time*90*40)*5 ", 0, 0],
						"1.1667": [0, 0, 0],
						"1.75": [0, 0, 0]
					}
				},
				"gear2": {
					"rotation": {
						"0.0": [0, 0, 0],
						"0.4167": [0, 0, 0],
						"0.5": ["-math.sin(q.anim_time*90*40)*5 ", 0, 0],
						"1.1667": [0, 0, 0],
						"1.75": [0, 0, 0]
					}
				}
			},
			"sound_effects": {
				"0.4167": {
					"effect": "pokemon.klink.cry"
				}
			}
		},
		"animation.klink.sleep": {
			"loop": true,
			"bones": {
				"body": {
					"rotation": ["32.5+Math.cos((query.anim_time-2.5) * 90 * 0.4) * 10", 0, "Math.cos((query.anim_time-1) * 90 * 0.4) * -20"],
					"position": [0, "Math.cos((query.anim_time-1.6) * 90 * 0.4) * 1", 0]
				},
				"gear1": {
					"rotation": [0, 0, "Math.cos((query.anim_time) * 90 * 0.4) * 30"]
				},
				"gear2": {
					"rotation": [0, 0, "Math.cos((query.anim_time) * 90 * 0.4) * -30"]
				}
			}
		},
		"animation.klink.recoil": {
			"animation_length": 1.5,
			"bones": {
				"body": {
					"position": {
						"0.0": [0, 0, 0],
						"0.0417": [0, 1.5, 2.51],
						"0.125": [0, 2.4, 5.37],
						"0.2083": [0, 2.6, 5.77],
						"0.5417": {
							"pre": [0, -0.2, -1.43],
							"post": [0, -0.2, -1.43],
							"lerp_mode": "catmullrom"
						},
						"0.9583": {
							"post": [0, 0.4, 0.19],
							"lerp_mode": "catmullrom"
						},
						"1.2917": {
							"post": [0, -0.4, 0],
							"lerp_mode": "catmullrom"
						},
						"1.5": [0, 0, 0]
					}
				},
				"gear1": {
					"rotation": {
						"0.0": {
							"post": [0, 0, 0],
							"lerp_mode": "catmullrom"
						},
						"0.125": {
							"post": [-48.5, 27.4, -70],
							"lerp_mode": "catmullrom"
						},
						"0.375": {
							"post": [13.7, -36, 54],
							"lerp_mode": "catmullrom"
						},
						"0.5833": {
							"post": [0, 21, -35.5],
							"lerp_mode": "catmullrom"
						},
						"0.8333": {
							"post": [0, 0, 13.7],
							"lerp_mode": "catmullrom"
						},
						"1.1667": {
							"post": [0, 0, 0],
							"lerp_mode": "catmullrom"
						},
						"1.5": {
							"post": [0, 0, 0],
							"lerp_mode": "catmullrom"
						}
					},
					"position": {
						"0.0": {
							"post": [0, 0, 0],
							"lerp_mode": "catmullrom"
						},
						"0.125": {
							"post": [2.3, 1.5, 0],
							"lerp_mode": "catmullrom"
						},
						"0.2917": {
							"post": [0, 0, 0],
							"lerp_mode": "catmullrom"
						},
						"0.4583": {
							"post": [0.9, 0.9, 0],
							"lerp_mode": "catmullrom"
						},
						"0.6667": {
							"post": [0, 0, 0],
							"lerp_mode": "catmullrom"
						},
						"1.5": [0, 0, 0]
					}
				},
				"gear2": {
					"rotation": {
						"0.0": {
							"post": [0, 0, 0],
							"lerp_mode": "catmullrom"
						},
						"0.125": {
							"post": [-28, 27.4, 45],
							"lerp_mode": "catmullrom"
						},
						"0.375": {
							"post": [44.7, -36, -50.4],
							"lerp_mode": "catmullrom"
						},
						"0.5833": {
							"post": [0, 21, 24.2],
							"lerp_mode": "catmullrom"
						},
						"0.8333": {
							"post": [0, 0, -33.3],
							"lerp_mode": "catmullrom"
						},
						"1.1667": {
							"post": [0, 0, 0],
							"lerp_mode": "catmullrom"
						},
						"1.5": {
							"post": [0, 0, 0],
							"lerp_mode": "catmullrom"
						}
					},
					"position": {
						"0.0": {
							"post": [0, 0, 0],
							"lerp_mode": "catmullrom"
						},
						"0.125": {
							"post": [-4, 1.5, 0],
							"lerp_mode": "catmullrom"
						},
						"0.2917": {
							"post": [0, 0, 0],
							"lerp_mode": "catmullrom"
						},
						"0.4583": {
							"post": [-1.5, 0.9, 0],
							"lerp_mode": "catmullrom"
						},
						"0.6667": [0, 0, 0],
						"1.5": [0, 0, 0]
					}
				}
			}
		},
		"animation.klink.render": {
			"loop": true,
			"bones": {
				"body": {
					"rotation": [-17.5, 25, -12.5]
				},
				"gear1": {
					"rotation": [2.64365, 10.04191, 0.66196],
					"position": [0, 0, 1]
				},
				"gear2": {
					"rotation": [0.55404, -12.48791, -2.56062],
					"position": [-0.25, -0.5, 0]
				}
			}
		}
	}
}