{"format_version":"1.8.0","animations":{"animation.malamar.ground_idle":{"loop":true,"bones":{"bone2":{"rotation":[0,0,50]},"bone3":{"rotation":[0,0,10],"position":[0,-0.3,0]},"bone4":{"rotation":[0,0,15],"position":[0,-0.5,0]},"bone5":{"rotation":[0,0,10],"position":[0,-0.3,0]},"bone6":{"rotation":[0,0,-20],"position":[0,0.7,0]},"bone7":{"rotation":[0,0,-17.5],"position":[0,0.7,0]},"bone8":{"rotation":[0,0,-25],"position":[0,1,0]},"bone9":{"rotation":[0,0,-15],"position":[0,0.5,0]},"bone10":{"rotation":[0,0,-12.5],"position":[0,0.5,0]},"headdd":{"position":[0,1,0]},"bodyoutsidefront":{"position":[0,1,0]},"bone20":{"rotation":[0,0,2.5]},"bone21":{"rotation":[-5,0,2.5]},"bone22":{"rotation":[-4.99527,0.21782,2.4905]},"bone23":{"rotation":[-7.49294,0.32621,2.47864]},"bone24":{"rotation":[-7.5,0,5]},"bone25":{"rotation":[0,0,-12.5]},"bone26":{"rotation":[-10,0,0]},"bone27":{"rotation":[0,0,-7.5]},"bone28":{"rotation":[0,0,10]},"bone29":{"rotation":[0,0,-17.5]},"bone30":{"rotation":[0,0,12.5]},"bone31":{"rotation":[0,0,10]},"bone32":{"rotation":[-14.85108,1.72794,9.85108]},"bone33":{"rotation":[-5,0,10]},"bone34":{"rotation":[0,0,-20],"position":[-0.5,0,0]},"bone35":{"rotation":[0,0,-10]},"bone36":{"rotation":[0,0,15]},"bone37":{"rotation":[-12.45392,1.08089,4.88206]},"bone38":{"rotation":[0,-2.5,-2.5]},"bone39":{"rotation":[0,0,-5]},"bone40":{"rotation":[0,0,7.5]},"bone41":{"rotation":[0,0,-7.5]},"bone42":{"rotation":[0,0,10]},"bone43":{"rotation":[0,0,7.5]},"bone44":{"rotation":[-5,0,0]},"bone45":{"rotation":[0,0,-7.5]},"bone46":{"rotation":[0,0,-7.5]},"bone47":{"rotation":[0,0,10]},"bone48":{"rotation":[0,0,12.5]},"bone49":{"rotation":[0,0,15]},"bone50":{"rotation":[-7.45999,-0.76022,-7.4552]},"bone51":{"rotation":[-4.98107,-0.43523,-4.98107]},"bone52":{"rotation":[0,0,-7.5]},"bone53":{"rotation":[0,0,17.5]},"bone54":{"rotation":[5,0,7.5]},"bone55":{"rotation":[-7.5,0,-10]},"bone56":{"rotation":[0,0,-2.5]},"bone57":{"rotation":[-5,0,0]},"bone58":{"rotation":[-5,0,0]},"bone59":{"rotation":[20,0,0],"position":[0,0,-1]},"bone60":{"rotation":[-7.5,0,0]},"bone61":{"rotation":[12.5,0,0]},"bone80":{"rotation":[-5.01879,-0.05693,-0.43191],"position":[0,-1,0]},"bone81":{"rotation":[-12.5,0,0]},"bone82":{"rotation":[-12.5,0,0]},"bone83":{"rotation":[-15,0,0]},"bone84":{"rotation":[-10,0,0]},"bone85":{"rotation":[-10,0,0],"position":[0,-1,0]},"bone86":{"rotation":[-12.5,0,0]},"bone87":{"rotation":[-12.5,0,0]},"bone88":{"rotation":[15,0,0]},"bone89":{"rotation":[15,0,0]},"bone11":{"rotation":[0,0,-50]},"bone12":{"rotation":[0,0,-10],"position":[0,-0.4,0]},"bone13":{"rotation":[0,0,-12.5],"position":[0,-0.5,0]},"bone14":{"rotation":[0,0,-10],"position":[0,-0.4,0]},"bone15":{"rotation":[0,0,20],"position":[0,0.7,0]},"bone16":{"rotation":[0,0,15],"position":[0,0.5,0]},"bone17":{"rotation":[0,0,22.5],"position":[0,0.7,0]},"bone18":{"rotation":[0,0,27.5],"position":[0,1,0]},"bone19":{"rotation":[0,0,20],"position":[0,0.7,0]}}},"animation.malamar.ground_walk":{"loop":true},"animation.malamar.water_swim":{"loop":true},"animation.malamar.water_idle":{"loop":true}}}