{
	"format_version": "1.8.0",
	"animations": {
		"animation.malamar.ground_idle": {
			"loop": true,
			"bones": {
				"head_tentacle_front_left": {
					"rotation": [7.5, 5, 0]
				},
				"head_tentacle_front_left2": {
					"rotation": [-57.5, 0, 0]
				},
				"head_tentacle_front_left3": {
					"rotation": [-57.5, 0, 0]
				},
				"foot_right2": {
					"rotation": [10, 0, 0]
				},
				"foot_right4": {
					"rotation": [0, 0, 75]
				},
				"head_tentacle_front_left4": {
					"rotation": [37.5, 0, 0]
				},
				"head_tentacle_front_right": {
					"rotation": [7.5, -5, 0]
				},
				"head_tentacle_front_right2": {
					"rotation": [-57.5, 0, 0]
				},
				"head_tentacle_front_right3": {
					"rotation": [-57.5, 0, 0]
				},
				"head_tentacle_front_right4": {
					"rotation": [37.5, 0, 0]
				},
				"head_tentacle_front_left_left": {
					"rotation": [20, 0, 0]
				},
				"head_tentacle_front_left_left2": {
					"rotation": [-55, -10, 0]
				},
				"head_tentacle_front_left_left3": {
					"rotation": [-67.5, 0, 0]
				},
				"head_tentacle_front_left_left4": {
					"rotation": [42.5, 0, 0]
				},
				"head_tentacle_front_right_right": {
					"rotation": [20, 0, 0]
				},
				"head_tentacle_front_right_right2": {
					"rotation": [-55, 10, 0]
				},
				"head_tentacle_front_right_right3": {
					"rotation": [-67.5, 0, 0]
				},
				"head_tentacle_front_right_right4": {
					"rotation": [42.5, 0, 0]
				},
				"head_tentacle_back_left_left": {
					"rotation": [5, 0, -5]
				},
				"head_tentacle_front_left_left6": {
					"rotation": [-52.5, 0, 0]
				},
				"head_tentacle_front_left_left7": {
					"rotation": [50, 0, 0]
				},
				"head_tentacle_front_left_left8": {
					"rotation": [22.5, 0, 0]
				},
				"head_tentacle_back_right_right": {
					"rotation": [5, 0, 5]
				},
				"head_tentacle_back_right_right2": {
					"rotation": [-52.5, 0, 0]
				},
				"head_tentacle_back_right_right3": {
					"rotation": [50, 0, 0]
				},
				"head_tentacle_back_right_right4": {
					"rotation": [22.5, 0, 0]
				},
				"foot_right3": {
					"rotation": [-97.5, 0, 0]
				},
				"foot_left2": {
					"rotation": [10, 0, 0]
				},
				"foot_left3": {
					"rotation": [-97.5, 0, 0]
				},
				"foot_left4": {
					"rotation": [0, 0, -75]
				},
				"left_tentacle3": {
					"rotation": [0, 0, 27.5]
				},
				"left_tentacle4": {
					"rotation": [0, 0, 57.5]
				},
				"left_tentacle5": {
					"rotation": [0, 0, 35]
				},
				"left_tentacle6": {
					"rotation": [0, 0, -12.5]
				},
				"left_tentacle7": {
					"rotation": [0, 0, -42.5]
				},
				"left_tentacle8": {
					"rotation": [0, 0, -32.5]
				},
				"right_tentacle3": {
					"rotation": [0, 0, -27.5]
				},
				"right_tentacle4": {
					"rotation": [0, 0, -57.5]
				},
				"right_tentacle5": {
					"rotation": [0, 0, -35]
				},
				"right_tentacle6": {
					"rotation": [0, 0, 12.5]
				},
				"right_tentacle7": {
					"rotation": [0, 0, 42.5]
				},
				"right_tentacle8": {
					"rotation": [0, 0, 32.5]
				},
				"head_tentacle_back_left2": {
					"rotation": [-35, 0, 0]
				},
				"head_tentacle_back_left3": {
					"rotation": [-40, 0, 0]
				},
				"head_tentacle_back_left4": {
					"rotation": [52.5, 0, 0]
				},
				"head_tentacle_back_right2": {
					"rotation": [-35, 0, 0]
				},
				"head_tentacle_back_right3": {
					"rotation": [-40, 0, 0]
				},
				"head_tentacle_back_right4": {
					"rotation": [52.5, 0, 0]
				}
			}
		},
		"animation.malamar.blink": {
			"animation_length": 0.2083,
			"bones": {
				"eyelid_left": {
					"position": {
						"0.0": [0, 0, -0.1],
						"0.125": [0, 0, -0.1],
						"0.2083": [0, 0, 0]
					}
				},
				"eyelid_right": {
					"position": {
						"0.0": [0, 0, -0.1],
						"0.125": [0, 0, -0.1],
						"0.2083": [0, 0, 0]
					}
				}
			}
		},
		"animation.malamar.cry": {
			"animation_length": 1,
			"bones": {
				"head": {
					"rotation": {
						"0.0": [0, 0, 0],
						"0.25": [-5, 0, 0],
						"0.75": [-5, 0, 0],
						"1.0": [0, 0, 0]
					}
				},
				"jaw": {
					"rotation": {
						"0.0": [0, 0, 0],
						"0.25": [40, 0, 0],
						"0.75": [40, 0, 0],
						"1.0": [0, 0, 0]
					}
				}
			},
			"sound_effects": {
				"0.0417": {
					"effect": "pokemon.malamar.cry"
				}
			}
		}
	}
}