{
	"format_version": "1.8.0",
	"animations": {
		"animation.dratini.ground_idle": {
			"loop": true,
			"animation_length": 4,
			"bones": {
				"body": {
					"position": [
						0,
						"1+math.sin(q.anim_time*90*2)*-0.3+math.sin(q.anim_time*90*2+60)*-0.3",
						"-8+math.sin(q.anim_time*90*2+60)*-0.3+math.sin(q.anim_time*90*2)*-0.2"
					]
				},
				"neck": {
					"rotation": ["2.5+math.sin(q.anim_time*90*2-30)*4", 0, 0],
					"position": [0, -0.5, 0]
				},
				"head": {
					"rotation": ["-2.5+math.sin(q.anim_time*90*2-60)*3+math.sin(q.anim_time*90*2-30)*-5", 0, 0]
				},
				"wing_left": {
					"rotation": [0, "-65+math.sin(q.anim_time*90*2-120)*2", "math.sin(q.anim_time*90*2-120)*2"]
				},
				"wing_right": {
					"rotation": [0, "65+math.sin(q.anim_time*90*2-120)*-2", "-(math.sin(q.anim_time*90*2-120)*2)"]
				},
				"segment1": {
					"rotation": ["32+math.sin(q.anim_time*90*2+60)*2", -5.37, 8.45]
				},
				"segment2": {
					"rotation": ["36+math.sin(q.anim_time*90*2)*3", 2, -10],
					"position": [-0.3, 1.25, 0]
				},
				"segment3": {
					"rotation": [
						"21.8062+math.sin(q.anim_time*90*2)*-3+math.sin(q.anim_time*90*2+60)*-2",
						"3.7251+math.sin(q.anim_time*90*2+30)*-1",
						"-18.6971+math.sin(q.anim_time*90*2-30)*1"
					]
				},
				"segment4": {
					"rotation": [0.52696, "math.sin(q.anim_time*90*2-90)*-2.0687", "22.509+math.sin(q.anim_time*90*2-60)*2"],
					"position": [0, 0, -0.1]
				},
				"segment5": {
					"rotation": [-2.0075, "-0.2053+math.sin(q.anim_time*90*2-150)*-4", "36.9905+math.sin(q.anim_time*90*2-120)*2"]
				},
				"segment6": {
					"rotation": ["14.4649+math.sin(q.anim_time*90*2-120)*-2", "math.sin(q.anim_time*90*2-190)*-10.2298", "49.4897+math.sin(q.anim_time*90*2-150)*8"]
				},
				"segment7": {
					"rotation": ["13.7592+math.sin(q.anim_time*90*2-150)*-8", "-11.5775+math.sin(q.anim_time*90*2-220)*-6", "46.9042+math.sin(q.anim_time*90*2-150)*12"]
				},
				"segment8": {
					"rotation": ["11+math.sin(q.anim_time*90*2-200)*-16", "math.sin(q.anim_time*90*2-250)*-7", "22+math.sin(q.anim_time*90*2-180)*15"]
				}
			}
		},
		"animation.dratini.ground_walk": {
			"loop": true,
			"animation_length": 4,
			"bones": {
				"body": {
					"rotation": [0, "math.sin(q.anim_time*90*2)*10", 0],
					"position": ["math.sin(q.anim_time*90*2-90)*-2", 0, "-8+math.sin(q.anim_time*90*4-30)*-0.3"]
				},
				"neck": {
					"rotation": ["10+math.sin(q.anim_time*90*4-0)*4", 0, "math.sin(q.anim_time*90*2-90)*8"],
					"position": [0, -0.5, 0]
				},
				"head": {
					"rotation": ["-5+math.sin(q.anim_time*90*4-30)*-4", "math.sin(q.anim_time*90*2-30)*-7", "math.sin(q.anim_time*90*2-90)*-4"]
				},
				"segment1": {
					"rotation": [42, 0, "math.sin(q.anim_time*90*2-60)*5"]
				},
				"segment2": {
					"rotation": [36.5, 0, "math.sin(q.anim_time*90*2-60)*-5"],
					"position": ["math.sin(q.anim_time*90*2-60)*0.3", 1.25, 0]
				},
				"segment3": {
					"rotation": [10.5, 0, "math.sin(q.anim_time*90*2-120)*-8"],
					"position": ["math.sin(q.anim_time*90*2-120)*0.2", 0, 0]
				},
				"segment4": {
					"rotation": [0, 0, "math.sin(q.anim_time*90*2-160)*-10"]
				},
				"segment5": {
					"rotation": [-4, 0, "math.sin(q.anim_time*90*2-180)*-12"]
				},
				"segment6": {
					"rotation": ["2.5+math.sin(q.anim_time*90*1-200)*2", 0, "math.sin(q.anim_time*90*2-200)*-15"]
				},
				"segment7": {
					"rotation": ["17+math.sin(q.anim_time*90*1-230)*4", 0, "math.sin(q.anim_time*90*2-230)*-20"]
				},
				"segment8": {
					"rotation": ["10+math.sin(q.anim_time*90*1-260)*7", 0, "math.sin(q.anim_time*90*2-260)*-29"]
				},
				"wing_left": {
					"rotation": [0, "-65+math.sin(q.anim_time*90*2-30)*7", "math.sin(q.anim_time*90*4-30)*-1"]
				},
				"wing_right": {
					"rotation": [0, "65+math.sin(q.anim_time*90*2-30)*7", "math.sin(q.anim_time*90*4-30)*1"]
				}
			}
		},
		"animation.dratini.ground_run": {
			"loop": true,
			"animation_length": 4,
			"bones": {
				"body": {
					"rotation": [20, "math.sin(q.anim_time*90*4)*10", 0],
					"position": ["math.sin(q.anim_time*90*4-90)*-4", -2.5, -9]
				},
				"neck": {
					"rotation": ["37.5+math.sin(q.anim_time*90*8-30)*3", 0, "math.sin(q.anim_time*90*4-90)*8"],
					"position": [0, -0.5, 0]
				},
				"head": {
					"rotation": ["-50+math.sin(q.anim_time*90*8-30)*-4", "math.sin(q.anim_time*90*4-30)*-14", "math.sin(q.anim_time*90*4-90)*-4"],
					"position": [0, 0, -0.5]
				},
				"segment1": {
					"rotation": [42, 0, "math.sin(q.anim_time*90*4-60)*6"]
				},
				"segment2": {
					"rotation": [19, 0, "math.sin(q.anim_time*90*4-60)*-8"],
					"position": ["math.sin(q.anim_time*90*4-60)*0.3", 1.25, 0]
				},
				"segment3": {
					"rotation": [10.5, 0, "math.sin(q.anim_time*90*4-120)*-10"],
					"position": ["math.sin(q.anim_time*90*4-120)*0.2", 0, 0]
				},
				"segment4": {
					"rotation": [0, 0, "math.sin(q.anim_time*90*4-160)*-12"]
				},
				"segment5": {
					"rotation": [-4, 0, "math.sin(q.anim_time*90*4-180)*-14"]
				},
				"segment6": {
					"rotation": ["2.5+math.sin(q.anim_time*90*2-200)*2", 0, "math.sin(q.anim_time*90*4-200)*-18"]
				},
				"segment7": {
					"rotation": ["17+math.sin(q.anim_time*90*2-230)*4", 0, "math.sin(q.anim_time*90*4-230)*-23"]
				},
				"segment8": {
					"rotation": ["10+math.sin(q.anim_time*90*2-260)*7", 0, "math.sin(q.anim_time*90*4-260)*-36"]
				},
				"wing_left": {
					"rotation": [0, "-65+math.sin(q.anim_time*90*2-30)*7", "math.sin(q.anim_time*90*4-30)*-1"]
				},
				"wing_right": {
					"rotation": [0, "65+math.sin(q.anim_time*90*2-30)*7", "math.sin(q.anim_time*90*4-30)*1"]
				}
			}
		},
		"animation.dratini.battle_idle": {
			"loop": true,
			"animation_length": 4,
			"bones": {
				"body": {
					"position": [
						0,
						"4+math.sin(q.anim_time*90*2)*-0.3+math.sin(q.anim_time*90*2+60)*-0.3",
						"-6.8+math.sin(q.anim_time*90*2+60)*-0.3+math.sin(q.anim_time*90*2)*-0.2"
					]
				},
				"neck": {
					"rotation": ["2.5258+math.sin(q.anim_time*90*2-30)*4", 0.0079, -0.35863],
					"position": [0, -0.5, 0]
				},
				"head": {
					"rotation": ["3.5+math.sin(q.anim_time*90*2-60)*3+math.sin(q.anim_time*90*2-30)*-5", 0, 0]
				},
				"wing_left": {
					"rotation": [0, "-65+math.sin(q.anim_time*90*2-120)*2", "math.sin(q.anim_time*90*2-120)*2"]
				},
				"wing_right": {
					"rotation": [0, "65+math.sin(q.anim_time*90*2-120)*-2", "-(math.sin(q.anim_time*90*2-120)*2)"]
				},
				"segment1": {
					"rotation": ["17+math.sin(q.anim_time*90*2+60)*2", -5.37, 8.45]
				},
				"segment2": {
					"rotation": ["36+math.sin(q.anim_time*90*2)*3", 2, -10],
					"position": [-0.3, 1.25, 0]
				},
				"segment3": {
					"rotation": [
						"34.3062+math.sin(q.anim_time*90*2)*-3+math.sin(q.anim_time*90*2+60)*-2",
						"3.7251+math.sin(q.anim_time*90*2+30)*-1",
						"-18.6971+math.sin(q.anim_time*90*2-30)*1"
					]
				},
				"segment4": {
					"rotation": [0.52696, "math.sin(q.anim_time*90*2-90)*-2.0687", "22.509+math.sin(q.anim_time*90*2-60)*2"],
					"position": [0, 0, -0.1]
				},
				"segment5": {
					"rotation": [6.9925, "-0.2053+math.sin(q.anim_time*90*2-150)*-4", "36.9905+math.sin(q.anim_time*90*2-120)*2"]
				},
				"segment6": {
					"rotation": [
						"14.4649+math.sin(q.anim_time*90*2-120)*-2+math.sin(q.anim_time*90*8)*-1",
						"math.sin(q.anim_time*90*2-190)*-10.2298",
						"49.4897+math.sin(q.anim_time*90*2-150)*8+math.sin(q.anim_time*90*12-90)*-1"
					]
				},
				"segment7": {
					"rotation": [
						"13.7592+math.sin(q.anim_time*90*2-150)*-8+math.sin(q.anim_time*90*8-60)*-6",
						"-11.5775+math.sin(q.anim_time*90*2-220)*-6",
						"46.9042+math.sin(q.anim_time*90*2-150)*12+math.sin(q.anim_time*90*12-150)*-3"
					]
				},
				"segment8": {
					"rotation": [
						"11+math.sin(q.anim_time*90*2-200)*-16+math.sin(q.anim_time*90*8-120)*-14",
						"math.sin(q.anim_time*90*2-250)*-7",
						"22+math.sin(q.anim_time*90*2-180)*15+math.sin(q.anim_time*90*12-210)*-8"
					]
				}
			}
		},
		"animation.dratini.water_idle": {
			"loop": true,
			"animation_length": 8,
			"bones": {
				"body": {
					"rotation": ["math.sin(q.anim_time*90*0.5+90)*-2", "math.sin(q.anim_time*90*1)*2", 0],
					"position": ["math.sin(q.anim_time*90*1+45)*0.2", "math.sin(q.anim_time*90*0.5+45)*2", -8]
				},
				"neck": {
					"rotation": ["31+math.sin(q.anim_time*90*0.5+150)*-6", 0, 0],
					"position": [0, -0.5, 0]
				},
				"head": {
					"rotation": ["-7.5+math.sin(q.anim_time*90*0.5+120)*4", "math.sin(q.anim_time*90*1)*-2", 0],
					"position": [0, -0.5, 0.5]
				},
				"segment1": {
					"rotation": ["47+math.sin(q.anim_time*90*0.5+120)*-2", 0, 0]
				},
				"segment2": {
					"rotation": ["9+math.sin(q.anim_time*90*0.5+90)*-4", 0, "math.sin(q.anim_time*90*1-60)*-2"],
					"position": ["math.sin(q.anim_time*90*1-60)*0.1", 1.25, 0]
				},
				"segment3": {
					"rotation": ["18+math.sin(q.anim_time*90*0.5+30)*-5", 0, "math.sin(q.anim_time*90*1-120)*-3"],
					"position": ["math.sin(q.anim_time*90*1-120)*0.1", 0, 0]
				},
				"segment4": {
					"rotation": ["15+math.sin(q.anim_time*90*0.5-30)*-7", 0, "math.sin(q.anim_time*90*1-160)*-5"]
				},
				"segment5": {
					"rotation": ["13.5+math.sin(q.anim_time*90*0.5-60)*-10", 0, "math.sin(q.anim_time*90*1-180)*-6"]
				},
				"segment6": {
					"rotation": ["10+math.sin(q.anim_time*90*0.5-90)*-14", 0, "math.sin(q.anim_time*90*1-200)*-7"]
				},
				"segment7": {
					"rotation": ["math.sin(q.anim_time*90*0.5-120)*-15", 0, "math.sin(q.anim_time*90*1-230)*-8"]
				},
				"segment8": {
					"rotation": ["math.sin(q.anim_time*90*0.5-150)*-20", 0, "math.sin(q.anim_time*90*1-260)*-10"]
				},
				"wing_left": {
					"rotation": [0, -65, "2+math.sin(q.anim_time*90*0.5-30)*-4"]
				},
				"wing_right": {
					"rotation": [0, 65, "-2+math.sin(q.anim_time*90*0.5-30)*7"]
				},
				"head2": {
					"rotation": [-20, 0, 0],
					"position": [0, 0, 0.5]
				}
			}
		},
		"animation.dratini.water_swim": {
			"loop": true,
			"animation_length": 8,
			"bones": {
				"body": {
					"rotation": [90, "math.sin(q.anim_time*90*2)*8", 0],
					"position": ["math.sin(q.anim_time*90*2+90)*2", "math.sin(q.anim_time*90*1+120)*1", -8]
				},
				"neck": {
					"rotation": ["math.sin(q.anim_time*90*1+10)*2", 0, "math.sin(q.anim_time*90*2+60)*-8"],
					"position": [0, 0, -0.2]
				},
				"head": {
					"rotation": [-90, 0, 0],
					"position": [0, 1, -1.5]
				},
				"segment1": {
					"rotation": ["math.sin(q.anim_time*90*1)*2", 0, "math.sin(q.anim_time*90*2-30)*-3"]
				},
				"segment2": {
					"rotation": ["math.sin(q.anim_time*90*1-30)*3", 0, "math.sin(q.anim_time*90*2-90)*-6"]
				},
				"segment3": {
					"rotation": ["math.sin(q.anim_time*90*1-60)*4", 0, "math.sin(q.anim_time*90*2-120)*-8"]
				},
				"segment4": {
					"rotation": ["math.sin(q.anim_time*90*1-90)*6", 0, "math.sin(q.anim_time*90*2-150)*-10"]
				},
				"segment5": {
					"rotation": ["math.sin(q.anim_time*90*1-120)*8", 0, "math.sin(q.anim_time*90*2-180)*-14"]
				},
				"segment6": {
					"rotation": ["math.sin(q.anim_time*90*1-150)*12", 0, "math.sin(q.anim_time*90*2-210)*-17"]
				},
				"segment7": {
					"rotation": ["math.sin(q.anim_time*90*1-180)*18", 0, "math.sin(q.anim_time*90*2-240)*-21"]
				},
				"segment8": {
					"rotation": ["math.sin(q.anim_time*90*1-210)*25", 0, "math.sin(q.anim_time*90*2-270)*-28"]
				},
				"wing_left": {
					"rotation": [0, "-67+math.sin(q.anim_time*90*8)*1+math.sin(q.anim_time*90*2-30)*8", "2+math.sin(q.anim_time*90*1+30)*-8"]
				},
				"wing_right": {
					"rotation": [0, "67+math.sin(q.anim_time*90*8)*1+math.sin(q.anim_time*90*2-30)*8", "-2+math.sin(q.anim_time*90*1+30)*8"]
				},
				"head2": {
					"rotation": ["math.sin(q.anim_time*90*1+60)*2", "math.sin(q.anim_time*90*2-30)*-4", 0]
				}
			}
		},
		"animation.dratini.surfacewater_swim": {
			"loop": true,
			"animation_length": 8,
			"bones": {
				"body": {
					"rotation": [65, "math.sin(q.anim_time*90*2)*8", 0],
					"position": ["math.sin(q.anim_time*90*2+90)*2", "-10+math.sin(q.anim_time*90*1+120)*1", -8]
				},
				"neck": {
					"rotation": [-47.5, 0, "math.sin(q.anim_time*90*2+60)*-8"],
					"position": [0, 0, -0.2]
				},
				"head": {
					"rotation": [-15, "math.sin(q.anim_time*90*2-30)*-10", 0],
					"position": [0, 0, -0.5]
				},
				"segment1": {
					"rotation": ["-9.9175+math.sin(q.anim_time*90*1)*8", 0, "math.sin(q.anim_time*90*2-30)*-3"]
				},
				"segment2": {
					"rotation": ["27.2398+math.sin(q.anim_time*90*1-30)*3", 0, "math.sin(q.anim_time*90*2-90)*-6"],
					"position": [0, 0, 0.5]
				},
				"segment3": {
					"rotation": ["7.0763+math.sin(q.anim_time*90*1-60)*4", 0, "math.sin(q.anim_time*90*2-120)*-8"]
				},
				"segment4": {
					"rotation": ["math.sin(q.anim_time*90*1-90)*6", 0, "math.sin(q.anim_time*90*2-150)*-10"]
				},
				"segment5": {
					"rotation": ["math.sin(q.anim_time*90*1-120)*8", 0, "math.sin(q.anim_time*90*2-180)*-14"]
				},
				"segment6": {
					"rotation": ["math.sin(q.anim_time*90*1-150)*12", 0, "math.sin(q.anim_time*90*2-210)*-17"]
				},
				"segment7": {
					"rotation": ["math.sin(q.anim_time*90*1-180)*18", 0, "math.sin(q.anim_time*90*2-240)*-21"]
				},
				"segment8": {
					"rotation": ["math.sin(q.anim_time*90*1-210)*25", 0, "math.sin(q.anim_time*90*2-270)*-28"]
				},
				"wing_left": {
					"rotation": [0, "-67+math.sin(q.anim_time*90*2-30)*8", "math.sin(q.anim_time*90*1+30)*2"]
				},
				"wing_right": {
					"rotation": [0, "67+math.sin(q.anim_time*90*2-30)*8", "math.sin(q.anim_time*90*1+30)*2"]
				}
			}
		},
		"animation.dratini.sleep": {
			"loop": true,
			"animation_length": 8,
			"bones": {
				"body": {
					"position": [0, -6.32199, -3.25981]
				},
				"neck": {
					"rotation": ["82.3783+math.sin(q.anim_time*90*0.5)*1", -67.85255, -12.91121],
					"position": [0.75, 0.25, 0]
				},
				"head": {
					"rotation": [-2.59808, 0, 0]
				},
				"wing_left": {
					"rotation": ["-10+math.sin(q.anim_time*90*0.5-90)*-8", -66.73205, "12.9112+math.sin(q.anim_time*90*0.5-90)*8"]
				},
				"wing_right": {
					"rotation": ["-10+math.sin(q.anim_time*90*0.5-90)*-8", 66.73205, "-12.9112+math.sin(q.anim_time*90*0.5-90)*-8"]
				},
				"segment1": {
					"rotation": ["84+math.sin(q.anim_time*90*0.5)*1", -32.68581, -3.98155],
					"position": [0.75, 0.25, -0.75]
				},
				"segment2": {
					"rotation": [0.56395, -0.44328, -59.36823],
					"position": [0.2, 1.25, 0]
				},
				"segment3": {
					"rotation": [-5.12687, 4.86874, -46.7335],
					"position": [0.25, 1, 0]
				},
				"segment4": {
					"rotation": ["-6.9914+math.sin(q.anim_time*90*0.5-30)*1", -0.28767, -48.9266],
					"position": [0, 0.75, -0.1]
				},
				"segment5": {
					"rotation": ["-2.0423+math.sin(q.anim_time*90*0.5-60)*-1", -1.7549, -47.17895]
				},
				"segment6": {
					"rotation": ["0.94+math.sin(q.anim_time*90*0.5-90)*-2", 0.0367, -44.15396]
				},
				"segment7": {
					"rotation": ["-1.9666+math.sin(q.anim_time*90*0.5-120)*-4", -7.46814, -26.549]
				},
				"segment8": {
					"rotation": ["math.sin(q.anim_time*90*0.5-150)*-10", 0.28778, -25.00209]
				},
				"head2": {
					"rotation": ["-73+math.sin(q.anim_time*90*0.5-60)*2", -24.01746, 43.01973],
					"position": [0.75, -2.5, -1]
				},
				"eyelid_left": {
					"position": [0.1, 0, -0.1]
				},
				"eyelid_right": {
					"position": [-0.1, 0, -0.1]
				}
			}
		},
		"animation.dratini.water_sleep": {
			"loop": true,
			"animation_length": 8,
			"bones": {
				"body": {
					"rotation": ["58.5+math.sin(q.anim_time*90*0.5+90)*-2", "0+math.sin(q.anim_time*90*1)*2", 0],
					"position": ["math.sin(q.anim_time*90*1+45)*0.2", "math.sin(q.anim_time*90*0.5+45)*2", -2]
				},
				"neck": {
					"rotation": ["31+math.sin(q.anim_time*90*0.5+150)*-6", 0, 0],
					"position": [0, -0.5, 0]
				},
				"head": {
					"rotation": ["50+math.sin(q.anim_time*90*0.5+120)*4", "math.sin(q.anim_time*90*1)*-2", 0],
					"position": [0, -1.25, 0.75]
				},
				"segment1": {
					"rotation": ["4.5+math.sin(q.anim_time*90*0.5+120)*-2", 0, 0]
				},
				"segment2": {
					"rotation": ["-25.9055+math.sin(q.anim_time*90*0.5+90)*-4", -2.49762, "-3.3329+math.sin(q.anim_time*90*1-60)*-2"],
					"position": ["math.sin(q.anim_time*90*1-60)*0.1", 1.25, 0]
				},
				"segment3": {
					"rotation": ["-19.1952+math.sin(q.anim_time*90*0.5+30)*-5", -8.32249, "-6.0867+math.sin(q.anim_time*90*1-120)*-3"],
					"position": ["math.sin(q.anim_time*90*1-120)*0.1", 1, 0]
				},
				"segment4": {
					"rotation": ["-32.603+math.sin(q.anim_time*90*0.5-30)*-7", -6.79523, "-0.944+math.sin(q.anim_time*90*1-160)*-5"]
				},
				"segment5": {
					"rotation": ["-39.4971+math.sin(q.anim_time*90*0.5-60)*-10", -15.07573, "1+math.sin(q.anim_time*90*1-180)*-6"]
				},
				"segment6": {
					"rotation": ["-32.2831+math.sin(q.anim_time*90*0.5-90)*-14", -3.85467, "math.sin(q.anim_time*90*1-200)*-13.4385"]
				},
				"segment7": {
					"rotation": ["-53.7564+math.sin(q.anim_time*90*0.5-120)*-15", -4.91337, "math.sin(q.anim_time*90*1-230)*-13.6734"]
				},
				"segment8": {
					"rotation": ["-39+math.sin(q.anim_time*90*0.5-150)*-20", 0, "math.sin(q.anim_time*90*1-260)*-10"]
				},
				"wing_left": {
					"rotation": [0, -65, "2+math.sin(q.anim_time*90*0.5-30)*-4"]
				},
				"wing_right": {
					"rotation": [0, 65, "-2+math.sin(q.anim_time*90*0.5-30)*7"]
				},
				"head2": {
					"rotation": [-30, 0, 0],
					"position": [0, 0, 0.5]
				},
				"eyelid_left": {
					"position": [0.1, 0, -0.1]
				},
				"eyelid_right": {
					"position": [-0.1, 0, -0.1]
				}
			}
		},
		"animation.dratini.cry": {
			"animation_length": 1.25,
			"bones": {
				"neck": {
					"rotation": {
						"0.0": {
							"post": [0, 0, 0],
							"lerp_mode": "catmullrom"
						},
						"0.25": {
							"post": [12.5, 0, 0],
							"lerp_mode": "catmullrom"
						},
						"1.25": {
							"post": [0, 0, 0],
							"lerp_mode": "catmullrom"
						}
					}
				},
				"head": {
					"rotation": {
						"0.0": {
							"post": [0, 0, 0],
							"lerp_mode": "catmullrom"
						},
						"0.25": {
							"post": [-22.5, 0, 0],
							"lerp_mode": "catmullrom"
						},
						"0.5": {
							"post": [-17.5, 0, 4],
							"lerp_mode": "catmullrom"
						},
						"0.625": {
							"post": [-6.03, 0, -3.3],
							"lerp_mode": "catmullrom"
						},
						"0.7083": {
							"post": [0.5, 0, 3],
							"lerp_mode": "catmullrom"
						},
						"0.8333": {
							"post": [0.85, 0, -2.57],
							"lerp_mode": "catmullrom"
						},
						"0.9167": {
							"post": [0.5, 0, -1],
							"lerp_mode": "catmullrom"
						},
						"1.25": {
							"post": [0, 0, 0],
							"lerp_mode": "catmullrom"
						}
					}
				},
				"muzzle": {
					"rotation": {
						"0.0": [0, 0, 0],
						"0.2083": [-5.09, 0, 0],
						"0.25": ["-5+math.sin(q.anim_time*90*40)*2", 0, 0],
						"0.5833": [-3, 0, 0],
						"0.625": ["7+math.sin(q.anim_time*90*30)*2", 0, 0],
						"1.0": [1, 0, 0],
						"1.25": [0, 0, 0]
					},
					"position": {
						"0.0": [0, 0, 0],
						"0.2083": [0, 0, 0.3],
						"0.5833": [0, 0, 0.3],
						"0.625": [0, 0, 0]
					}
				},
				"wing_left": {
					"rotation": {
						"0.0": {
							"post": [0, 0, 0],
							"lerp_mode": "catmullrom"
						},
						"0.2083": {
							"post": [27.5, 0, -25],
							"lerp_mode": "catmullrom"
						},
						"0.4583": {
							"post": [27.5, 0, -25],
							"lerp_mode": "catmullrom"
						},
						"0.6667": {
							"post": [-5, 0, 15],
							"lerp_mode": "catmullrom"
						},
						"0.9167": {
							"post": [-10, 0, 15],
							"lerp_mode": "catmullrom"
						},
						"1.25": {
							"post": [0, 0, 0],
							"lerp_mode": "catmullrom"
						}
					}
				},
				"wing_right": {
					"rotation": {
						"0.0": {
							"post": [0, 0, 0],
							"lerp_mode": "catmullrom"
						},
						"0.2083": {
							"post": [27.5, 0, 25],
							"lerp_mode": "catmullrom"
						},
						"0.4583": {
							"post": [27.5, 0, 25],
							"lerp_mode": "catmullrom"
						},
						"0.6667": {
							"post": [-5, 0, -15],
							"lerp_mode": "catmullrom"
						},
						"0.9167": {
							"post": [-10, 0, -15],
							"lerp_mode": "catmullrom"
						},
						"1.25": {
							"post": [0, 0, 0],
							"lerp_mode": "catmullrom"
						}
					}
				}
			},
			"sound_effects": {
				"0.25": {
					"effect": "pokemon.dratini.cry"
				}
			}
		},
		"animation.dratini.blink": {
			"animation_length": 0.16667,
			"bones": {
				"eyelid_left": {
					"position": {
						"0.0": [0.1, 0, -0.1],
						"0.125": [0.1, 0, -0.1],
						"0.1667": [0, 0, 0]
					}
				},
				"eyelid_right": {
					"position": {
						"0.0": [-0.1, 0, -0.1],
						"0.125": [-0.1, 0, -0.1],
						"0.1667": [0, 0, 0]
					}
				}
			}
		}
	}
}