{
	"format_version": "1.8.0",
	"animations": {
		"animation.aegislash.ground_idle": {
			"loop": true,
			"bones": {
				"body": {
					"rotation": ["0+math.sin(q.anim_time*90*1-90)*2", 0, 0],
					"position": [0, "7+math.sin(q.anim_time*90*1)*1", 0]
				},
				"shouder_left": {
					"rotation": [2.5, 0, 30]
				},
				"arm_left": {
					"rotation": [0, 0, -7.5]
				},
				"arm_left2": {
					"rotation": [0, -2.5, 0]
				},
				"arm_left3": {
					"rotation": [0, -2.5, 52.5]
				},
				"arm_left4": {
					"rotation": [0.21803, -2.49048, 57.49526]
				},
				"arm_left5": {
					"rotation": [2.10886, -1.34295, 14.97528]
				},
				"arm_left6": {
					"rotation": [-0.10912, -2.49762, 2.50238]
				},
				"arm_left7": {
					"rotation": [0, 5, 5]
				},
				"arm_left8": {
					"rotation": [0, 2.5, 0]
				},
				"arm_left9": {
					"rotation": [0, 0, 2.5]
				},
				"finger1_left1": {
					"rotation": [0, 5, 7.5]
				},
				"finger1_left2": {
					"rotation": [0.21865, 4.99523, 2.50954]
				},
				"finger2_left1": {
					"rotation": [0, 5, 5]
				},
				"finger2_left2": {
					"rotation": [0, 2.5, 0]
				},
				"finger3_left1": {
					"rotation": [0, 5, 2.5]
				},
				"finger3_left2": {
					"rotation": [0.32902, 7.49282, 2.52154]
				},
				"finger4_left1": {
					"rotation": [-0.6574, 7.4713, -2.54292]
				},
				"finger4_left2": {
					"rotation": [0, 7.5, 0]
				},
				"shouder_right": {
					"rotation": [2.5, 0, -30]
				},
				"arm_right": {
					"rotation": [0, 2.5, 7.5]
				},
				"arm_right2": {
					"rotation": [0, 2.5, 0]
				},
				"arm_right3": {
					"rotation": [0, 5, -52.5]
				},
				"arm_right4": {
					"rotation": [0.21865, 4.99046, -57.48571]
				},
				"arm_right5": {
					"rotation": [2.10886, 1.34295, -14.97528]
				},
				"arm_right6": {
					"rotation": [-0.10912, -2.50237, -2.49286]
				},
				"arm_right7": {
					"rotation": [0, -2.5, -5]
				},
				"arm_right8": {
					"rotation": [0, 0, 0]
				},
				"arm_right9": {
					"rotation": [0, 0, -2.5]
				},
				"finger1_right1": {
					"rotation": [0, -5, -7.5]
				},
				"finger1_right2": {
					"rotation": [0.21865, -4.99523, -2.50954]
				},
				"finger2_right1": {
					"rotation": [0, -5, -5]
				},
				"finger2_right2": {
					"rotation": [0, -2.5, 0]
				},
				"finger3_right1": {
					"rotation": [0, -5, -2.5]
				},
				"finger3_right2": {
					"rotation": [0.32902, -7.49282, -2.52154]
				},
				"finger4_right1": {
					"rotation": [-0.6574, -7.4713, 2.54292]
				},
				"finger4_right2": {
					"rotation": [0, -7.5, 0]
				},
				"shield": {
					"position": [-37.5, -13.25, -0.5]
				},
				"shield_detail": {
					"position": [0, 0, -0.1]
				}
			}
		},
		"animation.aegislash.ground_walk": {
			"loop": true,
			"bones": {
				"body": {
					"rotation": ["27.5+math.sin(q.anim_time*90*2-90)*2", 0, 0],
					"position": [0, "5+math.sin(q.anim_time*90*2)*1.5", "-6+math.sin(q.anim_time*90*2)*0.5"]
				},
				"shouder_left": {
					"rotation": [2.5, 0, 30]
				},
				"arm_left": {
					"rotation": [0, -5, -7.5]
				},
				"arm_left2": {
					"rotation": [0, -2.5, 0]
				},
				"arm_left3": {
					"rotation": [0, -7.5, 52.5]
				},
				"arm_left4": {
					"rotation": [0.64743, -2.41476, 47.48635]
				},
				"arm_left5": {
					"rotation": [2.11303, -3.84125, 14.88311]
				},
				"arm_left6": {
					"rotation": [-0.10912, -2.49762, 2.50238]
				},
				"arm_left7": {
					"rotation": [0, 5, 5]
				},
				"arm_left8": {
					"rotation": [0, 2.5, 0]
				},
				"arm_left9": {
					"rotation": [0, 0, 2.5]
				},
				"finger1_left1": {
					"rotation": [0, 5, 7.5]
				},
				"finger1_left2": {
					"rotation": [0.21865, 4.99523, 2.50954]
				},
				"finger2_left1": {
					"rotation": [0, 5, 5]
				},
				"finger2_left2": {
					"rotation": [0, 2.5, 0]
				},
				"finger3_left1": {
					"rotation": [0, 5, 2.5]
				},
				"finger3_left2": {
					"rotation": [0.32902, 7.49282, 2.52154]
				},
				"finger4_left1": {
					"rotation": [-0.6574, 7.4713, -2.54292]
				},
				"finger4_left2": {
					"rotation": [0, 7.5, 0]
				},
				"shouder_right": {
					"rotation": [2.5, 0, -30]
				},
				"arm_right": {
					"rotation": [0, 7.5, 7.5]
				},
				"arm_right2": {
					"rotation": [0, 2.5, 0]
				},
				"arm_right3": {
					"rotation": [0, 10, -52.5]
				},
				"arm_right4": {
					"rotation": [1.08908, 7.37605, -47.40141]
				},
				"arm_right5": {
					"rotation": [2.10886, 1.34295, -14.97528]
				},
				"arm_right6": {
					"rotation": [4.89088, -2.50237, -2.49286]
				},
				"arm_right7": {
					"rotation": [5, -2.5, -5]
				},
				"arm_right8": {
					"rotation": [0, 0, 0]
				},
				"arm_right9": {
					"rotation": [0, 0, -2.5]
				},
				"finger1_right1": {
					"rotation": [0, -5, -7.5]
				},
				"finger1_right2": {
					"rotation": [0.21865, -4.99523, -2.50954]
				},
				"finger2_right1": {
					"rotation": [0, -5, -5]
				},
				"finger2_right2": {
					"rotation": [0, -2.5, 0]
				},
				"finger3_right1": {
					"rotation": [0, -5, -2.5]
				},
				"finger3_right2": {
					"rotation": [0.32902, -7.49282, -2.52154]
				},
				"finger4_right1": {
					"rotation": [-0.6574, -7.4713, 2.54292]
				},
				"finger4_right2": {
					"rotation": [0, -7.5, 0]
				},
				"shield": {
					"position": [-37.5, -13.25, -0.5]
				},
				"shield_detail": {
					"position": [0, 0, -0.1]
				}
			}
		},
		"animation.aegislash.battle_idle": {
			"loop": true,
			"bones": {
				"body": {
					"rotation": ["0+math.sin(q.anim_time*90*1-90)*2", 0, 0],
					"position": [0, "9+math.sin(q.anim_time*90*1)*1", 0]
				},
				"shouder_left": {
					"rotation": [6.62159, 6.63291, 18.21089]
				},
				"arm_left": {
					"rotation": [-12.68664, -9.76061, 9.68558]
				},
				"arm_left2": {
					"rotation": [0, 0, 0]
				},
				"arm_left4": {
					"rotation": [-0.82392, 13.39258, 49.49998]
				},
				"arm_left5": {
					"rotation": [-8.214, 8.76949, 30.11103]
				},
				"arm_left6": {
					"rotation": [2.20462, 12.3071, 10.23772]
				},
				"arm_left7": {
					"rotation": [0.65242, 2.47162, 4.98558]
				},
				"arm_left8": {
					"rotation": [0, -15, 0]
				},
				"arm_left9": {
					"rotation": [0, -20, 0]
				},
				"fingers_left": {
					"rotation": [0, -130, 0]
				},
				"finger1_left1": {
					"rotation": [-0.58545, -22.48742, 2.66474]
				},
				"finger1_left2": {
					"rotation": [0, -12.5, 2.5]
				},
				"finger2_left1": {
					"rotation": [0, -20, 0]
				},
				"finger2_left2": {
					"rotation": [0, -17.5, 2.5]
				},
				"finger3_left1": {
					"rotation": [0, -15, 0]
				},
				"finger3_left2": {
					"rotation": [0, -15, 2.5]
				},
				"finger4_left1": {
					"rotation": [0, -7.5, -2.5]
				},
				"finger4_left2": {
					"rotation": [0, -22.5, 2.5]
				},
				"shouder_right": {
					"rotation": [4.95744, 0.65182, -17.47178]
				},
				"arm_right": {
					"rotation": [-12.5, 0, -7.5]
				},
				"arm_right2": {
					"rotation": [0, 0, -2.5]
				},
				"arm_right4": {
					"rotation": [2.54662, 3.63019, -44.28374]
				},
				"arm_right5": {
					"rotation": [-0.65426, -4.95712, -12.47168]
				},
				"arm_right6": {
					"rotation": [0.21803, -2.49048, -5.00474]
				},
				"arm_right8": {
					"rotation": [0, -2.5, 0]
				},
				"arm_right9": {
					"rotation": [0, 7.5, 0]
				},
				"fingers_right": {
					"rotation": [0, 5, 0]
				},
				"finger1_right1": {
					"rotation": [0, 0, 0]
				},
				"finger1_right2": {
					"rotation": [0, 0, -2.5]
				},
				"finger2_right1": {
					"rotation": [0, 2.5, 0]
				},
				"finger2_right2": {
					"rotation": [0, 5, -2.5]
				},
				"finger3_right1": {
					"rotation": [0, 5, 0]
				},
				"finger3_right2": {
					"rotation": [0, 2.5, -2.5]
				},
				"finger4_right1": {
					"rotation": [0, 7.5, 2.5]
				},
				"finger4_right2": {
					"rotation": [0, 5, -2.5]
				},
				"shouder_left_shield": {
					"rotation": [6.62159, 6.63291, 18.21089]
				},
				"arm_left_shield": {
					"rotation": [-12.68664, -9.76061, 9.68558]
				},
				"arm_left2_shield": {
					"rotation": [0, 0, 0]
				},
				"arm_left4_shield": {
					"rotation": [-0.82392, 13.39258, 49.49998]
				},
				"arm_left5_shield": {
					"rotation": [-8.214, 8.76949, 30.11103]
				},
				"arm_left6_shield": {
					"rotation": [2.20462, 12.3071, 10.23772]
				},
				"arm_left7_shield": {
					"rotation": [0.65242, 2.47162, 4.98558]
				},
				"arm_left8_shield": {
					"rotation": [0, -15, 0]
				},
				"shield": {
					"rotation": [0, 0, -90]
				},
				"arm_right7": {
					"rotation": [0, 0, -5]
				}
			}
		},
		"animation.aegislash.shield_forme": {
			"loop": true,
			"bones": {
				"body": {
					"rotation": ["0+math.sin(q.anim_time*90*1-90)*2", 0, 0],
					"position": [0, "7+math.sin(q.anim_time*90*1)*1", 0]
				},
				"shouder_left": {
					"rotation": [2.5, 0, 30]
				},
				"arm_left": {
					"rotation": [0, 0, -7.5]
				},
				"arm_left2": {
					"rotation": [0, -2.5, 0]
				},
				"arm_left3": {
					"rotation": [0, -2.5, 52.5]
				},
				"arm_left4": {
					"rotation": [0.21803, -2.49048, 57.49526]
				},
				"arm_left5": {
					"rotation": [2.10886, -1.34295, 14.97528]
				},
				"arm_left6": {
					"rotation": [-0.10912, -2.49762, 2.50238]
				},
				"arm_left7": {
					"rotation": [0, 5, 5]
				},
				"arm_left8": {
					"rotation": [0, 2.5, 0]
				},
				"arm_left9": {
					"rotation": [0, 0, 2.5]
				},
				"finger1_left1": {
					"rotation": [0, 5, 7.5]
				},
				"finger1_left2": {
					"rotation": [0.21865, 4.99523, 2.50954]
				},
				"finger2_left1": {
					"rotation": [0, 5, 5]
				},
				"finger2_left2": {
					"rotation": [0, 2.5, 0]
				},
				"finger3_left1": {
					"rotation": [0, 5, 2.5]
				},
				"finger3_left2": {
					"rotation": [0.32902, 7.49282, 2.52154]
				},
				"finger4_left1": {
					"rotation": [-0.6574, 7.4713, -2.54292]
				},
				"finger4_left2": {
					"rotation": [0, 7.5, 0]
				},
				"shouder_right": {
					"rotation": [2.5, 0, -30]
				},
				"arm_right": {
					"rotation": [0, 2.5, 7.5]
				},
				"arm_right2": {
					"rotation": [0, 2.5, 0]
				},
				"arm_right3": {
					"rotation": [0, 5, -52.5]
				},
				"arm_right4": {
					"rotation": [0.21865, 4.99046, -57.48571]
				},
				"arm_right5": {
					"rotation": [2.10886, 1.34295, -14.97528]
				},
				"arm_right6": {
					"rotation": [-0.10912, -2.50237, -2.49286]
				},
				"arm_right7": {
					"rotation": [0, -2.5, -5]
				},
				"arm_right8": {
					"rotation": [0, 0, 0]
				},
				"arm_right9": {
					"rotation": [0, 0, -2.5]
				},
				"finger1_right1": {
					"rotation": [0, -5, -7.5]
				},
				"finger1_right2": {
					"rotation": [0.21865, -4.99523, -2.50954]
				},
				"finger2_right1": {
					"rotation": [0, -5, -5]
				},
				"finger2_right2": {
					"rotation": [0, -2.5, 0]
				},
				"finger3_right1": {
					"rotation": [0, -5, -2.5]
				},
				"finger3_right2": {
					"rotation": [0.32902, -7.49282, -2.52154]
				},
				"finger4_right1": {
					"rotation": [-0.6574, -7.4713, 2.54292]
				},
				"finger4_right2": {
					"rotation": [0, -7.5, 0]
				},
				"shield": {
					"position": [-37.5, -13.25, -0.5]
				},
				"shield_detail": {
					"position": [0, 0, -0.1]
				}
			}
		},
		"animation.aegislash.blade_forme": {
			"loop": true,
			"bones": {
				"body": {
					"rotation": ["0+math.sin(q.anim_time*90*1-90)*2", 0, 0],
					"position": [0, "9+math.sin(q.anim_time*90*1)*1", 0]
				},
				"shouder_left": {
					"rotation": [6.62159, 6.63291, 18.21089]
				},
				"arm_left": {
					"rotation": [-12.68664, -9.76061, 9.68558]
				},
				"arm_left2": {
					"rotation": [0, 0, 0]
				},
				"arm_left4": {
					"rotation": [-0.82392, 13.39258, 49.49998]
				},
				"arm_left5": {
					"rotation": [-8.214, 8.76949, 30.11103]
				},
				"arm_left6": {
					"rotation": [2.20462, 12.3071, 10.23772]
				},
				"arm_left7": {
					"rotation": [0.65242, 2.47162, 4.98558]
				},
				"arm_left8": {
					"rotation": [0, -15, 0]
				},
				"arm_left9": {
					"rotation": [0, -20, 0]
				},
				"fingers_left": {
					"rotation": [0, -130, 0]
				},
				"finger1_left1": {
					"rotation": [-0.58545, -22.48742, 2.66474]
				},
				"finger1_left2": {
					"rotation": [0, -12.5, 2.5]
				},
				"finger2_left1": {
					"rotation": [0, -20, 0]
				},
				"finger2_left2": {
					"rotation": [0, -17.5, 2.5]
				},
				"finger3_left1": {
					"rotation": [0, -15, 0]
				},
				"finger3_left2": {
					"rotation": [0, -15, 2.5]
				},
				"finger4_left1": {
					"rotation": [0, -7.5, -2.5]
				},
				"finger4_left2": {
					"rotation": [0, -22.5, 2.5]
				},
				"shouder_right": {
					"rotation": [4.95744, 0.65182, -17.47178]
				},
				"arm_right": {
					"rotation": [-12.5, 0, -7.5]
				},
				"arm_right2": {
					"rotation": [0, 0, -2.5]
				},
				"arm_right4": {
					"rotation": [2.54662, 3.63019, -44.28374]
				},
				"arm_right5": {
					"rotation": [-0.65426, -4.95712, -12.47168]
				},
				"arm_right6": {
					"rotation": [0.21803, -2.49048, -5.00474]
				},
				"arm_right8": {
					"rotation": [0, -2.5, 0]
				},
				"arm_right9": {
					"rotation": [0, 7.5, 0]
				},
				"fingers_right": {
					"rotation": [0, 5, 0]
				},
				"finger1_right1": {
					"rotation": [0, 0, 0]
				},
				"finger1_right2": {
					"rotation": [0, 0, -2.5]
				},
				"finger2_right1": {
					"rotation": [0, 2.5, 0]
				},
				"finger2_right2": {
					"rotation": [0, 5, -2.5]
				},
				"finger3_right1": {
					"rotation": [0, 5, 0]
				},
				"finger3_right2": {
					"rotation": [0, 2.5, -2.5]
				},
				"finger4_right1": {
					"rotation": [0, 7.5, 2.5]
				},
				"finger4_right2": {
					"rotation": [0, 5, -2.5]
				},
				"shouder_left_shield": {
					"rotation": [6.62159, 6.63291, 18.21089]
				},
				"arm_left_shield": {
					"rotation": [-12.68664, -9.76061, 9.68558]
				},
				"arm_left2_shield": {
					"rotation": [0, 0, 0]
				},
				"arm_left4_shield": {
					"rotation": [-0.82392, 13.39258, 49.49998]
				},
				"arm_left5_shield": {
					"rotation": [-8.214, 8.76949, 30.11103]
				},
				"arm_left6_shield": {
					"rotation": [2.20462, 12.3071, 10.23772]
				},
				"arm_left7_shield": {
					"rotation": [0.65242, 2.47162, 4.98558]
				},
				"arm_left8_shield": {
					"rotation": [0, -15, 0]
				},
				"shield": {
					"rotation": [0, 0, -90]
				},
				"arm_right7": {
					"rotation": [0, 0, -5]
				}
			}
		},
		"animation.aegislash.sleep": {
			"loop": true,
			"bones": {
				"body": {
					"rotation": ["53.0855+math.sin(q.anim_time*90*0.5-90)*1", -6.11819, -10.92119],
					"position": [0, "-7+math.sin(q.anim_time*90*0.5)*0.5", -6]
				},
				"shouder_left": {
					"rotation": [2.30991, -0.95645, 52.48072]
				},
				"arm_left": {
					"rotation": [0, 15, -7.5]
				},
				"arm_left2": {
					"rotation": [0, 5, 0]
				},
				"arm_left3": {
					"rotation": [1.76833, -1.76749, 7.47272]
				},
				"arm_left4": {
					"rotation": [1.84373, -1.68868, 14.97283]
				},
				"arm_left5": {
					"rotation": [2.10886, -1.34295, 14.97528]
				},
				"arm_left6": {
					"rotation": [-0.11166, -12.4976, 2.52179]
				},
				"arm_left7": {
					"rotation": [0, -2.5, 5]
				},
				"arm_left8": {
					"rotation": [0, 0, 0]
				},
				"arm_left9": {
					"rotation": [0, -12.5, 2.5]
				},
				"finger1_left1": {
					"rotation": [0, 5, 7.5]
				},
				"finger1_left2": {
					"rotation": [0.2284, -17.5046, 2.4218]
				},
				"finger2_left1": {
					"rotation": [0, 5, 5]
				},
				"finger2_left2": {
					"rotation": [0, -12.5, 0]
				},
				"finger3_left1": {
					"rotation": [0, 5, 2.5]
				},
				"finger3_left2": {
					"rotation": [0.33125, -10.00689, 2.42108]
				},
				"finger4_left1": {
					"rotation": [-0.6574, 7.4713, -2.54292]
				},
				"finger4_left2": {
					"rotation": [0, -7.5, 0]
				},
				"shouder_right": {
					"rotation": [2.47864, 0.32621, -37.49294]
				},
				"arm_right": {
					"rotation": [5.68592, -1.39729, -14.44544]
				},
				"arm_right2": {
					"rotation": [0, -5, 0]
				},
				"arm_right3": {
					"rotation": [1.76833, 1.76749, -7.47272]
				},
				"arm_right4": {
					"rotation": [-0.58152, -5.52498, -10.05989]
				},
				"arm_right5": {
					"rotation": [2.10886, 1.34295, -14.97528]
				},
				"arm_right6": {
					"rotation": [-0.11069, 9.99761, -2.51684]
				},
				"arm_right7": {
					"rotation": [0, 5, -5]
				},
				"arm_right8": {
					"rotation": [0, 5, 0]
				},
				"arm_right9": {
					"rotation": [0, 10, -2.5]
				},
				"finger1_right1": {
					"rotation": [0, -5, -7.5]
				},
				"finger1_right2": {
					"rotation": [0.2284, 17.5046, -2.4218]
				},
				"finger2_right1": {
					"rotation": [0, -5, -5]
				},
				"finger2_right2": {
					"rotation": [0, 12.5, 0]
				},
				"finger3_right1": {
					"rotation": [0, -5, -2.5]
				},
				"finger3_right2": {
					"rotation": [0.33125, 10.00689, -2.42108]
				},
				"finger4_right1": {
					"rotation": [-0.6574, -7.4713, 2.54292]
				},
				"finger4_right2": {
					"rotation": [0, 7.5, 0]
				},
				"shield": {
					"rotation": [0, 0, -12.5],
					"position": [-37.5, -13.75, -0.5]
				},
				"fingers_left": {
					"rotation": [0, -15, 0]
				},
				"fingers_right": {
					"rotation": [0, 15, 0]
				},
				"shield_detail": {
					"position": [0, 0, -0.1]
				},
				"eyelid": {
					"position": [0, 0, -0.1]
				}
			}
		},
		"animation.aegislash.blink": {
			"animation_length": 0.1667,
			"bones": {
				"eyelid": {
					"position": {
						"0.0": [0, 0, -0.1],
						"0.125": [0, 0, -0.1],
						"0.1667": [0, 0, 0]
					}
				}
			}
		},
		"animation.aegislash.shock": {
			"loop": true,
			"bones": {
				"pupil": {
					"scale": [0.6, 0.3, 1]
				}
			}
		},
		"animation.aegislash.angry": {
			"loop": true,
			"bones": {
				"eye_angry": {
					"position": [0, 0, -0.1]
				}
			}
		},
		"animation.aegislash.sad": {
			"loop": true,
			"bones": {
				"eye_sad": {
					"position": [0, 0, -0.1]
				}
			}
		},
		"animation.aegislash.unamused": {
			"loop": true,
			"bones": {
				"eye_unamused": {
					"position": [0, 0, -0.1]
				}
			}
		},
		"animation.aegislash.happy": {
			"loop": true,
			"bones": {
				"pupil": {
					"position": [0, 0, 0.1]
				},
				"pupil_happy": {
					"position": [0, 0, -0.1]
				}
			}
		},
		"animation.aegislash.hurt": {
			"loop": true,
			"bones": {
				"eyelid_recoil": {
					"position": [0, 0, -0.1]
				}
			}
		},
		"animation.aegislash.render": {
			"loop": true,
			"bones": {
				"body": {
					"rotation": [-9.08466, -12.70477, -2.64063],
					"position": [0, 11, 0]
				},
				"shouder_left": {
					"rotation": [6.38724, -10.47922, 13.77826]
				},
				"arm_left": {
					"rotation": [-15.22305, -15.56912, -3.59772]
				},
				"arm_left2": {
					"rotation": [0, 0, 2.5]
				},
				"arm_left4": {
					"rotation": [-5.55419, 20.18932, 36.05348]
				},
				"arm_left5": {
					"rotation": [-6.1463, 13.04073, 44.95829]
				},
				"arm_left6": {
					"rotation": [2.20462, 12.3071, 10.23772]
				},
				"arm_left7": {
					"rotation": [0.65242, 2.47162, 4.98558]
				},
				"arm_left8": {
					"rotation": [0, -15, 0]
				},
				"arm_left9": {
					"rotation": [0, -20, 0]
				},
				"fingers_left": {
					"rotation": [0, -130, 0]
				},
				"finger1_left1": {
					"rotation": [-0.58545, -22.48742, 2.66474]
				},
				"finger1_left2": {
					"rotation": [0, -12.5, 2.5]
				},
				"finger2_left1": {
					"rotation": [0, -20, 0]
				},
				"finger2_left2": {
					"rotation": [0, -17.5, 2.5]
				},
				"finger3_left1": {
					"rotation": [0, -15, 0]
				},
				"finger3_left2": {
					"rotation": [0, -15, 2.5]
				},
				"finger4_left1": {
					"rotation": [0, -7.5, -2.5]
				},
				"finger4_left2": {
					"rotation": [0, -22.5, 2.5]
				},
				"shouder_right": {
					"rotation": [-7.45637, 10.61395, -16.59701]
				},
				"arm_right": {
					"rotation": [-21.44468, 8.63489, 0.75066]
				},
				"arm_right2": {
					"rotation": [0, 0, -2.5]
				},
				"arm_right4": {
					"rotation": [5.63587, 14.42013, -55.22351]
				},
				"arm_right5": {
					"rotation": [-0.68329, -17.45627, -12.32324]
				},
				"arm_right6": {
					"rotation": [0.22117, -9.99043, -5.03364]
				},
				"arm_right8": {
					"rotation": [0, -2.5, 0]
				},
				"arm_right9": {
					"rotation": [0, 7.5, 0]
				},
				"fingers_right": {
					"rotation": [0, 5, 0]
				},
				"finger1_right1": {
					"rotation": [0, 0, -7.5]
				},
				"finger1_right2": {
					"rotation": [0, 0, -2.5]
				},
				"finger2_right1": {
					"rotation": [0, 2.5, 0]
				},
				"finger2_right2": {
					"rotation": [0, 5, -2.5]
				},
				"finger3_right1": {
					"rotation": [0, 17.5, 0]
				},
				"finger3_right2": {
					"rotation": [0, 20, -2.5]
				},
				"finger4_right1": {
					"rotation": [0, 45, 2.5]
				},
				"finger4_right2": {
					"rotation": [0, 35, -2.5]
				},
				"shouder_left_shield": {
					"rotation": [6.62159, 6.63291, 18.21089]
				},
				"arm_left_shield": {
					"rotation": [-12.68664, -9.76061, 9.68558]
				},
				"arm_left2_shield": {
					"rotation": [0, 0, 0]
				},
				"arm_left4_shield": {
					"rotation": [-0.82392, 13.39258, 49.49998]
				},
				"arm_left5_shield": {
					"rotation": [-8.214, 8.76949, 30.11103]
				},
				"arm_left6_shield": {
					"rotation": [2.20462, 12.3071, 10.23772]
				},
				"arm_left7_shield": {
					"rotation": [0.65242, 2.47162, 4.98558]
				},
				"arm_left8_shield": {
					"rotation": [0, -15, 0]
				},
				"shield": {
					"rotation": [4.66692, -4.20718, -95.92052],
					"position": [-4, 1.75, -5]
				},
				"arm_right7": {
					"rotation": [0, -5, -5]
				},
				"arm_left3": {
					"rotation": [0, 0, 15]
				},
				"arm_right3": {
					"rotation": [0, 0, -20]
				},
				"pupil": {
					"position": [-0.5, 0, 0]
				}
			}
		}
	}
}