{
	"format_version": "1.8.0",
	"animations": {
		"animation.ninetales.ground_idle": {
			"loop": true,
			"bones": {
				"body": {
					"position": [0, -0.3, 0]
				},
				"torso": {
					"rotation": ["5+math.sin(q.anim_time*90*2+90)*1", 0, 0],
					"position": [0, "0+math.sin(q.anim_time*90*2+90)*0.2", "0+math.sin(q.anim_time*90*2+90)*0.1"]
				},
				"chest": {
					"rotation": ["-4.843375783-math.sin(q.anim_time*90*2+150)*0.5", 0.006, -1.24227]
				},
				"neck": {
					"rotation": [-12.5, 0, 0]
				},
				"neck_fur_left2": {
					"rotation": ["0-math.sin(q.anim_time*90*2+120)*1", 0, -7.5]
				},
				"neck_fur_right2": {
					"rotation": ["0-math.sin(q.anim_time*90*2+120)*1", 0, 7.5]
				},
				"neck2": {
					"rotation": ["-12.5-math.sin(q.anim_time*90*2+120)*0.5", 0, 0]
				},
				"head_rotation": {
					"rotation": ["32.5+math.sin(q.anim_time*90*2+90)*2", 0, 0]
				},
				"hair2": {
					"rotation": ["-2.5+math.sin(q.anim_time*90*2-45)*0.5", 0, 0]
				},
				"hair_back_top": {
					"rotation": ["-2.5-math.sin(q.anim_time*90*2+120)*2", 0, 0]
				},
				"hair_back_top2": {
					"rotation": ["-22.5-math.sin(q.anim_time*90*2+90)*2", 0, 0]
				},
				"hair_back_bottom2": {
					"rotation": ["-20-math.sin(q.anim_time*90*2+120)*2", 0, 0]
				},
				"tail_middle": {
					"rotation": ["42.5+math.cos(q.anim_time*90*2+120)*1", 0, 0]
				},
				"tail_middle2": {
					"rotation": ["7.5+math.sin(q.anim_time*90*2-150)*1", 0, 0]
				},
				"tail_middle3": {
					"rotation": ["17.5+math.cos(q.anim_time*90*2-45)*2", 0, 0]
				},
				"tail_middle4": {
					"rotation": ["-37.5-math.cos(q.anim_time*90*2+150)*1", 0, 0]
				},
				"tail_middle5": {
					"rotation": ["-35+math.sin(q.anim_time*90*2-45)*2", 2.5, 0]
				},
				"tail_middle6": {
					"rotation": ["-42.5+math.sin(q.anim_time*90*2-45)*2", 0, 0]
				},
				"tail_middle7": {
					"rotation": ["-25+math.sin(q.anim_time*90*2-120)*2", 0, 0]
				},
				"tail_middle8": {
					"rotation": ["-25-math.sin(q.anim_time*90*2+45)*4", 0, 0]
				},
				"tail_left1_rotation": {
					"rotation": ["27.525638448+math.cos(q.anim_time*90*2+120)*1", 2.04767, 1.43455]
				},
				"tail_left1_2": {
					"rotation": ["15.013645339+math.sin(q.anim_time*90*2-150)*1", 2.41476, 0.64743]
				},
				"tail_left1_3": {
					"rotation": ["17.5+math.cos(q.anim_time*90*2-45)*2", 0, 0]
				},
				"tail_left1_4": {
					"rotation": ["-32.599068173-math.cos(q.anim_time*90*2+150)*1", -4.21541, 2.69136]
				},
				"tail_left1_5": {
					"rotation": ["-37.605552+math.sin(q.anim_time*90*2-45)*2", -3.9649, 3.04868]
				},
				"tail_left1_6": {
					"rotation": ["-40.107597848+math.sin(q.anim_time*90*2-120)*2", 3.82821, -3.21873]
				},
				"tail_left1_7": {
					"rotation": ["-27.702122918+math.sin(q.anim_time*90*2-120)*2", 6.64851, -3.47875]
				},
				"tail_left1_8": {
					"rotation": ["-14.132522209-math.sin(q.anim_time*90*2+45)*4", 12.95254, 7.63074]
				},
				"tail_left2_rotation": {
					"rotation": ["22.577335588-math.cos(q.anim_time*90*2+45)*1", 4.61854, 1.91757]
				},
				"tail_left2_2": {
					"rotation": ["12.5+math.cos(q.anim_time*90*2+120)*1", 0, 0]
				},
				"tail_left2_3": {
					"rotation": ["15+math.sin(q.anim_time*90*2-150)*1", 0, 0]
				},
				"tail_left2_4": {
					"rotation": ["-20+math.sin(q.anim_time*90*2+120)*2", 0, 0]
				},
				"tail_left2_5": {
					"rotation": ["-56.265008831-math.cos(q.anim_time*90*2+120)*2", -9.93191, 14.48174]
				},
				"tail_left2_6": {
					"rotation": ["-37.158458405-math.sin(q.anim_time*90*2-150)*2", 18.26883, -13.36473]
				},
				"tail_left2_7": {
					"rotation": ["-26.874024129-math.sin(q.anim_time*90*2+120)*6", 10.51794, 6.79286]
				},
				"tail_left3_rotation": {
					"rotation": ["10-math.cos(q.anim_time*90*2+45)*1", 0, 0]
				},
				"tail_left3_2": {
					"rotation": ["22.577335588+math.cos(q.anim_time*90*2+120)*1", 4.61854, 1.91757]
				},
				"tail_left3_3": {
					"rotation": ["10+math.sin(q.anim_time*90*2-150)*1", 0, 0]
				},
				"tail_left3_4": {
					"rotation": ["-30+math.sin(q.anim_time*90*2+120)*2", 0, 0]
				},
				"tail_left3_5": {
					"rotation": ["-27.860824367-math.cos(q.anim_time*90*2+150)*2", -8.86042, 4.65468]
				},
				"tail_left3_6": {
					"rotation": ["-43.1852829-math.sin(q.anim_time*90*2-90)*2", 9.18229, -8.51814]
				},
				"tail_left3_7": {
					"rotation": ["-27.086816547-math.sin(q.anim_time*90*2-120)*3", 8.17773, 5.77509]
				},
				"tail_right1_rotation": {
					"rotation": ["27.525638448+math.cos(q.anim_time*90*2+120)*1", -2.04767, -1.43455]
				},
				"tail_right1_2": {
					"rotation": ["15.013645339+math.sin(q.anim_time*90*2-150)*1", -2.41476, -0.64743]
				},
				"tail_right1_3": {
					"rotation": ["17.5+math.cos(q.anim_time*90*2-45)*2", 0, 0]
				},
				"tail_right1_4": {
					"rotation": ["-32.599068173-math.cos(q.anim_time*90*2+150)*1", 4.21541, -2.69136]
				},
				"tail_right1_5": {
					"rotation": ["-37.605552+math.sin(q.anim_time*90*2-45)*2", 3.9649, -3.04868]
				},
				"tail_right1_6": {
					"rotation": ["-40.107597848+math.sin(q.anim_time*90*2-120)*2", -3.82821, 3.21873]
				},
				"tail_right1_7": {
					"rotation": ["-27.702122918+math.sin(q.anim_time*90*2-120)*2", -6.64851, 3.47875]
				},
				"tail_right1_8": {
					"rotation": ["-14.132522209-math.sin(q.anim_time*90*2+45)*4", -12.95254, -7.63074]
				},
				"tail_right2_rotation": {
					"rotation": ["22.577335588-math.cos(q.anim_time*90*2+45)*1", -4.61854, -1.91757]
				},
				"tail_right2_2": {
					"rotation": ["12.5+math.cos(q.anim_time*90*2+120)*1", 0, 0]
				},
				"tail_right2_3": {
					"rotation": ["15+math.sin(q.anim_time*90*2-150)*1", 0, 0]
				},
				"tail_right2_4": {
					"rotation": ["-20+math.sin(q.anim_time*90*2+120)*2", 0, 0]
				},
				"tail_right2_5": {
					"rotation": ["-56.265008831-math.cos(q.anim_time*90*2+120)*2", 9.93191, -14.48174]
				},
				"tail_right2_6": {
					"rotation": ["-37.158458405-math.sin(q.anim_time*90*2-150)*2", -18.26883, 13.36473]
				},
				"tail_right2_7": {
					"rotation": ["-26.874024129-math.sin(q.anim_time*90*2+120)*6", -10.51794, -6.79286]
				},
				"leg_front_left": {
					"rotation": ["-9.981069394-math.sin(q.anim_time*90*2+90)*0.5", 0.43523, 4.98107],
					"position": [0, "0-math.sin(q.anim_time*90*2+90)*0.025", "0.5+math.sin(q.anim_time*90*2+90)*0.125"]
				},
				"leg_front_left2": {
					"rotation": [-2.5, 0, 0]
				},
				"foot_front_left": {
					"rotation": ["12.5+math.sin(q.anim_time*90*2+90)*0.5", 0, -5]
				},
				"leg_back_left": {
					"rotation": ["10+math.sin(q.anim_time*90*2+90)*1", 0, -7.5],
					"position": [0, "0+math.sin(q.anim_time*90*2+90)*0.175", "0-math.sin(q.anim_time*90*2+90)*0.05"]
				},
				"leg_back_left2": {
					"rotation": ["-2.5-math.sin(q.anim_time*90*2+90)*2", 0, 0]
				},
				"leg_back_left3": {
					"rotation": ["-2.5+math.sin(q.anim_time*90*2+90)*1", 0, 0]
				},
				"foot_back_left": {
					"rotation": [-5, 0, 7.5]
				},
				"leg_front_right": {
					"rotation": ["10.018930606-math.sin(q.anim_time*90*2+90)*0.5", -0.43523, -4.98107],
					"position": [0, "0+math.sin(q.anim_time*90*2+90)*0.025", "0.5+math.sin(q.anim_time*90*2+90)*0.125"]
				},
				"leg_front_right2": {
					"rotation": [-10, 0, 0]
				},
				"foot_front_right": {
					"rotation": ["0+math.sin(q.anim_time*90*2+90)*0.5", 0, 5]
				},
				"leg_back_right": {
					"rotation": ["17.521361057+math.sin(q.anim_time*90*2+90)*1", 0.32621, 7.49294],
					"position": [0, "0+math.sin(q.anim_time*90*2+90)*0.175", "0-math.sin(q.anim_time*90*2+90)*0.05"]
				},
				"leg_back_right2": {
					"rotation": ["-5-math.sin(q.anim_time*90*2+90)*2", 0, 0]
				},
				"leg_back_right3": {
					"rotation": ["2.5+math.sin(q.anim_time*90*2+90)*1", 0, 0]
				},
				"foot_back_right": {
					"rotation": [-15, 0, -7.5]
				},
				"tail_right3_rotation": {
					"rotation": ["10-math.cos(q.anim_time*90*2+45)*1", 0, 0]
				},
				"tail_right3_2": {
					"rotation": ["22.577335588+math.cos(q.anim_time*90*2+120)*1", -4.61854, -1.91757]
				},
				"tail_right3_3": {
					"rotation": ["10+math.sin(q.anim_time*90*2-150)*1", 0, 0]
				},
				"tail_right3_4": {
					"rotation": ["-30+math.sin(q.anim_time*90*2+120)*2", 0, 0]
				},
				"tail_right3_5": {
					"rotation": ["-27.860824367-math.cos(q.anim_time*90*2+150)*2", 8.86042, -4.65468]
				},
				"tail_right3_6": {
					"rotation": ["-43.1852829-math.sin(q.anim_time*90*2-90)*2", -9.18229, 8.51814]
				},
				"tail_right3_7": {
					"rotation": ["-27.086816547-math.sin(q.anim_time*90*2-120)*3", -8.17773, -5.77509]
				},
				"tail_left4_rotation": {
					"rotation": ["0-math.cos(q.anim_time*90*2+120)*1", 10, 0]
				},
				"tail_left4_2": {
					"rotation": ["17.5+math.sin(q.anim_time*90*2-90)*1", 0, 0]
				},
				"tail_left4_3": {
					"rotation": ["20.4458201+math.sin(q.anim_time*90*2-150)*1", -11.73507, -4.3361]
				},
				"tail_left4_4": {
					"rotation": ["-41.341977449-math.sin(q.anim_time*90*2+45)*1", -13.31791, 11.45696]
				},
				"tail_left4_5": {
					"rotation": ["-50.413183453+math.sin(q.anim_time*90*2-150)*3", 8.17773, -5.77509]
				},
				"tail_left4_6": {
					"rotation": ["-29.1119169723+math.cos(q.anim_time*90*2+45)*3", 8.98199, 19.2395]
				},
				"tail_right4_rotation": {
					"rotation": ["0-math.cos(q.anim_time*90*2+120)*1", -10, 0]
				},
				"tail_right4_2": {
					"rotation": ["17.5+math.sin(q.anim_time*90*2-90)*1", 0, 0]
				},
				"tail_right4_3": {
					"rotation": ["20.4458201+math.sin(q.anim_time*90*2-150)*1", 11.73507, 4.3361]
				},
				"tail_right4_4": {
					"rotation": ["-41.341977449-math.sin(q.anim_time*90*2+45)*1", 13.31791, -11.45696]
				},
				"tail_right4_5": {
					"rotation": ["-50.413183453+math.sin(q.anim_time*90*2-150)*3", -8.17773, 5.77509]
				},
				"tail_right4_6": {
					"rotation": ["-29.1119169723+math.cos(q.anim_time*90*2+45)*3", -8.98199, -19.2395]
				},
				"neck_fur_front": {
					"rotation": ["0-math.sin(q.anim_time*90*2+120)*1", 0, 0]
				},
				"neck_fur_front2": {
					"rotation": ["0-math.sin(q.anim_time*90*2+45)*1", 0, 0]
				},
				"neck_fur_front3": {
					"rotation": ["0-math.sin(q.anim_time*90*2+90)*1", 0, 0]
				},
				"neck_fur_back": {
					"rotation": ["12.5-math.sin(q.anim_time*90*2+45)*1", 0, 0]
				},
				"hair": {
					"rotation": [5, 0, 0]
				},
				"hair_detail": {
					"rotation": ["0+math.sin(q.anim_time*90*2-45)*1", 0, 0]
				},
				"hair_detail2": {
					"rotation": ["0+math.sin(q.anim_time*90*2-45)*1", 0, 0]
				},
				"hair_back_bottom": {
					"rotation": ["0-math.sin(q.anim_time*90*2+150)*2", 0, 0]
				},
				"tails": {
					"rotation": ["0+math.cos(q.anim_time*90*2-45)*2", 0, "0+math.cos(q.anim_time*90*2-120)"]
				}
			}
		},
		"animation.ninetales.ground_walk": {
			"loop": true,
			"animation_length": 1.5,
			"bones": {
				"body": {
					"position": [0, -0.3, 0]
				},
				"torso": {
					"rotation": ["10+math.sin(q.anim_time*90*2.67*2+45)*2", "0+math.sin(q.anim_time*90*2.67+90)*1", "0-math.sin(q.anim_time*90*2.67+120)*2"],
					"position": [0, "0-math.sin(q.anim_time*90*2.67*2+90)*0.25", "0+math.sin(q.anim_time*90*2.67*2+90)*0.1"]
				},
				"chest": {
					"rotation": ["-4.843375783-math.sin(q.anim_time*90*2.67*2+90)*2", 0.006, -1.24227]
				},
				"neck": {
					"rotation": [-12.5, 0, 0]
				},
				"neck_fur_front": {
					"rotation": ["0-math.sin(q.anim_time*90*2.67*2+120)*2", 0, 0]
				},
				"neck_fur_front2": {
					"rotation": ["0-math.sin(q.anim_time*90*2.67*2+45)*3", 0, 0]
				},
				"neck_fur_front3": {
					"rotation": ["0-math.sin(q.anim_time*90*2.67*2+90)*4", 0, 0]
				},
				"neck_fur_back": {
					"rotation": ["12.5-math.sin(q.anim_time*90*2.67*2+45)*3", 0, 0]
				},
				"neck_fur_left2": {
					"rotation": ["0-math.sin(q.anim_time*90*2.67*2+120)*2", 0, -7.5]
				},
				"neck_fur_right2": {
					"rotation": ["0-math.sin(q.anim_time*90*2.67*2+120)*2", 0, 7.5]
				},
				"neck2": {
					"rotation": ["-12.5-math.sin(q.anim_time*90*2.67*2+120)*2", 0, 0]
				},
				"head_rotation": {
					"rotation": ["32.5+math.sin(q.anim_time*90*2.67*2+90)*2", 0, 0]
				},
				"hair": {
					"rotation": [5, 0, 0]
				},
				"hair_detail": {
					"rotation": ["0+math.sin(q.anim_time*90*2.67*2-45)*1", 0, 0]
				},
				"hair2": {
					"rotation": ["-2.5+math.sin(q.anim_time*90*2.67*2-45)*0.5", 0, 0]
				},
				"hair_detail2": {
					"rotation": ["0+math.sin(q.anim_time*90*2.67*2-45)*1", 0, 0]
				},
				"hair_back_top": {
					"rotation": ["-2.5-math.sin(q.anim_time*90*2.67*2+120)*2", 0, 0]
				},
				"hair_back_top2": {
					"rotation": ["-22.5-math.sin(q.anim_time*90*2.67*2+90)*2", 0, 0]
				},
				"hair_back_bottom": {
					"rotation": ["0-math.sin(q.anim_time*90*2.67*2+150)*2", 0, 0]
				},
				"hair_back_bottom2": {
					"rotation": ["-20-math.sin(q.anim_time*90*2.67*2+120)*2", 0, 0]
				},
				"tails": {
					"rotation": ["0-math.sin(q.anim_time*90*2.67*2-45)*3", 0, 0]
				},
				"tail_middle": {
					"rotation": ["42.5+math.cos(q.anim_time*90*2.67*2+120)*1", 0, 0]
				},
				"tail_middle2": {
					"rotation": ["7.5+math.sin(q.anim_time*90*2.67*2-150)*1", 0, 0]
				},
				"tail_middle3": {
					"rotation": ["17.5+math.cos(q.anim_time*90*2.67*2-45)*2", 0, 0]
				},
				"tail_middle4": {
					"rotation": ["-37.5-math.cos(q.anim_time*90*2.67*2+150)*1", 0, 0]
				},
				"tail_middle5": {
					"rotation": ["-35+math.sin(q.anim_time*90*2.67*2-45)*2", 2.5, 0]
				},
				"tail_middle6": {
					"rotation": ["-42.5+math.sin(q.anim_time*90*2.67*2-45)*2", 0, 0]
				},
				"tail_middle7": {
					"rotation": ["-25+math.sin(q.anim_time*90*2.67*2-120)*2", 0, 0]
				},
				"tail_middle8": {
					"rotation": ["-25-math.sin(q.anim_time*90*2.67*2+45)*4", 0, 0]
				},
				"tail_left1_rotation": {
					"rotation": ["27.525638448+math.cos(q.anim_time*90*2.67*2+120)*1", 2.04767, 1.43455]
				},
				"tail_left1_2": {
					"rotation": ["15.013645339+math.sin(q.anim_time*90*2.67*2-150)*1", 2.41476, 0.64743]
				},
				"tail_left1_3": {
					"rotation": ["17.5+math.cos(q.anim_time*90*2.67*2-45)*2", 0, 0]
				},
				"tail_left1_4": {
					"rotation": ["-32.599068173-math.cos(q.anim_time*90*2.67*2+150)*1", -4.21541, 2.69136]
				},
				"tail_left1_5": {
					"rotation": ["-37.605552+math.sin(q.anim_time*90*2.67*2-45)*2", -3.9649, 3.04868]
				},
				"tail_left1_6": {
					"rotation": ["-40.107597848+math.sin(q.anim_time*90*2.67*2-120)*2", 3.82821, -3.21873]
				},
				"tail_left1_7": {
					"rotation": ["-27.702122918+math.sin(q.anim_time*90*2.67*2-120)*2", 6.64851, -3.47875]
				},
				"tail_left1_8": {
					"rotation": ["-14.132522209-math.sin(q.anim_time*90*2.67*2+45)*4", 12.95254, 7.63074]
				},
				"tail_left2_rotation": {
					"rotation": ["22.577335588-math.cos(q.anim_time*90*2.67*2+45)*1", 4.61854, 1.91757]
				},
				"tail_left2_2": {
					"rotation": ["12.5+math.cos(q.anim_time*90*2.67*2+120)*1", 0, 0]
				},
				"tail_left2_3": {
					"rotation": ["15+math.sin(q.anim_time*90*2.67*2-150)*1", 0, 0]
				},
				"tail_left2_4": {
					"rotation": ["-20+math.sin(q.anim_time*90*2.67*2+120)*2", 0, 0]
				},
				"tail_left2_5": {
					"rotation": ["-56.265008831-math.cos(q.anim_time*90*2.67*2+120)*2", -9.93191, 14.48174]
				},
				"tail_left2_6": {
					"rotation": ["-37.158458405-math.sin(q.anim_time*90*2.67*2-150)*2", 18.26883, -13.36473]
				},
				"tail_left2_7": {
					"rotation": ["-26.874024129-math.sin(q.anim_time*90*2.67*2+120)*6", 10.51794, 6.79286]
				},
				"tail_left3_rotation": {
					"rotation": ["10-math.cos(q.anim_time*90*2.67*2+45)*1", 0, 0]
				},
				"tail_left3_2": {
					"rotation": ["22.577335588+math.cos(q.anim_time*90*2.67*2+120)*1", 4.61854, 1.91757]
				},
				"tail_left3_3": {
					"rotation": ["10+math.sin(q.anim_time*90*2.67*2-150)*1", 0, 0]
				},
				"tail_left3_4": {
					"rotation": ["-30+math.sin(q.anim_time*90*2.67*2+120)*2", 0, 0]
				},
				"tail_left3_5": {
					"rotation": ["-27.860824367-math.cos(q.anim_time*90*2.67*2+150)*2", -8.86042, 4.65468]
				},
				"tail_left3_6": {
					"rotation": ["-43.1852829-math.sin(q.anim_time*90*2.67*2-90)*2", 9.18229, -8.51814]
				},
				"tail_left3_7": {
					"rotation": ["-27.086816547-math.sin(q.anim_time*90*2.67*2-120)*3", 8.17773, 5.77509]
				},
				"tail_left4_rotation": {
					"rotation": ["0-math.cos(q.anim_time*90*2.67*2+120)*1", 10, 0]
				},
				"tail_left4_2": {
					"rotation": ["17.5+math.sin(q.anim_time*90*2.67*2-90)*1", 0, 0]
				},
				"tail_left4_3": {
					"rotation": ["20.4458201+math.sin(q.anim_time*90*2.67*2-150)*1", -11.73507, -4.3361]
				},
				"tail_left4_4": {
					"rotation": ["-41.341977449-math.sin(q.anim_time*90*2.67*2+45)*1", -13.31791, 11.45696]
				},
				"tail_left4_5": {
					"rotation": ["-50.413183453+math.sin(q.anim_time*90*2.67*2-150)*3", 8.17773, -5.77509]
				},
				"tail_left4_6": {
					"rotation": ["-29.1119169723+math.cos(q.anim_time*90*2.67*2+45)*3", 8.98199, 19.2395]
				},
				"tail_right1_rotation": {
					"rotation": ["27.525638448+math.cos(q.anim_time*90*2.67*2+120)*1", -2.04767, -1.43455]
				},
				"tail_right1_2": {
					"rotation": ["15.013645339+math.sin(q.anim_time*90*2.67*2-150)*1", -2.41476, -0.64743]
				},
				"tail_right1_3": {
					"rotation": ["17.5+math.cos(q.anim_time*90*2.67*2-45)*2", 0, 0]
				},
				"tail_right1_4": {
					"rotation": ["-32.599068173-math.cos(q.anim_time*90*2.67*2+150)*1", 4.21541, -2.69136]
				},
				"tail_right1_5": {
					"rotation": ["-37.605552+math.sin(q.anim_time*90*2.67*2-45)*2", 3.9649, -3.04868]
				},
				"tail_right1_6": {
					"rotation": ["-40.107597848+math.sin(q.anim_time*90*2.67*2-120)*2", -3.82821, 3.21873]
				},
				"tail_right1_7": {
					"rotation": ["-27.702122918+math.sin(q.anim_time*90*2.67*2-120)*2", -6.64851, 3.47875]
				},
				"tail_right1_8": {
					"rotation": ["-14.132522209-math.sin(q.anim_time*90*2.67*2+45)*4", -12.95254, -7.63074]
				},
				"tail_right2_rotation": {
					"rotation": ["22.577335588-math.cos(q.anim_time*90*2.67*2+45)*1", -4.61854, -1.91757]
				},
				"tail_right2_2": {
					"rotation": ["12.5+math.cos(q.anim_time*90*2.67*2+120)*1", 0, 0]
				},
				"tail_right2_3": {
					"rotation": ["15+math.sin(q.anim_time*90*2.67*2-150)*1", 0, 0]
				},
				"tail_right2_4": {
					"rotation": ["-20+math.sin(q.anim_time*90*2.67*2+120)*2", 0, 0]
				},
				"tail_right2_5": {
					"rotation": ["-56.265008831-math.cos(q.anim_time*90*2.67*2+120)*2", 9.93191, -14.48174]
				},
				"tail_right2_6": {
					"rotation": ["-37.158458405-math.sin(q.anim_time*90*2.67*2-150)*2", -18.26883, 13.36473]
				},
				"tail_right2_7": {
					"rotation": ["-26.874024129-math.sin(q.anim_time*90*2.67*2+120)*6", -10.51794, -6.79286]
				},
				"tail_right3_rotation": {
					"rotation": ["10-math.cos(q.anim_time*90*2.67*2+45)*1", 0, 0]
				},
				"tail_right3_2": {
					"rotation": ["22.577335588+math.cos(q.anim_time*90*2.67*2+120)*1", -4.61854, -1.91757]
				},
				"tail_right3_3": {
					"rotation": ["10+math.sin(q.anim_time*90*2.67*2-150)*1", 0, 0]
				},
				"tail_right3_4": {
					"rotation": ["-30+math.sin(q.anim_time*90*2.67*2+120)*2", 0, 0]
				},
				"tail_right3_5": {
					"rotation": ["-27.860824367-math.cos(q.anim_time*90*2.67*2+150)*2", 8.86042, -4.65468]
				},
				"tail_right3_6": {
					"rotation": ["-43.1852829-math.sin(q.anim_time*90*2.67*2-90)*2", -9.18229, 8.51814]
				},
				"tail_right3_7": {
					"rotation": ["-27.086816547-math.sin(q.anim_time*90*2.67*2-120)*3", -8.17773, -5.77509]
				},
				"tail_right4_rotation": {
					"rotation": ["0-math.cos(q.anim_time*90*2.67*2+120)*1", -10, 0]
				},
				"tail_right4_2": {
					"rotation": ["17.5+math.sin(q.anim_time*90*2.67*2-90)*1", 0, 0]
				},
				"tail_right4_3": {
					"rotation": ["20.4458201+math.sin(q.anim_time*90*2.67*2-150)*1", 11.73507, 4.3361]
				},
				"tail_right4_4": {
					"rotation": ["-41.341977449-math.sin(q.anim_time*90*2.67*2+45)*1", 13.31791, -11.45696]
				},
				"tail_right4_5": {
					"rotation": ["-50.413183453+math.sin(q.anim_time*90*2.67*2-150)*3", -8.17773, 5.77509]
				},
				"tail_right4_6": {
					"rotation": ["-29.1119169723+math.cos(q.anim_time*90*2.67*2+45)*3", -8.98199, -19.2395]
				},
				"leg_front_left": {
					"rotation": {
						"0.0": {
							"post": [5, 0, 5],
							"lerp_mode": "catmullrom"
						},
						"0.1667": {
							"post": [20, 0, 5],
							"lerp_mode": "catmullrom"
						},
						"0.3333": {
							"post": [35, 0, 5],
							"lerp_mode": "catmullrom"
						},
						"0.5": {
							"post": [50, 0, 5],
							"lerp_mode": "catmullrom"
						},
						"0.6667": {
							"post": [55, 0, 5],
							"lerp_mode": "catmullrom"
						},
						"0.8333": {
							"post": [65, 0, 5],
							"lerp_mode": "catmullrom"
						},
						"1.0": {
							"post": [70, 0, 5],
							"lerp_mode": "catmullrom"
						},
						"1.1667": {
							"post": [20, 0, 5],
							"lerp_mode": "catmullrom"
						},
						"1.3333": {
							"post": [-17.5, 0, 5],
							"lerp_mode": "catmullrom"
						},
						"1.5": {
							"post": [5, 0, 5],
							"lerp_mode": "catmullrom"
						}
					},
					"position": {
						"0.0": {
							"post": [0, -2.4, -1],
							"lerp_mode": "catmullrom"
						},
						"0.1667": {
							"post": [0, -2.25, -0.5],
							"lerp_mode": "catmullrom"
						},
						"0.3333": {
							"post": [0, -2.31, 0.17],
							"lerp_mode": "catmullrom"
						},
						"0.5": {
							"post": [0, -3.1, 0.84],
							"lerp_mode": "catmullrom"
						},
						"0.6667": {
							"post": [0, -3.06, 1.28],
							"lerp_mode": "catmullrom"
						},
						"0.8333": {
							"post": [0, -2.2, 1.5],
							"lerp_mode": "catmullrom"
						},
						"1.0": {
							"post": [0, -2.5, 1.05],
							"lerp_mode": "catmullrom"
						},
						"1.1667": {
							"post": [0, -2.3, 0.2],
							"lerp_mode": "catmullrom"
						},
						"1.3333": {
							"post": [0, -2.97, -0.5],
							"lerp_mode": "catmullrom"
						},
						"1.5": {
							"post": [0, -2.4, -1],
							"lerp_mode": "catmullrom"
						}
					}
				},
				"leg_front_left2": {
					"rotation": {
						"0.0": {
							"post": [-45, 0, 0],
							"lerp_mode": "catmullrom"
						},
						"0.1667": {
							"post": [-52.5, 0, 0],
							"lerp_mode": "catmullrom"
						},
						"0.3333": {
							"post": [-55, 0, 0],
							"lerp_mode": "catmullrom"
						},
						"0.5": {
							"post": [-47.5, 0, 0],
							"lerp_mode": "catmullrom"
						},
						"0.6667": {
							"post": [-42.5, 0, 0],
							"lerp_mode": "catmullrom"
						},
						"0.8333": {
							"post": [-62.5, 0, 0],
							"lerp_mode": "catmullrom"
						},
						"1.0": {
							"post": [-102.5, 0, 0],
							"lerp_mode": "catmullrom"
						},
						"1.1667": {
							"post": [-87.5, 0, 0],
							"lerp_mode": "catmullrom"
						},
						"1.3333": {
							"post": [-36.25, 0, 0],
							"lerp_mode": "catmullrom"
						},
						"1.5": {
							"post": [-45, 0, 0],
							"lerp_mode": "catmullrom"
						}
					},
					"position": {
						"0.0": {
							"post": [0, 0, 0],
							"lerp_mode": "catmullrom"
						},
						"0.1667": {
							"post": [0, 0, 0],
							"lerp_mode": "catmullrom"
						},
						"0.3333": {
							"post": [0, 0.25, 0],
							"lerp_mode": "catmullrom"
						},
						"0.5": {
							"post": [0, 0.75, 0],
							"lerp_mode": "catmullrom"
						},
						"0.6667": {
							"post": [0, 0.21, 0.06],
							"lerp_mode": "catmullrom"
						},
						"0.8333": {
							"post": [0, 0, 0],
							"lerp_mode": "catmullrom"
						},
						"1.0": {
							"post": [0, 0, -1],
							"lerp_mode": "catmullrom"
						},
						"1.1667": {
							"post": [0, 0, -1],
							"lerp_mode": "catmullrom"
						},
						"1.3333": {
							"post": [0, 0, -0.5],
							"lerp_mode": "catmullrom"
						},
						"1.5": {
							"post": [0, 0, 0],
							"lerp_mode": "catmullrom"
						}
					}
				},
				"foot_front_left": {
					"rotation": {
						"0.0": {
							"post": [40.5, 0, -5],
							"lerp_mode": "catmullrom"
						},
						"0.1667": {
							"post": [30.5, 0, -5],
							"lerp_mode": "catmullrom"
						},
						"0.3333": {
							"post": [20.5, 0, -5],
							"lerp_mode": "catmullrom"
						},
						"0.5": {
							"post": [-2, 0, -5],
							"lerp_mode": "catmullrom"
						},
						"0.6667": {
							"post": [-12, 0, -5],
							"lerp_mode": "catmullrom"
						},
						"0.8333": {
							"post": [48, 0, -5],
							"lerp_mode": "catmullrom"
						},
						"1.0": {
							"post": [145.5, 0, -5],
							"lerp_mode": "catmullrom"
						},
						"1.1667": {
							"post": [133, 0, -5],
							"lerp_mode": "catmullrom"
						},
						"1.3333": {
							"post": [54.25, 0, -5],
							"lerp_mode": "catmullrom"
						},
						"1.5": {
							"post": [40.5, 0, -5],
							"lerp_mode": "catmullrom"
						}
					},
					"position": {
						"0.0": {
							"post": [0, 0, 0],
							"lerp_mode": "catmullrom"
						},
						"0.1667": {
							"post": [0, 0, 0],
							"lerp_mode": "catmullrom"
						},
						"0.3333": {
							"post": [0, -0.1, 0],
							"lerp_mode": "catmullrom"
						},
						"0.5": {
							"post": [0, -0.1, 0],
							"lerp_mode": "catmullrom"
						},
						"0.6667": {
							"post": [0, -0.1, 0],
							"lerp_mode": "catmullrom"
						},
						"0.8333": {
							"post": [0, -0.1, 0],
							"lerp_mode": "catmullrom"
						},
						"1.0": {
							"post": [0, 0, 0],
							"lerp_mode": "catmullrom"
						},
						"1.1667": {
							"post": [0, -0.25, -0.25],
							"lerp_mode": "catmullrom"
						},
						"1.3333": {
							"post": [0, 0, 0],
							"lerp_mode": "catmullrom"
						},
						"1.5": {
							"post": [0, 0, 0],
							"lerp_mode": "catmullrom"
						}
					}
				},
				"leg_back_left": {
					"rotation": {
						"0.0": {
							"post": [12.5, 0, 0],
							"lerp_mode": "catmullrom"
						},
						"0.25": {
							"post": [27.5, 0, 0],
							"lerp_mode": "catmullrom"
						},
						"0.5": {
							"post": [32.5, 0, 0],
							"lerp_mode": "catmullrom"
						},
						"0.75": {
							"post": [2.5, 0, 0],
							"lerp_mode": "catmullrom"
						},
						"1.0": {
							"post": [-25, 0, 0],
							"lerp_mode": "catmullrom"
						},
						"1.2083": {
							"post": [-12.5, 0, 0],
							"lerp_mode": "catmullrom"
						},
						"1.5": {
							"post": [12.5, 0, 0],
							"lerp_mode": "catmullrom"
						}
					},
					"position": {
						"0.0": {
							"post": [0, 0, 0],
							"lerp_mode": "catmullrom"
						},
						"0.25": {
							"post": [0, 0.25, 0],
							"lerp_mode": "catmullrom"
						},
						"0.5": {
							"post": [0, 0, 0],
							"lerp_mode": "catmullrom"
						},
						"0.75": {
							"post": [0, 0, 0],
							"lerp_mode": "catmullrom"
						},
						"1.0": {
							"post": [0, -0.5, 0],
							"lerp_mode": "catmullrom"
						},
						"1.2083": {
							"post": [0, 0.1, 0],
							"lerp_mode": "catmullrom"
						},
						"1.375": {
							"post": [0, 0.44, 0],
							"lerp_mode": "catmullrom"
						},
						"1.5": {
							"post": [0, 0, 0],
							"lerp_mode": "catmullrom"
						}
					}
				},
				"leg_back_left2": {
					"rotation": {
						"0.0": {
							"post": [-2.5, 0, 0],
							"lerp_mode": "catmullrom"
						},
						"0.25": {
							"post": [-10, 0, 0],
							"lerp_mode": "catmullrom"
						},
						"0.5": {
							"post": [0, 0, 0],
							"lerp_mode": "catmullrom"
						},
						"0.75": {
							"post": [17.5, 0, 0],
							"lerp_mode": "catmullrom"
						},
						"1.0": {
							"post": [12.5, 0, 0],
							"lerp_mode": "catmullrom"
						},
						"1.2083": {
							"post": [2.5, 0, 0],
							"lerp_mode": "catmullrom"
						},
						"1.5": {
							"post": [-2.5, 0, 0],
							"lerp_mode": "catmullrom"
						}
					},
					"position": {
						"0.0": {
							"post": [0, 0, 0],
							"lerp_mode": "catmullrom"
						},
						"0.25": {
							"post": [0, 0, 0],
							"lerp_mode": "catmullrom"
						},
						"0.5": {
							"post": [0, 0, 0],
							"lerp_mode": "catmullrom"
						},
						"0.75": {
							"post": [0, 0, 0],
							"lerp_mode": "catmullrom"
						},
						"1.0": {
							"post": [0, 0, 0],
							"lerp_mode": "catmullrom"
						},
						"1.2083": {
							"post": [0, 0, 0],
							"lerp_mode": "catmullrom"
						},
						"1.5": {
							"post": [0, 0, 0],
							"lerp_mode": "catmullrom"
						}
					}
				},
				"leg_back_left3": {
					"rotation": {
						"0.0": {
							"post": [2.5, 0, 0],
							"lerp_mode": "catmullrom"
						},
						"0.25": {
							"post": [27.5, 0, 0],
							"lerp_mode": "catmullrom"
						},
						"0.5": {
							"post": [12.5, 0, 0],
							"lerp_mode": "catmullrom"
						},
						"0.75": {
							"post": [-35, 0, 0],
							"lerp_mode": "catmullrom"
						},
						"1.0": {
							"post": [-15, 0, 0],
							"lerp_mode": "catmullrom"
						},
						"1.2083": {
							"post": [-5, 0, 0],
							"lerp_mode": "catmullrom"
						},
						"1.5": {
							"post": [2.5, 0, 0],
							"lerp_mode": "catmullrom"
						}
					},
					"position": {
						"0.0": {
							"post": [0, 0, 0],
							"lerp_mode": "catmullrom"
						},
						"0.25": {
							"post": [0, 0, 0],
							"lerp_mode": "catmullrom"
						},
						"0.5": {
							"post": [0, 0, 0],
							"lerp_mode": "catmullrom"
						},
						"0.75": {
							"post": [0, 0, -1],
							"lerp_mode": "catmullrom"
						},
						"1.0": {
							"post": [0, 0, -1],
							"lerp_mode": "catmullrom"
						},
						"1.2083": {
							"post": [0, 0, -1],
							"lerp_mode": "catmullrom"
						},
						"1.5": {
							"post": [0, 0, 0],
							"lerp_mode": "catmullrom"
						}
					}
				},
				"foot_back_left": {
					"rotation": {
						"0.0": {
							"post": [-12.5, 0, 0],
							"lerp_mode": "catmullrom"
						},
						"0.25": {
							"post": [-30, 0, 0],
							"lerp_mode": "catmullrom"
						},
						"0.5": {
							"post": [45, 0, 0],
							"lerp_mode": "catmullrom"
						},
						"0.75": {
							"post": [75, 0, 0],
							"lerp_mode": "catmullrom"
						},
						"1.0": {
							"post": [17.5, 0, 0],
							"lerp_mode": "catmullrom"
						},
						"1.2083": {
							"post": [15, 0, 0],
							"lerp_mode": "catmullrom"
						},
						"1.5": {
							"post": [-12.5, 0, 0],
							"lerp_mode": "catmullrom"
						}
					},
					"position": {
						"0.0": {
							"post": [0, 0, 0],
							"lerp_mode": "catmullrom"
						},
						"0.25": {
							"post": [0, 0, 0],
							"lerp_mode": "catmullrom"
						},
						"0.5": {
							"post": [0, 0, 0],
							"lerp_mode": "catmullrom"
						},
						"0.75": {
							"post": [0, 0, 0],
							"lerp_mode": "catmullrom"
						},
						"1.0": {
							"post": [0, 0, 0],
							"lerp_mode": "catmullrom"
						},
						"1.2083": {
							"post": [0, 0, 0],
							"lerp_mode": "catmullrom"
						},
						"1.5": {
							"post": [0, 0, 0],
							"lerp_mode": "catmullrom"
						}
					}
				},
				"leg_front_right": {
					"rotation": {
						"0.0": {
							"post": [60, 0, -5],
							"lerp_mode": "catmullrom"
						},
						"0.0833": {
							"post": [65, 0, -5],
							"lerp_mode": "catmullrom"
						},
						"0.25": {
							"post": [70, 0, -5],
							"lerp_mode": "catmullrom"
						},
						"0.4167": {
							"post": [20, 0, -5],
							"lerp_mode": "catmullrom"
						},
						"0.5833": {
							"post": [-17.5, 0, -5],
							"lerp_mode": "catmullrom"
						},
						"0.75": {
							"post": [5, 0, -5],
							"lerp_mode": "catmullrom"
						},
						"0.9167": {
							"post": [20, 0, -5],
							"lerp_mode": "catmullrom"
						},
						"1.0833": {
							"post": [35, 0, -5],
							"lerp_mode": "catmullrom"
						},
						"1.25": {
							"post": [50, 0, -5],
							"lerp_mode": "catmullrom"
						},
						"1.4167": {
							"post": [55, 0, -5],
							"lerp_mode": "catmullrom"
						},
						"1.5": {
							"post": [60, 0, -5],
							"lerp_mode": "catmullrom"
						}
					},
					"position": {
						"0.0": {
							"post": [0, -2.61, 1.45],
							"lerp_mode": "catmullrom"
						},
						"0.0833": {
							"post": [0, -2.2, 1.5],
							"lerp_mode": "catmullrom"
						},
						"0.25": {
							"post": [0, -2.5, 1.05],
							"lerp_mode": "catmullrom"
						},
						"0.4167": {
							"post": [0, -2.3, 0.2],
							"lerp_mode": "catmullrom"
						},
						"0.5833": {
							"post": [0, -2.97, -0.5],
							"lerp_mode": "catmullrom"
						},
						"0.75": {
							"post": [0, -2.4, -1],
							"lerp_mode": "catmullrom"
						},
						"0.9167": {
							"post": [0, -2.25, -0.5],
							"lerp_mode": "catmullrom"
						},
						"1.0833": {
							"post": [0, -2.31, 0.17],
							"lerp_mode": "catmullrom"
						},
						"1.25": {
							"post": [0, -3.1, 0.84],
							"lerp_mode": "catmullrom"
						},
						"1.4167": {
							"post": [0, -3.06, 1.28],
							"lerp_mode": "catmullrom"
						},
						"1.5": {
							"post": [0, -2.61, 1.45],
							"lerp_mode": "catmullrom"
						}
					}
				},
				"leg_front_right2": {
					"rotation": {
						"0.0": {
							"post": [-49.69, 0, 0],
							"lerp_mode": "catmullrom"
						},
						"0.0833": {
							"post": [-62.5, 0, 0],
							"lerp_mode": "catmullrom"
						},
						"0.25": {
							"post": [-102.5, 0, 0],
							"lerp_mode": "catmullrom"
						},
						"0.4167": {
							"post": [-87.5, 0, 0],
							"lerp_mode": "catmullrom"
						},
						"0.5833": {
							"post": [-36.25, 0, 0],
							"lerp_mode": "catmullrom"
						},
						"0.75": {
							"post": [-45, 0, 0],
							"lerp_mode": "catmullrom"
						},
						"0.9167": {
							"post": [-52.5, 0, 0],
							"lerp_mode": "catmullrom"
						},
						"1.0833": {
							"post": [-55, 0, 0],
							"lerp_mode": "catmullrom"
						},
						"1.25": {
							"post": [-47.5, 0, 0],
							"lerp_mode": "catmullrom"
						},
						"1.4167": {
							"post": [-42.5, 0, 0],
							"lerp_mode": "catmullrom"
						},
						"1.5": {
							"post": [-49.69, 0, 0],
							"lerp_mode": "catmullrom"
						}
					},
					"position": {
						"0.0": {
							"post": [0, 0.07, 0.1],
							"lerp_mode": "catmullrom"
						},
						"0.0833": {
							"post": [0, 0, 0],
							"lerp_mode": "catmullrom"
						},
						"0.25": {
							"post": [0, 0, -1],
							"lerp_mode": "catmullrom"
						},
						"0.4167": {
							"post": [0, 0, -1],
							"lerp_mode": "catmullrom"
						},
						"0.5833": {
							"post": [0, 0, -0.5],
							"lerp_mode": "catmullrom"
						},
						"0.75": {
							"post": [0, 0, 0],
							"lerp_mode": "catmullrom"
						},
						"0.9167": {
							"post": [0, 0, 0],
							"lerp_mode": "catmullrom"
						},
						"1.0833": {
							"post": [0, 0.25, 0],
							"lerp_mode": "catmullrom"
						},
						"1.25": {
							"post": [0, 0.75, 0],
							"lerp_mode": "catmullrom"
						},
						"1.4167": {
							"post": [0, 0.21, 0.06],
							"lerp_mode": "catmullrom"
						},
						"1.5": {
							"post": [0, 0.07, 0.1],
							"lerp_mode": "catmullrom"
						}
					}
				},
				"leg_front_right3": {
					"rotation": [0, 0, 0]
				},
				"foot_front_right": {
					"rotation": {
						"0.0": {
							"post": [11.28, 0, 5],
							"lerp_mode": "catmullrom"
						},
						"0.0833": {
							"post": [48, 0, 5],
							"lerp_mode": "catmullrom"
						},
						"0.25": {
							"post": [145.5, 0, 5],
							"lerp_mode": "catmullrom"
						},
						"0.4167": {
							"post": [133, 0, 5],
							"lerp_mode": "catmullrom"
						},
						"0.5833": {
							"post": [54.25, 0, 5],
							"lerp_mode": "catmullrom"
						},
						"0.75": {
							"post": [40.5, 0, 5],
							"lerp_mode": "catmullrom"
						},
						"0.9167": {
							"post": [30.5, 0, 5],
							"lerp_mode": "catmullrom"
						},
						"1.0833": {
							"post": [20.5, 0, 5],
							"lerp_mode": "catmullrom"
						},
						"1.25": {
							"post": [-2, 0, 5],
							"lerp_mode": "catmullrom"
						},
						"1.4167": {
							"post": [-12, 0, 5],
							"lerp_mode": "catmullrom"
						},
						"1.5": {
							"post": [11.28, 0, 5],
							"lerp_mode": "catmullrom"
						}
					},
					"position": {
						"0.0": {
							"post": [0, -0.11, 0],
							"lerp_mode": "catmullrom"
						},
						"0.0833": {
							"post": [0, -0.1, 0],
							"lerp_mode": "catmullrom"
						},
						"0.25": {
							"post": [0, 0, 0],
							"lerp_mode": "catmullrom"
						},
						"0.4167": {
							"post": [0, -0.25, -0.25],
							"lerp_mode": "catmullrom"
						},
						"0.5833": {
							"post": [0, 0, 0],
							"lerp_mode": "catmullrom"
						},
						"0.75": {
							"post": [0, 0, 0],
							"lerp_mode": "catmullrom"
						},
						"0.9167": {
							"post": [0, 0, 0],
							"lerp_mode": "catmullrom"
						},
						"1.0833": {
							"post": [0, -0.1, 0],
							"lerp_mode": "catmullrom"
						},
						"1.25": {
							"post": [0, -0.1, 0],
							"lerp_mode": "catmullrom"
						},
						"1.4167": {
							"post": [0, -0.1, 0],
							"lerp_mode": "catmullrom"
						},
						"1.5": {
							"post": [0, -0.11, 0],
							"lerp_mode": "catmullrom"
						}
					}
				},
				"leg_back_right": {
					"rotation": {
						"0.0": {
							"post": [2.5, 0, 0],
							"lerp_mode": "catmullrom"
						},
						"0.25": {
							"post": [-25, 0, 0],
							"lerp_mode": "catmullrom"
						},
						"0.4583": {
							"post": [-12.5, 0, 0],
							"lerp_mode": "catmullrom"
						},
						"0.75": {
							"post": [12.5, 0, 0],
							"lerp_mode": "catmullrom"
						},
						"1.0": {
							"post": [27.5, 0, 0],
							"lerp_mode": "catmullrom"
						},
						"1.25": {
							"post": [32.5, 0, 0],
							"lerp_mode": "catmullrom"
						},
						"1.5": {
							"post": [2.5, 0, 0],
							"lerp_mode": "catmullrom"
						}
					},
					"position": {
						"0.0": {
							"post": [0, 0, 0],
							"lerp_mode": "catmullrom"
						},
						"0.25": {
							"post": [0, -0.5, 0],
							"lerp_mode": "catmullrom"
						},
						"0.4583": {
							"post": [0, 0.1, 0],
							"lerp_mode": "catmullrom"
						},
						"0.625": {
							"post": [0, 0.44, 0],
							"lerp_mode": "catmullrom"
						},
						"0.75": {
							"post": [0, 0, 0],
							"lerp_mode": "catmullrom"
						},
						"1.0": {
							"post": [0, 0.25, 0],
							"lerp_mode": "catmullrom"
						},
						"1.25": {
							"post": [0, 0, 0],
							"lerp_mode": "catmullrom"
						},
						"1.5": {
							"post": [0, 0, 0],
							"lerp_mode": "catmullrom"
						}
					}
				},
				"leg_back_right2": {
					"rotation": {
						"0.0": {
							"post": [17.5, 0, 0],
							"lerp_mode": "catmullrom"
						},
						"0.25": {
							"post": [12.5, 0, 0],
							"lerp_mode": "catmullrom"
						},
						"0.4583": {
							"post": [2.5, 0, 0],
							"lerp_mode": "catmullrom"
						},
						"0.75": {
							"post": [-2.5, 0, 0],
							"lerp_mode": "catmullrom"
						},
						"1.0": {
							"post": [-10, 0, 0],
							"lerp_mode": "catmullrom"
						},
						"1.25": {
							"post": [0, 0, 0],
							"lerp_mode": "catmullrom"
						},
						"1.5": {
							"post": [17.5, 0, 0],
							"lerp_mode": "catmullrom"
						}
					},
					"position": {
						"0.0": {
							"post": [0, 0, 0],
							"lerp_mode": "catmullrom"
						},
						"0.25": {
							"post": [0, 0, 0],
							"lerp_mode": "catmullrom"
						},
						"0.4583": {
							"post": [0, 0, 0],
							"lerp_mode": "catmullrom"
						},
						"0.75": {
							"post": [0, 0, 0],
							"lerp_mode": "catmullrom"
						},
						"1.0": {
							"post": [0, 0, 0],
							"lerp_mode": "catmullrom"
						},
						"1.25": {
							"post": [0, 0, 0],
							"lerp_mode": "catmullrom"
						},
						"1.5": {
							"post": [0, 0, 0],
							"lerp_mode": "catmullrom"
						}
					}
				},
				"leg_back_right3": {
					"rotation": {
						"0.0": {
							"post": [-35, 0, 0],
							"lerp_mode": "catmullrom"
						},
						"0.25": {
							"post": [-15, 0, 0],
							"lerp_mode": "catmullrom"
						},
						"0.4583": {
							"post": [-5, 0, 0],
							"lerp_mode": "catmullrom"
						},
						"0.75": {
							"post": [2.5, 0, 0],
							"lerp_mode": "catmullrom"
						},
						"1.0": {
							"post": [27.5, 0, 0],
							"lerp_mode": "catmullrom"
						},
						"1.25": {
							"post": [12.5, 0, 0],
							"lerp_mode": "catmullrom"
						},
						"1.5": {
							"post": [-35, 0, 0],
							"lerp_mode": "catmullrom"
						}
					},
					"position": {
						"0.0": {
							"post": [0, 0, -1],
							"lerp_mode": "catmullrom"
						},
						"0.25": {
							"post": [0, 0, -1],
							"lerp_mode": "catmullrom"
						},
						"0.4583": {
							"post": [0, 0, -1],
							"lerp_mode": "catmullrom"
						},
						"0.75": {
							"post": [0, 0, 0],
							"lerp_mode": "catmullrom"
						},
						"1.0": {
							"post": [0, 0, 0],
							"lerp_mode": "catmullrom"
						},
						"1.25": {
							"post": [0, 0, 0],
							"lerp_mode": "catmullrom"
						},
						"1.5": {
							"post": [0, 0, -1],
							"lerp_mode": "catmullrom"
						}
					}
				},
				"foot_back_right": {
					"rotation": {
						"0.0": {
							"post": [75, 0, 0],
							"lerp_mode": "catmullrom"
						},
						"0.25": {
							"post": [17.5, 0, 0],
							"lerp_mode": "catmullrom"
						},
						"0.4583": {
							"post": [15, 0, 0],
							"lerp_mode": "catmullrom"
						},
						"0.75": {
							"post": [-12.5, 0, 0],
							"lerp_mode": "catmullrom"
						},
						"1.0": {
							"post": [-30, 0, 0],
							"lerp_mode": "catmullrom"
						},
						"1.25": {
							"post": [45, 0, 0],
							"lerp_mode": "catmullrom"
						},
						"1.5": {
							"post": [75, 0, 0],
							"lerp_mode": "catmullrom"
						}
					},
					"position": {
						"0.0": {
							"post": [0, 0, 0],
							"lerp_mode": "catmullrom"
						},
						"0.25": {
							"post": [0, 0, 0],
							"lerp_mode": "catmullrom"
						},
						"0.4583": {
							"post": [0, 0, 0],
							"lerp_mode": "catmullrom"
						},
						"0.75": {
							"post": [0, 0, 0],
							"lerp_mode": "catmullrom"
						},
						"1.0": {
							"post": [0, 0, 0],
							"lerp_mode": "catmullrom"
						},
						"1.25": {
							"post": [0, 0, 0],
							"lerp_mode": "catmullrom"
						},
						"1.5": {
							"post": [0, 0, 0],
							"lerp_mode": "catmullrom"
						}
					}
				}
			}
		},
		"animation.ninetales.battle_idle": {
			"loop": true,
			"bones": {
				"body": {
					"position": [0, -0.3, 0]
				},
				"torso": {
					"rotation": ["5+math.sin(q.anim_time*90*4+90)*1", 0, 0],
					"position": [0, "0+math.sin(q.anim_time*90*4+90)*0.2", "0+math.sin(q.anim_time*90*4+90)*0.1"]
				},
				"chest": {
					"rotation": ["-4.843375783-math.sin(q.anim_time*90*4+150)*0.5", 0.006, -1.24227]
				},
				"neck": {
					"rotation": [-12.5, 0, 0]
				},
				"neck_fur_left2": {
					"rotation": ["0-math.sin(q.anim_time*90*4+120)*1", 0, -7.5]
				},
				"neck_fur_right2": {
					"rotation": ["0-math.sin(q.anim_time*90*4+120)*1", 0, 7.5]
				},
				"neck2": {
					"rotation": ["-12.5-math.sin(q.anim_time*90*4+120)*0.5", 0, 0]
				},
				"head_rotation": {
					"rotation": ["32.5+math.sin(q.anim_time*90*4+90)*2", 0, 0]
				},
				"hair2": {
					"rotation": ["-2.5+math.sin(q.anim_time*90*4-45)*0.5", 0, 0]
				},
				"hair_back_top": {
					"rotation": ["-2.5-math.sin(q.anim_time*90*4+120)*2", 0, 0]
				},
				"hair_back_top2": {
					"rotation": ["-22.5-math.sin(q.anim_time*90*4+90)*2", 0, 0]
				},
				"hair_back_bottom2": {
					"rotation": ["-20-math.sin(q.anim_time*90*4+120)*2", 0, 0]
				},
				"tail_middle": {
					"rotation": ["42.5+math.cos(q.anim_time*90*4+120)*1", 0, 0]
				},
				"tail_middle2": {
					"rotation": ["7.5+math.sin(q.anim_time*90*4-150)*1", 0, 0]
				},
				"tail_middle3": {
					"rotation": ["17.5+math.cos(q.anim_time*90*4-45)*2", 0, 0]
				},
				"tail_middle4": {
					"rotation": ["-37.5-math.cos(q.anim_time*90*4+150)*1", 0, 0]
				},
				"tail_middle5": {
					"rotation": ["-35+math.sin(q.anim_time*90*4-45)*2", 2.5, 0]
				},
				"tail_middle6": {
					"rotation": ["-42.5+math.sin(q.anim_time*90*4-45)*2", 0, 0]
				},
				"tail_middle7": {
					"rotation": ["-25+math.sin(q.anim_time*90*4-120)*2", 0, 0]
				},
				"tail_middle8": {
					"rotation": ["-25-math.sin(q.anim_time*90*4+45)*4", 0, 0]
				},
				"tail_left1_rotation": {
					"rotation": ["27.525638448+math.cos(q.anim_time*90*4+120)*1", 2.04767, 1.43455]
				},
				"tail_left1_2": {
					"rotation": ["15.013645339+math.sin(q.anim_time*90*4-150)*1", 2.41476, 0.64743]
				},
				"tail_left1_3": {
					"rotation": ["17.5+math.cos(q.anim_time*90*4-45)*2", 0, 0]
				},
				"tail_left1_4": {
					"rotation": ["-32.599068173-math.cos(q.anim_time*90*4+150)*1", -4.21541, 2.69136]
				},
				"tail_left1_5": {
					"rotation": ["-37.605552+math.sin(q.anim_time*90*4-45)*2", -3.9649, 3.04868]
				},
				"tail_left1_6": {
					"rotation": ["-40.107597848+math.sin(q.anim_time*90*4-120)*2", 3.82821, -3.21873]
				},
				"tail_left1_7": {
					"rotation": ["-27.702122918+math.sin(q.anim_time*90*4-120)*2", 6.64851, -3.47875]
				},
				"tail_left1_8": {
					"rotation": ["-14.132522209-math.sin(q.anim_time*90*4+45)*4", 12.95254, 7.63074]
				},
				"tail_left2_rotation": {
					"rotation": ["22.577335588-math.cos(q.anim_time*90*4+45)*1", 4.61854, 1.91757]
				},
				"tail_left2_2": {
					"rotation": ["12.5+math.cos(q.anim_time*90*4+120)*1", 0, 0]
				},
				"tail_left2_3": {
					"rotation": ["15+math.sin(q.anim_time*90*4-150)*1", 0, 0]
				},
				"tail_left2_4": {
					"rotation": ["-20+math.sin(q.anim_time*90*4+120)*2", 0, 0]
				},
				"tail_left2_5": {
					"rotation": ["-56.265008831-math.cos(q.anim_time*90*4+120)*2", -9.93191, 14.48174]
				},
				"tail_left2_6": {
					"rotation": ["-37.158458405-math.sin(q.anim_time*90*4-150)*2", 18.26883, -13.36473]
				},
				"tail_left2_7": {
					"rotation": ["-26.874024129-math.sin(q.anim_time*90*4+120)*6", 10.51794, 6.79286]
				},
				"tail_left3_rotation": {
					"rotation": ["10-math.cos(q.anim_time*90*4+45)*1", 0, 0]
				},
				"tail_left3_2": {
					"rotation": ["22.577335588+math.cos(q.anim_time*90*4+120)*1", 4.61854, 1.91757]
				},
				"tail_left3_3": {
					"rotation": ["10+math.sin(q.anim_time*90*4-150)*1", 0, 0]
				},
				"tail_left3_4": {
					"rotation": ["-30+math.sin(q.anim_time*90*4+120)*2", 0, 0]
				},
				"tail_left3_5": {
					"rotation": ["-27.860824367-math.cos(q.anim_time*90*4+150)*2", -8.86042, 4.65468]
				},
				"tail_left3_6": {
					"rotation": ["-43.1852829-math.sin(q.anim_time*90*4-90)*2", 9.18229, -8.51814]
				},
				"tail_left3_7": {
					"rotation": ["-27.086816547-math.sin(q.anim_time*90*4-120)*3", 8.17773, 5.77509]
				},
				"tail_right1_rotation": {
					"rotation": ["27.525638448+math.cos(q.anim_time*90*4+120)*1", -2.04767, -1.43455]
				},
				"tail_right1_2": {
					"rotation": ["15.013645339+math.sin(q.anim_time*90*4-150)*1", -2.41476, -0.64743]
				},
				"tail_right1_3": {
					"rotation": ["17.5+math.cos(q.anim_time*90*4-45)*2", 0, 0]
				},
				"tail_right1_4": {
					"rotation": ["-32.599068173-math.cos(q.anim_time*90*4+150)*1", 4.21541, -2.69136]
				},
				"tail_right1_5": {
					"rotation": ["-37.605552+math.sin(q.anim_time*90*4-45)*2", 3.9649, -3.04868]
				},
				"tail_right1_6": {
					"rotation": ["-40.107597848+math.sin(q.anim_time*90*4-120)*2", -3.82821, 3.21873]
				},
				"tail_right1_7": {
					"rotation": ["-27.702122918+math.sin(q.anim_time*90*4-120)*2", -6.64851, 3.47875]
				},
				"tail_right1_8": {
					"rotation": ["-14.132522209-math.sin(q.anim_time*90*4+45)*4", -12.95254, -7.63074]
				},
				"tail_right2_rotation": {
					"rotation": ["22.577335588-math.cos(q.anim_time*90*4+45)*1", -4.61854, -1.91757]
				},
				"tail_right2_2": {
					"rotation": ["12.5+math.cos(q.anim_time*90*4+120)*1", 0, 0]
				},
				"tail_right2_3": {
					"rotation": ["15+math.sin(q.anim_time*90*4-150)*1", 0, 0]
				},
				"tail_right2_4": {
					"rotation": ["-20+math.sin(q.anim_time*90*4+120)*2", 0, 0]
				},
				"tail_right2_5": {
					"rotation": ["-56.265008831-math.cos(q.anim_time*90*4+120)*2", 9.93191, -14.48174]
				},
				"tail_right2_6": {
					"rotation": ["-37.158458405-math.sin(q.anim_time*90*4-150)*2", -18.26883, 13.36473]
				},
				"tail_right2_7": {
					"rotation": ["-26.874024129-math.sin(q.anim_time*90*4+120)*6", -10.51794, -6.79286]
				},
				"leg_front_left": {
					"rotation": ["-9.981069394-math.sin(q.anim_time*90*4+90)*0.5", 0.43523, 4.98107],
					"position": [0, "0-math.sin(q.anim_time*90*4+90)*0.025", "0.5+math.sin(q.anim_time*90*4+90)*0.125"]
				},
				"leg_front_left2": {
					"rotation": [-2.5, 0, 0]
				},
				"foot_front_left": {
					"rotation": ["12.5+math.sin(q.anim_time*90*4+90)*0.5", 0, -5]
				},
				"leg_back_left": {
					"rotation": ["10+math.sin(q.anim_time*90*4+90)*1", 0, -7.5],
					"position": [0, "0+math.sin(q.anim_time*90*4+90)*0.175", "0-math.sin(q.anim_time*90*4+90)*0.05"]
				},
				"leg_back_left2": {
					"rotation": ["-2.5-math.sin(q.anim_time*90*4+90)*2", 0, 0]
				},
				"leg_back_left3": {
					"rotation": ["-2.5+math.sin(q.anim_time*90*4+90)*1", 0, 0]
				},
				"foot_back_left": {
					"rotation": [-5, 0, 7.5]
				},
				"leg_front_right": {
					"rotation": ["10.018930606-math.sin(q.anim_time*90*4+90)*0.5", -0.43523, -4.98107],
					"position": [0, "0+math.sin(q.anim_time*90*4+90)*0.025", "0.5+math.sin(q.anim_time*90*4+90)*0.125"]
				},
				"leg_front_right2": {
					"rotation": [-10, 0, 0]
				},
				"foot_front_right": {
					"rotation": ["0+math.sin(q.anim_time*90*4+90)*0.5", 0, 5]
				},
				"leg_back_right": {
					"rotation": ["17.521361057+math.sin(q.anim_time*90*4+90)*1", 0.32621, 7.49294],
					"position": [0, "0+math.sin(q.anim_time*90*4+90)*0.175", "0-math.sin(q.anim_time*90*4+90)*0.05"]
				},
				"leg_back_right2": {
					"rotation": ["-5-math.sin(q.anim_time*90*4+90)*2", 0, 0]
				},
				"leg_back_right3": {
					"rotation": ["2.5+math.sin(q.anim_time*90*4+90)*1", 0, 0]
				},
				"foot_back_right": {
					"rotation": [-15, 0, -7.5]
				},
				"tail_right3_rotation": {
					"rotation": ["10-math.cos(q.anim_time*90*4+45)*1", 0, 0]
				},
				"tail_right3_2": {
					"rotation": ["22.577335588+math.cos(q.anim_time*90*4+120)*1", -4.61854, -1.91757]
				},
				"tail_right3_3": {
					"rotation": ["10+math.sin(q.anim_time*90*4-150)*1", 0, 0]
				},
				"tail_right3_4": {
					"rotation": ["-30+math.sin(q.anim_time*90*4+120)*2", 0, 0]
				},
				"tail_right3_5": {
					"rotation": ["-27.860824367-math.cos(q.anim_time*90*4+150)*2", 8.86042, -4.65468]
				},
				"tail_right3_6": {
					"rotation": ["-43.1852829-math.sin(q.anim_time*90*4-90)*2", -9.18229, 8.51814]
				},
				"tail_right3_7": {
					"rotation": ["-27.086816547-math.sin(q.anim_time*90*4-120)*3", -8.17773, -5.77509]
				},
				"tail_left4_rotation": {
					"rotation": ["0-math.cos(q.anim_time*90*4+120)*1", 10, 0]
				},
				"tail_left4_2": {
					"rotation": ["17.5+math.sin(q.anim_time*90*4-90)*1", 0, 0]
				},
				"tail_left4_3": {
					"rotation": ["20.4458201+math.sin(q.anim_time*90*4-150)*1", -11.73507, -4.3361]
				},
				"tail_left4_4": {
					"rotation": ["-41.341977449-math.sin(q.anim_time*90*4+45)*1", -13.31791, 11.45696]
				},
				"tail_left4_5": {
					"rotation": ["-50.413183453+math.sin(q.anim_time*90*4-150)*3", 8.17773, -5.77509]
				},
				"tail_left4_6": {
					"rotation": ["-29.1119169723+math.cos(q.anim_time*90*4+45)*3", 8.98199, 19.2395]
				},
				"tail_right4_rotation": {
					"rotation": ["0-math.cos(q.anim_time*90*4+120)*1", -10, 0]
				},
				"tail_right4_2": {
					"rotation": ["17.5+math.sin(q.anim_time*90*4-90)*1", 0, 0]
				},
				"tail_right4_3": {
					"rotation": ["20.4458201+math.sin(q.anim_time*90*4-150)*1", 11.73507, 4.3361]
				},
				"tail_right4_4": {
					"rotation": ["-41.341977449-math.sin(q.anim_time*90*4+45)*1", 13.31791, -11.45696]
				},
				"tail_right4_5": {
					"rotation": ["-50.413183453+math.sin(q.anim_time*90*4-150)*3", -8.17773, 5.77509]
				},
				"tail_right4_6": {
					"rotation": ["-29.1119169723+math.cos(q.anim_time*90*4+45)*3", -8.98199, -19.2395]
				},
				"neck_fur_front": {
					"rotation": ["0-math.sin(q.anim_time*90*4+120)*1", 0, 0]
				},
				"neck_fur_front2": {
					"rotation": ["0-math.sin(q.anim_time*90*4+45)*1", 0, 0]
				},
				"neck_fur_front3": {
					"rotation": ["0-math.sin(q.anim_time*90*4+90)*1", 0, 0]
				},
				"neck_fur_back": {
					"rotation": ["12.5-math.sin(q.anim_time*90*4+45)*1", 0, 0]
				},
				"hair": {
					"rotation": [5, 0, 0]
				},
				"hair_detail": {
					"rotation": ["0+math.sin(q.anim_time*90*4-45)*1", 0, 0]
				},
				"hair_detail2": {
					"rotation": ["0+math.sin(q.anim_time*90*4-45)*1", 0, 0]
				},
				"hair_back_bottom": {
					"rotation": ["0-math.sin(q.anim_time*90*4+150)*2", 0, 0]
				},
				"tails": {
					"rotation": ["0+math.cos(q.anim_time*90*4+120)*1", 0, 0]
				}
			}
		},
		"animation.ninetales.blink": {
			"animation_length": 0.1667,
			"bones": {
				"eyelid_left": {
					"position": {
						"0.0": [0.1, 0, -0.1],
						"0.125": [0.1, 0, -0.1],
						"0.1667": [0, 0, 0]
					}
				},
				"eyelid_right": {
					"position": {
						"0.0": [-0.1, 0, -0.1],
						"0.125": [-0.1, 0, -0.1],
						"0.1667": [0, 0, 0]
					}
				}
			}
		},
		"animation.ninetales.shock": {
			"loop": true,
			"bones": {
				"pupil_left": {
					"scale": [0.7, 0.7, 1]
				},
				"jaw": {
					"rotation": [70, 0, 0]
				},
				"pupil_right": {
					"scale": [0.7, 0.7, 1]
				}
			}
		},
		"animation.ninetales.angry": {
			"loop": true,
			"bones": {
				"eye_angry_left": {
					"position": [0.1, 0, -0.1]
				},
				"eye_angry_right": {
					"position": [-0.1, 0, -0.1]
				}
			}
		},
		"animation.ninetales.sad": {
			"loop": true,
			"bones": {
				"eye_sad_left": {
					"position": [0.1, 0, -0.1]
				},
				"eye_sad_right": {
					"position": [-0.1, 0, -0.1]
				}
			}
		},
		"animation.ninetales.happy": {
			"loop": true,
			"bones": {
				"jaw": {
					"rotation": [70, 0, 0]
				},
				"eyelid_happy_left": {
					"position": [0.1, 0, -0.1]
				},
				"eyelid_happy_right": {
					"position": [-0.1, 0, -0.1]
				}
			}
		},
		"animation.ninetales.hurt": {
			"loop": true,
			"bones": {
				"eyelid_recoil_left": {
					"position": [0.1, 0, -0.1]
				},
				"eyelid_recoil_right": {
					"position": [-0.1, 0, -0.1]
				}
			}
		},
		"animation.ninetales.walktest": {
			"loop": true,
			"bones": {
				"ninetales": {
					"position": [0, 0, "0-q.anim_time*90*0.175"]
				}
			}
		}
	}
}