{"format_version":"1.8.0","animations":{"animation.oricorio.blink":{"animation_length":0.25,"bones":{"right_eye_closed":{"position":{"0.0":[1,0,0],"0.1667":[1,0,0],"0.2083":[0,0,0]}},"left_eye_closed":{"position":{"0.0":[-1,0,0],"0.1667":[-1,0,0],"0.2083":[0,0,0]}}}},"animation.oricorio.cry":{"animation_length":1.16667,"sound_effects":{"0.0417":{"effect":"pokemon.oricorio.cry"}},"bones":{"jaw":{"rotation":{"0.0":[0,0,0],"0.2083":[42.5,0,0],"0.4167":[12.5,0,0],"0.6667":[42.5,0,0],"0.9583":[12.5,0,0],"1.1667":[0,0,0]}}}}}}