{"format_version":"1.8.0","animations":{"animation.pancham.ground_idle":{"loop":true,"bones":{"body_down":{"rotation":[0,0,0],"position":[0,"-0.3-0.15*(math.sin(q.anim_time*90*4-90)*1+1)",1.3]},"body_up":{"rotation":["0+(math.sin(q.anim_time*90*4-90)*2+2)",0,0]},"head":{"rotation":["1.1017-5*(math.sin(q.anim_time*90*4)*0.5+0.1)",6.30486,-0.60336]},"bone14":{"rotation":["-1.4093-5*(math.sin(q.anim_time*90*4)*0.5+0.1)",8.80348,-0.68713]},"bone12":{"rotation":["-1.4093-5*(math.sin(q.anim_time*90*4)*0.5+0.1)",8.80348,-0.68713]},"bone13":{"rotation":["-1.4093-5*(math.sin(q.anim_time*90*4)*0.5+0.1)",8.80348,-0.68713]},"leaf":{"rotation":["-1.4093-5*(math.sin(q.anim_time*90*8)*0.5+0.1)","8.8035-5*(math.cos(q.anim_time*90*8)*0.5+0.1)","-0.6871-5*(math.cos(q.anim_time*90*8)*0.5+0.1)"]},"arm_right":{"rotation":[0,-12.5,"-45+5*(math.sin(q.anim_time*90*4)*1+1)"],"position":[1.6,1.1,0]},"bone2":{"rotation":[0,"2.5-5*(math.sin(q.anim_time*90*4)*2+1)",0]},"leg_left":{"position":[0,0,2]},"arm_left":{"rotation":[0,12.5,"45-5*(math.sin(q.anim_time*90*4)*1+1)"],"position":[-1.6,0.6,0]},"bone4":{"rotation":[0,"20-5*(math.sin(q.anim_time*90*4)*2+1)",0]},"leg_right":{"position":[0,0,2]}}},"animation.pancham.ground_walk":{"loop":true,"bones":{"body_down":{"rotation":["7.5+2*math.sin(q.anim_time*90*4+50)","4*math.sin(q.anim_time*90*2-20)","4*math.sin(q.anim_time*90*2-20)"],"position":[0,"0.5*math.sin(q.anim_time*90*4-20)","-0.75+0.5*math.sin(q.anim_time*90*4-20)"]},"body_up":{"rotation":[2.5,0,"0-2*math.sin(q.anim_time*90*2-20)"]},"head":{"rotation":["5.7139+5*math.sin(q.anim_time*90*4-8)","-10*math.sin(q.anim_time*90*2-4)",0]},"leaf":{"rotation":["-1.4093-5*(math.sin(q.anim_time*90*8)*0.5+0.1)","8.8035-5*(math.cos(q.anim_time*90*8)*0.5+0.1)","-0.6871-5*(math.cos(q.anim_time*90*8)*0.5+0.1)"]},"arm_right":{"rotation":[-20.09178,"10.2898-20*math.sin(q.anim_time*90*2-20)","-38.8528-10*math.sin(q.anim_time*90*2-20)"],"position":[1.1,0,0]},"bone2":{"rotation":["-5-20*math.sin(q.anim_time*90*2-20)",-32.5,-35],"position":[0.6,0.1,0.1]},"leg_left":{"rotation":["-20*math.sin(q.anim_time*90*2-20)","math.clamp(-10*math.cos(q.anim_time*90*2-30),-10,0)",0],"position":[-0.5,"1+math.clamp(2*math.cos(q.anim_time*90*2-20),0,1)","-0.5-2*math.sin(q.anim_time*90*2-20)*0.4"]},"arm_left":{"rotation":["-23.2053-10*math.sin(q.anim_time*90*2-20)","-7.3559-20*math.sin(q.anim_time*90*2-20)",46.16839],"position":[-1,0,0]},"bone4":{"rotation":["-5+20*math.sin(q.anim_time*90*2-20)",32.5,35],"position":[-1.2,0,0.1]},"leg_right":{"rotation":["20*math.sin(q.anim_time*90*2-20)","math.clamp(-10*math.cos(q.anim_time*90*2-30),0,10)",0],"position":[0.3,"0.9+math.clamp(-2*math.cos(q.anim_time*90*2-20),0,2)","-0.3+2*math.sin(q.anim_time*90*2-20)*0.4"]},"bone17":{"rotation":["-1.4093-5*(math.sin(q.anim_time*90*8)*0.5+0.1)","8.8035-5*(math.cos(q.anim_time*90*8)*0.5+0.1)","-0.6871-5*(math.cos(q.anim_time*90*8)*0.5+0.1)"]},"bone16":{"rotation":["-1.4093-5*(math.sin(q.anim_time*90*8)*0.5+0.1)","8.8035-5*(math.cos(q.anim_time*90*8)*0.5+0.1)","-0.6871-5*(math.cos(q.anim_time*90*8)*0.5+0.1)"]}}},"animation.pancham.blink":{"animation_length":0.16667,"bones":{"bone11":{"rotation":{"0.0":[0,0,0],"0.0833":[0,0,0]},"position":{"0.0":[0,0,0],"0.0833":[0,0,0]},"scale":{"0.0":[1,1,1],"0.0833":[1,1,1]}},"bone":{"position":{"0.0":[0,0,0],"0.0833":[0,0,0],"0.125":[0,0,1]}},"bone3":{"rotation":{"0.0":[0,0,0],"0.0833":[0,0,0]},"position":{"0.0":[0,0,0],"0.0833":[0,0,0],"0.125":[0,0,0.4]},"scale":{"0.0":[1,1,1],"0.0833":[1,1,1]}},"bone5":{"rotation":{"0.0":[0,0,0],"0.0833":[0,0,0]},"position":{"0.0":[0,0,0],"0.0833":[0,0,0]},"scale":{"0.0":[1,1,1],"0.0833":[1,1,1]}},"bone18":{"position":{"0.0":[0,0,0],"0.0833":[0,0,0],"0.125":[0,0,0.4]},"scale":{"0.0":[1,1,1],"0.0833":[1,1,1]}}}}}}