{
	"format_version": "1.8.0",
	"animations": {
		"animation.serperior.ground_idle": {
			"loop": true,
			"bones": {
				"body": {
					"rotation": [47.5, 0, 0],
					"position": ["-math.sin(q.anim_time*90*1-60)*0.1", -3, "math.sin(q.anim_time*90*1)*0.2"]
				},
				"neck": {
					"rotation": ["-0.4365886819+math.sin(q.anim_time*90*1)*1", 6.73718, "-7.4070117225+math.sin(q.anim_time*90*1-40)*2"]
				},
				"neck2": {
					"rotation": ["-35.4365886819+math.sin(q.anim_time*90*1-40)*2", -6.73718, "7.4070117225-math.sin(q.anim_time*90*1-80)*2"]
				},
				"arm_left": {
					"rotation": [15.18454, -45.73166, "51.5880803496+math.sin(q.anim_time*90*1-40)*2"]
				},
				"arm_left2": {
					"rotation": [0, 0, "20+math.sin(q.anim_time*90*1-80)*3"]
				},
				"arm_left3": {
					"rotation": [0, 0, "52.5+math.sin(q.anim_time*90*1-120)*2"]
				},
				"arm_right": {
					"rotation": [15.18454, 45.73166, "-51.5880803496-math.sin(q.anim_time*90*1-40)*2"]
				},
				"arm_right2": {
					"rotation": [0, 0, "-20-math.sin(q.anim_time*90*1-80)*3"]
				},
				"arm_right3": {
					"rotation": [0, 0, "-52.5-math.sin(q.anim_time*90*1-120)*2"]
				},
				"neck3": {
					"rotation": ["-20-math.sin(q.anim_time*90*1-80)*2.5", 0, 0]
				},
				"neck_leaves": {
					"rotation": [-15, 0, 0]
				},
				"neck_leave_left": {
					"rotation": [0, 0, "math.sin(q.anim_time*90*1-60)*2"]
				},
				"neck_leave_left2_rotation": {
					"rotation": [0, 0, "math.sin(q.anim_time*90*1-100)*3"]
				},
				"neck_leave_left4": {
					"rotation": [0, 0, "math.sin(q.anim_time*90*1-120)*5"]
				},
				"neck_leave_right": {
					"rotation": [0, 0, "-(math.sin(q.anim_time*90*1-60)*2)"]
				},
				"neck_leave_right2_rotation": {
					"rotation": [0, 0, "-(math.sin(q.anim_time*90*1-100)*3)"]
				},
				"neck_leave_right4": {
					"rotation": [0, 0, "-(math.sin(q.anim_time*90*1-120)*5)"]
				},
				"neck4": {
					"rotation": ["-7.5-math.sin(q.anim_time*90*1-120)*1", 0, 0]
				},
				"head_angle": {
					"rotation": ["22.5+math.sin(q.anim_time*90*1-160)*3", 0, 0]
				},
				"ear_left": {
					"rotation": ["-math.sin(q.anim_time*90*1+20)*8", 0, "10+math.sin(q.anim_time*90*1-20)*3"]
				},
				"ear_left2": {
					"rotation": [-14.94548, -1.29256, "5.1695506097+math.sin(q.anim_time*90*1-60)*1"]
				},
				"ear_left3": {
					"rotation": [-10, 0, 0]
				},
				"ear_right": {
					"rotation": ["-math.sin(q.anim_time*90*1+20)*8", 0, "-10-math.sin(q.anim_time*90*1-20)*3"]
				},
				"ear_right2": {
					"rotation": [-14.94548, 1.29256, "-5.1695506097-math.sin(q.anim_time*90*1-60)*1"]
				},
				"ear_right3": {
					"rotation": [-10, 0, 0]
				},
				"vines": {
					"scale": 0
				},
				"segment1": {
					"rotation": ["32.3994+math.sin(q.anim_time*90*1)*0.8 ", 14.02846, "-20.9057+math.sin(q.anim_time*90*1-80)*0.5"]
				},
				"segment2": {
					"rotation": ["1.9505977078-math.sin(q.anim_time*90*1-60)*0.6 ", 2.23301, "-9.7662754711-math.sin(q.anim_time*90*1)*1"]
				},
				"segment3": {
					"rotation": [2.37938, -1.89823, "40.4426513844-math.sin(q.anim_time*90*1-20)*1"],
					"position": ["-math.cos(q.anim_time*90*1)*0.4", "math.sin(q.anim_time*90*1)*0.2", 0]
				},
				"segment4": {
					"rotation": ["math.sin(q.anim_time*90*1-160)*2", "-math.sin(q.anim_time*90*1-80)*2", "35+math.sin(q.anim_time*90*1-10)*1.5"]
				},
				"segment5": {
					"rotation": ["-2.5+math.sin(q.anim_time*90*1-60)*1.3", 0, "40+math.sin(q.anim_time*90*1-80)*1"]
				},
				"segment6": {
					"rotation": ["-3.2+math.cos(q.anim_time*90*1)*0.6", -3.5, 47.7]
				},
				"segment7": {
					"rotation": ["12.484359265+math.cos(q.anim_time*90*1-40)*2", 0.75155, "30.115570839-math.sin(q.anim_time*90*1-60)*1"]
				},
				"tail_leaf1": {
					"rotation": [0, "-math.sin(q.anim_time*90*1-80)*4", 0]
				},
				"segment8": {
					"rotation": ["19.4865+math.cos(q.anim_time*90*1-80)*2", -2.94241, "44.791-math.sin(q.anim_time*90*1-90)*1"]
				},
				"tail_leaf2": {
					"rotation": [0, "-math.sin(q.anim_time*90*1-120)*5", 0]
				},
				"segment9": {
					"rotation": ["21.8809+math.cos(q.anim_time*90*1-120)*5", -5.03573, "37.817-math.sin(q.anim_time*90*1-120)*2"]
				},
				"tail_leaf3": {
					"rotation": [0, "-math.sin(q.anim_time*90*1-140)*6", 0]
				},
				"locator_seat_1": {
					"rotation": [2.5, 2.5, -3],
					"position": [0.4, 0, 0]
				}
			}
		},
		"animation.serperior.battle_idle": {
			"loop": true,
			"bones": {
				"body": {
					"rotation": [47.5, 0, 0],
					"position": ["math.sin(q.anim_time*90*1-90)*0.1", -4, "math.sin(q.anim_time*90*1)*0.4"]
				},
				"neck": {
					"rotation": ["-14.42950426719+math.sin(q.anim_time*90*1)*2", 1.9599, "-26.8904427483+math.sin(q.anim_time*90*1-40)*4"],
					"position": ["-math.sin(q.anim_time*90*1-90)*0.1", 0, 0]
				},
				"neck2": {
					"rotation": ["-28.4792911463+math.sin(q.anim_time*90*1-40)*3", -0.89079, "15.5415669218-math.sin(q.anim_time*90*1-40)*4"]
				},
				"arm_left": {
					"rotation": [48.96984, -53.75631, "12.1403904241+math.sin(q.anim_time*90*2-40)*3 "]
				},
				"arm_left2": {
					"rotation": [0, 0, "50+math.sin(q.anim_time*90*2-80)*4"]
				},
				"arm_left3": {
					"rotation": [0, 0, "92.5+math.sin(q.anim_time*90*2-120)*4"]
				},
				"arm_right": {
					"rotation": [48.96984, 53.75631, "-12.1404-math.sin(q.anim_time*90*2-40)*3 "]
				},
				"arm_right2": {
					"rotation": [0, 0, "-50-math.sin(q.anim_time*90*2-80)*4"]
				},
				"arm_right3": {
					"rotation": [0, 0, "-92.5- math.sin(q.anim_time*90*2-120)*4"]
				},
				"neck3": {
					"rotation": ["-12.6149289281-math.sin(q.anim_time*90*1-80)*2", -11.73581, "4.3130967392+math.sin(q.anim_time*90*1-40)*2"]
				},
				"neck_leaves": {
					"rotation": ["-15-math.sin(q.anim_time*90*1-160)*2", 0, 0]
				},
				"neck4": {
					"rotation": ["-7.4929428108-math.sin(q.anim_time*90*1-120)*1", 0.32621, 2.47864]
				},
				"ear_left": {
					"rotation": ["-math.sin(q.anim_time*90*1)*3", 0, "17.5+math.cos(q.anim_time*90*1)*4"]
				},
				"ear_left2": {
					"rotation": ["-14.945479184-math.sin(q.anim_time*90*1-40)*5", -1.29256, 5.16955]
				},
				"ear_left3": {
					"rotation": [-10, 0, 0]
				},
				"ear_right": {
					"rotation": ["-math.sin(q.anim_time*90*1)*3", 0, "-17.5-math.cos(q.anim_time*90*1)*4"]
				},
				"ear_right2": {
					"rotation": ["-14.945479184-math.sin(q.anim_time*90*1-40)*5", 1.29256, -5.16955]
				},
				"ear_right3": {
					"rotation": [-10, 0, 0]
				},
				"vines": {
					"scale": 0
				},
				"segment1": {
					"rotation": ["29.2317823276+math.sin(q.anim_time*90*1)*0.8 ", 26.06465, "-44.3108058121+math.sin(q.anim_time*90*1)*1.4"]
				},
				"segment2": {
					"rotation": ["0.2162+math.sin(q.anim_time*90*1-40)*1", 11.56148, "29.9777+math.sin(q.anim_time*90*1-60)*1"]
				},
				"segment3": {
					"rotation": [
						"-5.5343-math.sin(q.anim_time*90*1-80)*1",
						"3.1496358196+math.sin(q.anim_time*90*1-80)*0.6",
						"52.4672365542-math.sin(q.anim_time*90*1-60)*0.6"
					],
					"position": ["math.sin(q.anim_time*90*1)*0.6", "math.sin(q.anim_time*90*1)*0.5", 0]
				},
				"segment4": {
					"rotation": ["-4.5868+math.sin(q.anim_time*90*1-160)*2", -3.21132, "32.8400706872-math.sin(q.anim_time*90*1-100)*1"],
					"position": ["math.sin(q.anim_time*90*1-40)*0.3 ", 0, 0]
				},
				"segment5": {
					"rotation": ["-3.3503-math.sin(q.anim_time*90*1-200)*1", "6.2796719244-math.sin(q.anim_time*90*1-120)*1", 25.75231],
					"position": [0, "math.sin(q.anim_time*90*1-40)*0.2", "-0.25-math.sin(q.anim_time*90*1-40)*0.3"]
				},
				"segment6": {
					"rotation": ["18.4200391373+math.sin(q.anim_time*90*1-240)*3", -5.95651, 33.54153]
				},
				"segment7": {
					"rotation": [
						"17.4427548574+math.sin(q.anim_time*90*1-280)*5",
						"-1.1841685342-math.sin(q.anim_time*90*1-180)*3",
						"37.3470697223-math.sin(q.anim_time*90*1)*3"
					]
				},
				"tail_leaf1": {
					"rotation": [0, "32.5+math.sin(q.anim_time*90*1-40)*5", 0]
				},
				"segment8": {
					"rotation": ["17.0889741807+math.sin(q.anim_time*90*1-320)*7", -5.71617, "33.2188816072-math.sin(q.anim_time*90*1-40)*3"]
				},
				"tail_leaf2": {
					"rotation": [0, "22.5+math.sin(q.anim_time*90*1-80)*5", 0]
				},
				"segment9": {
					"rotation": ["21.9244589237+math.sin(q.anim_time*90*1)*9", -4.59584, "37.8786996053-math.sin(q.anim_time*90*1-80)*5"]
				},
				"tail_leaf3": {
					"rotation": [0, "17.5+math.sin(q.anim_time*90*1-120)*6", 0]
				},
				"eye_angry_left": {
					"position": [0.1, 0, -0.1]
				},
				"eye_angry_right": {
					"position": [-0.1, 0, -0.1]
				},
				"neck_leave_left": {
					"rotation": [0, 0, "-math.sin(q.anim_time*90*1-200)*3"]
				},
				"neck_leave_left2_rotation": {
					"rotation": [0, 0, "-math.sin(q.anim_time*90*1-240)*5"]
				},
				"neck_leave_left4": {
					"rotation": [0, 0, "-math.sin(q.anim_time*90*1-280)*6"]
				},
				"neck_leave_left5": {
					"rotation": [0, 0, "-math.sin(q.anim_time*90*1-320)*7"]
				},
				"neck_leave_right": {
					"rotation": [0, 0, "math.sin(q.anim_time*90*1-200)*3"]
				},
				"neck_leave_right2_rotation": {
					"rotation": [0, 0, "math.sin(q.anim_time*90*1-240)*5"]
				},
				"neck_leave_right4": {
					"rotation": [0, 0, "math.sin(q.anim_time*90*1-280)*6"]
				},
				"neck_leave_right5": {
					"rotation": [0, 0, " math.sin(q.anim_time*90*1-320)*7"]
				},
				"pupil_left": {
					"position": [0, 0, 0.25]
				},
				"pupil_right": {
					"position": [0, 0, 0.25]
				},
				"head": {
					"rotation": ["-7.5-math.sin(q.anim_time*90*1+40)*4", 0, 0]
				}
			}
		},
		"animation.serperior.ground_walk": {
			"loop": true,
			"bones": {
				"body": {
					"rotation": [47.5, 0, 0],
					"position": ["math.sin(q.anim_time*90*2-60)*3", -1.5, -2]
				},
				"neck": {
					"rotation": ["-10-math.sin(q.anim_time*90*2-80)*4", 0, "math.sin(q.anim_time*90*2+30)*5"]
				},
				"neck2": {
					"rotation": ["-23.0658316819+math.sin(q.anim_time*90*2-120)*3", 0, "math.sin(q.anim_time*90*2+90)*3"]
				},
				"arm_left": {
					"rotation": ["15.1845447546+math.sin(q.anim_time*90*2)*2", -45.73166, "51.5880803496-math.sin(q.anim_time*90*2)*1"]
				},
				"arm_left2": {
					"rotation": [0, 0, "20-math.sin(q.anim_time*90*2-40)*2"]
				},
				"arm_left3": {
					"rotation": [0, 0, 52.5]
				},
				"arm_right": {
					"rotation": ["15.1845447546+math.sin(q.anim_time*90*2)*2", 45.73166, "-51.5880803496+math.sin(q.anim_time*90*4)*1"]
				},
				"arm_right2": {
					"rotation": [0, 0, "-20+math.sin(q.anim_time*90*2-40)*2"]
				},
				"arm_right3": {
					"rotation": [0, 0, -52.5]
				},
				"neck3": {
					"rotation": ["-4.8667+math.sin(q.anim_time*90*2-160)*1", 0, "math.sin(q.anim_time*90*2+150)*4"]
				},
				"neck_leaves": {
					"rotation": ["-25+math.sin(q.anim_time*90*4-200)*1", 0, 0]
				},
				"neck4": {
					"rotation": ["-10-math.sin(q.anim_time*90*2-160)*3", 0, "math.sin(q.anim_time*90*2+180)*3"]
				},
				"ear_left": {
					"rotation": ["math.sin(q.anim_time*90*2)*1", 0, "10+math.sin(q.anim_time*90*2-40)*2.5"]
				},
				"ear_left2": {
					"rotation": [-14.94548, -1.29256, "5.1695506097+math.sin(q.anim_time*90*4-80)*2"]
				},
				"ear_left3": {
					"rotation": [-10, 0, 0]
				},
				"ear_right": {
					"rotation": ["math.sin(q.anim_time*90*2)*1", 0, "-10-math.sin(q.anim_time*90*4-40)*2.5"]
				},
				"ear_right2": {
					"rotation": [-14.94548, 1.29256, "-5.169550609-math.sin(q.anim_time*90*4-80)*2"]
				},
				"ear_right3": {
					"rotation": [-10, 0, 0]
				},
				"vines": {
					"scale": 0
				},
				"segment1": {
					"rotation": [27.5, "-math.sin(q.anim_time*90*2)*3", "math.sin(q.anim_time*90*2)*8"]
				},
				"segment2": {
					"rotation": [10, "math.sin(q.anim_time*90*4-40)*1", "math.sin(q.anim_time*90*2-60)*8"]
				},
				"segment3": {
					"rotation": [1.5, 0, "math.sin(q.anim_time*90*2-120)*16"],
					"position": [0, "math.sin(q.anim_time*90*2-40)*1", 0]
				},
				"segment4": {
					"rotation": [1, "math.sin(q.anim_time*90*4-80)*3", "-math.sin(q.anim_time*90*2)*16"]
				},
				"segment5": {
					"rotation": [0, "-math.sin(q.anim_time*90*4-120)*2", "-math.sin(q.anim_time*90*2-60)*28"],
					"position": [0, "math.sin(q.anim_time*90*2-80)*1", 0]
				},
				"segment6": {
					"rotation": [-1, 0, "-math.sin(q.anim_time*90*2-120)*28"]
				},
				"segment7": {
					"rotation": ["2.5-math.sin(q.anim_time*90*1-60)*2", 0, "math.sin(q.anim_time*90*2)*27"],
					"position": [0, "math.sin(q.anim_time*90*2-120)*1", 0]
				},
				"tail_leaf1": {
					"rotation": [0, "math.sin(q.anim_time*90*2-40)*18", 0]
				},
				"segment8": {
					"rotation": ["14.5+math.sin(q.anim_time*90*1-60)*3", 0, "2.5+math.sin(q.anim_time*90*2-40)*25"]
				},
				"tail_leaf2": {
					"rotation": [0, "math.sin(q.anim_time*90*2-100)*18", 0]
				},
				"segment9": {
					"rotation": ["16+math.sin(q.anim_time*90*1-140)*7", 0, "math.sin(q.anim_time*90*2-80)*24"]
				},
				"tail_leaf3": {
					"rotation": [0, "math.sin(q.anim_time*90*2-160)*18", 0]
				},
				"neck_leave_left": {
					"rotation": [0, 0, "-math.sin(q.anim_time*90*4-40)*2"]
				},
				"neck_leave_left2_rotation": {
					"rotation": [0, 0, "-math.sin(q.anim_time*90*4-80)*2"]
				},
				"neck_leave_left4": {
					"rotation": [0, 0, "-math.sin(q.anim_time*90*4-120)*5"]
				},
				"neck_leave_right": {
					"rotation": [0, 0, "math.sin(q.anim_time*90*4-40)*2"]
				},
				"neck_leave_right2_rotation": {
					"rotation": [0, 0, "math.sin(q.anim_time*90*4-80)*2"]
				},
				"neck_leave_right4": {
					"rotation": [0, 0, "NaN-math.sin(q.anim_time*90*4-120)*5"]
				},
				"locator_seat_1": {
					"rotation": [15, "-math.sin(q.anim_time*90*2-30)*3", "-math.sin(q.anim_time*90*2)*5"]
				},
				"head": {
					"rotation": ["10+math.sin(q.anim_time*90*2-20)*1", "math.sin(q.anim_time*90*2+240)*-3", "math.sin(q.anim_time*90*2+240)*3"]
				}
			}
		},
		"animation.serperior.ground_run": {
			"loop": true,
			"bones": {
				"body": {
					"rotation": [47.5, 0, 0],
					"position": ["math.sin(q.anim_time*90*4-90)*10", -4, "math.sin(q.anim_time*90*4-40)*1.7"]
				},
				"neck": {
					"rotation": [45, "-math.sin(q.anim_time*90*4+30)*4", "math.sin(q.anim_time*90*4+30)*14"]
				},
				"neck2": {
					"rotation": ["-3-math.sin(q.anim_time*90*4)*2", 0, "math.sin(q.anim_time*90*4+90)*18"]
				},
				"arm_left": {
					"rotation": [10.56311, "-4.176961852-math.sin(q.anim_time*90*2+20)*4", "61.8080553565+math.sin(q.anim_time*90*4+20)*4"]
				},
				"arm_left2": {
					"rotation": [0, -5, "10+math.sin(q.anim_time*90*4-20)*7"]
				},
				"arm_left3": {
					"rotation": [0, 0, "-5+math.sin(q.anim_time*90*4-60)*5"]
				},
				"arm_right": {
					"rotation": [10.56311, "4.176961852-math.sin(q.anim_time*90*2+20)*4", "-61.8080553565-math.sin(q.anim_time*90*4+20)*4"]
				},
				"arm_right2": {
					"rotation": [0, 5, "-10-math.sin(q.anim_time*90*4-20)*7"]
				},
				"arm_right3": {
					"rotation": [0, 0, "5-math.sin(q.anim_time*90*4-60)*5"]
				},
				"neck3": {
					"rotation": ["-7.5+math.sin(q.anim_time*90*4-20)*2", 0, "math.sin(q.anim_time*90*4+150)*14"]
				},
				"neck_leaves": {
					"rotation": ["-22.5+math.sin(q.anim_time*90*4-60)*5", 0, 0]
				},
				"neck4": {
					"rotation": ["-15+math.sin(q.anim_time*90*4-60)*2", "math.sin(q.anim_time*90*4-60)*5", "math.sin(q.anim_time*90*4+180)*8"]
				},
				"ear_left": {
					"rotation": ["-12.502-math.sin(q.anim_time*90*4-160)*6", -0.08772, "10.0178-math.sin(q.anim_time*90*2-160)*6"]
				},
				"ear_left2": {
					"rotation": ["-29.945479184-math.sin(q.anim_time*90*4-200)*9", -1.29256, 5.16955]
				},
				"ear_left3": {
					"rotation": [-10, 0, 0]
				},
				"ear_right": {
					"rotation": ["-12.4884761895-math.sin(q.anim_time*90*4-160)*6", 0.54094, "-10.0178+math.sin(q.anim_time*90*2-160)*6"]
				},
				"ear_right2": {
					"rotation": ["-29.945479184-math.sin(q.anim_time*90*4-200)*9", 1.29256, -5.16955]
				},
				"ear_right3": {
					"rotation": [-10, 0, 0]
				},
				"vines": {
					"scale": 0
				},
				"segment1": {
					"rotation": [42.5, "-math.sin(q.anim_time*90*4)*4", "math.sin(q.anim_time*90*4)*12"]
				},
				"segment2": {
					"rotation": [-3.5, 0, "math.sin(q.anim_time*90*4-60)*14"],
					"position": [0, "math.cos(q.anim_time*90*4-80)*0.3 ", 0]
				},
				"segment3": {
					"rotation": [0, 0, "math.sin(q.anim_time*90*4-120)*15"]
				},
				"segment4": {
					"rotation": [0, 0, "-math.sin(q.anim_time*90*4)*16"],
					"position": [0, "-math.cos(q.anim_time*90*4-120)*0.3 ", 0]
				},
				"segment5": {
					"rotation": [0, 0, "-math.sin(q.anim_time*90*4-40)*19"]
				},
				"segment6": {
					"rotation": [0, 0, "-math.sin(q.anim_time*90*4-80)*23"]
				},
				"segment7": {
					"rotation": [0, 0, "-math.sin(q.anim_time*90*4-120)*22"]
				},
				"tail_leaf1": {
					"rotation": [0, "-math.sin(q.anim_time*90*4-160)*7", 0]
				},
				"segment8": {
					"rotation": [2.5, 0, "-math.sin(q.anim_time*90*4-160)*18"]
				},
				"tail_leaf2": {
					"rotation": [0, "-math.sin(q.anim_time*90*4-200)*7", 0]
				},
				"segment9": {
					"rotation": [0, 0, "-math.sin(q.anim_time*90*4-220)*18"]
				},
				"tail_leaf3": {
					"rotation": [0, "-math.sin(q.anim_time*90*4-240)*7", 0]
				},
				"neck_leave_left": {
					"rotation": [0, 0, "7.5+math.sin(q.anim_time*90*4-60)*5"]
				},
				"neck_leave_left2_rotation": {
					"rotation": [7.5, 0, "12.5+math.sin(q.anim_time*90*4-100)*6"]
				},
				"neck_leave_left3_rotation": {
					"rotation": [10, 0, 20]
				},
				"neck_leave_left4": {
					"rotation": [0, 0, 12.5]
				},
				"neck_leave_right": {
					"rotation": [0, 0, "-7.5-math.sin(q.anim_time*90*4-60)*5"]
				},
				"neck_leave_right2_rotation": {
					"rotation": [7.5, 0, "-12.5-math.sin(q.anim_time*90*4-100)*6"]
				},
				"neck_leave_right3_rotation": {
					"rotation": [10, 0, -20]
				},
				"neck_leave_right4": {
					"rotation": [0, 0, -12.5]
				},
				"head": {
					"rotation": [-60, "math.sin(q.anim_time*90*4+90)*15", "math.sin(q.anim_time*90*4+280)*30"]
				},
				"locator_seat_1": {
					"rotation": [0, "-math.sin(q.anim_time*90*4-30)*12", "-math.sin(q.anim_time*90*4)*3"],
					"position": [0, 0, -1]
				}
			}
		},
		"animation.serperior.idle_quirk1": {
			"animation_length": 4,
			"bones": {
				"neck": {
					"rotation": {
						"0.0": {
							"post": [0, 0, 0],
							"lerp_mode": "catmullrom"
						},
						"0.4583": {
							"post": [-0.3, -3.7, 0],
							"lerp_mode": "catmullrom"
						},
						"0.7917": {
							"post": [2.3, -6.8, 0],
							"lerp_mode": "catmullrom"
						},
						"1.25": {
							"post": [3.2, -7.5, 0],
							"lerp_mode": "catmullrom"
						},
						"2.5": {
							"post": [3.2, -7.5, 0],
							"lerp_mode": "catmullrom"
						},
						"3.1667": {
							"post": [0, -0.9, 0],
							"lerp_mode": "catmullrom"
						},
						"4.0": {
							"post": [0, 0, 0],
							"lerp_mode": "catmullrom"
						}
					}
				},
				"neck2": {
					"rotation": {
						"0.0": {
							"post": [0, 0, 0],
							"lerp_mode": "catmullrom"
						},
						"0.5": {
							"post": [0, 0, 2.1],
							"lerp_mode": "catmullrom"
						},
						"0.9167": {
							"post": [-2.1, -3.5, 7.5],
							"lerp_mode": "catmullrom"
						},
						"1.5417": {
							"post": [-2.04619, -4.33099, 8.79102],
							"lerp_mode": "catmullrom"
						},
						"2.2917": {
							"post": [-2.04619, -4.33099, 8.49102],
							"lerp_mode": "catmullrom"
						},
						"2.6667": {
							"post": [-3.6, 5.1, -2.8],
							"lerp_mode": "catmullrom"
						},
						"3.1667": {
							"post": [-3.6, 5.1, -2.8],
							"lerp_mode": "catmullrom"
						},
						"3.5": {
							"post": [0, 0, 0.7],
							"lerp_mode": "catmullrom"
						},
						"4.0": {
							"post": [0, 0, 0],
							"lerp_mode": "catmullrom"
						}
					}
				},
				"arm_left": {
					"rotation": {
						"0.0": {
							"post": [0, 0, 0],
							"lerp_mode": "catmullrom"
						},
						"0.8333": {
							"post": [0, -1.2, -6.8],
							"lerp_mode": "catmullrom"
						},
						"1.4583": {
							"post": [11.71493, -12.71068, -15.16415],
							"lerp_mode": "catmullrom"
						},
						"2.4167": {
							"post": [11.71493, -3.71068, -12.16415],
							"lerp_mode": "catmullrom"
						},
						"2.75": {
							"post": [-11.69728, 17.08, 7.2828],
							"lerp_mode": "catmullrom"
						},
						"3.3333": {
							"post": [-11.69728, 14.98, 7.2828],
							"lerp_mode": "catmullrom"
						},
						"3.625": {
							"post": [-1, 1.5, 0],
							"lerp_mode": "catmullrom"
						},
						"4.0": {
							"post": [0, 0, 0],
							"lerp_mode": "catmullrom"
						}
					}
				},
				"arm_left2": {
					"rotation": {
						"0.0": {
							"post": [0, 0, 0],
							"lerp_mode": "catmullrom"
						},
						"1.9167": {
							"post": [0, 0, 0],
							"lerp_mode": "catmullrom"
						},
						"2.4583": {
							"post": [0, 0, 0],
							"lerp_mode": "catmullrom"
						},
						"2.75": {
							"post": [0, 0, -30],
							"lerp_mode": "catmullrom"
						},
						"3.375": {
							"post": [0, 0, -27],
							"lerp_mode": "catmullrom"
						},
						"3.7083": {
							"post": [0, 0, -4.8],
							"lerp_mode": "catmullrom"
						},
						"4.0": {
							"post": [0, 0, 0],
							"lerp_mode": "catmullrom"
						}
					}
				},
				"arm_left3": {
					"rotation": {
						"0.0": {
							"post": [0, 0, 0],
							"lerp_mode": "catmullrom"
						},
						"1.9167": {
							"post": [0, 0, 0],
							"lerp_mode": "catmullrom"
						},
						"2.5": {
							"post": [0, 0, -10.5],
							"lerp_mode": "catmullrom"
						},
						"2.9167": {
							"post": [0, 0, -70],
							"lerp_mode": "catmullrom"
						},
						"3.6667": {
							"post": [0, 0, -63.5],
							"lerp_mode": "catmullrom"
						},
						"4.0": {
							"post": [0, 0, 0],
							"lerp_mode": "catmullrom"
						}
					}
				},
				"arm_right": {
					"rotation": {
						"0.0": {
							"post": [0, 0, 0],
							"lerp_mode": "catmullrom"
						},
						"0.8333": {
							"post": [0, 1.2, 6.8],
							"lerp_mode": "catmullrom"
						},
						"1.4583": {
							"post": [11.71493, 12.71068, 15.16415],
							"lerp_mode": "catmullrom"
						},
						"2.4167": {
							"post": [11.71493, 3.71068, 12.16415],
							"lerp_mode": "catmullrom"
						},
						"2.8333": {
							"post": [1.1, 0, 1.2],
							"lerp_mode": "catmullrom"
						},
						"4.0": {
							"post": [0, 0, 0],
							"lerp_mode": "catmullrom"
						}
					}
				},
				"neck3": {
					"rotation": {
						"0.0": {
							"post": [0, 0, 0],
							"lerp_mode": "catmullrom"
						},
						"0.6667": {
							"post": [0, -2, 0],
							"lerp_mode": "catmullrom"
						},
						"1.125": {
							"post": [0, -13, 0],
							"lerp_mode": "catmullrom"
						},
						"1.625": {
							"post": [0, -15, -1],
							"lerp_mode": "catmullrom"
						},
						"2.4583": {
							"post": [7.5, -15, -3.2],
							"lerp_mode": "catmullrom"
						},
						"2.6667": {
							"post": [1.02172, -0.09995, -3.61944],
							"lerp_mode": "catmullrom"
						},
						"3.0833": {
							"post": [1.02172, -0.09995, -3.61944],
							"lerp_mode": "catmullrom"
						},
						"3.375": {
							"post": [0, -1.6, 0],
							"lerp_mode": "catmullrom"
						},
						"4.0": {
							"post": [0, 0, 0],
							"lerp_mode": "catmullrom"
						}
					}
				},
				"neck_leave_left": {
					"rotation": {
						"0.0": {
							"post": [0, 0, 0],
							"lerp_mode": "catmullrom"
						},
						"1.0417": {
							"post": [0, 0, 0.7],
							"lerp_mode": "catmullrom"
						},
						"1.5833": {
							"post": [0, 0, 9.9],
							"lerp_mode": "catmullrom"
						},
						"2.4583": {
							"post": [0, 0, 11.7],
							"lerp_mode": "catmullrom"
						},
						"2.75": {
							"post": [0, 0, 1],
							"lerp_mode": "catmullrom"
						},
						"3.3333": {
							"post": [0, 0, 0.9],
							"lerp_mode": "catmullrom"
						},
						"4.0": {
							"post": [0, 0, 0],
							"lerp_mode": "catmullrom"
						}
					}
				},
				"neck_leave_left2_rotation": {
					"rotation": {
						"0.0": {
							"post": [0, 0, 0],
							"lerp_mode": "catmullrom"
						},
						"1.2083": {
							"post": [0, 0, 0.7],
							"lerp_mode": "catmullrom"
						},
						"1.75": {
							"post": [0, 0, 5],
							"lerp_mode": "catmullrom"
						},
						"2.4583": {
							"post": [0, 0, 6.27],
							"lerp_mode": "catmullrom"
						},
						"2.9167": {
							"post": [0, 0, -13.9],
							"lerp_mode": "catmullrom"
						},
						"3.5": {
							"post": [0, 0, 0.9],
							"lerp_mode": "catmullrom"
						},
						"4.0": {
							"post": [0, 0, 0],
							"lerp_mode": "catmullrom"
						}
					}
				},
				"neck_leave_right": {
					"rotation": {
						"0.0": {
							"post": [0, 0, 0],
							"lerp_mode": "catmullrom"
						},
						"1.0417": {
							"post": [0, 0, -0.7],
							"lerp_mode": "catmullrom"
						},
						"1.5833": {
							"post": [0, 0, -9.9],
							"lerp_mode": "catmullrom"
						},
						"2.4583": {
							"post": [0, 0, -11.7],
							"lerp_mode": "catmullrom"
						},
						"2.75": {
							"post": [0, 0, -1],
							"lerp_mode": "catmullrom"
						},
						"3.3333": {
							"post": [0, 0, -0.9],
							"lerp_mode": "catmullrom"
						},
						"4.0": {
							"post": [0, 0, 0],
							"lerp_mode": "catmullrom"
						}
					}
				},
				"neck_leave_right2_rotation": {
					"rotation": {
						"0.0": {
							"post": [0, 0, 0],
							"lerp_mode": "catmullrom"
						},
						"1.2083": {
							"post": [0, 0, -0.7],
							"lerp_mode": "catmullrom"
						},
						"1.75": {
							"post": [0, 0, -5],
							"lerp_mode": "catmullrom"
						},
						"2.4583": {
							"post": [0, 0, -6.27],
							"lerp_mode": "catmullrom"
						},
						"2.9167": {
							"post": [0, 0, 13.9],
							"lerp_mode": "catmullrom"
						},
						"3.5": {
							"post": [0, 0, -0.9],
							"lerp_mode": "catmullrom"
						},
						"4.0": {
							"post": [0, 0, 0],
							"lerp_mode": "catmullrom"
						}
					}
				},
				"neck4": {
					"rotation": {
						"0.0": {
							"post": [0, 0, 0],
							"lerp_mode": "catmullrom"
						},
						"0.7083": {
							"post": [0, -4, 0],
							"lerp_mode": "catmullrom"
						},
						"1.25": {
							"post": [0, -16, 0],
							"lerp_mode": "catmullrom"
						},
						"2.125": {
							"post": [2, -19.5, 0],
							"lerp_mode": "catmullrom"
						},
						"2.5": {
							"post": [17.5, -19.5, 0],
							"lerp_mode": "catmullrom"
						},
						"2.6667": {
							"post": [-0.4, 11.4, 0],
							"lerp_mode": "catmullrom"
						},
						"3.25": {
							"post": [-0.4, 11.4, 0],
							"lerp_mode": "catmullrom"
						},
						"3.5833": {
							"post": [1.5, -1.3, 0],
							"lerp_mode": "catmullrom"
						},
						"4.0": {
							"post": [0, 0, 0],
							"lerp_mode": "catmullrom"
						}
					}
				},
				"eye_front_left": {
					"position": {
						"0.0": [0, 0, 0],
						"1.0833": {
							"pre": [0, 0, 0],
							"post": [0, 0, 0]
						},
						"1.125": {
							"pre": [0, 0, 0],
							"post": [-0.1, 0, 0.1]
						},
						"2.5": {
							"pre": [-0.1, 0, 0.1],
							"post": [-0.1, 0, 0.1]
						},
						"2.5417": {
							"pre": [-0.1, 0, 0.1],
							"post": [0, 0, 0]
						},
						"4.0": {
							"pre": [0, 0, 0],
							"post": [0, 0, 0]
						}
					}
				},
				"eye_back_left": {
					"position": {
						"0.0": [0, 0, 0],
						"1.0833": {
							"pre": [0, 0, 0],
							"post": [0, 0, 0]
						},
						"1.125": {
							"pre": [0, 0, 0],
							"post": [0.1, 0, -0.1]
						},
						"2.5": {
							"pre": [0.1, 0, -0.1],
							"post": [0.1, 0, -0.1]
						},
						"2.5417": {
							"pre": [0.1, 0, -0.1],
							"post": [0, 0, 0]
						},
						"4.0": {
							"pre": [0, 0, 0],
							"post": [0, 0, 0]
						}
					}
				},
				"eye_unamused_left": {
					"position": {
						"0.0": [0, 0, 0],
						"2.0": {
							"pre": [0, 0, 0],
							"post": [0, 0, 0]
						},
						"2.0417": {
							"pre": [0, 0, 0],
							"post": [0.1, 0, -0.1]
						},
						"2.5": {
							"pre": [0.1, 0, -0.1],
							"post": [0.1, 0, -0.1]
						},
						"2.5417": {
							"pre": [0.1, 0, -0.1],
							"post": [0, 0, 0]
						},
						"4.0": {
							"pre": [0, 0, 0],
							"post": [0, 0, 0]
						}
					}
				},
				"pupil_left": {
					"position": {
						"0.0": [0, 0, 0],
						"1.0833": {
							"pre": [0, 0, 0],
							"post": [0, 0, 0]
						},
						"1.125": {
							"pre": [0, 0, 0],
							"post": [0, 0, 2.25]
						},
						"3.1667": {
							"pre": [0, 0, 2.25],
							"post": [0, 0, 0]
						},
						"3.2083": {
							"pre": [0, 0, 0],
							"post": [0, 0, 0]
						},
						"4.0": {
							"pre": [0, 0, 0],
							"post": [0, 0, 0]
						}
					}
				},
				"eyelid_left": {
					"position": {
						"0.0": [0, 0, 0],
						"0.9167": {
							"pre": [0, 0, 0],
							"post": [0, 0, 0]
						},
						"0.9583": {
							"pre": [0, 0, 0],
							"post": [0.1, 0, -0.1]
						},
						"1.0833": {
							"pre": [0.1, 0, -0.1],
							"post": [0.1, 0, -0.1]
						},
						"1.125": {
							"pre": [0.1, 0, -0.1],
							"post": [0, 0, 0]
						},
						"2.5": {
							"pre": [0, 0, 0],
							"post": [0, 0, 0]
						},
						"2.5417": {
							"pre": [0, 0, 0],
							"post": [0.1, 0, -0.1]
						},
						"3.1667": {
							"pre": [0.1, 0, -0.1],
							"post": [0.1, 0, -0.1]
						},
						"3.2083": {
							"pre": [0.1, 0, -0.1],
							"post": [0, 0, 0]
						},
						"4.0": {
							"pre": [0, 0, 0],
							"post": [0, 0, 0]
						}
					}
				},
				"eye_unamused_right": {
					"position": {
						"0.0": [0, 0, 0],
						"2.0": {
							"pre": [0, 0, 0],
							"post": [0, 0, 0]
						},
						"2.0417": {
							"pre": [0, 0, 0],
							"post": [-0.1, 0, -0.1]
						},
						"2.5": {
							"pre": [-0.1, 0, -0.1],
							"post": [-0.1, 0, -0.1]
						},
						"2.5417": {
							"pre": [-0.1, 0, -0.1],
							"post": [0, 0, 0]
						},
						"4.0": {
							"pre": [0, 0, 0],
							"post": [0, 0, 0]
						}
					}
				},
				"eyelid_right": {
					"position": {
						"0.0": [0, 0, 0],
						"0.9167": {
							"pre": [0, 0, 0],
							"post": [0, 0, 0]
						},
						"0.9583": {
							"pre": [0, 0, 0],
							"post": [-0.1, 0, -0.1]
						},
						"1.0833": {
							"pre": [-0.1, 0, -0.1],
							"post": [-0.1, 0, -0.1]
						},
						"1.125": {
							"pre": [-0.1, 0, -0.1],
							"post": [0, 0, 0]
						},
						"2.5": {
							"pre": [0, 0, 0],
							"post": [0, 0, 0]
						},
						"2.5417": {
							"pre": [0, 0, 0],
							"post": [-0.1, 0, -0.1]
						},
						"3.1667": {
							"pre": [-0.1, 0, -0.1],
							"post": [-0.1, 0, -0.1]
						},
						"3.2083": {
							"pre": [-0.1, 0, -0.1],
							"post": [0, 0, 0]
						},
						"4.0": {
							"pre": [0, 0, 0],
							"post": [0, 0, 0]
						}
					}
				},
				"mouth": {
					"position": {
						"0.0": [0, 0, 0],
						"2.625": {
							"pre": [0, 0, 0],
							"post": [0, 0, 0]
						},
						"2.6667": {
							"pre": [0, 0, 0],
							"post": [0, -1, 0]
						},
						"3.1667": {
							"pre": [0, -1, 0],
							"post": [0, -1, 0]
						},
						"3.2083": {
							"pre": [0, -1, 0],
							"post": [0, 0, 0]
						},
						"4.0": {
							"pre": [0, 0, 0],
							"post": [0, 0, 0]
						}
					}
				},
				"ear_left": {
					"rotation": {
						"0.0": {
							"post": [0, 0, 0],
							"lerp_mode": "catmullrom"
						},
						"1.0833": {
							"post": [0, 0, 0],
							"lerp_mode": "catmullrom"
						},
						"1.75": {
							"post": [0, 0, 12.5],
							"lerp_mode": "catmullrom"
						},
						"2.5": {
							"post": [0, 0, 14.9],
							"lerp_mode": "catmullrom"
						},
						"2.75": {
							"post": [32.5, 0, -3],
							"lerp_mode": "catmullrom"
						},
						"3.0": {
							"post": [-4.88, 0, -3.16],
							"lerp_mode": "catmullrom"
						},
						"3.375": {
							"post": [0, 0, 0],
							"lerp_mode": "catmullrom"
						},
						"4.0": {
							"post": [0, 0, 0],
							"lerp_mode": "catmullrom"
						}
					}
				},
				"ear_right": {
					"rotation": {
						"0.0": {
							"post": [0, 0, 0],
							"lerp_mode": "catmullrom"
						},
						"1.0833": {
							"post": [0, 0, 0],
							"lerp_mode": "catmullrom"
						},
						"1.75": {
							"post": [0, 0, -12.5],
							"lerp_mode": "catmullrom"
						},
						"2.5": {
							"post": [0, 0, -14.9],
							"lerp_mode": "catmullrom"
						},
						"2.75": {
							"post": [32.5, 0, 3],
							"lerp_mode": "catmullrom"
						},
						"3.0": {
							"post": [-4.88, 0, 3.16],
							"lerp_mode": "catmullrom"
						},
						"3.375": {
							"post": [0, 0, 0],
							"lerp_mode": "catmullrom"
						},
						"4.0": {
							"post": [0, 0, 0],
							"lerp_mode": "catmullrom"
						}
					}
				},
				"segment5": {
					"rotation": {
						"0.0": {
							"post": [0, 0, 0],
							"lerp_mode": "catmullrom"
						},
						"1.0417": {
							"post": [3.1, 0, 0],
							"lerp_mode": "catmullrom"
						},
						"1.7917": {
							"post": [12.5, 0, 0],
							"lerp_mode": "catmullrom"
						},
						"2.5": {
							"post": [15.8, 0, 0],
							"lerp_mode": "catmullrom"
						},
						"3.0417": {
							"post": [1.9, 0, 0],
							"lerp_mode": "catmullrom"
						},
						"4.0": {
							"post": [0, 0, 0],
							"lerp_mode": "catmullrom"
						}
					}
				},
				"segment6": {
					"rotation": {
						"0.0": {
							"post": [0, 0, 0],
							"lerp_mode": "catmullrom"
						},
						"1.1667": {
							"post": [3.5, 0, 0],
							"lerp_mode": "catmullrom"
						},
						"1.9167": {
							"post": [17.5, 0, 0],
							"lerp_mode": "catmullrom"
						},
						"2.75": {
							"post": [23.5, 0, 0],
							"lerp_mode": "catmullrom"
						},
						"3.2917": {
							"post": [2.7, 0, 0],
							"lerp_mode": "catmullrom"
						},
						"4.0": {
							"post": [0, 0, 0],
							"lerp_mode": "catmullrom"
						}
					}
				},
				"segment7": {
					"rotation": {
						"0.0": {
							"post": [0, 0, 0],
							"lerp_mode": "catmullrom"
						},
						"0.9167": {
							"post": [0, 0, 4],
							"lerp_mode": "catmullrom"
						},
						"1.4583": {
							"post": [0, 0, 17.5],
							"lerp_mode": "catmullrom"
						},
						"2.0417": {
							"post": [0, 0, 21.3],
							"lerp_mode": "catmullrom"
						},
						"2.5": {
							"post": [0, 0, 24.1],
							"lerp_mode": "catmullrom"
						},
						"2.9583": {
							"post": [0, 0, 0],
							"lerp_mode": "catmullrom"
						},
						"4.0": {
							"post": [0, 0, 0],
							"lerp_mode": "catmullrom"
						}
					}
				},
				"segment8": {
					"rotation": {
						"0.0": {
							"post": [0, 0, 0],
							"lerp_mode": "catmullrom"
						},
						"1.2083": {
							"post": [0, 0, 3.1],
							"lerp_mode": "catmullrom"
						},
						"1.6667": {
							"post": [0, 0, 11],
							"lerp_mode": "catmullrom"
						},
						"2.0": {
							"post": [0, 0, 22.5],
							"lerp_mode": "catmullrom"
						},
						"2.625": {
							"post": [0, 0, 27.5],
							"lerp_mode": "catmullrom"
						},
						"3.3333": {
							"post": [0, 0, -2],
							"lerp_mode": "catmullrom"
						},
						"4.0": {
							"post": [0, 0, 0],
							"lerp_mode": "catmullrom"
						}
					}
				},
				"segment9": {
					"rotation": {
						"0.0": {
							"post": [0, 0, 0],
							"lerp_mode": "catmullrom"
						},
						"1.0": {
							"post": [0, 0, 5.3],
							"lerp_mode": "catmullrom"
						},
						"1.875": {
							"post": [0, 0, 35],
							"lerp_mode": "catmullrom"
						},
						"2.7917": {
							"post": [0, 0, 37.5],
							"lerp_mode": "catmullrom"
						},
						"3.4167": {
							"post": [0, 0, 5.4],
							"lerp_mode": "catmullrom"
						},
						"4.0": {
							"post": [0, 0, 0],
							"lerp_mode": "catmullrom"
						}
					}
				},
				"head": {
					"rotation": {
						"0.0": {
							"post": [0, 0, 0],
							"lerp_mode": "catmullrom"
						},
						"0.6667": {
							"post": [-2.14004, -4.39821, -0.19866],
							"lerp_mode": "catmullrom"
						},
						"1.25": {
							"post": [-14.94004, -20.39821, 7.30134],
							"lerp_mode": "catmullrom"
						},
						"2.0": {
							"post": [-19.94004, -22.49821, 12.30134],
							"lerp_mode": "catmullrom"
						},
						"2.625": {
							"post": [-7.44004, -22.49821, -0.19866],
							"lerp_mode": "catmullrom"
						},
						"2.75": {
							"post": [-45, 0, 0],
							"lerp_mode": "catmullrom"
						},
						"3.2083": {
							"post": [-45, 0, 0],
							"lerp_mode": "catmullrom"
						},
						"3.5833": {
							"post": [0, -2.2, 0],
							"lerp_mode": "catmullrom"
						},
						"4.0": {
							"post": [0, 0, 0],
							"lerp_mode": "catmullrom"
						}
					},
					"position": {
						"0.0": [0, 0, 0],
						"0.5417": [0, 0, 0],
						"1.4583": {
							"pre": [0, 0, 0.5],
							"post": [0, 0, 0.5],
							"lerp_mode": "catmullrom"
						},
						"3.375": {
							"post": [0, 0, 0.5],
							"lerp_mode": "catmullrom"
						},
						"3.6667": [0, 0, 0],
						"4.0": [0, 0, 0]
					}
				},
				"ear_left2": {
					"rotation": {
						"0.0": [0, 0, 0],
						"0.9583": {
							"pre": [0, 0, 0],
							"post": [0, 0, 0],
							"lerp_mode": "catmullrom"
						},
						"1.7917": {
							"post": [-7.5, 0, 0],
							"lerp_mode": "catmullrom"
						},
						"2.2083": {
							"post": [-15, 0, 0],
							"lerp_mode": "catmullrom"
						},
						"2.4583": {
							"post": [-2.5, 0, 0],
							"lerp_mode": "catmullrom"
						},
						"2.7083": {
							"post": [7.5, 0, 0],
							"lerp_mode": "catmullrom"
						},
						"3.125": {
							"post": [0, 0, 0],
							"lerp_mode": "catmullrom"
						},
						"3.5": {
							"post": [-10.87577, -4.30583, -3.814],
							"lerp_mode": "catmullrom"
						},
						"4.0": [0, 0, 0]
					}
				},
				"ear_left3": {
					"rotation": {
						"0.0": [0, 0, 0],
						"0.8333": {
							"pre": [5, 0, 0],
							"post": [5, 0, 0],
							"lerp_mode": "catmullrom"
						},
						"1.625": {
							"post": [-8.75, 0, 0],
							"lerp_mode": "catmullrom"
						},
						"2.125": {
							"post": [-14.41, 0, 0],
							"lerp_mode": "catmullrom"
						},
						"2.3333": {
							"post": [-30.31, 0, 0],
							"lerp_mode": "catmullrom"
						},
						"2.75": {
							"post": [19.24, 0, 0],
							"lerp_mode": "catmullrom"
						},
						"3.2083": {
							"post": [-5.31, 0, 0],
							"lerp_mode": "catmullrom"
						},
						"3.5833": {
							"post": [-15.29, 0, 0],
							"lerp_mode": "catmullrom"
						},
						"4.0": [0, 0, 0]
					}
				},
				"ear_right2": {
					"rotation": {
						"0.0": [0, 0, 0],
						"0.9583": {
							"pre": [0, 0, 0],
							"post": [0, 0, 0],
							"lerp_mode": "catmullrom"
						},
						"1.7917": {
							"post": [-7.5, 0, 0],
							"lerp_mode": "catmullrom"
						},
						"2.2083": {
							"post": [-15, 0, 0],
							"lerp_mode": "catmullrom"
						},
						"2.4583": {
							"post": [-2.5, 0, 0],
							"lerp_mode": "catmullrom"
						},
						"2.7083": {
							"post": [7.5, 0, 0],
							"lerp_mode": "catmullrom"
						},
						"3.125": {
							"post": [0, 0, 0],
							"lerp_mode": "catmullrom"
						},
						"3.5": {
							"post": [-10.87577, 4.30583, 3.814],
							"lerp_mode": "catmullrom"
						},
						"4.0": [0, 0, 0]
					}
				},
				"ear_right3": {
					"rotation": {
						"0.0": [0, 0, 0],
						"0.8333": {
							"pre": [5, 0, 0],
							"post": [5, 0, 0],
							"lerp_mode": "catmullrom"
						},
						"1.625": {
							"post": [-8.75, 0, 0],
							"lerp_mode": "catmullrom"
						},
						"2.125": {
							"post": [-14.41, 0, 0],
							"lerp_mode": "catmullrom"
						},
						"2.3333": {
							"post": [-30.31, 0, 0],
							"lerp_mode": "catmullrom"
						},
						"2.75": {
							"post": [19.24, 0, 0],
							"lerp_mode": "catmullrom"
						},
						"3.2083": {
							"post": [-5.31, 0, 0],
							"lerp_mode": "catmullrom"
						},
						"3.5833": {
							"post": [-15.29, 0, 0],
							"lerp_mode": "catmullrom"
						},
						"4.0": [0, 0, 0]
					}
				},
				"tail_leaf1": {
					"rotation": {
						"0.0": [0, 0, 0],
						"1.0": {
							"pre": [0, 2.5, 0],
							"post": [0, 2.5, 0],
							"lerp_mode": "catmullrom"
						},
						"1.5417": {
							"post": [0, 22.05, 0],
							"lerp_mode": "catmullrom"
						},
						"2.0833": {
							"post": [0, -2.81, 0],
							"lerp_mode": "catmullrom"
						},
						"2.5417": {
							"post": [0, -17.14, 0],
							"lerp_mode": "catmullrom"
						},
						"2.875": {
							"post": [0, -23.22, 0],
							"lerp_mode": "catmullrom"
						},
						"3.4167": {
							"post": [0, 2.96, 0],
							"lerp_mode": "catmullrom"
						},
						"4.0": [0, 0, 0]
					}
				},
				"tail_leaf2": {
					"rotation": {
						"0.0": [0, 0, 0],
						"1.0": {
							"pre": [0, 2.5, 0],
							"post": [0, 2.5, 0],
							"lerp_mode": "catmullrom"
						},
						"1.5417": {
							"post": [0, 22.05, 0],
							"lerp_mode": "catmullrom"
						},
						"2.0833": {
							"post": [0, -2.81, 0],
							"lerp_mode": "catmullrom"
						},
						"2.5417": {
							"post": [0, -17.14, 0],
							"lerp_mode": "catmullrom"
						},
						"2.875": {
							"post": [0, -23.22, 0],
							"lerp_mode": "catmullrom"
						},
						"3.4167": {
							"post": [0, 2.96, 0],
							"lerp_mode": "catmullrom"
						},
						"4.0": [0, 0, 0]
					}
				},
				"tail_leaf3": {
					"rotation": {
						"0.0": [0, 0, 0],
						"1.0": {
							"pre": [0, 2.5, 0],
							"post": [0, 2.5, 0],
							"lerp_mode": "catmullrom"
						},
						"1.5417": {
							"post": [0, 22.05, 0],
							"lerp_mode": "catmullrom"
						},
						"2.0833": {
							"post": [0, -2.81, 0],
							"lerp_mode": "catmullrom"
						},
						"2.5417": {
							"post": [0, -17.14, 0],
							"lerp_mode": "catmullrom"
						},
						"2.875": {
							"post": [0, -23.22, 0],
							"lerp_mode": "catmullrom"
						},
						"3.4167": {
							"post": [0, 2.96, 0],
							"lerp_mode": "catmullrom"
						},
						"4.0": [0, 0, 0]
					}
				}
			}
		},
		"animation.serperior.idle_quirk2": {
			"animation_length": 3.5,
			"bones": {
				"serperior": {
					"rotation": [0, 0, 0]
				},
				"neck": {
					"rotation": {
						"0.0": {
							"post": [0, 0, 0],
							"lerp_mode": "catmullrom"
						},
						"0.3333": {
							"post": [-1.4, 0, 0],
							"lerp_mode": "catmullrom"
						},
						"0.5417": {
							"post": [-6, 0, 0],
							"lerp_mode": "catmullrom"
						},
						"0.875": {
							"post": [-10.9, 0, 0],
							"lerp_mode": "catmullrom"
						},
						"1.9167": {
							"post": [-15, 0, 0],
							"lerp_mode": "catmullrom"
						},
						"3.5": {
							"post": [0, 0, 0],
							"lerp_mode": "catmullrom"
						}
					}
				},
				"neck2": {
					"rotation": {
						"0.0": {
							"post": [0, 0, 0],
							"lerp_mode": "catmullrom"
						},
						"0.5": {
							"post": [-9.45, 0, 0],
							"lerp_mode": "catmullrom"
						},
						"0.8333": {
							"post": [-5.76, 0, 0],
							"lerp_mode": "catmullrom"
						},
						"1.375": {
							"post": [1.1, 0, 0],
							"lerp_mode": "catmullrom"
						},
						"2.3333": {
							"post": [2.5, 0, 0],
							"lerp_mode": "catmullrom"
						},
						"3.5": [0, 0, 0]
					}
				},
				"arm_left": {
					"rotation": {
						"0.0": {
							"post": [0, 0, 0],
							"lerp_mode": "catmullrom"
						},
						"0.25": {
							"post": [7.4, 0, -15.3],
							"lerp_mode": "catmullrom"
						},
						"0.4583": {
							"post": [59.25771, -19.17627, -60.56249],
							"lerp_mode": "catmullrom"
						},
						"2.2083": {
							"post": [-10.99326, 23.64253, -9.40353],
							"lerp_mode": "catmullrom"
						},
						"2.9167": {
							"post": [0, 0, 0],
							"lerp_mode": "catmullrom"
						},
						"3.5": {
							"post": [0, 0, 0],
							"lerp_mode": "catmullrom"
						}
					}
				},
				"arm_left2": {
					"rotation": {
						"0.0": {
							"post": [0, 0, 0],
							"lerp_mode": "catmullrom"
						},
						"0.2917": {
							"post": [0, 0, 2.6],
							"lerp_mode": "catmullrom"
						},
						"0.5417": {
							"post": [0, 0, 15],
							"lerp_mode": "catmullrom"
						},
						"1.6667": {
							"post": [0, 0, -3.5],
							"lerp_mode": "catmullrom"
						},
						"2.625": {
							"post": [0, 0, -37.5],
							"lerp_mode": "catmullrom"
						},
						"3.0417": {
							"post": [0, 0, -2.9],
							"lerp_mode": "catmullrom"
						},
						"3.5": {
							"post": [0, 0, 0],
							"lerp_mode": "catmullrom"
						}
					}
				},
				"arm_left3": {
					"rotation": {
						"0.0": {
							"post": [0, 0, 0],
							"lerp_mode": "catmullrom"
						},
						"0.25": {
							"post": [0, 0, 7.7],
							"lerp_mode": "catmullrom"
						},
						"0.4583": {
							"post": [0, 0, 22.5],
							"lerp_mode": "catmullrom"
						},
						"0.9167": {
							"post": [0, 0, 18.9],
							"lerp_mode": "catmullrom"
						},
						"2.0833": {
							"post": [0, 0, -66.9],
							"lerp_mode": "catmullrom"
						},
						"2.7083": {
							"post": [0, 0, -72],
							"lerp_mode": "catmullrom"
						},
						"3.1667": {
							"post": [0, 0, -0.9],
							"lerp_mode": "catmullrom"
						},
						"3.5": {
							"post": [0, 0, 0],
							"lerp_mode": "catmullrom"
						}
					}
				},
				"arm_right": {
					"rotation": {
						"0.0": {
							"post": [0, 0, 0],
							"lerp_mode": "catmullrom"
						},
						"0.3333": {
							"post": [-17.8, -50.7, 0],
							"lerp_mode": "catmullrom"
						},
						"0.5": {
							"post": [-143.48064, -108.31131, 80.81734],
							"lerp_mode": "catmullrom"
						},
						"0.9583": {
							"post": [-143.48064, -108.31131, 89.11734],
							"lerp_mode": "catmullrom"
						},
						"1.875": {
							"post": [-64.29772, -94.29003, 25.36993],
							"lerp_mode": "catmullrom"
						},
						"2.5": {
							"post": [-41.95814, -73.12335, 3.73308],
							"lerp_mode": "catmullrom"
						},
						"2.7917": {
							"post": [0, -7.2, 0],
							"lerp_mode": "catmullrom"
						},
						"3.0833": {
							"post": [0, 7.2, 0],
							"lerp_mode": "catmullrom"
						},
						"3.2917": {
							"post": [0, 0, 0],
							"lerp_mode": "catmullrom"
						},
						"3.5": {
							"post": [0, 0, 0],
							"lerp_mode": "catmullrom"
						}
					}
				},
				"arm_right2": {
					"rotation": {
						"0.0": {
							"post": [0, 0, 0],
							"lerp_mode": "catmullrom"
						},
						"0.4167": {
							"post": [0, 0, 2],
							"lerp_mode": "catmullrom"
						},
						"0.625": {
							"post": [0, 0, -8.8],
							"lerp_mode": "catmullrom"
						},
						"1.125": {
							"post": [0, 0, -11.7],
							"lerp_mode": "catmullrom"
						},
						"2.25": {
							"post": [0, 0, 32.1],
							"lerp_mode": "catmullrom"
						},
						"2.8333": {
							"post": [0, 0, 0],
							"lerp_mode": "catmullrom"
						},
						"3.5": {
							"post": [0, 0, 0],
							"lerp_mode": "catmullrom"
						}
					}
				},
				"arm_right3": {
					"rotation": {
						"0.0": {
							"post": [0, 0, 0],
							"lerp_mode": "catmullrom"
						},
						"0.375": {
							"post": [0, 0, 0],
							"lerp_mode": "catmullrom"
						},
						"0.6667": {
							"post": [0, 0, -7.5],
							"lerp_mode": "catmullrom"
						},
						"1.2083": {
							"post": [0, 0, -7.5],
							"lerp_mode": "catmullrom"
						},
						"1.9167": {
							"post": [0, 0, 53.3],
							"lerp_mode": "catmullrom"
						},
						"2.5417": {
							"post": [0, 0, 58.3],
							"lerp_mode": "catmullrom"
						},
						"3.1667": {
							"post": [0, 0, 5.7],
							"lerp_mode": "catmullrom"
						},
						"3.5": {
							"post": [0, 0, 0],
							"lerp_mode": "catmullrom"
						}
					}
				},
				"neck3": {
					"rotation": {
						"0.0": {
							"post": [0, 0, 0],
							"lerp_mode": "catmullrom"
						},
						"0.3333": {
							"post": [10, 0, 0],
							"lerp_mode": "catmullrom"
						},
						"0.7917": {
							"post": [8.89, 0, 0],
							"lerp_mode": "catmullrom"
						},
						"1.5833": {
							"post": [-1.89, 0, 0],
							"lerp_mode": "catmullrom"
						},
						"2.5417": {
							"post": [-1.99, 0, 0],
							"lerp_mode": "catmullrom"
						},
						"3.0": {
							"post": [-0.6, 0, 0],
							"lerp_mode": "catmullrom"
						},
						"3.5": {
							"post": [0, 0, 0],
							"lerp_mode": "catmullrom"
						}
					}
				},
				"neck4": {
					"rotation": {
						"0.0": {
							"post": [0, 0, 0],
							"lerp_mode": "catmullrom"
						},
						"0.3333": {
							"post": [3.9, 0, 0],
							"lerp_mode": "catmullrom"
						},
						"0.6667": {
							"post": [20.3, 0, 0],
							"lerp_mode": "catmullrom"
						},
						"1.3333": {
							"post": [17.9, 0, 0],
							"lerp_mode": "catmullrom"
						},
						"2.3333": {
							"post": [-2.5, 0, 0],
							"lerp_mode": "catmullrom"
						},
						"2.875": {
							"post": [-0.6, 0, 0],
							"lerp_mode": "catmullrom"
						},
						"3.5": {
							"post": [0, 0, 0],
							"lerp_mode": "catmullrom"
						}
					}
				},
				"eyelid_left": {
					"position": {
						"0.0": [0, 0, 0],
						"0.375": {
							"pre": [0, 0, 0],
							"post": [0, 0, 0]
						},
						"0.4167": {
							"pre": [0, 0, 0],
							"post": [0.1, 0, -0.1]
						},
						"0.9583": {
							"pre": [0.1, 0, -0.1],
							"post": [0.1, 0, -0.1]
						},
						"1.0": {
							"pre": [0.1, 0, -0.1],
							"post": [0, 0, 0]
						},
						"3.0833": {
							"pre": [0, 0, 0],
							"post": [0, 0, 0]
						},
						"3.125": {
							"pre": [0, 0, 0],
							"post": [0.1, 0, -0.1]
						},
						"3.25": {
							"pre": [0.1, 0, -0.1],
							"post": [0.1, 0, -0.1]
						},
						"3.2917": {
							"pre": [0.1, 0, -0.1],
							"post": [0, 0, 0]
						},
						"3.5": {
							"pre": [0, 0, 0],
							"post": [0, 0, 0]
						}
					}
				},
				"eyelid_recoil_left": {
					"position": {
						"0.0": [0, 0, 0],
						"0.9583": {
							"pre": [0, 0, 0],
							"post": [0, 0, 0]
						},
						"1.0": {
							"pre": [0, 0, 0],
							"post": [0.1, 0, -0.1]
						},
						"2.8333": {
							"pre": [0.1, 0, -0.1],
							"post": [0.1, 0, -0.1]
						},
						"2.875": {
							"pre": [0.1, 0, -0.1],
							"post": [0, 0, 0]
						},
						"3.5": {
							"pre": [0, 0, 0],
							"post": [0, 0, 0]
						}
					}
				},
				"eyelid_right": {
					"position": {
						"0.0": [0, 0, 0],
						"0.375": {
							"pre": [0, 0, 0],
							"post": [0, 0, 0]
						},
						"0.4167": {
							"pre": [0, 0, 0],
							"post": [-0.1, 0, -0.1]
						},
						"0.9583": {
							"pre": [-0.1, 0, -0.1],
							"post": [-0.1, 0, -0.1]
						},
						"1.0": {
							"pre": [-0.1, 0, -0.1],
							"post": [0, 0, 0]
						},
						"3.0833": {
							"pre": [0, 0, 0],
							"post": [0, 0, 0]
						},
						"3.125": {
							"pre": [0, 0, 0],
							"post": [-0.1, 0, -0.1]
						},
						"3.25": {
							"pre": [-0.1, 0, -0.1],
							"post": [-0.1, 0, -0.1]
						},
						"3.2917": {
							"pre": [-0.1, 0, -0.1],
							"post": [0, 0, 0]
						},
						"3.5": {
							"pre": [0, 0, 0],
							"post": [0, 0, 0]
						}
					}
				},
				"eyelid_recoil_right": {
					"position": {
						"0.0": [0, 0, 0],
						"0.9583": {
							"pre": [0, 0, 0],
							"post": [0, 0, 0]
						},
						"1.0": {
							"pre": [0, 0, 0],
							"post": [-0.1, 0, -0.1]
						},
						"2.8333": {
							"pre": [-0.1, 0, -0.1],
							"post": [-0.1, 0, -0.1]
						},
						"2.875": {
							"pre": [-0.1, 0, -0.1],
							"post": [0, 0, 0]
						},
						"3.5": {
							"pre": [0, 0, 0],
							"post": [0, 0, 0]
						}
					}
				},
				"mouth": {
					"position": {
						"0.0": [0, 0, 0],
						"1.4583": {
							"pre": [0, 0, 0],
							"post": [0, 0, 0]
						},
						"1.5": {
							"pre": [0, 0, 0],
							"post": [0, -1, 0]
						},
						"2.5833": {
							"pre": [0, -1, 0],
							"post": [0, -1, 0]
						},
						"2.625": {
							"pre": [0, -1, 0],
							"post": [0, 0, 0]
						},
						"3.5": {
							"pre": [0, 0, 0],
							"post": [0, 0, 0]
						}
					}
				},
				"neck_leave_left": {
					"rotation": {
						"0.0": [0, 0, 0],
						"1.4167": [0, 0, 0],
						"2.4167": {
							"pre": [0, 0, 15],
							"post": [0, 0, 15],
							"lerp_mode": "catmullrom"
						},
						"2.7083": {
							"post": [0, 0, 0.2],
							"lerp_mode": "catmullrom"
						},
						"3.25": {
							"post": [0, 0, 0],
							"lerp_mode": "catmullrom"
						},
						"3.5": {
							"post": [0, 0, 0],
							"lerp_mode": "catmullrom"
						}
					}
				},
				"neck_leave_left2_rotation": {
					"rotation": {
						"0.0": [0, 0, 0],
						"1.4167": [0, 0, 0],
						"2.5833": {
							"pre": [0, 0, -16.8],
							"post": [0, 0, -16.8],
							"lerp_mode": "catmullrom"
						},
						"2.875": {
							"post": [0, 0, 0.7],
							"lerp_mode": "catmullrom"
						},
						"3.5": {
							"post": [0, 0, 0],
							"lerp_mode": "catmullrom"
						}
					}
				},
				"neck_leave_left3_rotation": {
					"rotation": {
						"0.0": [0, 0, 0],
						"1.4167": [0, 0, 0],
						"2.5833": {
							"pre": [0, 0, -19.4],
							"post": [0, 0, -19.4],
							"lerp_mode": "catmullrom"
						},
						"2.875": {
							"post": [0, 0, -0.8],
							"lerp_mode": "catmullrom"
						},
						"3.5": {
							"post": [0, 0, 0],
							"lerp_mode": "catmullrom"
						}
					}
				},
				"neck_leave_left4": {
					"rotation": {
						"0.0": [0, 0, 0],
						"1.6667": [0, 0, 0],
						"2.8333": {
							"pre": [0, 0, -21.6],
							"post": [0, 0, -21.6],
							"lerp_mode": "catmullrom"
						},
						"3.125": {
							"post": [0, 0, -0.8],
							"lerp_mode": "catmullrom"
						},
						"3.5": {
							"post": [0, 0, 0],
							"lerp_mode": "catmullrom"
						}
					}
				},
				"neck_leave_right": {
					"rotation": {
						"0.0": [0, 0, 0],
						"1.4167": [0, 0, 0],
						"2.4167": {
							"pre": [0, 0, -15],
							"post": [0, 0, -15],
							"lerp_mode": "catmullrom"
						},
						"2.7083": {
							"post": [0, 0, -0.2],
							"lerp_mode": "catmullrom"
						},
						"3.25": {
							"post": [0, 0, 0],
							"lerp_mode": "catmullrom"
						},
						"3.5": {
							"post": [0, 0, 0],
							"lerp_mode": "catmullrom"
						}
					}
				},
				"neck_leave_right2_rotation": {
					"rotation": {
						"0.0": [0, 0, 0],
						"1.4167": [0, 0, 0],
						"2.5833": {
							"pre": [0, 0, 16.8],
							"post": [0, 0, 16.8],
							"lerp_mode": "catmullrom"
						},
						"2.875": {
							"post": [0, 0, -0.7],
							"lerp_mode": "catmullrom"
						},
						"3.5": {
							"post": [0, 0, 0],
							"lerp_mode": "catmullrom"
						}
					}
				},
				"neck_leave_right3_rotation": {
					"rotation": {
						"0.0": [0, 0, 0],
						"1.4167": [0, 0, 0],
						"2.5833": {
							"pre": [0, 0, 19.4],
							"post": [0, 0, 19.4],
							"lerp_mode": "catmullrom"
						},
						"2.875": {
							"post": [0, 0, 0.8],
							"lerp_mode": "catmullrom"
						},
						"3.5": {
							"post": [0, 0, 0],
							"lerp_mode": "catmullrom"
						}
					}
				},
				"neck_leave_right4": {
					"rotation": {
						"0.0": [0, 0, 0],
						"1.6667": [0, 0, 0],
						"2.8333": {
							"pre": [0, 0, 21.6],
							"post": [0, 0, 21.6],
							"lerp_mode": "catmullrom"
						},
						"3.125": {
							"post": [0, 0, 0.8],
							"lerp_mode": "catmullrom"
						},
						"3.5": {
							"post": [0, 0, 0],
							"lerp_mode": "catmullrom"
						}
					}
				},
				"ear_left": {
					"rotation": {
						"0.0": {
							"post": [0, 0, 0],
							"lerp_mode": "catmullrom"
						},
						"0.2083": {
							"post": [-0.8, 0, 0],
							"lerp_mode": "catmullrom"
						},
						"0.4167": {
							"post": [-11.7, 0, 4.6],
							"lerp_mode": "catmullrom"
						},
						"0.6667": {
							"post": [17.5, 0, 4],
							"lerp_mode": "catmullrom"
						},
						"1.9167": {
							"post": [11.5, 0, 0],
							"lerp_mode": "catmullrom"
						},
						"2.3333": {
							"post": [-1, 0, -4.2],
							"lerp_mode": "catmullrom"
						},
						"2.5833": {
							"post": [-2.7, 0, 8.6],
							"lerp_mode": "catmullrom"
						},
						"2.7917": {
							"post": [0, 0, -8.8],
							"lerp_mode": "catmullrom"
						},
						"3.0833": {
							"post": [0, 0, 4.2],
							"lerp_mode": "catmullrom"
						},
						"3.5": {
							"post": [0, 0, 0],
							"lerp_mode": "catmullrom"
						}
					}
				},
				"ear_right": {
					"rotation": {
						"0.0": {
							"post": [0, 0, 0],
							"lerp_mode": "catmullrom"
						},
						"0.2083": {
							"post": [-0.8, 0, 0],
							"lerp_mode": "catmullrom"
						},
						"0.4167": {
							"post": [-11.7, 0, -4.6],
							"lerp_mode": "catmullrom"
						},
						"0.6667": {
							"post": [17.5, 0, -4],
							"lerp_mode": "catmullrom"
						},
						"1.9167": {
							"post": [11.5, 0, 0],
							"lerp_mode": "catmullrom"
						},
						"2.4583": {
							"post": [-1, 0, -2.6],
							"lerp_mode": "catmullrom"
						},
						"2.7083": {
							"post": [-2.7, 0, 7.8],
							"lerp_mode": "catmullrom"
						},
						"2.9167": {
							"post": [0, 0, -7],
							"lerp_mode": "catmullrom"
						},
						"3.2083": {
							"post": [0, 0, 4],
							"lerp_mode": "catmullrom"
						},
						"3.5": {
							"post": [0, 0, 0],
							"lerp_mode": "catmullrom"
						}
					}
				},
				"segment7": {
					"rotation": {
						"0.0": [0, 0, 0],
						"1.25": [0, 0, 0],
						"2.625": {
							"pre": [0, 0, -7.7],
							"post": [0, 0, -7.7],
							"lerp_mode": "catmullrom"
						},
						"3.0417": {
							"post": [0, 0, -0.4],
							"lerp_mode": "catmullrom"
						},
						"3.5": {
							"post": [0, 0, 0],
							"lerp_mode": "catmullrom"
						}
					}
				},
				"segment8": {
					"rotation": {
						"0.0": [0, 0, 0],
						"1.5417": [0, 0, 0],
						"2.9167": {
							"pre": [0, 0, -32.3],
							"post": [0, 0, -32.3],
							"lerp_mode": "catmullrom"
						},
						"3.25": {
							"post": [0, 0, -3],
							"lerp_mode": "catmullrom"
						},
						"3.5": {
							"post": [0, 0, 0],
							"lerp_mode": "catmullrom"
						}
					}
				},
				"segment9": {
					"rotation": {
						"0.0": [0, 0, 0],
						"1.9167": [0, 0, 0],
						"3.125": {
							"pre": [0, 0, -41.3],
							"post": [0, 0, -41.3],
							"lerp_mode": "catmullrom"
						},
						"3.375": {
							"post": [0, 0, -5.6],
							"lerp_mode": "catmullrom"
						},
						"3.5": {
							"post": [0, 0, 0],
							"lerp_mode": "catmullrom"
						}
					}
				},
				"head": {
					"rotation": {
						"0.0": {
							"post": [0, 0, 0],
							"lerp_mode": "catmullrom"
						},
						"0.4167": {
							"post": [5.66, 0, 0],
							"lerp_mode": "catmullrom"
						},
						"1.125": {
							"post": [6.76, 0, 0],
							"lerp_mode": "catmullrom"
						},
						"1.6667": {
							"post": [-48.24, 0, 0],
							"lerp_mode": "catmullrom"
						},
						"2.125": {
							"post": [-54.18, 0, -0.62],
							"lerp_mode": "catmullrom"
						},
						"2.5": {
							"post": [-53.9, 0, 0],
							"lerp_mode": "catmullrom"
						},
						"2.7083": {
							"post": [-23.27, 0, 8.4],
							"lerp_mode": "catmullrom"
						},
						"2.875": {
							"post": [-11.87, 0, -12.2],
							"lerp_mode": "catmullrom"
						},
						"3.0833": {
							"post": [-3.2, 0, 9.6],
							"lerp_mode": "catmullrom"
						},
						"3.2917": {
							"post": [-1.06, 0, -4.5],
							"lerp_mode": "catmullrom"
						},
						"3.5": {
							"post": [0, 0, 0],
							"lerp_mode": "catmullrom"
						}
					}
				}
			}
		},
		"animation.serperior.sleep": {
			"loop": true,
			"bones": {
				"body": {
					"rotation": [47.49998, -42.5, 0.00005],
					"position": [3.5, -4, 10]
				},
				"neck": {
					"rotation": ["39.8538681491-math.sin(q.anim_time*90*0.5-40)*0.5", -0.21599, "-6.1432696567-math.sin(q.anim_time*90*0.5-40)*0.5"]
				},
				"neck2": {
					"rotation": [-7.20684, 6.79628, "-49.883687155-math.sin(q.anim_time*90*0.5-80)*0.5"]
				},
				"arm_left": {
					"rotation": [10.60657, -6.63444, 61.34681]
				},
				"arm_left2": {
					"rotation": [0, 0, 20]
				},
				"arm_left3": {
					"rotation": [0, 0, 42.5]
				},
				"arm_right": {
					"rotation": [3.7249, 3.77398, -78.59433]
				},
				"arm_right2": {
					"rotation": [3.18458, 6.79382, 42.68908]
				},
				"arm_right3": {
					"rotation": [0, 0, 50]
				},
				"neck3": {
					"rotation": ["-3.53843167221-math.sin(q.anim_time*90*0.5-80)*0.5", 6.22252, "-27.8486254541+math.sin(q.anim_time*90*0.5-120)*0.6"]
				},
				"neck_leaves": {
					"rotation": [-15, 0, 0]
				},
				"neck4": {
					"rotation": ["-9.1227480023+math.sin(q.anim_time*90*0.5-120)*0.5", 5.82722, "-31.099058179+math.sin(q.anim_time*90*0.5-160)*0.7"]
				},
				"head_angle": {
					"rotation": ["-68.9573111506+math.sin(q.anim_time*90*0.5-160)*0.8", 15.91145, "-22.51549293339+math.sin(q.anim_time*90*0.5-200)*1"]
				},
				"ear_left": {
					"rotation": ["math.sin(q.anim_time*90*0.5-200)*3", 0, 10]
				},
				"ear_left2": {
					"rotation": ["-14.945479184+math.sin(q.anim_time*90*0.5-240)*5", -1.29256, 5.16955]
				},
				"ear_left3": {
					"rotation": [-10, 0, 0]
				},
				"ear_right": {
					"rotation": ["20+math.sin(q.anim_time*90*0.5-200)*3", 0, -10]
				},
				"ear_right2": {
					"rotation": ["27.554520816+math.sin(q.anim_time*90*0.5-240)*5", 1.29256, -5.16955]
				},
				"ear_right3": {
					"rotation": [35, 0, 0]
				},
				"vines": {
					"scale": 0
				},
				"segment1": {
					"rotation": [32.63651, -28.16925, "36.3750655846+math.sin(q.anim_time*90*0.5)*0.5"]
				},
				"segment2": {
					"rotation": ["-0.9105590497+math.sin(q.anim_time*90*0.5-40)*0.5", -2.65739, 47.54853]
				},
				"segment3": {
					"rotation": ["-0.4485200772-math.sin(q.anim_time*90*0.5-60)*0.5", -1.84843, 50.44789]
				},
				"segment4": {
					"rotation": ["math.sin(q.anim_time*90*0.5-60)*0.5", 0, 47.5]
				},
				"segment5": {
					"rotation": [-2.5, 0, 50]
				},
				"segment6": {
					"rotation": ["-1.3632+math.sin(q.anim_time*90*0.5-80)*1", 0.92027, "16.0355399293+math.sin(q.anim_time*90*0.5-40)*1"]
				},
				"segment7": {
					"rotation": ["1.8455-math.sin(q.anim_time*90*0.5-120)*3", -2.6875, "34.9078240205+math.sin(q.anim_time*90*0.5-80)*2"]
				},
				"tail_leaf1": {
					"rotation": [0, "-math.sin(q.anim_time*90*0.5-160)*5", 0]
				},
				"segment8": {
					"rotation": ["7.9202792579-math.sin(q.anim_time*90*0.5-160)*3", -0.71076, "37.5064621952+math.sin(q.anim_time*90*0.5-120)*4"]
				},
				"tail_leaf2": {
					"rotation": [0, "-math.sin(q.anim_time*90*0.5-200)*5", 0]
				},
				"segment9": {
					"rotation": [-2.25, -2.99318, "25.454112772+math.sin(q.anim_time*90*0.5-160)*7"]
				},
				"tail_leaf3": {
					"rotation": [0, "-math.sin(q.anim_time*90*0.5-240)*5", 0]
				},
				"neck_leave_left": {
					"rotation": [0, 0, "20+math.sin(q.anim_time*90*0.5-160)*1"]
				},
				"neck_leave_left2_rotation": {
					"rotation": [17.5, 0, "17.5+math.sin(q.anim_time*90*0.5-200)*2"]
				},
				"neck_leave_left3_rotation": {
					"rotation": [0, 0, "10+math.sin(q.anim_time*90*0.5-240)*4"]
				},
				"neck_leave_right": {
					"rotation": [0, 0, "-17.5-math.sin(q.anim_time*90*0.5-160)*1"]
				},
				"neck_leave_right2_rotation": {
					"rotation": [5, 0, "-math.sin(q.anim_time*90*0.5-200)*2"]
				},
				"neck_leave_right3_rotation": {
					"rotation": [17.5, 0, "-math.sin(q.anim_time*90*0.5-240)*4"]
				},
				"eyelid_left": {
					"position": [0.1, 0, -0.1]
				},
				"eyelid_right": {
					"position": [-0.1, 0, -0.1]
				}
			}
		},
		"animation.serperior.ride_ground_walk": {
			"loop": true,
			"bones": {
				"body": {
					"rotation": [0, 0, 0]
				},
				"neck": {
					"rotation": [5, "q.r.yaw_change(0)*4", "q.r.yaw_change(0)*-14"]
				},
				"neck2": {
					"rotation": [-5, "q.r.yaw_change(0)*2", "q.r.yaw_change(0)*-6"]
				},
				"arm_left": {
					"rotation": [0, "q.r.yaw_change(0)*-7", 0]
				},
				"arm_right": {
					"rotation": [0, 0, "q.r.yaw_change(0)*-4"]
				},
				"neck3": {
					"rotation": [0, "q.r.yaw_change(0)*6", "q.r.yaw_change(0)*-3"]
				},
				"neck_leave_left": {
					"rotation": [0, 0, "q.r.yaw_change(0)*-6"]
				},
				"neck_leave_left2_rotation": {
					"rotation": [0, 0, "q.r.yaw_change(0)*-4"]
				},
				"neck_leave_right": {
					"rotation": [0, 0, "q.r.yaw_change(0)*-6"]
				},
				"neck_leave_right2_rotation": {
					"rotation": [0, 0, "q.r.yaw_change(0)*-4"]
				},
				"neck4": {
					"rotation": [0, "q.r.yaw_change(0)*8", "q.r.yaw_change(0)*-1"]
				},
				"segment1": {
					"rotation": [0, 0, "q.r.yaw_change(0)*-4"]
				},
				"segment3": {
					"rotation": [0, 0, "q.r.yaw_change(0)*15"]
				},
				"segment4": {
					"rotation": [1, 0, "q.r.yaw_change(0)*15"]
				},
				"segment6": {
					"rotation": [2.5, 0, "q.r.yaw_change(0)*18"]
				},
				"segment7": {
					"rotation": [0, 0, "q.r.yaw_change(0)*16"]
				},
				"segment2": {
					"rotation": [0, 0, "q.r.yaw_change(0)*6"]
				},
				"segment5": {
					"rotation": [0, 0, "q.r.yaw_change(0)*5"]
				},
				"head": {
					"rotation": [0, "q.r.yaw_change(0)*9", "q.r.yaw_change(0)*6"]
				}
			}
		},
		"animation.serperior.ride_ground_run": {
			"loop": true,
			"bones": {
				"body": {
					"rotation": [0, 0, 0]
				},
				"neck": {
					"rotation": ["q.r.yaw_change(0)*-5", "q.r.yaw_change(0)*10", "q.r.yaw_change(0)*-20"]
				},
				"neck2": {
					"rotation": ["q.r.yaw_change(0)*-5", "q.r.yaw_change(0)*5", "q.r.yaw_change(0)*-20"]
				},
				"neck3": {
					"rotation": [0, "q.r.yaw_change(0)*10", "q.r.yaw_change(0)*-20"]
				},
				"neck_leave_left": {
					"rotation": [0, 0, "q.r.yaw_change(0)*-6"]
				},
				"neck_leave_left2_rotation": {
					"rotation": [0, 0, "q.r.yaw_change(0)*-4"]
				},
				"neck_leave_right": {
					"rotation": [0, 0, "q.r.yaw_change(0)*-6"]
				},
				"neck_leave_right2_rotation": {
					"rotation": [0, 0, "q.r.yaw_change(0)*-4"]
				},
				"neck4": {
					"rotation": [0, "q.r.yaw_change(0)*2", "q.r.yaw_change(0)*-13"]
				},
				"head_angle": {
					"rotation": [0, "q.r.yaw_change(0)*4", "q.r.yaw_change(0)*-7"]
				},
				"segment1": {
					"rotation": [0, "q.r.yaw_change(0)*4", "q.r.yaw_change(0)*-7"]
				},
				"segment3": {
					"rotation": [0, "q.r.yaw_change(0)*2", "q.r.yaw_change(0)*15"]
				},
				"segment4": {
					"rotation": [0, 0, "q.r.yaw_change(0)*15"]
				},
				"segment6": {
					"rotation": [0, 0, "q.r.yaw_change(0)*18"]
				},
				"segment7": {
					"rotation": [0, 0, "q.r.yaw_change(0)*16"]
				},
				"segment9": {
					"rotation": [0, 0, "q.r.yaw_change(0)*5"]
				},
				"segment2": {
					"rotation": [0, 0, "q.r.yaw_change(0)*6"]
				},
				"segment5": {
					"rotation": [0, 0, "q.r.yaw_change(0)*5"]
				}
			}
		},
		"animation.serperior.ride_jump": {
			"loop": true,
			"bones": {
				"body": {
					"rotation": ["47.5+q.r.velocity_y(0)*-20", 0, 0],
					"position": [0, "8+q.r.velocity_y(0)*10-math.cos(q.anim_time*90*16+120)*0.1", 0]
				},
				"neck": {
					"rotation": ["5+q.r.velocity_y(0)*-3-math.cos(q.anim_time*90*16+160)*0.5", 0, 0]
				},
				"neck2": {
					"rotation": ["-17.9+q.r.velocity_y(0)*6-math.cos(q.anim_time*90*16+200)*0.4", 0, 0]
				},
				"arm_left": {
					"rotation": [26.11281, "-56.0567932989+q.r.velocity_y(0)*-13", 41.34884]
				},
				"arm_left2": {
					"rotation": [0, 0, 5]
				},
				"arm_left3": {
					"rotation": [0, 0, 52.5]
				},
				"arm_right": {
					"rotation": [26.11281, "56.0567932989+q.r.velocity_y(0)*13", -41.34884]
				},
				"arm_right2": {
					"rotation": [0, 0, -5]
				},
				"arm_right3": {
					"rotation": [0, 0, -52.5]
				},
				"neck3": {
					"rotation": ["-10+q.r.velocity_y(0)*6+math.cos(q.anim_time*90*16+200)*0.7", 0, 0]
				},
				"neck_leaves": {
					"rotation": ["-25+q.r.velocity_y(0)*6", 0, 0]
				},
				"neck4": {
					"rotation": ["-12.5+q.r.velocity_y(0)*8+math.cos(q.anim_time*90*16+240)*0.8", 0, 0]
				},
				"head_angle": {
					"rotation": ["-5+q.r.velocity_y(0)*15-math.cos(q.anim_time*90*16-40)*0.6", 0, 0]
				},
				"ear_left": {
					"rotation": ["-14.877386585+q.r.velocity_y(0)*-12-math.cos(q.anim_time*90*16-80)*1", 1.93597, 17.24721]
				},
				"ear_left2": {
					"rotation": ["-14.945479184-math.cos(q.anim_time*90*16-120)*1.3", -1.29256, 5.16955]
				},
				"ear_left3": {
					"rotation": [-10, 0, 0]
				},
				"ear_right": {
					"rotation": ["-14.877386585+q.r.velocity_y(0)*-12-math.cos(q.anim_time*90*16-80)*1", -1.93597, -17.24721]
				},
				"ear_right2": {
					"rotation": ["-14.945479184-math.cos(q.anim_time*90*16-120)*1.3", 1.29256, -5.16955]
				},
				"ear_right3": {
					"rotation": [-10, 0, 0]
				},
				"vines": {
					"scale": 0
				},
				"segment1": {
					"rotation": ["25-math.cos(q.anim_time*90*16+120)*0.5", 0, "0-math.cos(q.anim_time*90*8+120)*1"]
				},
				"segment2": {
					"rotation": ["27+q.r.velocity_y(0)*-4-math.cos(q.anim_time*90*16+80)*0.5", 5, -5]
				},
				"segment3": {
					"rotation": ["19.3990509857+q.r.velocity_y(0)*2-math.cos(q.anim_time*90*16+40)*0.8", -3.44267, "19.9741710014-math.cos(q.anim_time*90*8+80)*1.3"]
				},
				"segment4": {
					"rotation": ["-5+q.r.velocity_y(0)*2-math.cos(q.anim_time*90*16)*1", 0, 18]
				},
				"segment5": {
					"rotation": ["-5+q.r.velocity_y(0)*-8-math.cos(q.anim_time*90*16-40)*1.4", 5, "-8-math.cos(q.anim_time*90*8+40)*1.5"]
				},
				"segment6": {
					"rotation": ["-5+q.r.velocity_y(0)*-12-math.cos(q.anim_time*90*16-80)*1.7", 0, "-20-math.cos(q.anim_time*90*8)*1.8"]
				},
				"segment7": {
					"rotation": ["4+q.r.velocity_y(0)*-16-math.cos(q.anim_time*90*16-120)*1.7", 5, "-24-math.cos(q.anim_time*90*8-40)*2"]
				},
				"tail_leaf1": {
					"rotation": [0, 0, 0]
				},
				"segment8": {
					"rotation": ["15.3475+q.r.velocity_y(0)*-12-math.cos(q.anim_time*90*16-160)*2", 7.12602, "23.374-math.cos(q.anim_time*90*8-80)*2.3"]
				},
				"tail_leaf2": {
					"rotation": [0, 0, 0]
				},
				"segment9": {
					"rotation": ["-20.054-math.cos(q.anim_time*90*16-200)*2", -2.08703, "36.8801-math.cos(q.anim_time*90*8-120)*2.6"]
				},
				"tail_leaf3": {
					"rotation": [0, 0, 0]
				},
				"neck_leave_left": {
					"rotation": [0, 0, "7.5+q.r.velocity_y(0)*6+math.cos(q.anim_time*90*16+200)*0.8"]
				},
				"neck_leave_right": {
					"rotation": [0, 0, "-7.5+q.r.velocity_y(0)*-6-math.cos(q.anim_time*90*16+200)*0.8"]
				},
				"locator_seat_1": {
					"rotation": ["15+q.r.velocity_y(0)*20", 0, 0],
					"position": [0, "2+q.r.velocity_y(0)*2", 0]
				}
			}
		},
		"animation.serperior.cry": {
			"animation_length": 2,
			"bones": {
				"neck": {
					"rotation": {
						"0.0": {
							"post": [0, 0, 0],
							"lerp_mode": "catmullrom"
						},
						"0.2917": {
							"post": [0.5, 0, 0],
							"lerp_mode": "catmullrom"
						},
						"0.5833": {
							"post": [0, 0, 0],
							"lerp_mode": "catmullrom"
						},
						"1.0417": {
							"post": [0, 0, 0],
							"lerp_mode": "catmullrom"
						},
						"1.5": {
							"post": [0, 0, 0],
							"lerp_mode": "catmullrom"
						}
					}
				},
				"neck2": {
					"rotation": {
						"0.0": {
							"post": [0, 0, 0],
							"lerp_mode": "catmullrom"
						},
						"0.1667": {
							"post": [0.5, 0, 0],
							"lerp_mode": "catmullrom"
						},
						"0.4583": {
							"post": [-7, 0, 0],
							"lerp_mode": "catmullrom"
						},
						"0.875": {
							"post": [-3.11, 0, 0],
							"lerp_mode": "catmullrom"
						},
						"1.1667": {
							"post": [-5, 0, 0],
							"lerp_mode": "catmullrom"
						},
						"1.5": {
							"post": [-0.9, 0, 0],
							"lerp_mode": "catmullrom"
						},
						"2.0": {
							"post": [0, 0, 0],
							"lerp_mode": "catmullrom"
						}
					}
				},
				"arm_left": {
					"rotation": {
						"0.0": {
							"post": [0, 0, 0],
							"lerp_mode": "catmullrom"
						},
						"0.375": {
							"post": [0, 6.9, 0],
							"lerp_mode": "catmullrom"
						},
						"0.6667": {
							"post": [0.7993, 23.78819, -9.61134],
							"lerp_mode": "catmullrom"
						},
						"1.2083": {
							"post": [0, 2.7, 0],
							"lerp_mode": "catmullrom"
						},
						"1.5": {
							"post": [0, 0, 0],
							"lerp_mode": "catmullrom"
						}
					}
				},
				"arm_left2": {
					"rotation": {
						"0.0": {
							"post": [0, 0, 0],
							"lerp_mode": "catmullrom"
						},
						"0.4583": {
							"post": [0, 0, -1],
							"lerp_mode": "catmullrom"
						},
						"0.7917": {
							"post": [0, 0, -10],
							"lerp_mode": "catmullrom"
						},
						"1.125": {
							"post": [0, 0, -7.9],
							"lerp_mode": "catmullrom"
						},
						"1.3333": {
							"post": [0, 0, -1.8],
							"lerp_mode": "catmullrom"
						},
						"1.5": {
							"post": [0, 0, 0],
							"lerp_mode": "catmullrom"
						}
					}
				},
				"arm_right": {
					"rotation": {
						"0.0": {
							"post": [0, 0, 0],
							"lerp_mode": "catmullrom"
						},
						"0.375": {
							"post": [0, -6.9, 0],
							"lerp_mode": "catmullrom"
						},
						"0.6667": {
							"post": [0.7993, -23.78819, 9.61134],
							"lerp_mode": "catmullrom"
						},
						"1.2083": {
							"post": [0, -2.7, 0],
							"lerp_mode": "catmullrom"
						},
						"1.5": {
							"post": [0, 0, 0],
							"lerp_mode": "catmullrom"
						}
					}
				},
				"arm_right2": {
					"rotation": {
						"0.0": {
							"post": [0, 0, 0],
							"lerp_mode": "catmullrom"
						},
						"0.4583": {
							"post": [0, 0, 1],
							"lerp_mode": "catmullrom"
						},
						"0.7917": {
							"post": [0, 0, 10],
							"lerp_mode": "catmullrom"
						},
						"1.125": {
							"post": [0, 0, 7.9],
							"lerp_mode": "catmullrom"
						},
						"1.3333": {
							"post": [0, 0, 1.8],
							"lerp_mode": "catmullrom"
						},
						"1.5": {
							"post": [0, 0, 0],
							"lerp_mode": "catmullrom"
						}
					}
				},
				"neck3": {
					"rotation": {
						"0.0": {
							"post": [0, 0, 0],
							"lerp_mode": "catmullrom"
						},
						"0.25": {
							"post": [3.81, 0, 0],
							"lerp_mode": "catmullrom"
						},
						"0.5417": {
							"post": [-2.4, 0, 0],
							"lerp_mode": "catmullrom"
						},
						"0.8333": {
							"post": [-3.02, 0, 0],
							"lerp_mode": "catmullrom"
						},
						"1.125": {
							"post": [-5, 0, 0],
							"lerp_mode": "catmullrom"
						},
						"1.375": {
							"post": [-1, 0, 0],
							"lerp_mode": "catmullrom"
						},
						"1.7917": {
							"post": [0, 0, 0],
							"lerp_mode": "catmullrom"
						}
					}
				},
				"neck_leave_left": {
					"rotation": {
						"0.0": {
							"post": [0, 0, 0],
							"lerp_mode": "catmullrom"
						},
						"0.2917": {
							"post": [0, 0, 2.5],
							"lerp_mode": "catmullrom"
						},
						"0.5833": {
							"post": [0, 0, 11.3],
							"lerp_mode": "catmullrom"
						},
						"0.7917": {
							"post": [0, 0, 16.08],
							"lerp_mode": "catmullrom"
						},
						"1.0833": {
							"post": [0, 0, 8],
							"lerp_mode": "catmullrom"
						},
						"1.4167": {
							"post": [0, 0, 2],
							"lerp_mode": "catmullrom"
						},
						"1.8333": [0, 0, 0]
					}
				},
				"neck_leave_right": {
					"rotation": {
						"0.0": {
							"post": [0, 0, 0],
							"lerp_mode": "catmullrom"
						},
						"0.2917": {
							"post": [0, 0, -2.5],
							"lerp_mode": "catmullrom"
						},
						"0.5833": {
							"post": [0, 0, -11.3],
							"lerp_mode": "catmullrom"
						},
						"0.7917": {
							"post": [0, 0, -16.08],
							"lerp_mode": "catmullrom"
						},
						"1.0833": {
							"post": [0, 0, -8],
							"lerp_mode": "catmullrom"
						},
						"1.4167": {
							"post": [0, 0, -2],
							"lerp_mode": "catmullrom"
						},
						"1.8333": [0, 0, 0]
					}
				},
				"neck4": {
					"rotation": {
						"0.0": {
							"post": [0, 0, 0],
							"lerp_mode": "catmullrom"
						},
						"0.2083": {
							"post": [5.4, 0, 0],
							"lerp_mode": "catmullrom"
						},
						"0.375": {
							"post": [17.69, 0, 0],
							"lerp_mode": "catmullrom"
						},
						"0.6667": {
							"post": [-7.5, 0, 0],
							"lerp_mode": "catmullrom"
						},
						"1.2083": {
							"post": [0, 0, 0],
							"lerp_mode": "catmullrom"
						},
						"1.5": {
							"post": [0, 0, 0],
							"lerp_mode": "catmullrom"
						}
					}
				},
				"eyelid_left": {
					"position": {
						"0.0": [0, 0, 0],
						"0.2083": {"pre": [0, 0, 0], "post": [0, 0, 0]},
						"0.25": {"pre": [0, 0, 0], "post": [0.1, 0, -0.1]},
						"0.375": {"pre": [0.1, 0, -0.1], "post": [0.1, 0, -0.1]},
						"0.4167": {"pre": [0.1, 0, -0.1], "post": [0, 0, 0]},
						"1.1667": {"pre": [0, 0, 0], "post": [0, 0, 0]},
						"1.2083": {"pre": [0, 0, 0], "post": [0.1, 0, -0.1]},
						"1.3333": {"pre": [0.1, 0, -0.1], "post": [0.1, 0, -0.1]},
						"1.375": {"pre": [0.1, 0, -0.1], "post": [0, 0, 0]},
						"1.5": {"pre": [0, 0, 0], "post": [0, 0, 0]}
					}
				},
				"eyelid_right": {
					"position": {
						"0.0": [0, 0, 0],
						"0.2083": {"pre": [0, 0, 0], "post": [0, 0, 0]},
						"0.25": {"pre": [0, 0, 0], "post": [-0.1, 0, -0.1]},
						"0.375": {"pre": [-0.1, 0, -0.1], "post": [-0.1, 0, -0.1]},
						"0.4167": {"pre": [-0.1, 0, -0.1], "post": [0, 0, 0]},
						"1.1667": {"pre": [0, 0, 0], "post": [0, 0, 0]},
						"1.2083": {"pre": [0, 0, 0], "post": [-0.1, 0, -0.1]},
						"1.3333": {"pre": [-0.1, 0, -0.1], "post": [-0.1, 0, -0.1]},
						"1.375": {"pre": [-0.1, 0, -0.1], "post": [0, 0, 0]},
						"1.5": {"pre": [0, 0, 0], "post": [0, 0, 0]}
					}
				},
				"mouth": {
					"position": {
						"0.0": [0, 0, 0],
						"0.2917": {"pre": [0, 0, 0], "post": [0, 0, 0]},
						"0.3333": {"pre": [0, 0, 0], "post": [0, -1, 0]},
						"1.0417": {"pre": [0, -1, 0], "post": [0, -1, 0]},
						"1.0833": {"pre": [0, -1, 0], "post": [0, 0, 0]},
						"1.5": {"pre": [0, 0, 0], "post": [0, 0, 0]}
					}
				},
				"ear_left": {
					"rotation": {
						"0.0": {
							"post": [0, 0, 0],
							"lerp_mode": "catmullrom"
						},
						"0.4167": {
							"post": [0, 0, -0.3],
							"lerp_mode": "catmullrom"
						},
						"0.6667": {
							"post": [-13.3, 0, 6.3],
							"lerp_mode": "catmullrom"
						},
						"1.0417": {
							"post": [15.2, 0, 12.5],
							"lerp_mode": "catmullrom"
						},
						"1.3333": {
							"post": [1, 0, 0],
							"lerp_mode": "catmullrom"
						},
						"1.5": {
							"post": [0, 0, 0],
							"lerp_mode": "catmullrom"
						}
					}
				},
				"ear_right": {
					"rotation": {
						"0.0": {
							"post": [0, 0, 0],
							"lerp_mode": "catmullrom"
						},
						"0.4167": {
							"post": [0, 0, 0.3],
							"lerp_mode": "catmullrom"
						},
						"0.6667": {
							"post": [-13.3, 0, -6.3],
							"lerp_mode": "catmullrom"
						},
						"1.0417": {
							"post": [15.2, 0, -12.5],
							"lerp_mode": "catmullrom"
						},
						"1.3333": {
							"post": [1, 0, 0],
							"lerp_mode": "catmullrom"
						},
						"1.5": {
							"post": [0, 0, 0],
							"lerp_mode": "catmullrom"
						}
					}
				},
				"segment6": {
					"rotation": {
						"0.0": {
							"post": [0, 0, 0],
							"lerp_mode": "catmullrom"
						},
						"0.1667": {
							"post": [0, 0, 0],
							"lerp_mode": "catmullrom"
						},
						"0.4167": {
							"post": [0, 0, 0],
							"lerp_mode": "catmullrom"
						},
						"0.875": {
							"post": [0, 0, "math.sin(q.anim_time*90*15)*2"],
							"lerp_mode": "catmullrom"
						},
						"1.25": {
							"post": [0, 0, 0],
							"lerp_mode": "catmullrom"
						},
						"1.5": {
							"post": [0, 0, 0],
							"lerp_mode": "catmullrom"
						}
					}
				},
				"segment7": {
					"rotation": {
						"0.0": {
							"post": [0, 0, 0],
							"lerp_mode": "catmullrom"
						},
						"0.2083": {
							"post": [0, 0, 0],
							"lerp_mode": "catmullrom"
						},
						"0.4167": {
							"post": [0, 0, 0],
							"lerp_mode": "catmullrom"
						},
						"0.9583": {
							"post": [0, 0, "math.sin(q.anim_time*90*15-60)*3"],
							"lerp_mode": "catmullrom"
						},
						"1.2917": {
							"post": [0, 0, 0],
							"lerp_mode": "catmullrom"
						},
						"1.5": {
							"post": [0, 0, 0],
							"lerp_mode": "catmullrom"
						}
					}
				},
				"tail_leaf1": {
					"rotation": {
						"0.0": [0, 0, 0],
						"0.25": [0, 0, 0],
						"1.0": [0, "math.sin(q.anim_time*90*30-100)*8", 0],
						"1.3333": [0, 0, 0],
						"1.5": [0, 0, 0]
					}
				},
				"segment8": {
					"rotation": {
						"0.0": {
							"post": [0, 0, 0],
							"lerp_mode": "catmullrom"
						},
						"0.4167": {
							"post": [0, 0, 0],
							"lerp_mode": "catmullrom"
						},
						"0.5": {
							"post": [0, 0, 0],
							"lerp_mode": "catmullrom"
						},
						"1.0833": {
							"post": [0, 0, "math.sin(q.anim_time*90*15-120)*6"],
							"lerp_mode": "catmullrom"
						},
						"1.5": {
							"post": [0, 0, 0],
							"lerp_mode": "catmullrom"
						},
						"1.6667": {
							"post": [0, 0, 0],
							"lerp_mode": "catmullrom"
						}
					}
				},
				"tail_leaf2": {
					"rotation": {
						"0.0": [0, 0, 0],
						"0.3333": [0, 0, 0],
						"1.0833": [0, "math.sin(q.anim_time*90*30-140)*6", 0],
						"1.4167": [0, 0, 0],
						"1.5": [0, 0, 0]
					}
				},
				"segment9": {
					"rotation": {
						"0.0": {
							"post": [0, 0, 0],
							"lerp_mode": "catmullrom"
						},
						"0.625": {
							"post": [0, 0, 0],
							"lerp_mode": "catmullrom"
						},
						"0.7083": {
							"post": [0, 0, 0],
							"lerp_mode": "catmullrom"
						},
						"1.1667": {
							"post": [0, 0, "math.sin(q.anim_time*90*15-150)*12 "],
							"lerp_mode": "catmullrom"
						},
						"1.5417": {
							"post": [0, 0, 0],
							"lerp_mode": "catmullrom"
						},
						"1.75": {
							"post": [0, 0, 0],
							"lerp_mode": "catmullrom"
						}
					}
				},
				"tail_leaf3": {
					"rotation": {
						"0.0": [0, 0, 0],
						"0.4167": [0, 0, 0],
						"1.1667": [0, "math.sin(q.anim_time*90*30-200)*9", 0],
						"1.5": [0, 0, 0]
					}
				},
				"neck_leave_left2_rotation": {
					"rotation": {
						"0.0": [0, 0, 0],
						"0.4167": {
							"pre": [0, 0, -2.5],
							"post": [0, 0, -2.5],
							"lerp_mode": "catmullrom"
						},
						"0.7917": {
							"post": [0, 0, 5],
							"lerp_mode": "catmullrom"
						},
						"1.3333": {
							"post": [0, 0, 7.5],
							"lerp_mode": "catmullrom"
						},
						"1.5833": {
							"post": [0, 0, 1.31],
							"lerp_mode": "catmullrom"
						},
						"1.9583": [0, 0, 0]
					}
				},
				"neck_leave_right2_rotation": {
					"rotation": {
						"0.0": [0, 0, 0],
						"0.4167": {
							"pre": [0, 0, 2.5],
							"post": [0, 0, 2.5],
							"lerp_mode": "catmullrom"
						},
						"0.7917": {
							"post": [0, 0, -5],
							"lerp_mode": "catmullrom"
						},
						"1.3333": {
							"post": [0, 0, -7.5],
							"lerp_mode": "catmullrom"
						},
						"1.5833": {
							"post": [0, 0, -1.31],
							"lerp_mode": "catmullrom"
						},
						"1.9583": [0, 0, 0]
					}
				},
				"neck_leave_right3_rotation": {
					"rotation": {
						"0.0": [0, 0, 0],
						"0.375": {
							"pre": [0, 0, 10],
							"post": [0, 0, 10],
							"lerp_mode": "catmullrom"
						},
						"0.875": {
							"post": [0, 0, -10],
							"lerp_mode": "catmullrom"
						},
						"1.2083": {
							"post": [0, 0, -10],
							"lerp_mode": "catmullrom"
						},
						"1.625": {
							"post": [0, 0, -2.14],
							"lerp_mode": "catmullrom"
						},
						"1.9583": [0, 0, 0]
					}
				},
				"head": {
					"rotation": {
						"0.0": {
							"post": [0, 0, 0],
							"lerp_mode": "catmullrom"
						},
						"0.3333": {
							"post": [-3.08, 0, 0],
							"lerp_mode": "catmullrom"
						},
						"0.6667": {
							"post": [-42.5, 0, 0],
							"lerp_mode": "catmullrom"
						},
						"0.8333": {
							"post": [-31.88, 0, 0],
							"lerp_mode": "catmullrom"
						},
						"1.2083": {
							"post": [-35.74, 0, 0],
							"lerp_mode": "catmullrom"
						},
						"1.5": {
							"post": [-4.5, 0, 0],
							"lerp_mode": "catmullrom"
						},
						"1.7917": {
							"post": [0, 0, 0],
							"lerp_mode": "catmullrom"
						}
					}
				}
			},
			"sound_effects": {
				"0.3333": {
					"effect": "pokemon.serperior.cry"
				}
			}
		},
		"animation.serperior.blink": {
			"animation_length": 0.1667,
			"bones": {
				"eyelid_left": {
					"position": {
						"0.0": [0.1, 0, -0.1],
						"0.125": [0.1, 0, -0.1],
						"0.1667": [0, 0, 0]
					}
				},
				"eyelid_right": {
					"position": {
						"0.0": [-0.1, 0, -0.1],
						"0.125": [-0.1, 0, -0.1],
						"0.1667": [0, 0, 0]
					}
				}
			}
		},
		"animation.serperior.walk_testspeed": {
			"loop": true,
			"bones": {
				"serperior": {
					"position": [0, 0, "0+((query.anim_time) * 90 * 2.4) * -0.08"]
				}
			}
		},
		"animation.serperior.run_testspeed": {
			"loop": true,
			"bones": {
				"serperior": {
					"position": [0, 0, "0+((query.anim_time) * 90 * 2.4) * -0.35"]
				}
			}
		}
	}
}