{"format_version":"1.8.0","animations":{"animation.froslass.test":{"loop":true,"bones":{"arm_right":{"rotation":[0,0,-67.5]},"arm_right3":{"rotation":[0,-22.5,0]},"arm_right2":{"rotation":[0,-22.5,0]},"arm_left":{"rotation":[0,0,45]},"arm_left2":{"rotation":[0,22.5,0]},"arm_left3":{"rotation":[0,22.5,0]},"froslass":{"position":[0,1,0]},"torso":{"rotation":[5,0,0]},"coat_front":{"rotation":[-7.5,0,0]},"coat_back":{"rotation":[7.5,0,0]},"coat_front_right":{"rotation":[-7.5,0,7.5]},"coat_front_left":{"rotation":[-7.5,0,-7.5]},"coat_back_right":{"rotation":[7.5,0,7.5]},"coat_back_left":{"rotation":[7.5,0,-7.5]},"coat_right":{"rotation":[0,0,7.5]},"coat_left":{"rotation":[0,0,-7.5]},"torso_bottom":{"rotation":[17.5,0,0]},"pupil_left":{"position":[0.25,0,0]},"pupil_right":{"position":[0.25,0,0]}}},"animation.froslass.render":{"loop":"hold_on_last_frame","animation_length":0.04167,"bones":{"head":{"rotation":[10,10,0]},"pupil_left":{"position":[0.25,0,0]},"pupil_right":{"position":[0.25,0,0]},"eyebrows":{"position":[0,0,0]},"arm_right":{"rotation":[-0.95723,2.30959,-67.5193]},"arm_right2":{"rotation":[21.00151,-59.29294,-7.53783]},"arm_right3":{"rotation":[0,-65,0]},"arm_left":{"rotation":[0,7.5,67.5]},"arm_left2":{"rotation":[0,7.5,0]},"arm_left3":{"rotation":[0,7.5,0]}}},"animation.froslass.air_idle":{"loop":true,"animation_length":4,"bones":{"torso":{"rotation":["math.cos(q.anim_time*90*2)*2",0,0],"position":[0,"math.cos(q.anim_time*90*2-90)/2",0]},"torso_bottom":{"rotation":[0,0,0]},"coat_front":{"rotation":[0,0,0]},"coat_back":{"rotation":[0,0,0]},"coat_right":{"rotation":[0,0,0]},"coat_left":{"rotation":[0,0,0]},"head":{"rotation":["math.sin(q.anim_time*90*2-90)*2",0,0]},"arm_right":{"rotation":[0,0,"-70-math.cos(q.anim_time*90*2)*5"]},"arm_right2":{"rotation":[0,0,"-math.cos(q.anim_time*90*2)*5*2"]},"arm_right3":{"rotation":[0,0,"-math.sin(q.anim_time*90*2)*5*2"]},"arm_left":{"rotation":[0,0,"70+math.cos(q.anim_time*90*2)*5"]},"arm_left2":{"rotation":[0,0,"math.cos(q.anim_time*90*2)*5*2"]},"arm_left3":{"rotation":[0,0,"math.sin(q.anim_time*90*2)*5*2"]},"neck":{"rotation":["math.sin(q.anim_time*90*2)*2",0,0]},"coat_front_right":{"rotation":[0,0,0]},"coat_front_left":{"rotation":[0,0,0]},"coat_back_right":{"rotation":[0,0,0]},"coat_back_left":{"rotation":[0,0,0]}}},"animation.froslass.air_fly":{"loop":true,"animation_length":2,"bones":{"torso":{"rotation":["22.5-math.cos(q.anim_time*90*4-45+90)*2",0,"math.cos(q.anim_time*90*2)*2"],"position":["math.cos(q.anim_time*90*2-45)","-math.cos(q.anim_time*90*4-45)","math.cos(q.anim_time*90*4)"]},"neck":{"rotation":["-22.5/2-math.sin(q.anim_time*90*4-45+90)*2",0,"math.sin(q.anim_time*90*2)*2"]},"head":{"rotation":["-22.5/2+math.sin(q.anim_time*90*4-45+90)*2",0,"-math.sin(q.anim_time*90*2)*2"]},"arm_right":{"rotation":[20.94102,40.78947,-59.63881],"position":[0,3.5,0]},"arm_right2":{"rotation":[0,0,"-math.cos(q.anim_time*90*16*1.5)*5"]},"arm_right3":{"rotation":[0,0,"-math.sin(q.anim_time*90*16*1.5)*5"]},"arm_left":{"rotation":[20.94102,-40.78947,59.63881],"position":[0,3.5,0]},"arm_left2":{"rotation":[0,0,"math.cos(q.anim_time*90*16*1.5)*5"]},"arm_left3":{"rotation":[0,0,"math.sin(q.anim_time*90*16*1.5)*5"]}}},"animation.froslass.sleep":{"loop":true,"animation_length":4,"bones":{"body":{"position":[0,"2+math.sin(q.anim_time*90-45)",0]},"torso_bottom":{"rotation":["-22.5+math.cos(q.anim_time*90-45)*4",0,0]},"neck":{"rotation":["22.5+math.sin(q.anim_time*90)*5",0,0]},"head":{"rotation":[22.5,0,0]},"eyelid_left":{"position":[0.1,0,-0.1]},"eyelid_right":{"position":[-0.1,0,-0.1]},"arm_right":{"rotation":[-15,-45,"-67.5-math.cos(q.anim_time*90)*5"]},"arm_right2":{"rotation":[0,0,"-math.cos(q.anim_time*90)*5*1.5"]},"arm_right3":{"rotation":[0,0,"-math.sin(q.anim_time*90)*5*2"]},"arm_left":{"rotation":[-15,45,"67.5+math.cos(q.anim_time*90)*5"]},"arm_left2":{"rotation":[0,0,"math.cos(q.anim_time*90)*5*1.5"]},"arm_left3":{"rotation":[0,0,"math.sin(q.anim_time*90)*5*2"]}}},"animation.froslass.air_battle_idle":{"loop":true,"animation_length":4,"bones":{"torso":{"rotation":["-10+math.cos(q.anim_time*90*2)*2",0,0],"position":[0,"math.cos(q.anim_time*90*2-90)/2",0]},"torso_bottom":{"rotation":["-10+math.sin(q.anim_time*90*2)*2",0,0]},"coat_front":{"rotation":[0,0,0]},"coat_back":{"rotation":[0,0,0]},"coat_right":{"rotation":[0,0,0]},"coat_left":{"rotation":[0,0,0]},"head":{"rotation":["5+math.sin(q.anim_time*90*2-90)*2",0,0]},"arm_right":{"rotation":[12.60947,1.22889,"-60.7274-math.cos(q.anim_time*90*2)*2"]},"arm_right2":{"rotation":[22.5,-45,0]},"arm_right3":{"rotation":[0,-90,0]},"arm_left":{"rotation":[0,0,"70+math.cos(q.anim_time*90*2)*2"]},"arm_left2":{"rotation":[0,0,"math.cos(q.anim_time*90*2)*2*2"]},"arm_left3":{"rotation":[0,0,"math.sin(q.anim_time*90*2)*2*2"]},"neck":{"rotation":["5+math.sin(q.anim_time*90*2)*2",0,0]}}}}}