{"format_version":"1.8.0","animations":{"animation.eelektross.ground_idle":{"loop":true,"animation_length":2,"bones":{"body":{"position":[0,36,0]},"fin":{"rotation":[-22.5,0,0]},"fin2":{"rotation":[-22.5,0,0]},"fin3":{"rotation":[-22.5,0,0]},"neck":{"rotation":[22.5,0,0]},"neck2":{"rotation":[-22.5,0,0]},"torso":{"rotation":[-22.5,0,0]},"armleft":{"rotation":[0,0,"67.5-math.cos(q.anim_time*90*2)*10"]},"armleft2":{"rotation":[0,45,"-math.cos(q.anim_time*90*2-90)*10"]},"armleft3":{"rotation":[0,22.5,0]},"armright":{"rotation":[0,0,"-67.5+math.cos(q.anim_time*90*2)*10"]},"armright2":{"rotation":[0,-45,"math.cos(q.anim_time*90*2-90)*10"]},"armright3":{"rotation":[0,-22.5,0]},"torso2":{"rotation":[-45,0,0]},"tail":{"rotation":[22.5,0,0]},"tail2":{"rotation":[22.5,0,0]},"footleft":{"rotation":[0,22.5,-67.5]},"footright":{"rotation":[22.5,0,"67.5+m"]},"tail3":{"rotation":[45,0,0]}}},"animation.eelektross.ground_walk":{"loop":true,"animation_length":1,"bones":{"body":{"position":{"0.0":[0,33,0],"0.25":[0,35,0],"0.5":[0,33,0],"0.75":[0,35,0],"1.0":[0,33,0]}},"fin":{"rotation":[-22.5,0,0]},"fin2":{"rotation":[-22.5,0,0]},"fin3":{"rotation":[-22.5,0,0]},"neck":{"rotation":[22.5,0,0]},"neck2":{"rotation":[-22.5,0,0]},"torso":{"rotation":[-22.5,0,0]},"armleft":{"rotation":[0,0,67.5]},"armleft2":{"rotation":[0,45,0]},"armleft3":{"rotation":[0,22.5,0]},"armright":{"rotation":[0,0,-67.5]},"armright2":{"rotation":[0,-45,0]},"armright3":{"rotation":[0,-22.5,0]},"torso2":{"rotation":[-22.5,0,0]},"tail":{"rotation":[0,0,0]},"tail2":{"rotation":[22.5,0,0]},"footleft":{"rotation":["math.cos(q.anim_time*90*4)*40",22.5,"-67.5-math.clamp(math.sin(q.anim_time*90*4)*40,0,40)"]},"footright":{"rotation":[22.5,"22.5-math.cos(q.anim_time*90*4)*40","67.5+math.clamp(-math.sin(q.anim_time*90*4)*40,0,40)"]},"tail3":{"rotation":[45,0,0]}}}},"geckolib_format_version":2}