{
	"format_version": "1.8.0",
	"animations": {
		"animation.eelektross_mega.ground_idle": {
			"loop": true,
			"bones": {
				"head": {
					"rotation": ["6.4793+math.cos((query.anim_time-0.3)*90*2)*2", "-0.5445+(-math.sin((query.anim_time-0.3)*90*2)*2)", -0.15911],
					"position": [
						"0+math.sin(q.anim_time*10*4)*2+(math.sin(q.anim_time*5*4)*2)*2-(math.sin(q.anim_time*10*4)*2):+(math.sin(q.anim_time*10*4)*4)",
						"23-math.sin(q.anim_time*20*4)*2-(math.sin(q.anim_time*20*4)*2)",
						"-7+math.sin(q.anim_time*5*1)*2+(math.sin(q.anim_time*4*1)*4)"
					]
				},
				"front2": {
					"rotation": ["23.4793+math.cos((query.anim_time-0.3)*90*2)*5", "-0.5445+(-math.sin((query.anim_time-0.3)*90*2)*5)", -0.15911],
					"position": [0, -0.4, 0]
				},
				"thing1": {
					"rotation": ["-31.5207+math.cos((query.anim_time-0.3)*90*2)*2", "-0.5445+(-math.sin((query.anim_time-0.3)*90*2)*2)", -0.15911]
				},
				"thing2": {
					"rotation": ["-11.5207+math.cos((query.anim_time-0.3)*90*2)*2", "-0.5445+(-math.sin((query.anim_time-0.3)*90*2)*2)", -0.15911],
					"position": [0, 0, -0.4]
				},
				"thing3": {
					"rotation": ["-8.5207+math.cos((query.anim_time-0.3)*90*2)*2", "-0.5445+(-math.sin((query.anim_time-0.3)*90*2)*2)", -0.15911]
				},
				"thing4": {
					"rotation": ["-3.5207+math.cos((query.anim_time-0.3)*90*2)*2", "-0.5445+(-math.sin((query.anim_time-0.3)*90*2)*2)", -0.15911],
					"position": [0, 0, -0.4]
				},
				"thing5": {
					"rotation": ["-2.5207+math.cos((query.anim_time-0.3)*90*2)*2", "-0.5445+(-math.sin((query.anim_time-0.3)*90*2)*2)", -0.15911]
				},
				"thing6": {
					"rotation": ["-11.5207+math.cos((query.anim_time-0.3)*90*2)*2", "-0.5445+(-math.sin((query.anim_time-0.3)*90*2)*2)", -0.15911]
				},
				"thing7": {
					"rotation": ["-14.5207+math.cos((query.anim_time-0.3)*90*2)*2", "-0.5445+(-math.sin((query.anim_time-0.3)*90*2)*2)", -0.15911]
				},
				"head2": {
					"rotation": ["-2.5207+math.cos((query.anim_time-0.3)*90*2)*2", "-0.5445+(-math.sin((query.anim_time-0.3)*90*2)*2)", -0.15911]
				},
				"head3": {
					"rotation": [-3, 0, 0]
				},
				"head4": {
					"rotation": [-2, 0, 0]
				},
				"torso": {
					"rotation": ["-1.5207+math.cos((query.anim_time-0.3)*90*2)*5", "-0.5445+(-math.sin((query.anim_time-0.3)*90*2)*5)", -0.15911]
				},
				"body": {
					"rotation": ["-7.5207+math.cos((query.anim_time-0.3)*90*2)*5", "-0.5445+(-math.sin((query.anim_time-0.3)*90*2)*5)", -0.15911]
				},
				"body2": {
					"rotation": ["7.4793+math.cos((query.anim_time-0.3)*90*2)*5", "-0.5445+(-math.sin((query.anim_time-0.3)*90*2)*5)", -0.15911]
				},
				"body3": {
					"rotation": ["10.9651+math.cos((query.anim_time-0.9)*90*2)*2", "-11.9807-math.sin((query.anim_time-0.9)*90*2)*3", 0.6869]
				},
				"body4": {
					"rotation": ["-11.0496+math.cos((query.anim_time-0.9)*90*2)*2", "10.4497-math.sin((query.anim_time-0.9)*90*2)*3", -4.43239]
				},
				"body5": {
					"rotation": ["3.9651+math.cos((query.anim_time-0.9)*90*2)*2", "-11.9807-math.sin((query.anim_time-0.9)*90*2)*3", 0.6869]
				},
				"body6": {
					"rotation": ["-3.0349+math.cos((query.anim_time-0.9)*90*2)*2", "-11.9807-math.sin((query.anim_time-0.9)*90*2)*3", 0.6869]
				},
				"lilhand_right": {
					"rotation": [55, -39, 0]
				},
				"lilhand_left": {
					"rotation": [15, 38, -42]
				},
				"tail": {
					"rotation": ["-4.0349+math.cos((query.anim_time-0.9)*90*2)*5", "-11.9807-math.sin((query.anim_time-0.9)*90*2)*5", 0.6869],
					"position": [0, 0, -0.8]
				},
				"tail2": {
					"rotation": ["10.9464+math.cos((query.anim_time-0.9)*90*2)*5", "7.9046-math.sin((query.anim_time-0.9)*90*2)*5", 2.83631],
					"position": [0, 0, -0.9]
				},
				"tail3": {
					"rotation": ["10.8902+math.cos((query.anim_time-0.9)*90*2)*5", "3.9277-math.sin((query.anim_time-0.9)*90*2)*5", 2.40331],
					"position": [0, 0.3, -0.7]
				},
				"tail4": {
					"rotation": ["4.4793+math.cos((query.anim_time-0.3)*90*2)*5", "-0.5445+(-math.sin((query.anim_time-0.3)*90*2)*5)", -0.15911]
				},
				"right_arm2": {
					"position": [-1, 0.1, 0]
				},
				"right_arm3": {
					"position": [0, 0.3, 0]
				},
				"left_arm2": {
					"position": [0.9, 0.3, 0]
				},
				"left_arm3": {
					"position": [0, 0.5, 0]
				},
				"front": {
					"position": [0, -0.2, 0]
				},
				"neck": {
					"rotation": [
						"0-math.sin(q.anim_time*80*4)*2-(math.sin(q.anim_time*80*4)*2)-math.sin(q.anim_time*80*4)*2-(math.sin(q.anim_time*80*4)*2)",
						"-4.5-math.sin(q.anim_time*40*4)*6-(math.sin(q.anim_time*40*4)*6)",
						0
					]
				},
				"body1": {
					"rotation": ["0+math.sin(q.anim_time*80*4)*2+(math.sin(q.anim_time*80*4)*2)", "-3+math.sin(q.anim_time*40*1.6)*6+(math.sin(q.anim_time*40*1.6)*6)", 0]
				},
				"body7": {
					"rotation": ["0-math.sin(q.anim_time*80*4)*2-(math.sin(q.anim_time*80*4)*2)", "10.5-math.sin(q.anim_time*40*4)*3-(math.sin(q.anim_time*40*4)*3)", 0]
				},
				"tail1": {
					"rotation": ["0+math.sin(q.anim_time*80*4)*5+(math.sin(q.anim_time*80*4)*5)", "4.5+math.sin(q.anim_time*40*1.6)*3+(math.sin(q.anim_time*40*1.6)*4)", 0]
				},
				"tail5": {
					"rotation": [
						"2.0631-math.sin(q.anim_time*80*4)*2-(math.sin(q.anim_time*80*4)*2)",
						"-14.0963-math.sin(q.anim_time*40*4)*3-(math.sin(q.anim_time*40*4)*3)",
						-2.2797
					]
				},
				"tail6": {
					"rotation": [
						"2.0631-math.sin(q.anim_time*80*4)*2-(math.sin(q.anim_time*80*4)*2)",
						"-14.0963-math.sin(q.anim_time*40*4)*3-(math.sin(q.anim_time*40*4)*3)",
						-2.2797
					]
				},
				"neck3": {
					"rotation": [
						"0-math.sin(q.anim_time*80*4)*2-(math.sin(q.anim_time*80*4)*2)-math.sin(q.anim_time*80*4)*2-(math.sin(q.anim_time*80*4)*2)",
						"-4.5-math.sin(q.anim_time*40*4)*6-(math.sin(q.anim_time*40*4)*6)",
						0
					]
				},
				"body10": {
					"rotation": ["0+math.sin(q.anim_time*80*4)*2+(math.sin(q.anim_time*80*4)*2)", "-3+math.sin(q.anim_time*40*1.6)*6+(math.sin(q.anim_time*40*1.6)*6)", 0]
				},
				"body11": {
					"rotation": ["0-math.sin(q.anim_time*80*4)*2-(math.sin(q.anim_time*80*4)*2)", "10.5-math.sin(q.anim_time*40*4)*3-(math.sin(q.anim_time*40*4)*3)", 0]
				},
				"tail10": {
					"rotation": ["0+math.sin(q.anim_time*80*4)*5+(math.sin(q.anim_time*80*4)*5)", "4.5+math.sin(q.anim_time*40*1.6)*3+(math.sin(q.anim_time*40*1.6)*4)", 0]
				},
				"tail11": {
					"rotation": [
						"2.0631-math.sin(q.anim_time*80*4)*2-(math.sin(q.anim_time*80*4)*2)",
						"-14.0963-math.sin(q.anim_time*40*4)*3-(math.sin(q.anim_time*40*4)*3)",
						-2.2797
					]
				},
				"tail12": {
					"rotation": ["0-math.sin(q.anim_time*80*4)*2-(math.sin(q.anim_time*80*4)*2)", "15.5-math.sin(q.anim_time*40*1.6)*8-(math.sin(q.anim_time*40*1.6)*8)", 0]
				},
				"root3": {
					"scale": 1.4
				},
				"upperfin3": {
					"scale": 0.8
				},
				"downsyndromfin3": {
					"scale": 0.8
				},
				"root": {
					"scale": 1.4
				},
				"upperfin": {
					"scale": 0.8
				},
				"downsyndromfin": {
					"scale": 0.8
				}
			}
		}
	}
}