{
	"format_version": "1.8.0",
	"animations": {
		"animation.eelektross.ground_idle": {
			"loop": true,
			"bones": {
				"body": {
					"rotation": [-100, 0, 0],
					"position": [0, 4.7, 0]
				},
				"neck": {
					"rotation": [15, 0, 0]
				},
				"neck2": {
					"rotation": [45, 0, 0]
				},
				"head": {
					"rotation": [47.5, 0, 0]
				},
				"segment1": {
					"rotation": [-12.5, 0, 0]
				},
				"segment3": {
					"rotation": [52.5, 0, 0]
				},
				"segment4": {
					"rotation": [20, 0, 0]
				},
				"segment5": {
					"rotation": [10, 0, 0]
				},
				"segment2": {
					"rotation": [45, 0, 0]
				},
				"segment6": {
					"rotation": [12.5, 0, 0]
				},
				"segment7": {
					"rotation": [7.5, 0, 0]
				},
				"segment8": {
					"rotation": [10, 0, 0]
				},
				"arms": {
					"rotation": [77.5, 0, 0]
				},
				"arm_left": {
					"rotation": [0, 0, 50]
				},
				"arm_left2": {
					"rotation": [0, 30, -12.5]
				},
				"arm_left3": {
					"rotation": [0, 17.5, 20]
				},
				"hand_left": {
					"rotation": [0, 20, 25]
				},
				"legs": {
					"rotation": [15, 0, 0]
				},
				"arm_right": {
					"rotation": [0, 0, -50]
				},
				"arm_right2": {
					"rotation": [0, -30, 12.5]
				},
				"arm_right3": {
					"rotation": [0, -17.5, -20]
				},
				"hand_right": {
					"rotation": [0, -20, -25]
				},
				"leg_left": {
					"rotation": [0, 0, -35]
				},
				"leg_left2": {
					"rotation": [0, 0, -54]
				},
				"leg_left3": {
					"rotation": [0, 0, -25]
				},
				"leg_right": {
					"rotation": [0, 0, 35]
				},
				"leg_right2": {
					"rotation": [0, 0, 54]
				},
				"leg_right3": {
					"rotation": [0, 0, 25]
				},
				"head_fin": {
					"rotation": [-5, 0, 0]
				},
				"head_fin2": {
					"rotation": [-35, 0, 0]
				},
				"head_fin3": {
					"rotation": [20, 0, 0]
				},
				"head_fin5": {
					"rotation": [-20, 0, 0]
				},
				"head_fin4": {
					"rotation": [30, 0, 0]
				},
				"head_fin_bottom2": {
					"rotation": [15, 0, 0]
				},
				"head_fin_bottom3": {
					"rotation": [30, 0, 0]
				},
				"head_fin_bottom1": {
					"rotation": [2.5, 0, 0]
				},
				"back_fin1": {
					"rotation": [0, 0, 0],
					"position": [0, 0, -0.5]
				},
				"head_detail_left1": {
					"position": [0, -0.5, 0]
				},
				"head_detail_right1": {
					"position": [0, -0.5, 0]
				},
				"head_detail_left2": {
					"position": [0, 0, 1]
				},
				"head_detail_right2": {
					"position": [0, 0, 1]
				}
			}
		},
		"animation.eelektross.water_idle": {
			"loop": true,
			"bones": {
				"body": {
					"rotation": [-15, 0, 0],
					"position": [0, 4.7, 0]
				},
				"neck": {
					"rotation": [-5, 0, 0]
				},
				"neck2": {
					"rotation": [15, 0, 0]
				},
				"head": {
					"rotation": [20, 0, 0]
				},
				"segment1": {
					"rotation": [-12.51153, -2.4407, 0.54143]
				},
				"segment3": {
					"rotation": [27.58957, 4.43385, 2.31336]
				},
				"segment4": {
					"rotation": [0.22588, 3.50244, -2.34348]
				},
				"segment5": {
					"rotation": [-10.23772, -12.3071, 2.20462]
				},
				"segment2": {
					"rotation": [30.02363, 2.16489, 1.2506]
				},
				"segment6": {
					"rotation": [-25.34721, -12.06754, 3.28396]
				},
				"segment7": {
					"rotation": [-36.4568, -32.61461, 13.46783]
				},
				"segment8": {
					"rotation": [-32.00206, -19.3546, 11.70092]
				},
				"arms": {
					"rotation": [77.5, 0, 0]
				},
				"arm_left": {
					"rotation": [10.11252, 3.77941, 51.75758]
				},
				"arm_left2": {
					"rotation": [5.41207, -8.42145, -10.39875]
				},
				"arm_left3": {
					"rotation": [0.14655, -15.79256, 25.63835]
				},
				"hand_left": {
					"rotation": [0, 0, 20]
				},
				"legs": {
					"rotation": [15, 0, 0]
				},
				"arm_right": {
					"rotation": [10.11252, -3.77941, -51.75758]
				},
				"arm_right2": {
					"rotation": [5.41207, 8.42145, 10.39875]
				},
				"arm_right3": {
					"rotation": [0.14655, 15.79256, -25.63835]
				},
				"hand_right": {
					"rotation": [0, 0, -20]
				},
				"leg_left": {
					"rotation": [0, 0, -47.5]
				},
				"leg_left2": {
					"rotation": [0, 0, 13.5]
				},
				"leg_left3": {
					"rotation": [0, 0, 30]
				},
				"leg_right": {
					"rotation": [0, 0, 47.5]
				},
				"leg_right2": {
					"rotation": [0, 0, -13.5]
				},
				"leg_right3": {
					"rotation": [0, 0, -30]
				},
				"head_fin": {
					"rotation": [-5, 0, 0]
				},
				"head_fin2": {
					"rotation": [12.59468, -4.32875, -2.50477]
				},
				"head_fin3": {
					"rotation": [-25.18908, 6.79382, -3.18458]
				},
				"head_fin5": {
					"rotation": [-20, 0, 0]
				},
				"head_fin4": {
					"rotation": [15.0547, -4.82922, -1.29717]
				},
				"head_fin_bottom2": {
					"rotation": [-30.21362, 6.49053, -3.76613]
				},
				"head_fin_bottom3": {
					"rotation": [20.07031, -4.69776, -1.71394],
					"position": [0, 0, -1]
				},
				"finger_side_left": {
					"rotation": [0, 0, -25]
				},
				"finger_front_left": {
					"rotation": [-27.5, 0, 0]
				},
				"finger_back_left": {
					"rotation": [30, 0, 0]
				},
				"finger_side_right": {
					"rotation": [0, 0, 25]
				},
				"finger_front_right": {
					"rotation": [-27.5, 0, 0]
				},
				"finger_back_right": {
					"rotation": [30, 0, 0]
				},
				"head_fin_bottom1": {
					"rotation": [2.5, 0, 0]
				},
				"head2": {
					"rotation": [-15, 0, 0]
				},
				"eye_base_left": {
					"rotation": [5, 0, 0]
				},
				"eye_base_left2": {
					"rotation": [10, 0, 0]
				},
				"back_fin1": {
					"rotation": [0, 0, 0]
				},
				"back_fin6": {
					"rotation": [0, 12.5, 0]
				},
				"head_detail_left1": {
					"position": [0, 0, -0.5]
				},
				"head_detail_right1": {
					"position": [0, 0, -0.5]
				},
				"head_detail_left2": {
					"position": [0, 0, -1]
				},
				"head_detail_right2": {
					"position": [0, 0, -1]
				},
				"eye_base_right": {
					"rotation": [5, 0, 0]
				},
				"eye_base_right2": {
					"rotation": [10, 0, 0]
				}
			}
		},
		"animation.eelektross.blink": {
			"animation_length": 0.1667,
			"bones": {
				"eyelid_left": {
					"position": {
						"0.0": [0.1, 0, 0],
						"0.125": [0.1, 0, 0],
						"0.1667": [0, 0, 0]
					}
				}
			}
		},
		"animation.eelektross.shock": {
			"loop": true,
			"bones": {
				"pupil_left": {
					"position": [0, -0.25, 0.25],
					"scale": [1, 0.7, 0.7]
				},
				"pupil_right": {
					"position": [0, -0.25, 0.25],
					"scale": [1, 0.7, 0.7]
				}
			}
		},
		"animation.eelektross.angry": {
			"loop": true,
			"bones": {
				"pupil_left": {
					"position": [0, -0.25, 0]
				},
				"eye_expression_left": {
					"position": [0.1, 0.5, -0.5]
				},
				"eye_expression_right": {
					"position": [-0.1, 0.5, -0.5]
				},
				"pupil_right": {
					"position": [0, -0.25, 0]
				}
			}
		},
		"animation.eelektross.sad": {
			"loop": true,
			"bones": {
				"eye_expression_left": {
					"position": [0.1, 0.5, 0.5]
				},
				"eye_expression_right": {
					"position": [-0.1, 0.5, 0.5]
				}
			}
		},
		"animation.eelektross.happy": {
			"loop": true,
			"bones": {
				"eyelid_happy_left": {
					"position": [0.1, 0, 0]
				},
				"eyelid_happy_right": {
					"position": [-0.1, 0, 0]
				}
			}
		},
		"animation.eelektross.hurt": {
			"loop": true,
			"bones": {
				"eyelid_hurt_left": {
					"position": [0.1, 0, 0]
				},
				"eyelid_hurt_right": {
					"position": [-0.1, 0, 0]
				}
			}
		}
	}
}