{
	"format_version": "1.8.0",
	"animations": {
		"animation.seismitoad.ground_idle": {
			"loop": true,
			"animation_length": 4,
			"bones": {
				"torso": {
					"rotation": ["10.5+math.sin(q.anim_time*90*2-0)*-1.5", 0, "math.sin(q.anim_time*90*1-90)*-1"]
				},
				"mouth": {
					"rotation": ["math.sin(q.anim_time*90*2-36)*-2.5", 0, 0]
				},
				"arm_right": {
					"rotation": [0, 0, "-10-math.sin(q.anim_time*90*2-0)*-1.5"],
					"position": [0.4, 0, 0]
				},
				"arm_right2": {
					"rotation": [0, -20, -23.3429],
					"position": [0.5, 0, -1.3]
				},
				"arm_right3": {
					"rotation": [0, -25, 0],
					"position": [0.6, 0, 0.1]
				},
				"finger_right1": {
					"rotation": [0, 0, -22.5]
				},
				"finger_right2": {
					"rotation": [0, 0, -15]
				},
				"thumb_right": {
					"rotation": [0, 0, -15]
				},
				"leg_right": {
					"rotation": ["-25+math.sin(q.anim_time*90*2)*2", 30, 12.5]
				},
				"leg_right2": {
					"rotation": ["32.5+math.sin(q.anim_time*90*2)*-3", 0, 0],
					"position": [0, 1, 0]
				},
				"body": {
					"position": [0, "-0.7+math.sin(q.anim_time*90*2)*0.3", 0]
				},
				"head": {
					"rotation": ["math.sin(q.anim_time*90*2-0)*-1.5", 0, 0]
				},
				"head_pop": {
					"scale": {
						"0.0": {
							"post": [1, 1, 1],
							"lerp_mode": "catmullrom"
						},
						"0.875": {
							"post": [1.025, 1.025, 1.025],
							"lerp_mode": "catmullrom"
						},
						"1.875": {
							"post": [1, 1, 1],
							"lerp_mode": "catmullrom"
						},
						"2.875": {
							"post": [1.025, 1.025, 1.025],
							"lerp_mode": "catmullrom"
						},
						"3.875": {
							"post": [1, 1, 1],
							"lerp_mode": "catmullrom"
						},
						"4.0": {
							"post": [1, 1, 1],
							"lerp_mode": "catmullrom"
						}
					}
				},
				"arm_right4": {
					"rotation": [0, -25, "-math.sin(q.anim_time*90*2-0)*-5"],
					"position": [0.7, 0, 0]
				},
				"hand_pop": {
					"scale": {
						"0.0": {
							"post": [1, 1, 1],
							"lerp_mode": "catmullrom"
						},
						"0.875": {
							"post": [1.025, 1.025, 1.025],
							"lerp_mode": "catmullrom"
						},
						"1.875": {
							"post": [1, 1, 1],
							"lerp_mode": "catmullrom"
						},
						"2.875": {
							"post": [1.025, 1.025, 1.025],
							"lerp_mode": "catmullrom"
						},
						"3.875": {
							"post": [1, 1, 1],
							"lerp_mode": "catmullrom"
						},
						"4.0": {
							"post": [1, 1, 1],
							"lerp_mode": "catmullrom"
						}
					}
				},
				"finger_right1_2": {
					"rotation": [0, 0, -7.5]
				},
				"finger_right2_2": {
					"rotation": [0, 0, -5]
				},
				"thumb_right2": {
					"rotation": [0, 0, -5]
				},
				"arm_pop": {
					"scale": {
						"0.0": {
							"post": [1, 1, 1],
							"lerp_mode": "catmullrom"
						},
						"0.875": {
							"post": [1.025, 1.025, 1.025],
							"lerp_mode": "catmullrom"
						},
						"1.875": {
							"post": [1, 1, 1],
							"lerp_mode": "catmullrom"
						},
						"2.875": {
							"post": [1.025, 1.025, 1.025],
							"lerp_mode": "catmullrom"
						},
						"3.875": {
							"post": [1, 1, 1],
							"lerp_mode": "catmullrom"
						},
						"4.0": {
							"post": [1, 1, 1],
							"lerp_mode": "catmullrom"
						}
					}
				},
				"arm_left": {
					"rotation": [0, 0, "10+math.sin(q.anim_time*90*2-0)*-1.5"]
				},
				"arm_left2": {
					"rotation": [0, 20, 0],
					"position": [-0.5, 0, -1.3]
				},
				"arm_left3": {
					"rotation": [0, 25, 0],
					"position": [-0.6, 0, 0.1]
				},
				"arm_left4": {
					"rotation": [0, 25, "23.3429+math.sin(q.anim_time*90*2-0)*-5"],
					"position": [-0.7, 0, 0]
				},
				"finger_left1": {
					"rotation": [0, 0, 22.5]
				},
				"finger_left1_2": {
					"rotation": [0, 0, 7.5]
				},
				"finger_left2": {
					"rotation": [0, 0, 15]
				},
				"finger_left2_2": {
					"rotation": [0, 0, 5]
				},
				"thumb_left": {
					"rotation": [0, 0, 15]
				},
				"thumb_left2": {
					"rotation": [0, 0, 5]
				},
				"hand_pop2": {
					"scale": {
						"0.0": {
							"post": [1, 1, 1],
							"lerp_mode": "catmullrom"
						},
						"0.875": {
							"post": [1.025, 1.025, 1.025],
							"lerp_mode": "catmullrom"
						},
						"1.875": {
							"post": [1, 1, 1],
							"lerp_mode": "catmullrom"
						},
						"2.875": {
							"post": [1.025, 1.025, 1.025],
							"lerp_mode": "catmullrom"
						},
						"3.875": {
							"post": [1, 1, 1],
							"lerp_mode": "catmullrom"
						},
						"4.0": {
							"post": [1, 1, 1],
							"lerp_mode": "catmullrom"
						}
					}
				},
				"arm_pop2": {
					"scale": {
						"0.0": {
							"post": [1, 1, 1],
							"lerp_mode": "catmullrom"
						},
						"0.875": {
							"post": [1.025, 1.025, 1.025],
							"lerp_mode": "catmullrom"
						},
						"1.875": {
							"post": [1, 1, 1],
							"lerp_mode": "catmullrom"
						},
						"2.875": {
							"post": [1.025, 1.025, 1.025],
							"lerp_mode": "catmullrom"
						},
						"3.875": {
							"post": [1, 1, 1],
							"lerp_mode": "catmullrom"
						},
						"4.0": {
							"post": [1, 1, 1],
							"lerp_mode": "catmullrom"
						}
					}
				},
				"torso_pop": {
					"scale": {
						"0.0": {
							"post": [1, 1, 1],
							"lerp_mode": "catmullrom"
						},
						"0.875": {
							"post": [1.025, 1.025, 1.025],
							"lerp_mode": "catmullrom"
						},
						"1.875": {
							"post": [1, 1, 1],
							"lerp_mode": "catmullrom"
						},
						"2.875": {
							"post": [1.025, 1.025, 1.025],
							"lerp_mode": "catmullrom"
						},
						"3.875": {
							"post": [1, 1, 1],
							"lerp_mode": "catmullrom"
						},
						"4.0": {
							"post": [1, 1, 1],
							"lerp_mode": "catmullrom"
						}
					}
				},
				"foot_right": {
					"rotation": ["0-math.sin(q.anim_time*90*2)*-5", 0, -10],
					"position": [0, 0, "math.sin(q.anim_time*90*2)*-0.3"]
				},
				"leg_left": {
					"rotation": ["-25+math.sin(q.anim_time*90*2)*2", -30, -12.5]
				},
				"leg_left2": {
					"rotation": ["32.5+math.sin(q.anim_time*90*2)*-3", 0, 0],
					"position": [0, 1, 0]
				},
				"foot_left": {
					"rotation": ["0-math.sin(q.anim_time*90*2)*-5", 0, 10],
					"position": [0, 0, "math.sin(q.anim_time*90*2)*-0.3"]
				},
				"belly": {
					"scale": {
						"0.0": {
							"post": [1, 1, 1],
							"lerp_mode": "catmullrom"
						},
						"0.875": {
							"post": [1.025, 1.025, 1.025],
							"lerp_mode": "catmullrom"
						},
						"1.875": {
							"post": [1, 1, 1],
							"lerp_mode": "catmullrom"
						},
						"2.875": {
							"post": [1.025, 1.025, 1.025],
							"lerp_mode": "catmullrom"
						},
						"3.875": {
							"post": [1, 1, 1],
							"lerp_mode": "catmullrom"
						},
						"4.0": {
							"post": [1, 1, 1],
							"lerp_mode": "catmullrom"
						}
					}
				}
			}
		},
		"animation.seismitoad.new": {
			"loop": true,
			"bones": {
				"mouth": {
					"rotation": [40, 0, 0]
				}
			}
		}
	}
}