{
	"format_version": "1.8.0",
	"animations": {
		"animation.trapinch.blink": {
			"animation_length": 0.1667,
			"bones": {
				"eyelid_left": {
					"position": {
						"0.0": [0.1, 0, 0],
						"0.125": [0.1, 0, 0],
						"0.1667": [0, 0, 0]
					}
				},
				"eyelid_right": {
					"position": {
						"0.0": [-0.1, 0, 0],
						"0.125": [-0.1, 0, 0],
						"0.1667": [0.1, 0, 0]
					}
				}
			}
		},
		"animation.trapinch.cry": {
			"animation_length": 1.5,
			"bones": {
				"head": {
					"rotation": {
						"0.0": {
							"post": [0, 0, 0],
							"lerp_mode": "catmullrom"
						},
						"0.25": {
							"post": [9.66, 0, 0],
							"lerp_mode": "catmullrom"
						},
						"0.4583": {
							"post": [-18.46, 0, 0],
							"lerp_mode": "catmullrom"
						},
						"0.625": {
							"post": [-27.5, 0, 0],
							"lerp_mode": "catmullrom"
						},
						"0.75": {
							"post": [7.5, 0, 0],
							"lerp_mode": "catmullrom"
						},
						"1.1667": {
							"post": [0, 0, 0],
							"lerp_mode": "catmullrom"
						},
						"1.5": {
							"post": [0, 0, 0],
							"lerp_mode": "catmullrom"
						}
					}
				},
				"upper_head": {
					"rotation": {
						"0.0": {
							"post": [0, 0, 0],
							"lerp_mode": "catmullrom"
						},
						"0.25": {
							"post": ["math.sin(q.anim_time*90*20)*1", 0, 0],
							"lerp_mode": "catmullrom"
						},
						"0.4167": {
							"post": ["math.sin(q.anim_time*90*40)*-4", 0, 0],
							"lerp_mode": "catmullrom"
						},
						"0.5417": {
							"post": [-30, 0, 0],
							"lerp_mode": "catmullrom"
						},
						"0.625": {
							"post": [-30.25, 0, 0],
							"lerp_mode": "catmullrom"
						},
						"0.75": {
							"post": [0, 0, 0],
							"lerp_mode": "catmullrom"
						},
						"0.9583": {
							"post": [7, 0, 0],
							"lerp_mode": "catmullrom"
						},
						"1.5": {
							"post": [0, 0, 0],
							"lerp_mode": "catmullrom"
						}
					},
					"position": {
						"0.0": {
							"post": [0, 0, 0],
							"lerp_mode": "catmullrom"
						},
						"0.2917": {
							"post": [0, 0, 0.1],
							"lerp_mode": "catmullrom"
						},
						"0.4167": {
							"post": [0, 0.25, 0.1],
							"lerp_mode": "catmullrom"
						},
						"0.5417": {
							"post": [0, 1.8, -0.64],
							"lerp_mode": "catmullrom"
						},
						"0.6667": {
							"post": [0, 1.64, -0.29],
							"lerp_mode": "catmullrom"
						},
						"0.7083": {
							"post": [0, 1.19, -0.19],
							"lerp_mode": "catmullrom"
						},
						"0.75": {
							"post": [0, 0.72, 0],
							"lerp_mode": "catmullrom"
						},
						"0.8333": {
							"post": [0, 0.44, 0.15],
							"lerp_mode": "catmullrom"
						},
						"1.0833": {
							"post": [0, 0.1, 0.125],
							"lerp_mode": "catmullrom"
						},
						"1.4167": {
							"post": [0, 0, 0.05],
							"lerp_mode": "catmullrom"
						},
						"1.5": {
							"post": [0, 0, 0],
							"lerp_mode": "catmullrom"
						}
					}
				},
				"lower_head": {
					"rotation": {
						"0.0": {
							"post": [0, "math.sin(q.anim_time*90*40)*-0", 0],
							"lerp_mode": "catmullrom"
						},
						"0.1667": {
							"post": [-7.75, "math.sin(q.anim_time*90*20)*0", 0],
							"lerp_mode": "catmullrom"
						},
						"0.2917": {
							"post": ["math.sin(q.anim_time*90*20)*-8", "math.sin(q.anim_time*90*20)*-4", 0],
							"lerp_mode": "catmullrom"
						},
						"0.375": {
							"post": ["-5+math.sin(q.anim_time*90*40)*1", "math.sin(q.anim_time*90*40)*-0.5", 0],
							"lerp_mode": "catmullrom"
						},
						"0.4583": {
							"post": [24, "math.sin(q.anim_time*90*40)*-0", 0],
							"lerp_mode": "catmullrom"
						},
						"0.5833": {
							"post": [54.47, "math.sin(q.anim_time*90*40)*-0", 0],
							"lerp_mode": "catmullrom"
						},
						"0.6667": {
							"post": [46.58, 0, 0],
							"lerp_mode": "catmullrom"
						},
						"0.75": {
							"post": [2, "math.sin(q.anim_time*90*40)*-0", 0],
							"lerp_mode": "catmullrom"
						},
						"1.0": {
							"post": [-5, "math.sin(q.anim_time*90*40)*-0", 0],
							"lerp_mode": "catmullrom"
						},
						"1.5": {
							"post": [0, 0, 0],
							"lerp_mode": "catmullrom"
						}
					},
					"position": {
						"0.0": {
							"post": ["math.sin(q.anim_time*90*20)*0", 0, "math.sin(q.anim_time*90*20)*0"],
							"lerp_mode": "catmullrom"
						},
						"0.2083": {
							"post": ["math.sin(q.anim_time*90*20)*0", 0, "math.sin(q.anim_time*90*20)*0"],
							"lerp_mode": "catmullrom"
						},
						"0.3333": {
							"post": ["math.sin(q.anim_time*90*20)*0.3", 0, "-0.2+math.sin(q.anim_time*90*20)*-0.3"],
							"lerp_mode": "catmullrom"
						},
						"0.5": {
							"post": ["math.sin(q.anim_time*90*40)*0", -1, "0.25+math.sin(q.anim_time*90*40)*0"],
							"lerp_mode": "catmullrom"
						},
						"0.75": {
							"post": ["math.sin(q.anim_time*90*40)*0", -0.25, "math.sin(q.anim_time*90*40)*0"],
							"lerp_mode": "catmullrom"
						},
						"1.5": {
							"post": ["math.sin(q.anim_time*90*40)*0", 0, "math.sin(q.anim_time*90*40)*0"],
							"lerp_mode": "catmullrom"
						}
					},
					"scale": {
						"0.0": [1, 1, 1],
						"0.0833": [1.02, 1, 1],
						"0.4167": [1, 1, 1]
					}
				},
				"eyelid_left": {
					"position": {
						"0.0": [0, 0, 0],
						"0.4167": {"pre": [0, 0, 0], "post": [0, 0, 0]},
						"0.75": {"pre": [0, 0, 0], "post": [0.1, 0, 0]},
						"0.9167": {"pre": [0.1, 0, 0], "post": [0, 0, 0]}
					}
				},
				"eyelid_recoil_left": {
					"position": {
						"0.0": [0, 0, 0],
						"0.1667": {"pre": [0, 0, 0], "post": [0.1, 0, 0]},
						"0.4167": {"pre": [0.1, 0, 0], "post": [0, 0, 0]}
					}
				},
				"eyelid_right": {
					"position": {
						"0.0": [0, 0, 0],
						"0.4167": {"pre": [0, 0, 0], "post": [0, 0, 0]},
						"0.75": {"pre": [0, 0, 0], "post": [-0.1, 0, 0]},
						"0.9167": {"pre": [-0.1, 0, 0], "post": [0, 0, 0]}
					}
				},
				"eyelid_recoil_right": {
					"position": {
						"0.0": [0, 0, 0],
						"0.1667": {"pre": [0, 0, 0], "post": [-0.1, 0, 0]},
						"0.4167": {"pre": [-0.1, 0, 0], "post": [0, 0, 0]}
					}
				}
			},
			"sound_effects": {
				"0.2083": {
					"effect": "pokemon.trapinch.cry"
				}
			}
		},
		"animation.trapinch.movement_test": {
			"loop": true,
			"bones": {
				"trapinch": {
					"position": [0, 0, "-q.anim_time*4"]
				}
			}
		},
		"animation.trapinch.ground_idle": {
			"loop": true,
			"bones": {
				"torso": {
					"rotation": ["math.sin(q.anim_time*90*2)*1", 0, "math.sin(q.anim_time*90*1-30)*4"],
					"position": ["math.sin(q.anim_time*90*1-30)*-0.1", 0, 0.15]
				},
				"neck": {
					"rotation": ["math.sin(q.anim_time*90*2-30)*-2", 0, "math.sin(q.anim_time*90*1-60)*-2"]
				},
				"head": {
					"rotation": ["math.sin(q.anim_time*90*2-60)*2", 0, "math.sin(q.anim_time*90*1-90)*-1.5"]
				},
				"leg_front_left_rotation": {
					"rotation": [0, 0, "math.sin(q.anim_time*90*1-30)*-6"],
					"position": ["math.sin(q.anim_time*90*1-30)*-0.145", "math.sin(q.anim_time*90*1-30)*-0.28", "math.sin(q.anim_time*90*1-30)*0.01"]
				},
				"leg_front_left2": {
					"rotation": [0, 0, "math.sin(q.anim_time*90*1-30)*6"]
				},
				"leg_front_right_rotation": {
					"rotation": [0, 0, "-(math.sin(q.anim_time*90*1-30-180)*-6)"],
					"position": ["-(math.sin(q.anim_time*90*1-30-180)*-0.145)", "math.sin(q.anim_time*90*1-30-180)*-0.28", "math.sin(q.anim_time*90*1-30-180)*0.01"]
				},
				"leg_front_right2": {
					"rotation": [0, 0, "-(math.sin(q.anim_time*90*1-30-180)*6)"]
				},
				"leg_back_left_rotation": {
					"rotation": [0, 0, "math.sin(q.anim_time*90*1-30)*-6"],
					"position": ["math.sin(q.anim_time*90*1-30)*-0.145", "math.sin(q.anim_time*90*1-30)*-0.28", "math.sin(q.anim_time*90*1-30)*0.01"]
				},
				"leg_back_left2": {
					"rotation": [0, 0, "math.sin(q.anim_time*90*1-30)*6"]
				},
				"leg_back_right_rotation": {
					"rotation": [0, 0, "-(math.sin(q.anim_time*90*1-30-180)*-6)"],
					"position": ["-(math.sin(q.anim_time*90*1-30-180)*-0.145)", "math.sin(q.anim_time*90*1-30-180)*-0.28", "math.sin(q.anim_time*90*1-30-180)*0.01"]
				},
				"leg_back_right2": {
					"rotation": [0, 0, "-(math.sin(q.anim_time*90*1-30-180)*6)"]
				}
			}
		},
		"animation.trapinch.ground_walk": {
			"loop": true,
			"animation_length": 1,
			"bones": {
				"torso": {
					"rotation": ["math.cos(q.anim_time*90*8)*5", "math.cos(q.anim_time*90*4)*5", "-math.cos(q.anim_time*90*4+20)*6"],
					"position": [0, 0, "0.1+math.cos(q.anim_time*90*8)*0.5"]
				},
				"neck": {
					"rotation": ["math.cos(q.anim_time*90*8-30)*3", "math.cos(q.anim_time*90*4)*-5", 0]
				},
				"head": {
					"rotation": ["math.cos(q.anim_time*90*8-0)*-5", "math.cos(q.anim_time*90*4)*-5", "math.cos(q.anim_time*90*4)*3"]
				},
				"upper_head": {
					"rotation": ["-5+math.cos(q.anim_time*90*8)*-1", 0, 0]
				},
				"lower_head": {
					"rotation": ["1+math.cos(q.anim_time*90*8)*0.5", 0, 0],
					"position": [0, "0.1+math.cos(q.anim_time*90*8)*-0.1", 0]
				},
				"leg_front_left": {
					"rotation": [0, -20, 0]
				},
				"leg_front_left_rotation": {
					"rotation": {
						"0.0": [0, "math.cos(q.anim_time*90*4)*20", "-10+math.sin(q.anim_time*90*4)*10"],
						"0.25": [0, "math.cos(q.anim_time*90*4)*20", 0],
						"0.5": [0, "math.cos(q.anim_time*90*4)*20", 0],
						"0.625": [0, "math.cos(q.anim_time*90*4)*20", "-10+math.sin(q.anim_time*90*4)*20"],
						"0.75": [0, "math.cos(q.anim_time*90*4)*20", "-10+math.sin(q.anim_time*90*4)*20"],
						"1.0": [0, "math.cos(q.anim_time*90*4)*20", "-10+math.sin(q.anim_time*90*4)*10"]
					},
					"position": {
						"0.0": [
							"(-math.abs(math.cos(q.anim_time*90*4))*0.25)",
							"(0.1+math.clamp(math.sin(q.anim_time*90*4-60)*-0.5,-0.2,1)*0.5)",
							"(math.sin(q.anim_time*90*4-110)*0.4)"
						],
						"0.25": [
							"(-math.abs(math.cos(q.anim_time*90*4))*0.25)",
							"0.1+math.clamp(math.sin(q.anim_time*90*4-60)*-0.5,-0.2,1)*0.5",
							"(math.sin(q.anim_time*90*4-110)*0.4)"
						],
						"0.375": [
							"(-math.abs(math.cos(q.anim_time*90*4))*0.25)",
							"0.1+math.clamp(math.sin(q.anim_time*90*4-60)*-0.5,-0.2,1)*0.5",
							"(-0.5+math.sin(q.anim_time*90*4-110)*0.4)"
						],
						"0.4583": [
							"(-math.abs(math.cos(q.anim_time*90*4))*0.25)",
							"0.1+math.clamp(math.sin(q.anim_time*90*4-60)*-0.5,-0.2,1)*0.5",
							"(-0.575+math.sin(q.anim_time*90*4-110)*0.4)"
						],
						"0.5": ["(-math.abs(math.cos(q.anim_time*90*4))*0.25)", "0.1+math.clamp(math.sin(q.anim_time*90*4-60)*-0.5,-0.2,1)*0.5", "(-0.08)"],
						"0.6667": [
							"(-math.abs(math.cos(q.anim_time*90*4))*0.25)",
							"(0.1+math.clamp(math.sin(q.anim_time*90*4-60)*-0.5,-0.2,1)*0.5)",
							"(math.sin(q.anim_time*90*4-110)*0.4)"
						],
						"1.0": [
							"(-math.abs(math.cos(q.anim_time*90*4))*0.25)",
							"(0.1+math.clamp(math.sin(q.anim_time*90*4-60)*-0.5,-0.2,1)*0.5)",
							"(math.sin(q.anim_time*90*4-110)*0.4)"
						]
					}
				},
				"leg_front_left2": {
					"rotation": {
						"0.0": [0, 0, "-10+math.sin(q.anim_time*90*4)*20"],
						"0.0833": [0, 0, 0],
						"0.25": [6.25, 0, 0],
						"0.5": [12.75, 7.5, 0],
						"0.625": [0, 3.75, 5.93],
						"0.75": [0, 0, "-0+math.sin(q.anim_time*90*4)*20"],
						"1.0": [0, 0, "-10+math.sin(q.anim_time*90*4)*20"]
					},
					"position": {
						"0.0": [0, 0, 0],
						"0.25": [0, 0, 0],
						"0.3333": [0.01, -0.05, -0.11],
						"0.4167": [0.03, -0.1, -0.145],
						"0.4583": [0.08186, -0.09456, -0.08505],
						"0.5": [0.11227, -0.11155, -0.11641],
						"0.75": [0, 0, 0],
						"1.0": [0, 0, 0]
					}
				},
				"leg_front_right": {
					"rotation": {
						"0.0": [0, 20, 0],
						"0.5": [0, 20, 0],
						"1.0": [0, 20, 0]
					}
				},
				"leg_front_right_rotation": {
					"rotation": {
						"0.0": [0, "-(math.cos(q.anim_time*90*4-180)*20)", 0],
						"0.125": [0, "-(math.cos(q.anim_time*90*4-180)*20)", "10+math.sin(q.anim_time*90*4)*20"],
						"0.25": [0, "-(math.cos(q.anim_time*90*4-180)*20)", "10+math.sin(q.anim_time*90*4)*20"],
						"0.5": [0, "-(math.cos(q.anim_time*90*4-180)*20)", "10+math.sin(q.anim_time*90*4)*10"],
						"0.75": [0, "-(math.cos(q.anim_time*90*4-180)*20)", 0],
						"1.0": [0, "-(math.cos(q.anim_time*90*4-180)*20)", 0]
					},
					"position": {
						"0.0": ["-((-math.abs(math.cos(q.anim_time*90*4))*0.25))", "(0.1+math.clamp(math.sin(q.anim_time*90*4+180-60)*-0.5,-0.2,1)*0.5)", "(-0.08)"],
						"0.1667": [
							"-((-math.abs(math.cos(q.anim_time*90*4))*0.25))",
							"(0.1+math.clamp(math.sin(q.anim_time*90*4-60-180)*-0.5,-0.2,1)*0.5)",
							"(math.sin(q.anim_time*90*4-110-180)*0.4)"
						],
						"0.5": [
							"-((-math.abs(math.cos(q.anim_time*90*4))*0.25))",
							"(0.1+math.clamp(math.sin(q.anim_time*90*4-60-180)*-0.5,-0.2,1)*0.5)",
							"(math.sin(q.anim_time*90*4-110-180)*0.4)"
						],
						"0.75": [
							"-((-math.abs(math.cos(q.anim_time*90*4))*0.25))",
							"(0.1+math.clamp(math.sin(q.anim_time*90*4-60-180)*-0.5,-0.2,1)*0.5)",
							"(math.sin(q.anim_time*90*4-110-180)*0.4)"
						],
						"0.875": [
							"-((-math.abs(math.cos(q.anim_time*90*4))*0.25))",
							"(0.1+math.clamp(math.sin(q.anim_time*90*4-60-180)*-0.5,-0.2,1)*0.5)",
							"(-0.5+math.sin(q.anim_time*90*4-110-180)*0.4)"
						],
						"0.9583": [
							"-((-math.abs(math.cos(q.anim_time*90*4))*0.25))",
							"(0.1+math.clamp(math.sin(q.anim_time*90*4-60-180)*-0.5,-0.2,1)*0.5)",
							"(-0.575+math.sin(q.anim_time*90*4-110-180)*0.4)"
						],
						"1.0": ["-((-math.abs(math.cos(q.anim_time*90*4))*0.25))", "(0.1+math.clamp(math.sin(q.anim_time*90*4-60-180)*-0.5,-0.2,1)*0.5)", "(-0.08)"]
					}
				},
				"leg_front_right2": {
					"rotation": {
						"0.0": [12.75, -7.5, 0],
						"0.125": [0, -3.75, 5.93],
						"0.25": [0, 0, "-0+math.sin(q.anim_time*90*4)*20"],
						"0.5": [0, 0, "-10+math.sin(q.anim_time*90*4)*20"],
						"0.5833": [0, 0, 0],
						"0.75": [6.25, 0, 0],
						"1.0": [12.75, -7.5, 0]
					},
					"position": {
						"0.0": [-0.11227, -0.11155, -0.11641],
						"0.25": [0, 0, 0],
						"0.5": [0, 0, 0],
						"0.75": [0, 0, 0],
						"0.8333": [-0.01, -0.05, -0.11],
						"0.9167": [-0.03, -0.1, -0.145],
						"0.9583": [-0.08186, -0.09456, -0.08505],
						"1.0": [-0.11227, -0.11155, -0.11641]
					}
				},
				"leg_back_left": {
					"rotation": {
						"0.0": [0, 20, 0],
						"0.5": [0, 20, 0],
						"1.0": [0, 20, 0]
					}
				},
				"leg_back_left_rotation": {
					"rotation": {
						"0.0": [0, "(math.cos(q.anim_time*90*4-180)*10)", 0],
						"0.125": [0, "(math.cos(q.anim_time*90*4-180)*10)", "(-10-math.sin(q.anim_time*90*4)*20)"],
						"0.25": [0, "(math.cos(q.anim_time*90*4-180+30)*10)", "(-10-math.sin(q.anim_time*90*4)*20)"],
						"0.5": [0, "(math.cos(q.anim_time*90*4-180)*10)", "(-10-math.sin(q.anim_time*90*4)*10)"],
						"0.75": [0, "(math.cos(q.anim_time*90*4-180)*10)", 0],
						"1.0": [0, "(math.cos(q.anim_time*90*4-180)*10)", 0]
					},
					"position": {
						"0.0": ["((-math.abs(math.cos(q.anim_time*90*4))*0.25))", "(0.+math.clamp(math.sin(q.anim_time*90*4-60-180)*-0.5,-0.2,1)*0.1)", 0.47],
						"0.1667": [
							"((-math.abs(math.cos(q.anim_time*90*4))*0.25))",
							"(0.+math.clamp(math.sin(q.anim_time*90*4-60-180)*-0.5,-0.2,1)*0.1)",
							"(math.sin(q.anim_time*90*4-110-180)*0.1)"
						],
						"0.5": [
							"((-math.abs(math.cos(q.anim_time*90*4))*0.25))",
							"(0.+math.clamp(math.sin(q.anim_time*90*4-60-180)*-0.5,-0.2,1)*0.1)",
							"(math.sin(q.anim_time*90*4-110-180)*0.1)"
						],
						"0.75": [
							"((-math.abs(math.cos(q.anim_time*90*4))*0.25))",
							"(0.+math.clamp(math.sin(q.anim_time*90*4-60-180)*-0.5,-0.2,1)*0.1)",
							"(math.sin(q.anim_time*90*4-110-180)*0.1)"
						],
						"0.875": [
							"((-math.abs(math.cos(q.anim_time*90*4))*0.25))",
							"(0.+math.clamp(math.sin(q.anim_time*90*4-60-180)*-0.5,-0.2,1)*0.1)",
							"(0.075+math.sin(q.anim_time*90*4-110-180)*0.1)"
						],
						"0.9583": [
							"((-math.abs(math.cos(q.anim_time*90*4))*0.25))",
							"(0.+math.clamp(math.sin(q.anim_time*90*4-60-180)*-0.5,-0.2,1)*0.1)",
							"(0.275+math.sin(q.anim_time*90*4-110-180)*0.1)"
						],
						"1.0": ["((-math.abs(math.cos(q.anim_time*90*4))*0.25))", "(0.+math.clamp(math.sin(q.anim_time*90*4-60-180)*-0.5,-0.2,1)*0.1)", 0.47]
					}
				},
				"leg_back_left2": {
					"rotation": {
						"0.0": [0, 7.5, 0],
						"0.125": [0, 3.75, "(0+math.sin(q.anim_time*90*4-180)*5)"],
						"0.25": [0, 0, "(0+math.sin(q.anim_time*90*4-180)*5)"],
						"0.5": [0, 0, "(0+math.sin(q.anim_time*90*4-180)*5)"],
						"0.5833": [0, 0, 0],
						"0.75": [0, 0, 0],
						"1.0": [0, 7.5, 0]
					},
					"position": {
						"0.0": [-0.05, -0.15, 0],
						"0.25": [0, 0, 0],
						"0.75": [0, 0, 0],
						"1.0": [-0.05, -0.15, 0]
					}
				},
				"leg_back_right": {
					"rotation": {
						"0.0": [0, -20, 0],
						"0.5": [0, -20, 0],
						"1.0": [0, -20, 0]
					}
				},
				"leg_back_right_rotation": {
					"rotation": {
						"0.0": [0, "(math.cos(q.anim_time*90*4-180)*10)", "-(-10-math.sin(q.anim_time*90*4-180)*10)"],
						"0.25": [0, "(math.cos(q.anim_time*90*4-180)*10)", 0],
						"0.5": [0, "(math.cos(q.anim_time*90*4-180)*10)", 0],
						"0.625": [0, "(math.cos(q.anim_time*90*4-180)*10)", "-(-10-math.sin(q.anim_time*90*4-180)*20)"],
						"0.75": [0, "(math.cos(q.anim_time*90*4-180+30)*10)", "-(-10-math.sin(q.anim_time*90*4-180)*20)"],
						"1.0": [0, "(math.cos(q.anim_time*90*4-180)*10)", "-(-10-math.sin(q.anim_time*90*4-180)*10)"]
					},
					"position": {
						"0.0": [
							"-(-math.abs(math.cos(q.anim_time*90*4))*0.25)",
							"(0.+math.clamp(math.sin(q.anim_time*90*4-60-180)*-0.5,-0.2,1)*0.1)",
							"-(math.sin(q.anim_time*90*4-110-180)*0.1)"
						],
						"0.25": [
							"-(-math.abs(math.cos(q.anim_time*90*4))*0.25)",
							"(0.+math.clamp(math.sin(q.anim_time*90*4-60-180)*-0.5,-0.2,1)*0.1)",
							"-(math.sin(q.anim_time*90*4-110-180)*0.1)"
						],
						"0.375": [
							"-(-math.abs(math.cos(q.anim_time*90*4))*0.25)",
							"(0.+math.clamp(math.sin(q.anim_time*90*4-60-180)*-0.5,-0.2,1)*0.1)",
							"-(0.075+math.sin(q.anim_time*90*4-110-180)*0.1)"
						],
						"0.4583": [
							"-(-math.abs(math.cos(q.anim_time*90*4))*0.25)",
							"(0.+math.clamp(math.sin(q.anim_time*90*4-60-180)*-0.5,-0.2,1)*0.1)",
							"-(0.275+math.sin(q.anim_time*90*4-110-180)*0.1)"
						],
						"0.5": ["-(-math.abs(math.cos(q.anim_time*90*4))*0.25)", "(0.+math.clamp(math.sin(q.anim_time*90*4-60-180)*-0.5,-0.2,1)*0.1)", -0.47],
						"0.6667": [
							"-(-math.abs(math.cos(q.anim_time*90*4))*0.25)",
							"(0.+math.clamp(math.sin(q.anim_time*90*4-60-180)*-0.5,-0.2,1)*0.1)",
							"-(math.sin(q.anim_time*90*4-110-180)*0.1)"
						],
						"1.0": [
							"-(-math.abs(math.cos(q.anim_time*90*4))*0.25)",
							"(0.+math.clamp(math.sin(q.anim_time*90*4-60-180)*-0.5,-0.2,1)*0.1)",
							"-(math.sin(q.anim_time*90*4-110-180)*0.1)"
						]
					}
				},
				"leg_back_right2": {
					"rotation": {
						"0.0": [0, 0, "-(0+math.sin(q.anim_time*90*4-180)*5)"],
						"0.0833": [0, 0, 0],
						"0.25": [0, 0, 0],
						"0.5": [0, -7.5, 0],
						"0.75": [0, 0, "-(0+math.sin(q.anim_time*90*4-180)*5)"],
						"1.0": [0, 0, "-(0+math.sin(q.anim_time*90*4-180)*5)"]
					},
					"position": {
						"0.25": [0, 0, 0],
						"0.5": [-0.05, -0.15, 0],
						"0.75": [0, 0, 0]
					}
				}
			}
		},
		"animation.trapinch.battle_idle": {
			"loop": true,
			"bones": {
				"torso": {
					"rotation": ["-8+math.sin(q.anim_time*90*2)*1", 0, "math.sin(q.anim_time*90*1-30)*4"],
					"position": ["math.sin(q.anim_time*90*1-30)*-0.1", 0.2, -0.15]
				},
				"neck": {
					"rotation": ["-5+math.sin(q.anim_time*90*2*1.5-30)*-2", 0, "math.sin(q.anim_time*90*1*1.5-60)*-2"],
					"position": [0, 0, -0.75]
				},
				"head": {
					"rotation": ["10+math.sin(q.anim_time*90*2*1.5-60)*2", 0, "math.sin(q.anim_time*90*1*1.5-90)*-1.5"],
					"position": [0, 0, -0.25]
				},
				"upper_head": {
					"rotation": ["-15+math.sin(q.anim_time*90*2*1.5-90)*-3", 0, 0]
				},
				"lower_head": {
					"rotation": ["5-math.sin(q.anim_time*90*2*1.5-70)*-2", 0, 0],
					"position": [0, -0.25, 0]
				},
				"leg_front_left_rotation": {
					"rotation": [0, 0, "15+math.sin(q.anim_time*90*1.5-30)*-6"],
					"position": ["math.sin(q.anim_time*90*1.5-30)*-0.22", "0.6+math.sin(q.anim_time*90*1.5-30)*-0.22", "math.sin(q.anim_time*90*1.5-30)*0.01"]
				},
				"leg_front_left2": {
					"rotation": [0, 0, "-15+math.sin(q.anim_time*90*1.5-30)*6"]
				},
				"leg_front_right_rotation": {
					"rotation": [0, 0, "-15-(math.sin(q.anim_time*90*1.5-30-180)*-6)"],
					"position": [
						"-(math.sin(q.anim_time*90*1.5-30-180)*-0.22)",
						"0.6+math.sin(q.anim_time*90*1.5-30-180)*-0.22",
						"math.sin(q.anim_time*90*1.5-30-180)*0.01"
					]
				},
				"leg_front_right2": {
					"rotation": [0, 0, "15-(math.sin(q.anim_time*90*1.5-30-180)*6)"]
				},
				"leg_back_left_rotation": {
					"rotation": [0, 0, "math.sin(q.anim_time*90*1.5-30)*-6"],
					"position": ["math.sin(q.anim_time*90*1.5-30)*-0.145", "math.sin(q.anim_time*90*1.5-30)*-0.28", "math.sin(q.anim_time*90*1.5-30)*0.01"]
				},
				"leg_back_left2": {
					"rotation": [0, 0, "math.sin(q.anim_time*90*1.5-30)*6"]
				},
				"leg_back_right_rotation": {
					"rotation": [0, 0, "-(math.sin(q.anim_time*90*1.5-30-180)*-6)"],
					"position": ["-(math.sin(q.anim_time*90*1.5-30-180)*-0.145)", "math.sin(q.anim_time*90*1.5-30-180)*-0.28", "math.sin(q.anim_time*90*1.5-30-180)*0.01"]
				},
				"leg_back_right2": {
					"rotation": [0, 0, "-(math.sin(q.anim_time*90*1.5-30-180)*6)"]
				}
			}
		},
		"animation.trapinch.sleep": {
			"loop": true,
			"bones": {
				"body": {
					"rotation": [-45, 0, 0],
					"position": [0, -11.5, -2]
				},
				"neck": {
					"rotation": [-25, 0, 0]
				},
				"head": {
					"rotation": [-17.5, 0, 0]
				},
				"upper_head": {
					"rotation": ["-20-math.sin(q.anim_time*90/3-30)*1", 0, 0],
					"position": [0, 0.325, 0]
				},
				"eyelid_left": {
					"position": [0.1, 0, 0]
				},
				"eyelid_right": {
					"position": [-0.1, 0, 0]
				},
				"lower_head": {
					"rotation": ["22.5+math.sin(q.anim_time*90/3)*2", 0, 0],
					"position": [0, -0.875, 0]
				},
				"leg_front_left_rotation": {
					"rotation": [45, 20, 20],
					"position": [0.3, -0.8, -1.1]
				},
				"leg_front_right_rotation": {
					"rotation": [45, -20, -20],
					"position": [-0.3, -0.8, -1.1]
				},
				"leg_back_left_rotation": {
					"rotation": [90, 45, 0],
					"position": [-0.38763, -1.35355, -0.29289]
				},
				"leg_back_left2": {
					"rotation": [0, 0, 30],
					"position": [0.1, 0, 0]
				},
				"leg_back_right_rotation": {
					"rotation": [90, -45, 0],
					"position": [0.38763, -1.35355, -0.29289]
				},
				"leg_back_right2": {
					"rotation": [0, 0, -30],
					"position": [-0.1, 0, 0]
				}
			}
		},
		"animation.trapinch.battle_sleep": {
			"loop": true,
			"bones": {
				"body": {
					"position": [0, -2, 0]
				},
				"torso": {
					"scale": [1, "1+math.sin(q.anim_time*90)*0.01", 1]
				},
				"neck": {
					"rotation": [12.5, 0, 0],
					"scale": [1, "1-math.sin(q.anim_time*90)*0.01", 1]
				},
				"head": {
					"rotation": [-12.5, 0, 0],
					"position": [0, -1, 0.5]
				},
				"upper_head": {
					"rotation": ["-5-math.sin(q.anim_time*90-30)*1", 0, 0]
				},
				"eyelid_left": {
					"position": [0.11, 0, 0]
				},
				"eyelid_right": {
					"position": [-0.11, 0, 0]
				},
				"leg_front_left_rotation": {
					"rotation": [0, 10, "-30+math.sin(q.anim_time*90)*1"],
					"position": [0, "math.sin(q.anim_time*90)*0.05", 0]
				},
				"leg_front_left2": {
					"rotation": [0, 0, -47.5]
				},
				"leg_front_right_rotation": {
					"rotation": [0, -10, "30+math.sin(q.anim_time*90)*-1"],
					"position": [0, "math.sin(q.anim_time*90)*0.05", 0]
				},
				"leg_front_right2": {
					"rotation": [0, 0, "47.5+math.sin(q.anim_time*90)*0.5"]
				},
				"leg_back_left_rotation": {
					"rotation": [0, 0, "-35+math.sin(q.anim_time*90)*1"],
					"position": [0, "math.sin(q.anim_time*90)*0.05", 0]
				},
				"leg_back_left2": {
					"rotation": [0, 0, "-37.5+math.sin(q.anim_time*90)*-0.5"]
				},
				"leg_back_right_rotation": {
					"rotation": [0, 0, "35+math.sin(q.anim_time*90)*-1"],
					"position": [0, "math.sin(q.anim_time*90)*0.05", 0]
				},
				"leg_back_right2": {
					"rotation": [0, 0, "37.5+math.sin(q.anim_time*90)*0.5"]
				}
			}
		},
		"animation.trapinch.bite_test": {
			"loop": true,
			"animation_length": 4,
			"bones": {
				"torso": {
					"rotation": {
						"0.0": ["math.sin(q.anim_time*90*2)*1", 0, "math.sin(q.anim_time*90*1-30)*4"],
						"1.0": ["math.sin(q.anim_time*90*2)*1", 0, "math.sin(q.anim_time*90*1-30)*4"],
						"2.0": ["math.sin(q.anim_time*90*2)*1", 0, "math.sin(q.anim_time*90*1-30)*4"]
					},
					"position": {
						"0.0": ["math.sin(q.anim_time*90*1-30)*-0.1", 0, 0.15],
						"1.0": ["math.sin(q.anim_time*90*1-30)*-0.1", 0, 0.15],
						"2.0": ["math.sin(q.anim_time*90*1-30)*-0.1", 0, 0.15]
					}
				},
				"neck": {
					"rotation": {
						"0.0": ["math.sin(q.anim_time*90*2-30)*-2", 0, "math.sin(q.anim_time*90*1-60)*-2"],
						"1.0": ["math.sin(q.anim_time*90*2-30)*-2", 0, "math.sin(q.anim_time*90*1-60)*-2"],
						"2.0": ["math.sin(q.anim_time*90*2-30)*-2", 0, "math.sin(q.anim_time*90*1-60)*-2"]
					}
				},
				"head": {
					"rotation": {
						"0.0": ["math.sin(q.anim_time*90*2-60)*2", 0, "math.sin(q.anim_time*90*1-90)*-1.5"],
						"1.0": ["math.sin(q.anim_time*90*2-60)*2", 0, "math.sin(q.anim_time*90*1-90)*-1.5"],
						"2.0": ["math.sin(q.anim_time*90*2-60)*2", 0, "math.sin(q.anim_time*90*1-90)*-1.5"]
					},
					"scale": {
						"0.3333": [1, 1, 1],
						"0.375": [1, 1.1, 0.9],
						"0.4167": [1, 1.05, 1.55],
						"0.4583": [1, 0.9, 1.325],
						"0.5": [1, 0.9, 1.1],
						"0.5417": [1, 1, 1]
					}
				},
				"upper_head": {
					"rotation": {
						"0.0": ["-5+math.sin(q.anim_time*90*2-90)*-3", 0, 0],
						"0.1667": [-3.275, 0, 0],
						"0.25": [-1.64, 0, 0],
						"0.2917": {
							"pre": [-14.5, 0, 0],
							"post": [-14.5, 0, 0],
							"lerp_mode": "catmullrom"
						},
						"0.3333": {
							"post": [-58.37, 0, 0],
							"lerp_mode": "catmullrom"
						},
						"0.375": {
							"post": [-89.5, 0, 0],
							"lerp_mode": "catmullrom"
						},
						"0.5": [0, 0, 0],
						"0.5833": [0, 0, 0],
						"0.8333": ["-5+math.sin(q.anim_time*90*2-90)*-3", 0, 0],
						"1.0": ["-5+math.sin(q.anim_time*90*2-90)*-3", 0, 0],
						"2.0": ["-5+math.sin(q.anim_time*90*2-90)*-3", 0, 0]
					},
					"position": {
						"0.0": [0, 0, 0],
						"0.1667": [0, 0, 0],
						"0.25": [0, 0, 0],
						"0.2917": [0, 0, 0],
						"0.375": {
							"pre": [0, 3, 1],
							"post": [0, 3, 1],
							"lerp_mode": "catmullrom"
						},
						"0.5": [0, 0, 0],
						"0.5833": [0, 0, 0],
						"0.8333": {
							"pre": [0, 0, 0],
							"post": [0, 0, 0],
							"lerp_mode": "catmullrom"
						},
						"1.0": {
							"post": [0, 0, 0],
							"lerp_mode": "catmullrom"
						}
					}
				},
				"lower_head": {
					"rotation": {
						"0.0": [5, 0, 0],
						"0.1667": [4.005, 0, 0],
						"0.25": [2, 0, 0],
						"0.2917": {
							"pre": [17.5, 0, 0],
							"post": [17.5, 0, 0],
							"lerp_mode": "catmullrom"
						},
						"0.375": {
							"post": [90, 0, 0],
							"lerp_mode": "catmullrom"
						},
						"0.5": [0, 0, 0],
						"0.5833": [0, 0, 0],
						"0.8333": [5, 0, 0],
						"1.0": [5, 0, 0],
						"2.0": [5, 0, 0]
					},
					"position": {
						"0.0": [0, -0.1, "-0.05-math.cos(q.anim_time*90*2-180)*0.05"],
						"0.1667": [0, -0.1, 0],
						"0.25": [0, -0.05, 0],
						"0.2917": [0, -0.1, 0],
						"0.375": {
							"pre": [0, -0.1, 2],
							"post": [0, -0.1, 2],
							"lerp_mode": "catmullrom"
						},
						"0.5": [0, 0, 0],
						"0.5833": [0, 0, 0],
						"0.8333": [0, -0.1, -0.0933],
						"1.0": [0, -0.1, "-0.05-math.cos(q.anim_time*90*2-180)*0.05"],
						"2.0": [0, -0.1, "-0.05-math.cos(q.anim_time*90*2-180)*0.05"]
					}
				},
				"leg_front_left_rotation": {
					"rotation": {
						"0.0": [0, 0, "math.sin(q.anim_time*90*1-30)*-6"],
						"1.0": [0, 0, "math.sin(q.anim_time*90*1-30)*-6"],
						"2.0": [0, 0, "math.sin(q.anim_time*90*1-30)*-6"]
					},
					"position": {
						"0.0": ["math.sin(q.anim_time*90*1-30)*-0.145", "math.sin(q.anim_time*90*1-30)*-0.28", "math.sin(q.anim_time*90*1-30)*0.01"],
						"1.0": ["math.sin(q.anim_time*90*1-30)*-0.145", "math.sin(q.anim_time*90*1-30)*-0.28", "math.sin(q.anim_time*90*1-30)*0.01"],
						"2.0": ["math.sin(q.anim_time*90*1-30)*-0.145", "math.sin(q.anim_time*90*1-30)*-0.28", "math.sin(q.anim_time*90*1-30)*0.01"]
					}
				},
				"leg_front_left2": {
					"rotation": {
						"0.0": [0, 0, "math.sin(q.anim_time*90*1-30)*6"],
						"1.0": [0, 0, "math.sin(q.anim_time*90*1-30)*6"],
						"2.0": [0, 0, "math.sin(q.anim_time*90*1-30)*6"]
					}
				},
				"leg_front_right_rotation": {
					"rotation": {
						"0.0": [0, 0, "-(math.sin(q.anim_time*90*1-30-180)*-6)"],
						"1.0": [0, 0, "-(math.sin(q.anim_time*90*1-30-180)*-6)"],
						"2.0": [0, 0, "-(math.sin(q.anim_time*90*1-30-180)*-6)"]
					},
					"position": {
						"0.0": ["-(math.sin(q.anim_time*90*1-30-180)*-0.145)", "math.sin(q.anim_time*90*1-30-180)*-0.28", "math.sin(q.anim_time*90*1-30-180)*0.01"],
						"1.0": ["-(math.sin(q.anim_time*90*1-30-180)*-0.145)", "math.sin(q.anim_time*90*1-30-180)*-0.28", "math.sin(q.anim_time*90*1-30-180)*0.01"],
						"2.0": ["-(math.sin(q.anim_time*90*1-30-180)*-0.145)", "math.sin(q.anim_time*90*1-30-180)*-0.28", "math.sin(q.anim_time*90*1-30-180)*0.01"]
					}
				},
				"leg_front_right2": {
					"rotation": {
						"0.0": [0, 0, "-(math.sin(q.anim_time*90*1-30-180)*6)"],
						"1.0": [0, 0, "-(math.sin(q.anim_time*90*1-30-180)*6)"],
						"2.0": [0, 0, "-(math.sin(q.anim_time*90*1-30-180)*6)"]
					}
				},
				"leg_back_left_rotation": {
					"rotation": {
						"0.0": [0, 0, "math.sin(q.anim_time*90*1-30)*-6"],
						"1.0": [0, 0, "math.sin(q.anim_time*90*1-30)*-6"],
						"2.0": [0, 0, "math.sin(q.anim_time*90*1-30)*-6"]
					},
					"position": {
						"0.0": ["math.sin(q.anim_time*90*1-30)*-0.145", "math.sin(q.anim_time*90*1-30)*-0.28", "math.sin(q.anim_time*90*1-30)*0.01"],
						"1.0": ["math.sin(q.anim_time*90*1-30)*-0.145", "math.sin(q.anim_time*90*1-30)*-0.28", "math.sin(q.anim_time*90*1-30)*0.01"],
						"2.0": ["math.sin(q.anim_time*90*1-30)*-0.145", "math.sin(q.anim_time*90*1-30)*-0.28", "math.sin(q.anim_time*90*1-30)*0.01"]
					}
				},
				"leg_back_left2": {
					"rotation": {
						"0.0": [0, 0, "math.sin(q.anim_time*90*1-30)*6"],
						"1.0": [0, 0, "math.sin(q.anim_time*90*1-30)*6"],
						"2.0": [0, 0, "math.sin(q.anim_time*90*1-30)*6"]
					}
				},
				"leg_back_right_rotation": {
					"rotation": {
						"0.0": [0, 0, "-(math.sin(q.anim_time*90*1-30-180)*-6)"],
						"1.0": [0, 0, "-(math.sin(q.anim_time*90*1-30-180)*-6)"],
						"2.0": [0, 0, "-(math.sin(q.anim_time*90*1-30-180)*-6)"]
					},
					"position": {
						"0.0": ["-(math.sin(q.anim_time*90*1-30-180)*-0.145)", "math.sin(q.anim_time*90*1-30-180)*-0.28", "math.sin(q.anim_time*90*1-30-180)*0.01"],
						"1.0": ["-(math.sin(q.anim_time*90*1-30-180)*-0.145)", "math.sin(q.anim_time*90*1-30-180)*-0.28", "math.sin(q.anim_time*90*1-30-180)*0.01"],
						"2.0": ["-(math.sin(q.anim_time*90*1-30-180)*-0.145)", "math.sin(q.anim_time*90*1-30-180)*-0.28", "math.sin(q.anim_time*90*1-30-180)*0.01"]
					}
				},
				"leg_back_right2": {
					"rotation": {
						"0.0": [0, 0, "-(math.sin(q.anim_time*90*1-30-180)*6)"],
						"1.0": [0, 0, "-(math.sin(q.anim_time*90*1-30-180)*6)"],
						"2.0": [0, 0, "-(math.sin(q.anim_time*90*1-30-180)*6)"]
					}
				}
			}
		},
		"animation.trapinch.shock": {
			"loop": true,
			"bones": {
				"upper_head": {
					"rotation": [-10, 0, 0]
				},
				"pupil_left": {
					"scale": [1, 0.6, 0.6]
				},
				"pupil_right": {
					"scale": [1, 0.6, 0.6]
				},
				"lower_head": {
					"rotation": [15, 0, 0]
				}
			}
		},
		"animation.trapinch.angry": {
			"loop": true,
			"bones": {
				"eye_angry_left": {
					"position": [0.1, 0, 0]
				},
				"eye_angry_right": {
					"position": [-0.1, 0, 0]
				}
			}
		},
		"animation.trapinch.sad": {
			"loop": true,
			"bones": {
				"eye_sad_left": {
					"position": [0.1, 0, 0]
				},
				"eye_sad_right": {
					"position": [-0.1, 0, 0]
				}
			}
		},
		"animation.trapinch.happy": {
			"loop": true,
			"bones": {
				"upper_head": {
					"rotation": [-10, 0, 0]
				},
				"lower_head": {
					"rotation": [15, 0, 0]
				},
				"eyelid_happy_left": {
					"position": [0.1, 0, 0]
				},
				"eyelid_happy_right": {
					"position": [-0.1, 0, 0]
				}
			}
		},
		"animation.trapinch.hurt": {
			"loop": true,
			"bones": {
				"eyelid_recoil_left": {
					"position": [0.1, 0, 0]
				},
				"eyelid_recoil_right": {
					"position": [-0.1, 0, 0]
				}
			}
		}
	}
}