{
	"format_version": "1.8.0",
	"animations": {
		"animation.bronzor.ground_idle": {
			"loop": true,
			"bones": {
				"body": {
					"rotation": ["10+math.sin(q.anim_time*90*1-60)*3", 0, "math.sin(q.anim_time*90*0.5)*5+math.sin(q.anim_time*90*3)"],
					"position": ["math.sin(q.anim_time*90*0.5)", "4+math.sin(q.anim_time*90*1+230)", 0]
				}
			}
		},
		"animation.bronzor.ground_walk": {
			"loop": true,
			"bones": {
				"body": {
					"rotation": ["22+math.sin(q.anim_time*90*1.5-60)*5", 0, "math.sin(q.anim_time*90*1 )*3+math.sin(q.anim_time*90*5  )*0.5"],
					"position": ["math.sin(q.anim_time*90*0.5)*0.5", "3.8+math.sin(q.anim_time*90*0.6+230)*0.5", "math.sin(q.anim_time*90*2)*0.5"]
				}
			}
		},
		"animation.bronzor.idle_quirk": {
			"animation_length": 3.5,
			"bones": {
				"body": {
					"rotation": {
						"0.0": [0, 0, 0],
						"0.25": {
							"pre": [0, 0, 0],
							"post": [0, 0, 0],
							"lerp_mode": "catmullrom"
						},
						"0.5833": {
							"post": [0, 0, 0],
							"lerp_mode": "catmullrom"
						},
						"1.1667": {
							"post": [304, 0, 0],
							"lerp_mode": "catmullrom"
						},
						"1.4583": {
							"post": [364, 9, 0],
							"lerp_mode": "catmullrom"
						},
						"2.0417": {
							"post": [364, 345, 0],
							"lerp_mode": "catmullrom"
						},
						"2.4167": {
							"post": [360.5182, 405.98642, -1.75324],
							"lerp_mode": "catmullrom"
						},
						"3.0": {
							"post": [360, 360, 0],
							"lerp_mode": "catmullrom"
						},
						"3.5": {
							"post": [360, 360, 0],
							"lerp_mode": "catmullrom"
						}
					},
					"position": {
						"0.0": [0, 0, 0],
						"0.25": {
							"pre": [0, -0.2, 0],
							"post": [0, -0.2, 0],
							"lerp_mode": "catmullrom"
						},
						"0.4167": {
							"post": [0, 0, 0],
							"lerp_mode": "catmullrom"
						},
						"0.625": {
							"post": [0, 1.8, 0],
							"lerp_mode": "catmullrom"
						},
						"1.125": {
							"post": [0, 1.8, 0],
							"lerp_mode": "catmullrom"
						},
						"1.2917": {
							"post": [0, -0.3, 0],
							"lerp_mode": "catmullrom"
						},
						"1.5": {
							"post": [0, 0, 0],
							"lerp_mode": "catmullrom"
						},
						"1.7083": {
							"post": [0, 1.8, 0],
							"lerp_mode": "catmullrom"
						},
						"2.25": {
							"post": [0, 1.8, 0],
							"lerp_mode": "catmullrom"
						},
						"2.4583": {
							"post": [0, -0.3, 0],
							"lerp_mode": "catmullrom"
						},
						"3.0": {
							"post": [0, -0.2, 0],
							"lerp_mode": "catmullrom"
						},
						"3.2917": {
							"post": [0, 0, 0],
							"lerp_mode": "catmullrom"
						},
						"3.5": {
							"post": [0, 0, 0],
							"lerp_mode": "catmullrom"
						}
					}
				},
				"pupil_left": {
					"position": {
						"0.2083": [0, 0, 0],
						"0.25": {"pre": [0, 0, 0], "post": [0, 0, 0.1]},
						"1.125": {"pre": [0, 0, 0.1], "post": [0, 0, 0.1]},
						"1.1667": {"pre": [0, 0, 0.1], "post": [0, 0, 0]},
						"1.375": {"pre": [0, 0, 0], "post": [0, 0, 0]},
						"1.4167": {"pre": [0, 0, 0], "post": [0, 0, 0.1]},
						"3.0833": {"pre": [0, 0, 0.1], "post": [0, 0, 0.1]},
						"3.125": {"pre": [0, 0, 0.1], "post": [0, 0, 0]}
					}
				},
				"pupil_closed_left": {
					"position": {
						"0.2083": [0, 0, 0],
						"0.25": {"pre": [0, 0, 0], "post": [0, 0, -0.1]},
						"1.125": {"pre": [0, 0, -0.1], "post": [0, 0, -0.1]},
						"1.1667": {"pre": [0, 0, -0.1], "post": [0, 0, 0]},
						"1.375": {"pre": [0, 0, 0], "post": [0, 0, 0]},
						"1.4167": {"pre": [0, 0, 0], "post": [0, 0, -0.1]},
						"3.0833": {"pre": [0, 0, -0.1], "post": [0, 0, -0.1]},
						"3.125": {"pre": [0, 0, -0.1], "post": [0, 0, 0]}
					}
				},
				"pupil_right": {
					"position": {
						"0.2083": [0, 0, 0],
						"0.25": {"pre": [0, 0, 0], "post": [0, 0, 0.1]},
						"1.125": {"pre": [0, 0, 0.1], "post": [0, 0, 0.1]},
						"1.1667": {"pre": [0, 0, 0.1], "post": [0, 0, 0]},
						"1.375": {"pre": [0, 0, 0], "post": [0, 0, 0]},
						"1.4167": {"pre": [0, 0, 0], "post": [0, 0, 0.1]},
						"3.0833": {"pre": [0, 0, 0.1], "post": [0, 0, 0.1]},
						"3.125": {"pre": [0, 0, 0.1], "post": [0, 0, 0]}
					}
				},
				"pupil_closed_right": {
					"position": {
						"0.2083": [0, 0, 0],
						"0.25": {"pre": [0, 0, 0], "post": [0, 0, -0.1]},
						"1.125": {"pre": [0, 0, -0.1], "post": [0, 0, -0.1]},
						"1.1667": {"pre": [0, 0, -0.1], "post": [0, 0, 0]},
						"1.375": {"pre": [0, 0, 0], "post": [0, 0, 0]},
						"1.4167": {"pre": [0, 0, 0], "post": [0, 0, -0.1]},
						"3.0833": {"pre": [0, 0, -0.1], "post": [0, 0, -0.1]},
						"3.125": {"pre": [0, 0, -0.1], "post": [0, 0, 0]}
					}
				}
			}
		},
		"animation.bronzor.blink": {
			"animation_length": 0.1667,
			"bones": {
				"pupil_left": {
					"position": {
						"0.0": [0, 0, 0.1],
						"0.125": [0, 0, 0.1],
						"0.1667": [0, 0, 0]
					}
				},
				"pupil_closed_left": {
					"position": {
						"0.0": [0, 0, -0.1],
						"0.125": [0, 0, -0.1],
						"0.1667": [0, 0, 0]
					}
				},
				"pupil_right": {
					"position": {
						"0.0": [0, 0, 0.1],
						"0.125": [0, 0, 0.1],
						"0.1667": [0, 0, 0]
					}
				},
				"pupil_closed_right": {
					"position": {
						"0.0": [0, 0, -0.1],
						"0.125": [0, 0, -0.1],
						"0.1667": [0, 0, 0]
					}
				}
			}
		},
		"animation.bronzor.sleep": {
          "loop": true,
			"bones": {
				"body": {
					"rotation": [
						"64.6585+math.sin(q.anim_time*90*0.5+180)*5+math.sin(q.anim_time*90*2.5)*0.5",
						"18.2688+math.sin(q.anim_time*90*0.2+60)*2",
						"13.3647+math.sin(q.anim_time*90*0.5)*3"
					],
					"position": [0, "2.2+math.sin(q.anim_time*90*0.3+180)", 0]
				},
				"pupil_left": {
					"position": [0, 0, 0.1]
				},
				"pupil_closed_left": {
					"position": [0, 0, -0.1]
				},
				"pupil_right": {
					"position": [0, 0, 0.1]
				},
				"pupil_closed_right": {
					"position": [0, 0, -0.1]
				}
			}
		},
		"animation.bronzor.cry": {
			"sound_effects": {
				"0.0417": {
					"effect": "pokemon.bronzor.cry"
				}
			}
		}
	}
}