{
	"format_version": "1.8.0",
	"animations": {
		"animation.greninjamega.ground_idle": {
			"loop": true,
			"animation_length": 2,
			"bones": {
				"greninja": {
					"rotation": {
						"0.0": {
							"post": [0, 0, 177.5],
							"lerp_mode": "catmullrom"
						},
						"2.0": {
							"post": [0, 0, 177.5],
							"lerp_mode": "catmullrom"
						}
					},
					"position": {
						"0.0": {
							"post": [0, 55, 0],
							"lerp_mode": "catmullrom"
						},
						"2.0": {
							"post": [0, 55, 0],
							"lerp_mode": "catmullrom"
						}
					}
				},
				"waist": {
					"rotation": {
						"0.0": {
							"post": [0, 0, 0],
							"lerp_mode": "catmullrom"
						},
						"1.0": {
							"post": [0, 2.5, 0],
							"lerp_mode": "catmullrom"
						},
						"2.0": {
							"post": [0, 0, 0],
							"lerp_mode": "catmullrom"
						}
					}
				},
				"head": {
					"rotation": {
						"0.0": {
							"post": [0, 0, 0],
							"lerp_mode": "catmullrom"
						},
						"0.4583": {
							"post": [2, 0, 0],
							"lerp_mode": "catmullrom"
						},
						"0.9167": {
							"post": [3, 0, 0],
							"lerp_mode": "catmullrom"
						},
						"1.5": {
							"post": [2.38, 0, 0],
							"lerp_mode": "catmullrom"
						},
						"2.0": {
							"post": [0, 0, 0],
							"lerp_mode": "catmullrom"
						}
					}
				},
				"tongue": {
					"rotation": {
						"0.0": {
							"post": [30, 0, 0],
							"lerp_mode": "catmullrom"
						},
						"2.0": {
							"post": [30, 0, 0],
							"lerp_mode": "catmullrom"
						}
					}
				},
				"tongue2": {
					"rotation": {
						"0.0": {
							"post": [18.29388, -16.66577, -5.41615],
							"lerp_mode": "catmullrom"
						},
						"2.0": {
							"post": [18.29388, -16.66577, -5.41615],
							"lerp_mode": "catmullrom"
						}
					},
					"scale": {
						"0.0": {
							"post": [1, 1, 1],
							"lerp_mode": "catmullrom"
						},
						"1.0": {
							"post": [1, 1, 1.08],
							"lerp_mode": "catmullrom"
						},
						"2.0": {
							"post": [1, 1, 1],
							"lerp_mode": "catmullrom"
						}
					}
				},
				"tongue3": {
					"rotation": {
						"0.0": {
							"post": [30, 0, 0],
							"lerp_mode": "catmullrom"
						},
						"2.0": {
							"post": [30, 0, 0],
							"lerp_mode": "catmullrom"
						}
					}
				},
				"tongue4": {
					"rotation": {
						"0.0": {
							"post": [33.12598, 10.51794, 6.79286],
							"lerp_mode": "catmullrom"
						},
						"2.0": {
							"post": [33.12598, 10.51794, 6.79286],
							"lerp_mode": "catmullrom"
						}
					}
				},
				"tongue5": {
					"rotation": {
						"0.0": {
							"post": [17.5, 0, 0],
							"lerp_mode": "catmullrom"
						},
						"2.0": {
							"post": [17.5, 0, 0],
							"lerp_mode": "catmullrom"
						}
					}
				},
				"tongue6": {
					"rotation": {
						"0.0": {
							"post": [12.5, 0, 0],
							"lerp_mode": "catmullrom"
						},
						"2.0": {
							"post": [12.5, 0, 0],
							"lerp_mode": "catmullrom"
						}
					}
				},
				"tongue7": {
					"rotation": {
						"0.0": {
							"post": [36.94556, 3.17378, -3.92607],
							"lerp_mode": "catmullrom"
						},
						"2.0": {
							"post": [36.94556, 3.17378, -3.92607],
							"lerp_mode": "catmullrom"
						}
					}
				},
				"arm_right": {
					"rotation": {
						"0.0": {
							"post": [-7.5, -65, 0],
							"lerp_mode": "catmullrom"
						},
						"2.0": {
							"post": [-7.5, -65, 0],
							"lerp_mode": "catmullrom"
						}
					},
					"position": {
						"0.0": {
							"post": [0, -1, 0],
							"lerp_mode": "catmullrom"
						},
						"2.0": {
							"post": [0, -1, 0],
							"lerp_mode": "catmullrom"
						}
					}
				},
				"arm_right2": {
					"rotation": {
						"0.0": {
							"post": [96.12603, -65.09273, -175.89421],
							"lerp_mode": "catmullrom"
						},
						"1.0": {
							"post": [90.66035, -70.23729, -170.10978],
							"lerp_mode": "catmullrom"
						},
						"2.0": {
							"post": [96.12603, -65.09273, -175.89421],
							"lerp_mode": "catmullrom"
						}
					},
					"position": {
						"0.0": {
							"post": [0, -1, 0],
							"lerp_mode": "catmullrom"
						},
						"2.0": {
							"post": [0, -1, 0],
							"lerp_mode": "catmullrom"
						}
					}
				},
				"hand_right": {
					"rotation": {
						"0.0": {
							"post": [0, 0, -20],
							"lerp_mode": "catmullrom"
						},
						"2.0": {
							"post": [0, 0, -20],
							"lerp_mode": "catmullrom"
						}
					}
				},
				"finger_index_right": {
					"rotation": {
						"0.0": {
							"post": [0, 22.5, 0],
							"lerp_mode": "catmullrom"
						},
						"2.0": {
							"post": [0, 22.5, 0],
							"lerp_mode": "catmullrom"
						}
					}
				},
				"finger_pinky_right": {
					"rotation": {
						"0.0": {
							"post": [0, -17.5, 0],
							"lerp_mode": "catmullrom"
						},
						"2.0": {
							"post": [0, -17.5, 0],
							"lerp_mode": "catmullrom"
						}
					}
				},
				"arm_left": {
					"rotation": {
						"0.0": {
							"post": [0, 70, 0],
							"lerp_mode": "catmullrom"
						},
						"2.0": {
							"post": [0, 70, 0],
							"lerp_mode": "catmullrom"
						}
					},
					"position": {
						"0.0": {
							"post": [0, -1, 0],
							"lerp_mode": "catmullrom"
						},
						"2.0": {
							"post": [0, -1, 0],
							"lerp_mode": "catmullrom"
						}
					}
				},
				"arm_left2": {
					"rotation": {
						"0.0": {
							"post": [-65, 82.5, 0],
							"lerp_mode": "catmullrom"
						},
						"0.5": {
							"post": [-53.50667, 81.06904, 11.62971],
							"lerp_mode": "catmullrom"
						},
						"1.0": {
							"post": [-39.92364, 79.37791, 25.37392],
							"lerp_mode": "catmullrom"
						},
						"2.0": {
							"post": [-65, 82.5, 0],
							"lerp_mode": "catmullrom"
						}
					}
				},
				"hand_left": {
					"rotation": {
						"0.0": {
							"post": [0, 0, 0],
							"lerp_mode": "catmullrom"
						},
						"0.5": {
							"post": [0, 0, -5],
							"lerp_mode": "catmullrom"
						},
						"1.25": {
							"post": [0, 0, 0],
							"lerp_mode": "catmullrom"
						},
						"2.0": {
							"post": [0, 0, 0],
							"lerp_mode": "catmullrom"
						}
					}
				},
				"finger_index_left": {
					"rotation": {
						"0.0": {
							"post": [-55.00087, 20.67628, -58.00103],
							"lerp_mode": "catmullrom"
						},
						"2.0": {
							"post": [-55.00087, 20.67628, -58.00103],
							"lerp_mode": "catmullrom"
						}
					}
				},
				"finger_index_left_end": {
					"rotation": {
						"0.0": {
							"post": [0, 0, -5],
							"lerp_mode": "catmullrom"
						},
						"2.0": {
							"post": [0, 0, -5],
							"lerp_mode": "catmullrom"
						}
					}
				},
				"finger_middle_left": {
					"rotation": {
						"0.0": {
							"post": [-9.36302, 31.26463, -17.62528],
							"lerp_mode": "catmullrom"
						},
						"2.0": {
							"post": [-9.36302, 31.26463, -17.62528],
							"lerp_mode": "catmullrom"
						}
					}
				},
				"finger_middle_left_end": {
					"rotation": {
						"0.0": {
							"post": [-20, 0, 50],
							"lerp_mode": "catmullrom"
						},
						"2.0": {
							"post": [-20, 0, 50],
							"lerp_mode": "catmullrom"
						}
					}
				},
				"finger_pinky_left": {
					"rotation": {
						"0.0": {
							"post": [-12.45392, 43.58089, -5.11794],
							"lerp_mode": "catmullrom"
						},
						"2.0": {
							"post": [-12.45392, 43.58089, -5.11794],
							"lerp_mode": "catmullrom"
						}
					}
				},
				"finger_pinky_left_end": {
					"rotation": {
						"0.0": {
							"post": [0.95723, 2.30959, 42.5193],
							"lerp_mode": "catmullrom"
						},
						"2.0": {
							"post": [0.95723, 2.30959, 42.5193],
							"lerp_mode": "catmullrom"
						}
					}
				},
				"leg_right": {
					"rotation": {
						"0.0": {
							"post": [-7.79062, 19.93354, -1.03842],
							"lerp_mode": "catmullrom"
						},
						"1.0": {
							"post": [-8.24946, 27.36045, -2.17993],
							"lerp_mode": "catmullrom"
						},
						"2.0": {
							"post": [-7.79062, 19.93354, -1.03842],
							"lerp_mode": "catmullrom"
						}
					}
				},
				"leg_right2": {
					"rotation": {
						"0.0": {
							"post": [7.5, 0, 0],
							"lerp_mode": "catmullrom"
						},
						"1.0": {
							"post": [7.52832, -4.95712, -0.65426],
							"lerp_mode": "catmullrom"
						},
						"2.0": {
							"post": [7.5, 0, 0],
							"lerp_mode": "catmullrom"
						}
					}
				},
				"leg_left": {
					"rotation": {
						"0.0": {
							"post": [-10.47479, -17.22575, 3.13388],
							"lerp_mode": "catmullrom"
						},
						"1.0": {
							"post": [-11.24314, -27.0478, 5.16524],
							"lerp_mode": "catmullrom"
						},
						"2.0": {
							"post": [-10.47479, -17.22575, 3.13388],
							"lerp_mode": "catmullrom"
						}
					}
				},
				"leg_left2": {
					"rotation": {
						"0.0": {
							"post": [20.14016, -10.71446, 3.1723],
							"lerp_mode": "catmullrom"
						},
						"1.0": {
							"post": [25.14016, -10.71446, 3.1723],
							"lerp_mode": "catmullrom"
						},
						"2.0": {
							"post": [20.14016, -10.71446, 3.1723],
							"lerp_mode": "catmullrom"
						}
					}
				},
				"toe_outer_left": {
					"rotation": {
						"0.0": {
							"post": [-5, 0, 0],
							"lerp_mode": "catmullrom"
						},
						"2.0": {
							"post": [-5, 0, 0],
							"lerp_mode": "catmullrom"
						}
					}
				},
				"shuriken2": {
					"rotation": {
						"0.0": {
							"post": [0, 0, 0],
							"lerp_mode": "catmullrom"
						},
						"2.0": {
							"post": [0, 1705, 0],
							"lerp_mode": "catmullrom"
						}
					},
					"position": {
						"0.0": {
							"post": [-1, 0, -2],
							"lerp_mode": "catmullrom"
						}
					}
				},
				"body": {
					"rotation": {
						"0.0": {
							"post": [0, 0, -180],
							"lerp_mode": "catmullrom"
						}
					}
				}
			}
		},
		"animation.greninjamega.battle_idle": {
			"loop": true,
			"animation_length": 2,
			"bones": {
				"greninja": {
					"rotation": {
						"0.0": {
							"post": [0, 0, 177.5],
							"lerp_mode": "catmullrom"
						},
						"2.0": {
							"post": [0, 0, 177.5],
							"lerp_mode": "catmullrom"
						}
					},
					"position": {
						"0.0": {
							"post": [0, 55, 0],
							"lerp_mode": "catmullrom"
						},
						"2.0": {
							"post": [0, 55, 0],
							"lerp_mode": "catmullrom"
						}
					}
				},
				"waist": {
					"rotation": {
						"0.0": {
							"post": [0, 0, 0],
							"lerp_mode": "catmullrom"
						},
						"1.0": {
							"post": [0, 2.5, 0],
							"lerp_mode": "catmullrom"
						},
						"2.0": {
							"post": [0, 0, 0],
							"lerp_mode": "catmullrom"
						}
					}
				},
				"head": {
					"rotation": {
						"0.0": {
							"post": [0, 0, 0],
							"lerp_mode": "catmullrom"
						},
						"0.4583": {
							"post": [2, 0, 0],
							"lerp_mode": "catmullrom"
						},
						"0.9167": {
							"post": [3, 0, 0],
							"lerp_mode": "catmullrom"
						},
						"1.5": {
							"post": [2.38, 0, 0],
							"lerp_mode": "catmullrom"
						},
						"2.0": {
							"post": [0, 0, 0],
							"lerp_mode": "catmullrom"
						}
					}
				},
				"tongue": {
					"rotation": {
						"0.0": {
							"post": [30, 0, 0],
							"lerp_mode": "catmullrom"
						},
						"2.0": {
							"post": [30, 0, 0],
							"lerp_mode": "catmullrom"
						}
					}
				},
				"tongue2": {
					"rotation": {
						"0.0": {
							"post": [18.29388, -16.66577, -5.41615],
							"lerp_mode": "catmullrom"
						},
						"2.0": {
							"post": [18.29388, -16.66577, -5.41615],
							"lerp_mode": "catmullrom"
						}
					},
					"scale": {
						"0.0": {
							"post": [1, 1, 1],
							"lerp_mode": "catmullrom"
						},
						"1.0": {
							"post": [1, 1, 1.08],
							"lerp_mode": "catmullrom"
						},
						"2.0": {
							"post": [1, 1, 1],
							"lerp_mode": "catmullrom"
						}
					}
				},
				"tongue3": {
					"rotation": {
						"0.0": {
							"post": [30, 0, 0],
							"lerp_mode": "catmullrom"
						},
						"2.0": {
							"post": [30, 0, 0],
							"lerp_mode": "catmullrom"
						}
					}
				},
				"tongue4": {
					"rotation": {
						"0.0": {
							"post": [33.12598, 10.51794, 6.79286],
							"lerp_mode": "catmullrom"
						},
						"2.0": {
							"post": [33.12598, 10.51794, 6.79286],
							"lerp_mode": "catmullrom"
						}
					}
				},
				"tongue5": {
					"rotation": {
						"0.0": {
							"post": [17.5, 0, 0],
							"lerp_mode": "catmullrom"
						},
						"2.0": {
							"post": [17.5, 0, 0],
							"lerp_mode": "catmullrom"
						}
					}
				},
				"tongue6": {
					"rotation": {
						"0.0": {
							"post": [12.5, 0, 0],
							"lerp_mode": "catmullrom"
						},
						"2.0": {
							"post": [12.5, 0, 0],
							"lerp_mode": "catmullrom"
						}
					}
				},
				"tongue7": {
					"rotation": {
						"0.0": {
							"post": [36.94556, 3.17378, -3.92607],
							"lerp_mode": "catmullrom"
						},
						"2.0": {
							"post": [36.94556, 3.17378, -3.92607],
							"lerp_mode": "catmullrom"
						}
					}
				},
				"arm_right": {
					"rotation": {
						"0.0": {
							"post": [-7.5, -65, 0],
							"lerp_mode": "catmullrom"
						},
						"2.0": {
							"post": [-7.5, -65, 0],
							"lerp_mode": "catmullrom"
						}
					},
					"position": {
						"0.0": {
							"post": [0, -1, 0],
							"lerp_mode": "catmullrom"
						},
						"2.0": {
							"post": [0, -1, 0],
							"lerp_mode": "catmullrom"
						}
					}
				},
				"arm_right2": {
					"rotation": {
						"0.0": {
							"post": [96.12603, -65.09273, -175.89421],
							"lerp_mode": "catmullrom"
						},
						"1.0": {
							"post": [90.66035, -70.23729, -170.10978],
							"lerp_mode": "catmullrom"
						},
						"2.0": {
							"post": [96.12603, -65.09273, -175.89421],
							"lerp_mode": "catmullrom"
						}
					},
					"position": {
						"0.0": {
							"post": [0, -1, 0],
							"lerp_mode": "catmullrom"
						},
						"2.0": {
							"post": [0, -1, 0],
							"lerp_mode": "catmullrom"
						}
					}
				},
				"hand_right": {
					"rotation": {
						"0.0": {
							"post": [0, 0, -20],
							"lerp_mode": "catmullrom"
						},
						"2.0": {
							"post": [0, 0, -20],
							"lerp_mode": "catmullrom"
						}
					}
				},
				"finger_index_right": {
					"rotation": {
						"0.0": {
							"post": [0, 22.5, 0],
							"lerp_mode": "catmullrom"
						},
						"2.0": {
							"post": [0, 22.5, 0],
							"lerp_mode": "catmullrom"
						}
					}
				},
				"finger_pinky_right": {
					"rotation": {
						"0.0": {
							"post": [0, -17.5, 0],
							"lerp_mode": "catmullrom"
						},
						"2.0": {
							"post": [0, -17.5, 0],
							"lerp_mode": "catmullrom"
						}
					}
				},
				"arm_left": {
					"rotation": {
						"0.0": {
							"post": [0, 70, 0],
							"lerp_mode": "catmullrom"
						},
						"2.0": {
							"post": [0, 70, 0],
							"lerp_mode": "catmullrom"
						}
					},
					"position": {
						"0.0": {
							"post": [0, -1, 0],
							"lerp_mode": "catmullrom"
						},
						"2.0": {
							"post": [0, -1, 0],
							"lerp_mode": "catmullrom"
						}
					}
				},
				"arm_left2": {
					"rotation": {
						"0.0": {
							"post": [-65, 82.5, 0],
							"lerp_mode": "catmullrom"
						},
						"0.5": {
							"post": [-53.50667, 81.06904, 11.62971],
							"lerp_mode": "catmullrom"
						},
						"1.0": {
							"post": [-39.92364, 79.37791, 25.37392],
							"lerp_mode": "catmullrom"
						},
						"2.0": {
							"post": [-65, 82.5, 0],
							"lerp_mode": "catmullrom"
						}
					}
				},
				"hand_left": {
					"rotation": {
						"0.0": {
							"post": [0, 0, 0],
							"lerp_mode": "catmullrom"
						},
						"0.5": {
							"post": [0, 0, -5],
							"lerp_mode": "catmullrom"
						},
						"1.25": {
							"post": [0, 0, 0],
							"lerp_mode": "catmullrom"
						},
						"2.0": {
							"post": [0, 0, 0],
							"lerp_mode": "catmullrom"
						}
					}
				},
				"finger_index_left": {
					"rotation": {
						"0.0": {
							"post": [-55.00087, 20.67628, -58.00103],
							"lerp_mode": "catmullrom"
						},
						"2.0": {
							"post": [-55.00087, 20.67628, -58.00103],
							"lerp_mode": "catmullrom"
						}
					}
				},
				"finger_index_left_end": {
					"rotation": {
						"0.0": {
							"post": [0, 0, -5],
							"lerp_mode": "catmullrom"
						},
						"2.0": {
							"post": [0, 0, -5],
							"lerp_mode": "catmullrom"
						}
					}
				},
				"finger_middle_left": {
					"rotation": {
						"0.0": {
							"post": [-9.36302, 31.26463, -17.62528],
							"lerp_mode": "catmullrom"
						},
						"2.0": {
							"post": [-9.36302, 31.26463, -17.62528],
							"lerp_mode": "catmullrom"
						}
					}
				},
				"finger_middle_left_end": {
					"rotation": {
						"0.0": {
							"post": [-20, 0, 50],
							"lerp_mode": "catmullrom"
						},
						"2.0": {
							"post": [-20, 0, 50],
							"lerp_mode": "catmullrom"
						}
					}
				},
				"finger_pinky_left": {
					"rotation": {
						"0.0": {
							"post": [-12.45392, 43.58089, -5.11794],
							"lerp_mode": "catmullrom"
						},
						"2.0": {
							"post": [-12.45392, 43.58089, -5.11794],
							"lerp_mode": "catmullrom"
						}
					}
				},
				"finger_pinky_left_end": {
					"rotation": {
						"0.0": {
							"post": [0.95723, 2.30959, 42.5193],
							"lerp_mode": "catmullrom"
						},
						"2.0": {
							"post": [0.95723, 2.30959, 42.5193],
							"lerp_mode": "catmullrom"
						}
					}
				},
				"leg_right": {
					"rotation": {
						"0.0": {
							"post": [-7.79062, 19.93354, -1.03842],
							"lerp_mode": "catmullrom"
						},
						"1.0": {
							"post": [-8.24946, 27.36045, -2.17993],
							"lerp_mode": "catmullrom"
						},
						"2.0": {
							"post": [-7.79062, 19.93354, -1.03842],
							"lerp_mode": "catmullrom"
						}
					}
				},
				"leg_right2": {
					"rotation": {
						"0.0": {
							"post": [7.5, 0, 0],
							"lerp_mode": "catmullrom"
						},
						"1.0": {
							"post": [7.52832, -4.95712, -0.65426],
							"lerp_mode": "catmullrom"
						},
						"2.0": {
							"post": [7.5, 0, 0],
							"lerp_mode": "catmullrom"
						}
					}
				},
				"leg_left": {
					"rotation": {
						"0.0": {
							"post": [-10.47479, -17.22575, 3.13388],
							"lerp_mode": "catmullrom"
						},
						"1.0": {
							"post": [-11.24314, -27.0478, 5.16524],
							"lerp_mode": "catmullrom"
						},
						"2.0": {
							"post": [-10.47479, -17.22575, 3.13388],
							"lerp_mode": "catmullrom"
						}
					}
				},
				"leg_left2": {
					"rotation": {
						"0.0": {
							"post": [20.14016, -10.71446, 3.1723],
							"lerp_mode": "catmullrom"
						},
						"1.0": {
							"post": [25.14016, -10.71446, 3.1723],
							"lerp_mode": "catmullrom"
						},
						"2.0": {
							"post": [20.14016, -10.71446, 3.1723],
							"lerp_mode": "catmullrom"
						}
					}
				},
				"toe_outer_left": {
					"rotation": {
						"0.0": {
							"post": [-5, 0, 0],
							"lerp_mode": "catmullrom"
						},
						"2.0": {
							"post": [-5, 0, 0],
							"lerp_mode": "catmullrom"
						}
					}
				},
				"shuriken2": {
					"rotation": {
						"0.0": {
							"post": [0, 0, 0],
							"lerp_mode": "catmullrom"
						},
						"2.0": {
							"post": [0, 1705, 0],
							"lerp_mode": "catmullrom"
						}
					},
					"position": {
						"0.0": {
							"post": [-1, 0, -2],
							"lerp_mode": "catmullrom"
						}
					}
				}
			}
		},
		"animation.greninjamega.physical": {
			"animation_length": 2.5,
			"bones": {
				"greninja": {
					"rotation": {
						"0.0": {
							"post": [0, 0, 177.5],
							"lerp_mode": "catmullrom"
						},
						"0.25": {
							"post": [0, 0, 157.5],
							"lerp_mode": "catmullrom"
						}
					},
					"position": {
						"0.0": {
							"post": [0, 55, 0],
							"lerp_mode": "catmullrom"
						}
					}
				},
				"body": {
					"rotation": {
						"0.0": {
							"post": [0, 0, -180],
							"lerp_mode": "catmullrom"
						},
						"0.25": {
							"post": [0, 0, -27.5],
							"lerp_mode": "catmullrom"
						},
						"2.0": {
							"post": [0, 7.5, -28.61],
							"lerp_mode": "catmullrom"
						}
					},
					"position": {
						"0.0": {
							"post": [0, 0, 0],
							"lerp_mode": "catmullrom"
						},
						"1.25": {
							"post": [0, 1, 0],
							"lerp_mode": "catmullrom"
						},
						"1.75": {
							"post": [0, 23, 0],
							"lerp_mode": "catmullrom"
						},
						"2.0": {
							"post": [0, 22.33, 0],
							"lerp_mode": "catmullrom"
						}
					}
				},
				"torso": {
					"rotation": {
						"0.0": [0, 0, 0],
						"0.75": [-25.09933, -4.25247, -34.01707],
						"2.0": [3.52492, -25.20466, -123.2524]
					},
					"position": {
						"0.0": [0, 0, 0],
						"0.75": [-1, 1, 0],
						"2.0": [-1, 1, 0]
					}
				},
				"waist": {
					"rotation": {
						"0.0": {
							"post": [0, 0, 0],
							"lerp_mode": "catmullrom"
						},
						"0.4167": {
							"post": [-2.28507, 0.72025, -72.51436],
							"lerp_mode": "catmullrom"
						},
						"0.75": {
							"post": [-1.95313, -0.09487, -92.53712],
							"lerp_mode": "catmullrom"
						},
						"1.0": {
							"post": [6.86001, 35.73443, -70.76792],
							"lerp_mode": "catmullrom"
						},
						"2.0": {
							"post": [-0.94978, 0.19723, -3.66212],
							"lerp_mode": "catmullrom"
						}
					},
					"position": {
						"0.0": {
							"post": [0, 0, 0],
							"lerp_mode": "catmullrom"
						},
						"1.0": {
							"post": [0, 1, 0],
							"lerp_mode": "catmullrom"
						},
						"2.0": {
							"post": [0, 0, 0],
							"lerp_mode": "catmullrom"
						}
					}
				},
				"chest": {
					"rotation": {
						"0.0": [0, 0, 0],
						"0.25": [0, 0, -30],
						"0.75": [0, 0, 0],
						"1.25": [0, -20, 0],
						"2.0": [0, -7.5, 0]
					}
				},
				"neck": {
					"rotation": {
						"0.0": [0, 0, 0],
						"0.75": [16.77361, 20.99501, 15.72753],
						"1.0": [-14.44683, -44.35634, 35.52847],
						"1.2917": [25, -32.5, 0],
						"2.0": [20.14236, 24.09255, -1.17011]
					},
					"position": {
						"0.0": [0, 0, 0],
						"1.0": [0, 0, 1]
					}
				},
				"head": {
					"rotation": {
						"0.0": {
							"post": [0, 0, 0],
							"lerp_mode": "catmullrom"
						},
						"0.4583": {
							"post": [2, 0, 0],
							"lerp_mode": "catmullrom"
						},
						"0.9167": {
							"post": [3, 0, 0],
							"lerp_mode": "catmullrom"
						},
						"1.5": {
							"post": [2.38, 0, 0],
							"lerp_mode": "catmullrom"
						},
						"2.0": {
							"post": [0, 0, 0],
							"lerp_mode": "catmullrom"
						}
					}
				},
				"outer_pupil_right": {
					"position": {
						"0.0": [0, 0, 0],
						"0.75": [0, 0, 0.83],
						"1.2917": [0, 0, 0.4],
						"2.0": [0, 0, 0]
					}
				},
				"outer_pupil_left": {
					"position": {
						"0.0": [0, 0, 0],
						"1.2917": [0, 0, -0.4],
						"2.0": [0, 0, 0]
					}
				},
				"tongue": {
					"rotation": {
						"0.0": {
							"post": [30, 0, 0],
							"lerp_mode": "catmullrom"
						},
						"1.5": {
							"post": [-75.77707, -35.82296, -86.32902],
							"lerp_mode": "catmullrom"
						},
						"2.0": {
							"post": [30, 0, 0],
							"lerp_mode": "catmullrom"
						}
					}
				},
				"tongue2": {
					"rotation": {
						"0.0": {
							"post": [18.29388, -16.66577, -5.41615],
							"lerp_mode": "catmullrom"
						},
						"1.5": {
							"post": [-0.01323, -5.31941, 161.84634],
							"lerp_mode": "catmullrom"
						},
						"2.0": {
							"post": [18.29388, -16.66577, -5.41615],
							"lerp_mode": "catmullrom"
						}
					},
					"scale": {
						"0.0": {
							"post": [1, 1, 1],
							"lerp_mode": "catmullrom"
						},
						"1.0": {
							"post": [1, 1, 1.08],
							"lerp_mode": "catmullrom"
						},
						"2.0": {
							"post": [1, 1, 1],
							"lerp_mode": "catmullrom"
						}
					}
				},
				"tongue3": {
					"rotation": {
						"0.0": {
							"post": [30, 0, 0],
							"lerp_mode": "catmullrom"
						},
						"0.5": {
							"post": [33.05987, 23.57105, 14.58943],
							"lerp_mode": "catmullrom"
						},
						"1.5": {
							"post": [28.51996, 7.85702, 4.86314],
							"lerp_mode": "catmullrom"
						},
						"2.0": {
							"post": [30, 0, 0],
							"lerp_mode": "catmullrom"
						}
					}
				},
				"tongue4": {
					"rotation": {
						"0.0": {
							"post": [33.12598, 10.51794, 6.79286],
							"lerp_mode": "catmullrom"
						},
						"1.5": {
							"post": [0.62598, 10.51794, 6.79286],
							"lerp_mode": "catmullrom"
						},
						"2.0": {
							"post": [33.12598, 10.51794, 6.79286],
							"lerp_mode": "catmullrom"
						}
					}
				},
				"tongue5": {
					"rotation": {
						"0.0": {
							"post": [17.5, 0, 0],
							"lerp_mode": "catmullrom"
						},
						"0.5": {
							"post": [28.79789, 51.37417, 23.24122],
							"lerp_mode": "catmullrom"
						},
						"1.5": {
							"post": [13.76596, 17.12472, 7.74707],
							"lerp_mode": "catmullrom"
						},
						"2.0": {
							"post": [17.5, 0, 0],
							"lerp_mode": "catmullrom"
						}
					}
				},
				"tongue6": {
					"rotation": {
						"0.0": {
							"post": [12.5, 0, 0],
							"lerp_mode": "catmullrom"
						},
						"0.5": {
							"post": [15.14371, 34.05444, 8.61775],
							"lerp_mode": "catmullrom"
						},
						"2.0": {
							"post": [12.5, 0, 0],
							"lerp_mode": "catmullrom"
						}
					}
				},
				"tongue7": {
					"rotation": {
						"0.0": {
							"post": [36.94556, 3.17378, -3.92607],
							"lerp_mode": "catmullrom"
						},
						"2.0": {
							"post": [36.94556, 3.17378, -3.92607],
							"lerp_mode": "catmullrom"
						}
					}
				},
				"arm_right": {
					"rotation": {
						"0.0": {
							"post": [-7.5, -65, 0],
							"lerp_mode": "catmullrom"
						},
						"0.4167": {
							"post": [-3.19082, -7.67626, -6.37758],
							"lerp_mode": "catmullrom"
						},
						"0.75": {
							"post": [-65.71438, 9.65233, 40.49165],
							"lerp_mode": "catmullrom"
						},
						"1.0417": {
							"post": [-59.51963, -55.19372, 85.90844],
							"lerp_mode": "catmullrom"
						},
						"1.2917": {
							"post": [-210.70752, -61.14903, 202.28755],
							"lerp_mode": "catmullrom"
						},
						"2.0": {
							"post": [-319.67896, 11.14123, 295.9215],
							"lerp_mode": "catmullrom"
						}
					},
					"position": {
						"0.0": {
							"post": [0, -1, 0],
							"lerp_mode": "catmullrom"
						},
						"1.2917": {
							"post": [0, -1, -2],
							"lerp_mode": "catmullrom"
						}
					}
				},
				"arm_right2": {
					"rotation": {
						"0.0": {
							"post": [96.12603, -65.09273, -175.89421],
							"lerp_mode": "catmullrom"
						},
						"0.4167": {
							"post": [269.64958, 30.02468, -349.69149],
							"lerp_mode": "catmullrom"
						},
						"0.75": {
							"post": [269.69066, 2.40606, -349.53068],
							"lerp_mode": "catmullrom"
						},
						"1.2917": {
							"post": [269.6919, 10.025, -349.56978],
							"lerp_mode": "catmullrom"
						},
						"2.0": {
							"post": [294.0506, -26.47938, -354.67393],
							"lerp_mode": "catmullrom"
						}
					},
					"position": {
						"0.0": {
							"post": [0, -1, 0],
							"lerp_mode": "catmullrom"
						},
						"0.75": {
							"post": [0, -1, -1.07],
							"lerp_mode": "catmullrom"
						},
						"2.0": {
							"post": [0, -1, 0],
							"lerp_mode": "catmullrom"
						}
					}
				},
				"hand_right": {
					"rotation": {
						"0.0": {
							"post": [0, 0, -20],
							"lerp_mode": "catmullrom"
						},
						"0.4167": {
							"post": [0, 0, -77.5],
							"lerp_mode": "catmullrom"
						},
						"1.2917": {
							"post": [0, 0, 2.5],
							"lerp_mode": "catmullrom"
						}
					}
				},
				"finger_index_right": {
					"rotation": {
						"0.0": {
							"post": [0, 22.5, 0],
							"lerp_mode": "catmullrom"
						},
						"2.0": {
							"post": [0, 22.5, 0],
							"lerp_mode": "catmullrom"
						}
					}
				},
				"finger_pinky_right": {
					"rotation": {
						"0.0": {
							"post": [0, -17.5, 0],
							"lerp_mode": "catmullrom"
						},
						"2.0": {
							"post": [0, -17.5, 0],
							"lerp_mode": "catmullrom"
						}
					}
				},
				"arm_left": {
					"rotation": {
						"0.0": {
							"post": [0, 70, 0],
							"lerp_mode": "catmullrom"
						},
						"0.75": {
							"post": [198.0438, 69.13663, 67.77999],
							"lerp_mode": "catmullrom"
						},
						"1.0417": {
							"post": [146.38146, 31.2971, 84.34847],
							"lerp_mode": "catmullrom"
						},
						"1.2917": {
							"post": [97.16819, -62.16248, 108.16202],
							"lerp_mode": "catmullrom"
						},
						"2.0": {
							"post": [152.48527, -31.17055, 68.67377],
							"lerp_mode": "catmullrom"
						}
					},
					"position": {
						"0.0": {
							"post": [0, -1, 0],
							"lerp_mode": "catmullrom"
						}
					}
				},
				"arm_left2": {
					"rotation": {
						"0.0": {
							"post": [-53.50667, 81.06904, 11.62971],
							"lerp_mode": "catmullrom"
						},
						"0.4167": {
							"post": [-52.95496, -76.83841, -60.55229],
							"lerp_mode": "catmullrom"
						},
						"0.75": {
							"post": [-169.10961, -53.67733, -35.09538],
							"lerp_mode": "catmullrom"
						},
						"2.0": {
							"post": [-75.36685, -36.98734, -57.79626],
							"lerp_mode": "catmullrom"
						}
					},
					"position": {
						"0.0": {
							"post": [0, 0, 0],
							"lerp_mode": "catmullrom"
						},
						"0.75": {
							"post": [0, -0.8, -1.1],
							"lerp_mode": "catmullrom"
						}
					}
				},
				"hand_left": {
					"rotation": {
						"0.0": {
							"post": [0, 0, 0],
							"lerp_mode": "catmullrom"
						},
						"0.5": {
							"post": [0, 0, -5],
							"lerp_mode": "catmullrom"
						},
						"1.25": {
							"post": [0, 0, 0],
							"lerp_mode": "catmullrom"
						},
						"2.0": {
							"post": [0, 0, 0],
							"lerp_mode": "catmullrom"
						}
					}
				},
				"finger_index_left": {
					"rotation": {
						"0.0": {
							"post": [-55.00087, 20.67628, -58.00103],
							"lerp_mode": "catmullrom"
						},
						"2.0": {
							"post": [-55.00087, 20.67628, -58.00103],
							"lerp_mode": "catmullrom"
						}
					}
				},
				"finger_index_left_end": {
					"rotation": {
						"0.0": {
							"post": [0, 0, -5],
							"lerp_mode": "catmullrom"
						},
						"2.0": {
							"post": [0, 0, -5],
							"lerp_mode": "catmullrom"
						}
					}
				},
				"finger_middle_left": {
					"rotation": {
						"0.0": {
							"post": [-9.36302, 31.26463, -17.62528],
							"lerp_mode": "catmullrom"
						},
						"2.0": {
							"post": [-9.36302, 31.26463, -17.62528],
							"lerp_mode": "catmullrom"
						}
					}
				},
				"finger_middle_left_end": {
					"rotation": {
						"0.0": {
							"post": [-20, 0, 50],
							"lerp_mode": "catmullrom"
						},
						"2.0": {
							"post": [-20, 0, 50],
							"lerp_mode": "catmullrom"
						}
					}
				},
				"finger_pinky_left": {
					"rotation": {
						"0.0": {
							"post": [-12.45392, 43.58089, -5.11794],
							"lerp_mode": "catmullrom"
						},
						"2.0": {
							"post": [-12.45392, 43.58089, -5.11794],
							"lerp_mode": "catmullrom"
						}
					}
				},
				"finger_pinky_left_end": {
					"rotation": {
						"0.0": {
							"post": [0.95723, 2.30959, 42.5193],
							"lerp_mode": "catmullrom"
						},
						"2.0": {
							"post": [0.95723, 2.30959, 42.5193],
							"lerp_mode": "catmullrom"
						}
					}
				},
				"leg_right": {
					"rotation": {
						"0.0": {
							"post": [-7.79062, 19.93354, -1.03842],
							"lerp_mode": "catmullrom"
						},
						"0.4167": {
							"post": [-27.86757, 4.39617, -66.24055],
							"lerp_mode": "catmullrom"
						},
						"0.75": {
							"post": [-6.18912, 3.13267, -78.70378],
							"lerp_mode": "catmullrom"
						},
						"1.2917": {
							"post": [4.32257, -29.65073, -97.88909],
							"lerp_mode": "catmullrom"
						},
						"2.0": {
							"post": [1.19345, 13.23004, -122.66492],
							"lerp_mode": "catmullrom"
						}
					},
					"position": {
						"0.0": {
							"post": [0, 0, 0],
							"lerp_mode": "catmullrom"
						},
						"2.0": {
							"post": [3, 0, 0],
							"lerp_mode": "catmullrom"
						}
					}
				},
				"leg_right2": {
					"rotation": {
						"0.0": {
							"post": [7.5, 0, 0],
							"lerp_mode": "catmullrom"
						},
						"1.0": {
							"post": [7.52832, -4.95712, -0.65426],
							"lerp_mode": "catmullrom"
						},
						"2.0": {
							"post": [7.5, 0, 0],
							"lerp_mode": "catmullrom"
						}
					}
				},
				"leg_left": {
					"rotation": {
						"0.0": {
							"post": [-10.47479, -17.22575, 3.13388],
							"lerp_mode": "catmullrom"
						},
						"0.4167": {
							"post": [28.59506, 3.03114, -114.30894],
							"lerp_mode": "catmullrom"
						},
						"0.75": {
							"post": [-2.25469, -23.04145, -126.67457],
							"lerp_mode": "catmullrom"
						},
						"1.2917": {
							"post": [16.1283, -35.00362, -156.95806],
							"lerp_mode": "catmullrom"
						},
						"2.0": {
							"post": [12.65497, -36.24768, -150.99902],
							"lerp_mode": "catmullrom"
						}
					},
					"position": {
						"0.0": {
							"post": [0, 0, 0],
							"lerp_mode": "catmullrom"
						},
						"0.75": {
							"post": [-4, 3, 0],
							"lerp_mode": "catmullrom"
						},
						"2.0": {
							"post": [-3, 3, 0],
							"lerp_mode": "catmullrom"
						}
					}
				},
				"leg_left2": {
					"rotation": {
						"0.0": {
							"post": [20.14016, -10.71446, 3.1723],
							"lerp_mode": "catmullrom"
						},
						"1.0": {
							"post": [25.14016, -10.71446, 3.1723],
							"lerp_mode": "catmullrom"
						},
						"2.0": {
							"post": [20.14016, -10.71446, 3.1723],
							"lerp_mode": "catmullrom"
						}
					}
				},
				"toe_outer_left": {
					"rotation": {
						"0.0": {
							"post": [-5, 0, 0],
							"lerp_mode": "catmullrom"
						},
						"2.0": {
							"post": [-5, 0, 0],
							"lerp_mode": "catmullrom"
						}
					}
				},
				"shuriken": {
					"rotation": [0, 0, 0],
					"position": [0, 0, 0]
				},
				"shuriken2": {
					"rotation": {
						"0.0": {
							"post": [0, 0, 0],
							"lerp_mode": "catmullrom"
						},
						"2.0": {
							"post": [0, -1525, 0],
							"lerp_mode": "catmullrom"
						}
					},
					"position": {
						"0.0": {
							"post": [-1, 0, -2],
							"lerp_mode": "catmullrom"
						},
						"0.5": {
							"post": [-2, 0, -2],
							"lerp_mode": "catmullrom"
						},
						"0.75": {
							"post": [-7, -3.05, -2.5],
							"lerp_mode": "catmullrom"
						},
						"1.0": {
							"post": [-12, 3.9, -13],
							"lerp_mode": "catmullrom"
						},
						"1.375": {
							"post": [-22.75, 22.73, -58.75],
							"lerp_mode": "catmullrom"
						},
						"1.4167": {
							"post": [-22.83, 24.82, -63.84],
							"lerp_mode": "catmullrom"
						},
						"1.4583": {
							"post": [-20.92, 26.91, -68.92],
							"lerp_mode": "catmullrom"
						},
						"1.5": {
							"post": [-17, 29, -74],
							"lerp_mode": "catmullrom"
						},
						"1.5417": {
							"post": [-11.25, 31.5, -78],
							"lerp_mode": "catmullrom"
						},
						"1.5833": {
							"post": [-3.5, 32, -82],
							"lerp_mode": "catmullrom"
						},
						"1.625": {
							"post": [5.25, 26.5, -86],
							"lerp_mode": "catmullrom"
						},
						"1.6667": {
							"post": [20, 19, -90],
							"lerp_mode": "catmullrom"
						}
					}
				},
				"torso2": {
					"rotation": {
						"0.0": [0, 0, 0],
						"1.0": [0, 0, -75],
						"1.75": [0, 0, -2.5]
					}
				}
			}
		},
		"animation.greninjamega.special": {
			"animation_length": 2.5,
			"bones": {
				"greninja": {
					"rotation": {
						"0.0": {
							"post": [0, 0, 177.5],
							"lerp_mode": "catmullrom"
						},
						"0.25": {
							"post": [0, 0, 157.5],
							"lerp_mode": "catmullrom"
						}
					},
					"position": {
						"0.0": {
							"post": [0, 63, 0],
							"lerp_mode": "catmullrom"
						}
					}
				},
				"body": {
					"rotation": {
						"0.0": {
							"post": [0, 0, -180],
							"lerp_mode": "catmullrom"
						},
						"0.25": {
							"post": [0, 0, -27.5],
							"lerp_mode": "catmullrom"
						},
						"2.0": {
							"post": [0, 7.5, -28.61],
							"lerp_mode": "catmullrom"
						}
					},
					"position": {
						"0.0": {
							"post": [0, 0, 0],
							"lerp_mode": "catmullrom"
						},
						"1.25": {
							"post": [0, 1, 0],
							"lerp_mode": "catmullrom"
						},
						"1.75": {
							"post": [0, 23, 0],
							"lerp_mode": "catmullrom"
						},
						"2.0": {
							"post": [0, 22.33, 0],
							"lerp_mode": "catmullrom"
						}
					}
				},
				"torso": {
					"rotation": {
						"0.0": [0, 0, 0],
						"0.75": [-25.09933, -4.25247, -34.01707],
						"2.0": [3.52492, -25.20466, -123.2524]
					},
					"position": {
						"0.0": [0, 0, 0],
						"0.75": [-1, 1, 0],
						"2.0": [-1, 1, 0]
					}
				},
				"waist": {
					"rotation": {
						"0.0": {
							"post": [0, 0, 0],
							"lerp_mode": "catmullrom"
						},
						"0.4167": {
							"post": [-2.28507, 0.72025, -72.51436],
							"lerp_mode": "catmullrom"
						},
						"0.75": {
							"post": [-1.95313, -0.09487, -92.53712],
							"lerp_mode": "catmullrom"
						},
						"1.0": {
							"post": [6.86001, 35.73443, -70.76792],
							"lerp_mode": "catmullrom"
						},
						"2.0": {
							"post": [-0.94978, 0.19723, -3.66212],
							"lerp_mode": "catmullrom"
						}
					},
					"position": {
						"0.0": {
							"post": [0, 0, 0],
							"lerp_mode": "catmullrom"
						},
						"1.0": {
							"post": [0, 1, 0],
							"lerp_mode": "catmullrom"
						},
						"2.0": {
							"post": [0, 0, 0],
							"lerp_mode": "catmullrom"
						}
					}
				},
				"chest": {
					"rotation": {
						"0.0": [0, 0, 0],
						"0.25": [0, 0, -30],
						"0.75": [0, 0, 0],
						"1.25": [0, -20, 0],
						"2.0": [0, -7.5, 0]
					}
				},
				"neck": {
					"rotation": {
						"0.0": [0, 0, 0],
						"0.75": [16.77361, 20.99501, 15.72753],
						"1.0": [-14.44683, -44.35634, 35.52847],
						"1.2917": [25, -32.5, 0],
						"2.0": [20.14236, 24.09255, -1.17011]
					},
					"position": {
						"0.0": [0, 0, 0],
						"1.0": [0, 0, 1]
					}
				},
				"head": {
					"rotation": {
						"0.0": {
							"post": [0, 0, 0],
							"lerp_mode": "catmullrom"
						},
						"0.4583": {
							"post": [2, 0, 0],
							"lerp_mode": "catmullrom"
						},
						"0.9167": {
							"post": [3, 0, 0],
							"lerp_mode": "catmullrom"
						},
						"1.5": {
							"post": [2.38, 0, 0],
							"lerp_mode": "catmullrom"
						},
						"2.0": {
							"post": [0, 0, 0],
							"lerp_mode": "catmullrom"
						}
					}
				},
				"outer_pupil_right": {
					"position": {
						"0.0": [0, 0, 0],
						"0.75": [0, 0, 0.83],
						"1.2917": [0, 0, 0.4],
						"2.0": [0, 0, 0]
					}
				},
				"outer_pupil_left": {
					"position": {
						"0.0": [0, 0, 0],
						"1.2917": [0, 0, -0.4],
						"2.0": [0, 0, 0]
					}
				},
				"tongue": {
					"rotation": {
						"0.0": {
							"post": [30, 0, 0],
							"lerp_mode": "catmullrom"
						},
						"1.5": {
							"post": [-75.77707, -35.82296, -86.32902],
							"lerp_mode": "catmullrom"
						},
						"2.0": {
							"post": [30, 0, 0],
							"lerp_mode": "catmullrom"
						}
					}
				},
				"tongue2": {
					"rotation": {
						"0.0": {
							"post": [18.29388, -16.66577, -5.41615],
							"lerp_mode": "catmullrom"
						},
						"1.5": {
							"post": [-0.01323, -5.31941, 161.84634],
							"lerp_mode": "catmullrom"
						},
						"2.0": {
							"post": [18.29388, -16.66577, -5.41615],
							"lerp_mode": "catmullrom"
						}
					},
					"scale": {
						"0.0": {
							"post": [1, 1, 1],
							"lerp_mode": "catmullrom"
						},
						"1.0": {
							"post": [1, 1, 1.08],
							"lerp_mode": "catmullrom"
						},
						"2.0": {
							"post": [1, 1, 1],
							"lerp_mode": "catmullrom"
						}
					}
				},
				"tongue3": {
					"rotation": {
						"0.0": {
							"post": [30, 0, 0],
							"lerp_mode": "catmullrom"
						},
						"0.5": {
							"post": [33.05987, 23.57105, 14.58943],
							"lerp_mode": "catmullrom"
						},
						"1.5": {
							"post": [28.51996, 7.85702, 4.86314],
							"lerp_mode": "catmullrom"
						},
						"2.0": {
							"post": [30, 0, 0],
							"lerp_mode": "catmullrom"
						}
					}
				},
				"tongue4": {
					"rotation": {
						"0.0": {
							"post": [33.12598, 10.51794, 6.79286],
							"lerp_mode": "catmullrom"
						},
						"1.5": {
							"post": [0.62598, 10.51794, 6.79286],
							"lerp_mode": "catmullrom"
						},
						"2.0": {
							"post": [33.12598, 10.51794, 6.79286],
							"lerp_mode": "catmullrom"
						}
					}
				},
				"tongue5": {
					"rotation": {
						"0.0": {
							"post": [17.5, 0, 0],
							"lerp_mode": "catmullrom"
						},
						"0.5": {
							"post": [28.79789, 51.37417, 23.24122],
							"lerp_mode": "catmullrom"
						},
						"1.5": {
							"post": [13.76596, 17.12472, 7.74707],
							"lerp_mode": "catmullrom"
						},
						"2.0": {
							"post": [17.5, 0, 0],
							"lerp_mode": "catmullrom"
						}
					}
				},
				"tongue6": {
					"rotation": {
						"0.0": {
							"post": [12.5, 0, 0],
							"lerp_mode": "catmullrom"
						},
						"0.5": {
							"post": [15.14371, 34.05444, 8.61775],
							"lerp_mode": "catmullrom"
						},
						"2.0": {
							"post": [12.5, 0, 0],
							"lerp_mode": "catmullrom"
						}
					}
				},
				"tongue7": {
					"rotation": {
						"0.0": {
							"post": [36.94556, 3.17378, -3.92607],
							"lerp_mode": "catmullrom"
						},
						"2.0": {
							"post": [36.94556, 3.17378, -3.92607],
							"lerp_mode": "catmullrom"
						}
					}
				},
				"arm_right": {
					"rotation": {
						"0.0": {
							"post": [-7.5, -65, 0],
							"lerp_mode": "catmullrom"
						},
						"0.4167": {
							"post": [-3.19082, -7.67626, -6.37758],
							"lerp_mode": "catmullrom"
						},
						"0.75": {
							"post": [-65.71438, 9.65233, 40.49165],
							"lerp_mode": "catmullrom"
						},
						"1.0417": {
							"post": [-59.51963, -55.19372, 85.90844],
							"lerp_mode": "catmullrom"
						},
						"1.2917": {
							"post": [-210.70752, -61.14903, 202.28755],
							"lerp_mode": "catmullrom"
						},
						"2.0": {
							"post": [-319.67896, 11.14123, 295.9215],
							"lerp_mode": "catmullrom"
						}
					},
					"position": {
						"0.0": {
							"post": [0, -1, 0],
							"lerp_mode": "catmullrom"
						},
						"1.2917": {
							"post": [0, -1, -2],
							"lerp_mode": "catmullrom"
						}
					}
				},
				"arm_right2": {
					"rotation": {
						"0.0": {
							"post": [96.12603, -65.09273, -175.89421],
							"lerp_mode": "catmullrom"
						},
						"0.4167": {
							"post": [269.64958, 30.02468, -349.69149],
							"lerp_mode": "catmullrom"
						},
						"0.75": {
							"post": [269.69066, 2.40606, -349.53068],
							"lerp_mode": "catmullrom"
						},
						"1.2917": {
							"post": [269.6919, 10.025, -349.56978],
							"lerp_mode": "catmullrom"
						},
						"2.0": {
							"post": [294.0506, -26.47938, -354.67393],
							"lerp_mode": "catmullrom"
						}
					},
					"position": {
						"0.0": {
							"post": [0, -1, 0],
							"lerp_mode": "catmullrom"
						},
						"0.75": {
							"post": [0, -1, -1.07],
							"lerp_mode": "catmullrom"
						},
						"2.0": {
							"post": [0, -1, 0],
							"lerp_mode": "catmullrom"
						}
					}
				},
				"hand_right": {
					"rotation": {
						"0.0": {
							"post": [0, 0, -20],
							"lerp_mode": "catmullrom"
						},
						"0.4167": {
							"post": [0, 0, -77.5],
							"lerp_mode": "catmullrom"
						},
						"1.2917": {
							"post": [0, 0, 2.5],
							"lerp_mode": "catmullrom"
						}
					}
				},
				"finger_index_right": {
					"rotation": {
						"0.0": {
							"post": [0, 22.5, 0],
							"lerp_mode": "catmullrom"
						},
						"2.0": {
							"post": [0, 22.5, 0],
							"lerp_mode": "catmullrom"
						}
					}
				},
				"finger_pinky_right": {
					"rotation": {
						"0.0": {
							"post": [0, -17.5, 0],
							"lerp_mode": "catmullrom"
						},
						"2.0": {
							"post": [0, -17.5, 0],
							"lerp_mode": "catmullrom"
						}
					}
				},
				"arm_left": {
					"rotation": {
						"0.0": {
							"post": [0, 70, 0],
							"lerp_mode": "catmullrom"
						},
						"0.75": {
							"post": [198.0438, 69.13663, 67.77999],
							"lerp_mode": "catmullrom"
						},
						"1.0417": {
							"post": [146.38146, 31.2971, 84.34847],
							"lerp_mode": "catmullrom"
						},
						"1.2917": {
							"post": [97.16819, -62.16248, 108.16202],
							"lerp_mode": "catmullrom"
						},
						"2.0": {
							"post": [152.48527, -31.17055, 68.67377],
							"lerp_mode": "catmullrom"
						}
					},
					"position": {
						"0.0": {
							"post": [0, -1, 0],
							"lerp_mode": "catmullrom"
						}
					}
				},
				"arm_left2": {
					"rotation": {
						"0.0": {
							"post": [-53.50667, 81.06904, 11.62971],
							"lerp_mode": "catmullrom"
						},
						"0.4167": {
							"post": [-52.95496, -76.83841, -60.55229],
							"lerp_mode": "catmullrom"
						},
						"0.75": {
							"post": [-169.10961, -53.67733, -35.09538],
							"lerp_mode": "catmullrom"
						},
						"2.0": {
							"post": [-75.36685, -36.98734, -57.79626],
							"lerp_mode": "catmullrom"
						}
					},
					"position": {
						"0.0": {
							"post": [0, 0, 0],
							"lerp_mode": "catmullrom"
						},
						"0.75": {
							"post": [0, -0.8, -1.1],
							"lerp_mode": "catmullrom"
						}
					}
				},
				"hand_left": {
					"rotation": {
						"0.0": {
							"post": [0, 0, 0],
							"lerp_mode": "catmullrom"
						},
						"0.5": {
							"post": [0, 0, -5],
							"lerp_mode": "catmullrom"
						},
						"1.25": {
							"post": [0, 0, 0],
							"lerp_mode": "catmullrom"
						},
						"2.0": {
							"post": [0, 0, 0],
							"lerp_mode": "catmullrom"
						}
					}
				},
				"finger_index_left": {
					"rotation": {
						"0.0": {
							"post": [-55.00087, 20.67628, -58.00103],
							"lerp_mode": "catmullrom"
						},
						"2.0": {
							"post": [-55.00087, 20.67628, -58.00103],
							"lerp_mode": "catmullrom"
						}
					}
				},
				"finger_index_left_end": {
					"rotation": {
						"0.0": {
							"post": [0, 0, -5],
							"lerp_mode": "catmullrom"
						},
						"2.0": {
							"post": [0, 0, -5],
							"lerp_mode": "catmullrom"
						}
					}
				},
				"finger_middle_left": {
					"rotation": {
						"0.0": {
							"post": [-9.36302, 31.26463, -17.62528],
							"lerp_mode": "catmullrom"
						},
						"2.0": {
							"post": [-9.36302, 31.26463, -17.62528],
							"lerp_mode": "catmullrom"
						}
					}
				},
				"finger_middle_left_end": {
					"rotation": {
						"0.0": {
							"post": [-20, 0, 50],
							"lerp_mode": "catmullrom"
						},
						"2.0": {
							"post": [-20, 0, 50],
							"lerp_mode": "catmullrom"
						}
					}
				},
				"finger_pinky_left": {
					"rotation": {
						"0.0": {
							"post": [-12.45392, 43.58089, -5.11794],
							"lerp_mode": "catmullrom"
						},
						"2.0": {
							"post": [-12.45392, 43.58089, -5.11794],
							"lerp_mode": "catmullrom"
						}
					}
				},
				"finger_pinky_left_end": {
					"rotation": {
						"0.0": {
							"post": [0.95723, 2.30959, 42.5193],
							"lerp_mode": "catmullrom"
						},
						"2.0": {
							"post": [0.95723, 2.30959, 42.5193],
							"lerp_mode": "catmullrom"
						}
					}
				},
				"leg_right": {
					"rotation": {
						"0.0": {
							"post": [-7.79062, 19.93354, -1.03842],
							"lerp_mode": "catmullrom"
						},
						"0.4167": {
							"post": [-27.86757, 4.39617, -66.24055],
							"lerp_mode": "catmullrom"
						},
						"0.75": {
							"post": [-6.18912, 3.13267, -78.70378],
							"lerp_mode": "catmullrom"
						},
						"1.2917": {
							"post": [4.32257, -29.65073, -97.88909],
							"lerp_mode": "catmullrom"
						},
						"2.0": {
							"post": [1.19345, 13.23004, -122.66492],
							"lerp_mode": "catmullrom"
						}
					},
					"position": {
						"0.0": {
							"post": [0, 0, 0],
							"lerp_mode": "catmullrom"
						},
						"2.0": {
							"post": [3, 0, 0],
							"lerp_mode": "catmullrom"
						}
					}
				},
				"leg_right2": {
					"rotation": {
						"0.0": {
							"post": [7.5, 0, 0],
							"lerp_mode": "catmullrom"
						},
						"1.0": {
							"post": [7.52832, -4.95712, -0.65426],
							"lerp_mode": "catmullrom"
						},
						"2.0": {
							"post": [7.5, 0, 0],
							"lerp_mode": "catmullrom"
						}
					}
				},
				"leg_left": {
					"rotation": {
						"0.0": {
							"post": [-10.47479, -17.22575, 3.13388],
							"lerp_mode": "catmullrom"
						},
						"0.4167": {
							"post": [28.59506, 3.03114, -114.30894],
							"lerp_mode": "catmullrom"
						},
						"0.75": {
							"post": [-2.25469, -23.04145, -126.67457],
							"lerp_mode": "catmullrom"
						},
						"1.2917": {
							"post": [16.1283, -35.00362, -156.95806],
							"lerp_mode": "catmullrom"
						},
						"2.0": {
							"post": [12.65497, -36.24768, -150.99902],
							"lerp_mode": "catmullrom"
						}
					},
					"position": {
						"0.0": {
							"post": [0, 0, 0],
							"lerp_mode": "catmullrom"
						},
						"0.75": {
							"post": [-4, 3, 0],
							"lerp_mode": "catmullrom"
						},
						"2.0": {
							"post": [-3, 3, 0],
							"lerp_mode": "catmullrom"
						}
					}
				},
				"leg_left2": {
					"rotation": {
						"0.0": {
							"post": [20.14016, -10.71446, 3.1723],
							"lerp_mode": "catmullrom"
						},
						"1.0": {
							"post": [25.14016, -10.71446, 3.1723],
							"lerp_mode": "catmullrom"
						},
						"2.0": {
							"post": [20.14016, -10.71446, 3.1723],
							"lerp_mode": "catmullrom"
						}
					}
				},
				"toe_outer_left": {
					"rotation": {
						"0.0": {
							"post": [-5, 0, 0],
							"lerp_mode": "catmullrom"
						},
						"2.0": {
							"post": [-5, 0, 0],
							"lerp_mode": "catmullrom"
						}
					}
				},
				"shuriken": {
					"rotation": [0, 0, 0],
					"position": [0, 0, 0]
				},
				"shuriken2": {
					"rotation": {
						"0.0": {
							"post": [0, 0, 0],
							"lerp_mode": "catmullrom"
						},
						"2.0": {
							"post": [0, -1525, 0],
							"lerp_mode": "catmullrom"
						}
					},
					"position": {
						"0.0": {
							"post": [-1, 0, -2],
							"lerp_mode": "catmullrom"
						},
						"0.5": {
							"post": [-2, 0, -2],
							"lerp_mode": "catmullrom"
						},
						"0.75": {
							"post": [-7, -3.05, -2.5],
							"lerp_mode": "catmullrom"
						},
						"1.0": {
							"post": [-12, 3.9, -13],
							"lerp_mode": "catmullrom"
						},
						"1.375": {
							"post": [-22.75, 22.73, -58.75],
							"lerp_mode": "catmullrom"
						},
						"1.4167": {
							"post": [-22.83, 24.82, -63.84],
							"lerp_mode": "catmullrom"
						},
						"1.4583": {
							"post": [-20.92, 26.91, -68.92],
							"lerp_mode": "catmullrom"
						},
						"1.5": {
							"post": [-17, 29, -74],
							"lerp_mode": "catmullrom"
						},
						"1.5417": {
							"post": [-11.25, 31.5, -78],
							"lerp_mode": "catmullrom"
						},
						"1.5833": {
							"post": [-3.5, 32, -82],
							"lerp_mode": "catmullrom"
						},
						"1.625": {
							"post": [5.25, 26.5, -86],
							"lerp_mode": "catmullrom"
						},
						"1.6667": {
							"post": [20, 19, -90],
							"lerp_mode": "catmullrom"
						}
					}
				},
				"torso2": {
					"rotation": {
						"0.0": [0, 0, 0],
						"1.0": [0, 0, -75],
						"1.75": [0, 0, -2.5]
					}
				}
			}
		},
		"animation.greninjamega.blink": {
			"animation_length": 0.1667,
			"bones": {
				"inner_eyelid_left": {
					"position": {
						"0.0": [0.1, 0, 0],
						"0.125": [0.1, 0, 0],
						"0.1667": [0, 0, 0]
					}
				},
				"inner_eyelid_right": {
					"position": {
						"0.0": [-0.1, 0, 0],
						"0.125": [-0.1, 0, 0],
						"0.1667": [0, 0, 0]
					}
				}
			}
		},
		"animation.greninjamega.cry": {
			"animation_length": 1.25,
			"bones": {
				"head": {
					"rotation": {
						"0.0": [0, 0, 0],
						"0.125": [-9.83, 0, 0],
						"0.25": [-12.5, 0, 0],
						"0.625": [-14, 0, 0],
						"1.0": [-12.5, 0, 0],
						"1.125": [-9.83, 0, 0],
						"1.25": [0, 0, 0]
					}
				},
				"jaw": {
					"rotation": {
						"0.0": [0, 0, 0],
						"0.125": [25, 0, 0],
						"0.625": [25, 0, 0],
						"1.125": [25, 0, 0],
						"1.25": [0, 0, 0]
					}
				}
			}
		},
		"animation.greninjamega.ground_walk": {
			"loop": true,
			"animation_length": 2,
			"bones": {
				"torso": {
					"rotation": ["-5+Math.cos((query.anim_time-0.2) * 90 * 2) * 2", 0, 0],
					"position": [0, "-0.25+Math.cos((query.anim_time+0.1) * 90 * 4) * 0.5", 0]
				},
				"waist": {
					"rotation": [10, 0, 0]
				},
				"chest": {
					"rotation": ["12.5+Math.cos((query.anim_time-0.3) * 90 * 2) * 2", 0, 0]
				},
				"neck": {
					"rotation": ["-7.5+Math.cos((query.anim_time-0.3) * 90 * 2) * -2", 0, 0]
				},
				"inner_eyelid_right": {
					"position": [-0.125, 0, 0]
				},
				"inner_eyelid_cover_right": {
					"position": [0.125, 0, 0]
				},
				"inner_eyelid_left": {
					"position": [0.1, 0, 0]
				},
				"inner_eyelid_cover_left": {
					"position": [-0.075, 0, 0]
				},
				"tongue": {
					"rotation": ["-40+math.cos((query.anim_time)*90*2)*5", "math.cos((query.anim_time)*90*4)*5", "math.cos((query.anim_time)*90*4-100)*2"]
				},
				"tongue2": {
					"rotation": ["-22.5+math.cos((query.anim_time)*90*2-90)*12", "math.cos((query.anim_time)*90*4-100)*5", 0]
				},
				"tongue3": {
					"rotation": ["-5+math.cos((query.anim_time)*90*2-180)*15", "math.cos((query.anim_time)*90*4-200)*5", 0]
				},
				"tongue4": {
					"rotation": ["math.cos((query.anim_time)*90*2-225)*5", "0+math.cos((query.anim_time)*90*4-300)*5", 0]
				},
				"tongue5": {
					"rotation": ["30-math.cos((query.anim_time)*90*4-350)*5", 0, 0]
				},
				"tongue6": {
					"rotation": ["17.5+math.cos((query.anim_time)*90*2-315)*15", 0, 0]
				},
				"tongue7": {
					"rotation": ["-5+math.cos((query.anim_time)*90*6-350)*5", 0, 0]
				},
				"arm_right": {
					"rotation": [0, "-(Math.cos((query.anim_time) * 90 * 2) * 10)", -70]
				},
				"arm_right2": {
					"rotation": [0, "-22.5+Math.cos((query.anim_time-0.3) * 90 * 2) * -10", 0]
				},
				"hand_right": {
					"rotation": [0, 0, -15]
				},
				"arm_left": {
					"rotation": [0, "Math.cos((query.anim_time) * 90 * 2) * -10", 70]
				},
				"arm_left2": {
					"rotation": [0, "22.5+Math.cos((query.anim_time-0.3) * 90 * 2) * -10", 0]
				},
				"hand_left": {
					"rotation": [0, 0, 15]
				},
				"leg_right": {
					"rotation": {
						"0.0": [35.67, 2.6, 3.58],
						"0.0833": [38.42186, 2.60422, 3.5755],
						"0.25": [34.22275, 3.21529, 3.44376],
						"0.5417": [0.02365, 3.82637, 3.31201],
						"0.7083": [-15.37456, 5.04852, 3.04852],
						"0.875": [-23.72774, 6.89541, 2.65034],
						"1.0": [-25.17098, 7.49282, 2.52154],
						"1.125": [-23.72774, 6.89541, 2.65034],
						"1.2917": [-16.49242, 5.27073, 3.00062],
						"1.625": [0.92186, 2.60422, 3.5755],
						"1.9167": [32.92186, 2.60422, 3.5755],
						"2.0": [35.67, 2.6, 3.58]
					}
				},
				"leg_right2": {
					"rotation": {
						"0.0": [18.82, 0, 0],
						"0.125": [24, 0, 0],
						"0.375": [64.33, 0, 0],
						"0.5417": [57.75, 0, 0],
						"0.75": [17.13, 0, 0],
						"1.0": [2.75, 0, 0],
						"1.2917": [-3, 0, 0],
						"2.0": [18.82, 0, 0]
					}
				},
				"foot_right": {
					"rotation": {
						"0.0": [2.5, 0, 0],
						"0.3333": [-7.5, 0, 0],
						"0.5417": [-36.5, 0, 0],
						"0.6667": [-29.5, 0, 0],
						"0.8333": [-0.67, 0, 0],
						"0.875": [2, 0, 0],
						"1.0": [7.5, 0, 0],
						"1.1667": [10, 0, 0],
						"1.6667": [12.5, 0, 0],
						"2.0": [2.5, 0, 0]
					}
				},
				"toe_right": {
					"rotation": {
						"0.0": [-29.5, 0, 0],
						"0.25": [-7, 0, 0],
						"0.5": [22, 0, 0],
						"0.625": [15.82, 0, 0],
						"0.75": [4.68, 0, 0],
						"0.875": [-13.09, 0, 0],
						"1.0": [-19.5, 0, 0],
						"1.1667": [-18.53, 0, 0],
						"1.2917": [-15.87, 0, 0],
						"1.4583": [-4.96, 0, 0],
						"1.5": [-9.5, 0, 0],
						"1.6667": [-30.10759, -1.15911, -2.2152],
						"1.7083": [-32, 0, 0],
						"2.0": [-29.5, 0, 0]
					}
				},
				"toe_back_right": {
					"rotation": [25, 0, 0]
				},
				"leg_left": {
					"rotation": {
						"0.0": [-25.17098, -7.49282, -2.52154],
						"0.125": [-23.72774, -6.89541, -2.65034],
						"0.2917": [-16.49242, -5.27073, -3.00062],
						"0.625": [0.92186, -2.60422, -3.5755],
						"0.9167": [32.92186, -2.60422, -3.5755],
						"1.0833": [38.42186, -2.60422, -3.5755],
						"1.25": [34.22275, -3.21529, -3.44376],
						"1.5417": [0.02365, -3.82637, -3.31201],
						"1.7083": [-15.37456, -5.04852, -3.04852],
						"1.875": [-23.72774, -6.89541, -2.65034],
						"2.0": [-25.17098, -7.49282, -2.52154]
					}
				},
				"leg_left2": {
					"rotation": {
						"0.0": [2.75, 0, 0],
						"0.2917": [-3, 0, 0],
						"1.125": [24, 0, 0],
						"1.375": [64.33, 0, 0],
						"1.5417": [57.75, 0, 0],
						"1.75": [17.13, 0, 0],
						"2.0": [2.75, 0, 0]
					}
				},
				"foot_left": {
					"rotation": {
						"0.0": [7.5, 0, 0],
						"0.1667": [10, 0, 0],
						"0.6667": [12.5, 0, 0],
						"1.3333": [-7.5, 0, 0],
						"1.5417": [-36.5, 0, 0],
						"1.6667": [-29.5, 0, 0],
						"1.8333": [-0.67, 0, 0],
						"1.875": [2, 0, 0],
						"2.0": [7.5, 0, 0]
					}
				},
				"toe_back_left": {
					"rotation": [25, 0, 0]
				},
				"toe_left": {
					"rotation": {
						"0.0": [-19.5, 0, 0],
						"0.1667": [-18.53, 0, 0],
						"0.2917": [-15.87, 0, 0],
						"0.4583": [-4.96, 0, 0],
						"0.5": [-9.5, 0, 0],
						"0.6667": [-30.13, 0, 0],
						"0.7083": [-32, 0, 0],
						"1.0": [-29.5, 0, 0],
						"1.25": [-7, 0, 0],
						"1.5": [22, 0, 0],
						"1.625": [15.82, 0, 0],
						"1.75": [4.68, 0, 0],
						"1.875": [-13.09, 0, 0],
						"2.0": [-19.5, 0, 0]
					}
				},
				"head_fin_right": {
					"rotation": ["Math.cos((query.anim_time-0.3) * 90 * 4) * 1", 0, 0]
				},
				"head_fin_left": {
					"rotation": ["Math.cos((query.anim_time-0.3) * 90 * 4) * 1", 0, 0]
				},
				"tail": {
					"rotation": [-10, 0, 0]
				},
				"shuriken2": {
					"position": [0, 21, 0],
					"scale": [0, 1, 0]
				}
			}
		}
	}
}