{
	"format_version": "1.8.0",
	"animations": {
		"animation.hawluchamega.ground_walk": {
			"loop": true,
			"animation_length": 2,
			"bones": {
				"body": {
					"position": {
						"0.0": [0, "-0.8+Math.cos((query.anim_time) * 90 * 8/3 * 2) * 0.8", 0],
						"2.0": [0, "-0.8+Math.cos((query.anim_time) * 90 * 8/3 * 2) * 0.8", 0]
					}
				},
				"torso": {
					"rotation": {
						"0.0": ["0+Math.cos((query.anim_time) * 90 * 8/3 * 2 - 90) * 2", 0, "0+Math.cos((query.anim_time) * 90 * 8/3 - 90) * -3"],
						"2.0": ["0+Math.cos((query.anim_time) * 90 * 8/3 * 2 - 90) * 2", 0, "0+Math.cos((query.anim_time) * 90 * 8/3 - 90) * -3"]
					},
					"position": {
						"0.0": [0, "-1+Math.cos((query.anim_time) * 90 * 8/3 * 2 - 90) * 0.2", 0],
						"2.0": [0, "-1+Math.cos((query.anim_time) * 90 * 8/3 * 2 - 90) * 0.2", 0]
					}
				},
				"waist": {
					"rotation": ["-5+Math.cos((query.anim_time) * 90 * 8/3 * 2 - 160) * 2", 0, "0+Math.cos((query.anim_time) * 90 * 8/3 - 90) * 3"]
				},
				"chest": {
					"rotation": [7.5, 0, 0]
				},
				"arm_left": {
					"rotation": {
						"0.0": [-17.8, -10.3, 38.5],
						"1.0": [10.13805, -9.86929, 35.99873],
						"2.0": [-17.8, -10.3, 38.5]
					},
					"position": {
						"0.0": [-1.4, 1.4, -0.4],
						"2.0": [-1.4, 1.4, -0.4]
					}
				},
				"arm_left2": {
					"rotation": {
						"0.0": [25.7, 42.6, 30],
						"2.0": [25.7, 42.6, 30]
					},
					"position": {
						"0.0": [-1.2, -0.3, 0.74],
						"2.0": [-1.2, -0.3, 0.74]
					}
				},
				"arm_right": {
					"rotation": {
						"0.0": [-18.25736, 10.71145, -41.00796],
						"1.0": [9.7, 10.3, -38.5],
						"2.0": [-18.25736, 10.71145, -41.00796]
					},
					"position": {
						"0.0": [1.4, 1.4, -0.4],
						"2.0": [1.4, 1.4, -0.4]
					}
				},
				"arm_right2": {
					"rotation": {
						"0.0": [25.7, -42.6, -30],
						"2.0": [25.7, -42.6, -30]
					},
					"position": {
						"0.0": [1.2, -0.3, 0.74],
						"2.0": [1.2, -0.3, 0.74]
					}
				},
				"neck": {
					"rotation": ["0+Math.cos((query.anim_time) * 90 * 8/3 * 2 - 90) * -4", 0, 0]
				},
				"leg_right": {
					"rotation": {
						"0.0": [22.75, 3, 2],
						"0.0833": [21, 3, 2],
						"0.625": [-38.25, 3, 2],
						"0.75": [-42.5, 3, 2],
						"0.875": [-40, 3, 2],
						"1.4167": [19.5, 3, 2],
						"1.5": [22.75, 3, 2],
						"2.0": [22.75, 3, 2]
					},
					"position": {
						"0.0": [0, -0.75, 0],
						"0.75": [0, 0, 0],
						"1.0833": [0, 0, 0],
						"1.25": [0, 1, 0],
						"1.5": [0, -0.75, 0],
						"2.0": [0, -0.75, 0]
					}
				},
				"leg_right2": {
					"rotation": {
						"0.0": {
							"post": [4.5, 0, 0],
							"lerp_mode": "catmullrom"
						},
						"0.375": {
							"post": [51.25, 0, 0],
							"lerp_mode": "catmullrom"
						},
						"0.75": {
							"post": [25, 0, 0],
							"lerp_mode": "catmullrom"
						},
						"1.0833": {
							"post": [0.28, 0, 0],
							"lerp_mode": "catmullrom"
						},
						"1.2917": {
							"post": [-6.11, 0, 0],
							"lerp_mode": "catmullrom"
						},
						"1.5": {
							"post": [4.5, 0, 0],
							"lerp_mode": "catmullrom"
						},
						"2.0": {
							"post": [4.5, 0, 0],
							"lerp_mode": "catmullrom"
						}
					}
				},
				"foot_right": {
					"rotation": {
						"0.0": {
							"post": [2.5, 0, 0],
							"lerp_mode": "catmullrom"
						},
						"0.3333": {
							"post": [22.5, 0, 0],
							"lerp_mode": "catmullrom"
						},
						"0.75": {
							"post": [15, 0, 0],
							"lerp_mode": "catmullrom"
						},
						"1.0417": {
							"post": [4.5, 0, 0],
							"lerp_mode": "catmullrom"
						},
						"1.3333": {
							"post": [0, 0, 0],
							"lerp_mode": "catmullrom"
						},
						"1.5": {
							"post": [2.5, 0, 0],
							"lerp_mode": "catmullrom"
						},
						"2.0": {
							"post": [2.5, 0, 0],
							"lerp_mode": "catmullrom"
						}
					}
				},
				"leg_left": {
					"rotation": {
						"0.0": [-42.5, -3, -2],
						"0.125": [-40, -3, -2],
						"0.6667": [19.5, -3, -2],
						"0.75": [22.75, -3, -2],
						"0.8333": [21, -3, -2],
						"1.375": [-38.25, -3, -2],
						"1.5": [-42.5, -3, -2],
						"2.0": [-42.5, -3, -2]
					},
					"position": {
						"0.0": [0, 0, 0],
						"0.3333": [0, 0, 0],
						"0.5": [0, 1, 0],
						"0.75": [0, -0.75, 0],
						"1.5": [0, 0, 0],
						"2.0": [0, 0, 0]
					}
				},
				"leg_left2": {
					"rotation": {
						"0.0": {
							"post": [25, 0, 0],
							"lerp_mode": "catmullrom"
						},
						"0.3333": {
							"post": [0.28, 0, 0],
							"lerp_mode": "catmullrom"
						},
						"0.75": {
							"post": [-2.5, 0, 0],
							"lerp_mode": "catmullrom"
						},
						"1.125": {
							"post": [51.25, 0, 0],
							"lerp_mode": "catmullrom"
						},
						"1.5": {
							"post": [25, 0, 0],
							"lerp_mode": "catmullrom"
						},
						"2.0": {
							"post": [25, 0, 0],
							"lerp_mode": "catmullrom"
						}
					}
				},
				"foot_left": {
					"rotation": {
						"0.0": {
							"post": [15, 0, 0],
							"lerp_mode": "catmullrom"
						},
						"0.2917": {
							"post": [4.5, 0, 0],
							"lerp_mode": "catmullrom"
						},
						"0.5833": {
							"post": [0, 0, 0],
							"lerp_mode": "catmullrom"
						},
						"0.75": {
							"post": [2.5, 0, 0],
							"lerp_mode": "catmullrom"
						},
						"1.0833": {
							"post": [22.5, 0, 0],
							"lerp_mode": "catmullrom"
						},
						"1.5": {
							"post": [15, 0, 0],
							"lerp_mode": "catmullrom"
						},
						"2.0": {
							"post": [15, 0, 0],
							"lerp_mode": "catmullrom"
						}
					}
				},
				"bone10": {
					"rotation": [0, 0, 7.5],
					"position": [0, 1, 0]
				},
				"bone8": {
					"rotation": {
						"0.0": [0, 0, -10],
						"2.0": [0, 0, -10]
					}
				},
				"bone9": {
					"rotation": {
						"0.0": [0, 0, -7.5],
						"2.0": [0, 0, -7.5]
					}
				},
				"bone11": {
					"rotation": [0, 0, -2.5]
				},
				"bone12": {
					"rotation": {
						"0.0": [0, 0, -7.5],
						"2.0": [0, 0, -7.5]
					}
				},
				"bone13": {
					"rotation": {
						"0.0": [0, 0, -7.5],
						"2.0": [0, 0, -7.5]
					}
				},
				"bone5": {
					"rotation": {
						"0.0": [0, 0, -7.5],
						"2.0": [0, 0, -7.5]
					},
					"position": {
						"0.0": [0, 1, 0],
						"2.0": [0, 1, 0]
					}
				},
				"bone6": {
					"rotation": {
						"0.0": [0, 0, 10],
						"2.0": [0, 0, 10]
					}
				},
				"bone7": {
					"rotation": {
						"0.0": [0, 0, 7.5],
						"2.0": [0, 0, 7.5]
					}
				},
				"bone14": {
					"rotation": {
						"0.0": [0, 0, 2.5],
						"2.0": [0, 0, 2.5]
					}
				},
				"bone15": {
					"rotation": [0, 0, 7.5]
				},
				"bone16": {
					"rotation": [0, 0, 7.5]
				},
				"bone18": {
					"rotation": [0, 0, -7.5],
					"position": [0, 1, 0]
				},
				"bone19": {
					"rotation": [0, 0, 10]
				},
				"bone20": {
					"rotation": [0, 0, 7.5]
				},
				"bone21": {
					"rotation": [0, 0, 2.5]
				},
				"bone22": {
					"rotation": [0, 0, 7.5]
				},
				"bone23": {
					"rotation": [0, 0, 7.5]
				},
				"bone25": {
					"rotation": [0, 0, 7.5],
					"position": [0, 1, 0]
				},
				"bone26": {
					"rotation": [0, 0, -10]
				},
				"bone27": {
					"rotation": [0, 0, -7.5]
				},
				"bone28": {
					"rotation": [0, 0, -2.5]
				},
				"bone29": {
					"rotation": [0, 0, -7.5]
				},
				"bone30": {
					"rotation": [0, 0, -7.5]
				},
				"bone32": {
					"rotation": [0, 0, 7.5],
					"position": [0, 1, 0]
				},
				"bone33": {
					"rotation": [0, 0, -10]
				},
				"bone34": {
					"rotation": [0, 0, -7.5]
				},
				"bone35": {
					"rotation": [0, 0, -2.5]
				},
				"bone36": {
					"rotation": [0, 0, -7.5]
				},
				"bone37": {
					"rotation": [0, 0, -7.5]
				},
				"bone38": {
					"scale": 0
				},
				"finger_front_left": {
					"rotation": {
						"0.0": [121.97401, 19.44675, 49.22434],
						"2.0": [121.97401, 19.44675, 49.22434]
					},
					"position": {
						"0.0": [-0.91298, -0.98715, -0.38512],
						"2.0": [-0.91298, -0.98715, -0.38512]
					}
				},
				"finger_center_left": {
					"rotation": [0, 0, 17.5]
				},
				"finger_back_left": {
					"rotation": {
						"0.0": [-120.30974, -14.31429, 42.9406],
						"2.0": [-120.30974, -14.31429, 42.9406]
					},
					"position": {
						"0.0": [-0.91296, -0.98713, 0.38508],
						"2.0": [-0.91296, -0.98713, 0.38508]
					}
				},
				"hand_left": {
					"rotation": {
						"0.0": [-0.26, 7.36, 22.89],
						"2.0": [-0.26, 7.36, 22.89]
					},
					"position": {
						"0.0": [0.19476, 0.4605, 0.00226],
						"2.0": [0.19476, 0.4605, 0.00226]
					}
				},
				"wing_left": {
					"rotation": {
						"0.0": [10, 0, -20],
						"2.0": [10, 0, -20]
					},
					"position": {
						"0.0": [0.93969, 1.34202, 0],
						"2.0": [0.93969, 1.34202, 0]
					},
					"scale": {
						"0.0": [1.1, 1.3, 1.1],
						"2.0": [1.1, 1.3, 1.1]
					}
				},
				"feather_inner_left": {
					"rotation": {
						"0.0": [15, 0, 0],
						"2.0": [15, 0, 0]
					},
					"position": {
						"0.0": [0, 0, -1],
						"2.0": [0, 0, -1]
					}
				},
				"feather_middle_inner_left": {
					"rotation": {
						"0.0": [12.5, 0, 0],
						"2.0": [12.5, 0, 0]
					},
					"position": {
						"0.0": [-0.95, -0.75, -1],
						"2.0": [-0.95, -0.75, -1]
					}
				},
				"wing_left2": {
					"rotation": {
						"0.0": [38.75, 45.95, 40.25],
						"2.0": [38.75, 45.95, 40.25]
					},
					"position": {
						"0.0": [-2.5, -1.5, -1.4],
						"2.0": [-2.5, -1.5, -1.4]
					}
				},
				"feather_middle_left": {
					"rotation": {
						"0.0": [0, 0, -22.5],
						"2.0": [0, 0, -22.5]
					},
					"position": {
						"0.0": [0.1, -0.3, 0],
						"2.0": [0.1, -0.3, 0]
					}
				},
				"feather_middle_outer_left": {
					"rotation": {
						"0.0": [2.38443, 0.75155, -24.98436],
						"2.0": [2.38443, 0.75155, -24.98436]
					},
					"position": {
						"0.0": [0, -0.2, 0],
						"2.0": [0, -0.2, 0]
					}
				},
				"feather_middle_outer_left2": {
					"rotation": {
						"0.0": [-12.5, 0, 0],
						"2.0": [-12.5, 0, 0]
					}
				},
				"feather_outer_left": {
					"rotation": {
						"0.0": [0, 0, -35],
						"2.0": [0, 0, -35]
					},
					"position": {
						"0.0": [-0.8, -0.55, 0],
						"2.0": [-0.8, -0.55, 0]
					}
				},
				"feather_outer_left2": {
					"rotation": {
						"0.0": [-20, 0, 0],
						"2.0": [-20, 0, 0]
					}
				},
				"hand_right": {
					"rotation": {
						"0.0": [-0.26, -7.36, -22.89],
						"2.0": [-0.26, -7.36, -22.89]
					},
					"position": {
						"0.0": [-0.19476, 0.4605, 0.00226],
						"2.0": [-0.19476, 0.4605, 0.00226]
					}
				},
				"finger_front_right": {
					"rotation": {
						"0.0": [121.97401, -19.44675, -49.22434],
						"2.0": [121.97401, -19.44675, -49.22434]
					},
					"position": {
						"0.0": [0.91298, -0.98715, -0.38512],
						"2.0": [0.91298, -0.98715, -0.38512]
					}
				},
				"finger_back_right": {
					"rotation": {
						"0.0": [-120.30974, 14.31429, -42.9406],
						"2.0": [-120.30974, 14.31429, -42.9406]
					},
					"position": {
						"0.0": [0.91296, -0.98713, 0.38508],
						"2.0": [0.91296, -0.98713, 0.38508]
					}
				},
				"finger_mid_right": {
					"rotation": {
						"0.0": [0, 0, -7.5],
						"2.0": [0, 0, -7.5]
					},
					"position": {
						"0.0": [0.25, 0.43301, 0],
						"2.0": [0.25, 0.43301, 0]
					}
				},
				"wing_right": {
					"rotation": {
						"0.0": [10, 0, 20],
						"2.0": [10, 0, 20]
					},
					"position": {
						"0.0": [-0.93969, 1.34202, 0],
						"2.0": [-0.93969, 1.34202, 0]
					},
					"scale": {
						"0.0": [1, 1.2, 0.9],
						"2.0": [1, 1.2, 0.9]
					}
				},
				"feather_inner_right": {
					"rotation": {
						"0.0": [15, 0, 0],
						"2.0": [15, 0, 0]
					},
					"position": {
						"0.0": [0, 0, -1],
						"2.0": [0, 0, -1]
					}
				},
				"feather_middle_inner_right": {
					"rotation": {
						"0.0": [12.5, 0, 0],
						"2.0": [12.5, 0, 0]
					},
					"position": {
						"0.0": [0.95, -0.75, -1],
						"2.0": [0.95, -0.75, -1]
					}
				},
				"wing_right2": {
					"rotation": {
						"0.0": [38.75, -45.95, -40.25],
						"2.0": [38.75, -45.95, -40.25]
					},
					"position": {
						"0.0": [2.5, -1.5, -1.4],
						"2.0": [2.5, -1.5, -1.4]
					}
				},
				"feather_middle_right": {
					"rotation": {
						"0.0": [0, 0, 22.5],
						"2.0": [0, 0, 22.5]
					},
					"position": {
						"0.0": [-0.1, -0.3, 0],
						"2.0": [-0.1, -0.3, 0]
					}
				},
				"feather_middle_outer_right": {
					"rotation": {
						"0.0": [2.38443, -0.75155, 24.98436],
						"2.0": [2.38443, -0.75155, 24.98436]
					},
					"position": {
						"0.0": [0, -0.2, 0],
						"2.0": [0, -0.2, 0]
					}
				},
				"feather_outer_right": {
					"rotation": {
						"0.0": [0, 0, 35],
						"2.0": [0, 0, 35]
					},
					"position": {
						"0.0": [0.8, -0.55, 0],
						"2.0": [0.8, -0.55, 0]
					}
				}
			}
		},
		"animation.hawluchamega.ground_idle": {
			"loop": true,
			"animation_length": 2,
			"bones": {
				"torso": {
					"rotation": [7.5, 0, 0],
					"scale": 1
				},
				"arm_left": {
					"rotation": {
						"0.0": [9.7, -10.3, 38.5],
						"1.0": [10.13805, -9.86929, 35.99873],
						"2.0": [9.7, -10.3, 38.5]
					},
					"position": {
						"0.0": [-1.4, 1.4, -0.4],
						"2.0": [-1.4, 1.4, -0.4]
					}
				},
				"arm_left2": {
					"rotation": [25.7, 42.6, 30],
					"position": [-1.2, -0.3, 0.74]
				},
				"feather_inner_left": {
					"rotation": [15, 0, 0],
					"position": [0, 0, -1]
				},
				"feather_middle_inner_left": {
					"rotation": [12.5, 0, 0],
					"position": [-0.95, -0.75, -1]
				},
				"wing_left2": {
					"rotation": [38.75, 45.95, 40.25],
					"position": [-2.5, -1.5, -1.4]
				},
				"pupil_right": {
					"position": [0, -0.25, 0]
				},
				"pupil_left": {
					"position": [0, -0.05, 0]
				},
				"hand_left": {
					"rotation": [-0.26, 7.36, 22.89],
					"position": [0.19476, 0.4605, 0.00226]
				},
				"finger_front_left": {
					"rotation": [121.97401, 19.44675, 49.22434],
					"position": [-0.91298, -0.98715, -0.38512]
				},
				"finger_back_left": {
					"rotation": [-120.30974, -14.31429, 42.9406],
					"position": [-0.91296, -0.98713, 0.38508]
				},
				"finger_mid_left": {
					"rotation": [0, 0, 7.5],
					"position": [-0.25, 0.43301, 0]
				},
				"wing_left": {
					"rotation": [10, 0, -20],
					"position": [0.93969, 1.34202, 0],
					"scale": [1.1, 1.3, 1.1]
				},
				"feather_middle_left": {
					"rotation": [0, 0, -22.5],
					"position": [0.1, -0.3, 0]
				},
				"feather_outer_left": {
					"rotation": [0, 0, -35],
					"position": [-0.8, -0.55, 0]
				},
				"torso2": {
					"rotation": {
						"0.0": [-12.5, 0, 0],
						"1.0": [-15, 0, 0],
						"2.0": [-12.5, 0, 0]
					},
					"position": {
						"0.0": [0, -0.98, -0.22],
						"2.0": [0, -0.98, -0.22]
					}
				},
				"torso_feather_middle_front_right": {
					"rotation": [-1.36836, -4.98206, -26.32683]
				},
				"torso_feather_middle_back_right": {
					"rotation": [0, 0, -25]
				},
				"torso_feather_side_left": {
					"rotation": [12.5, 0, 0]
				},
				"torso_feather_middle_front_left": {
					"rotation": [-1.36836, 4.98206, 26.32683]
				},
				"torso_feather_middle_back_left": {
					"rotation": [0, 0, 25]
				},
				"torso_feather_side_right": {
					"rotation": [12.5, 0, 0]
				},
				"wing_back": {
					"rotation": [22.5, 0, 0]
				},
				"wing_back_left2": {
					"rotation": [-2.5, 0, 0]
				},
				"wing_back_right2": {
					"rotation": [-2.5, 0, 0]
				},
				"wing_back2": {
					"rotation": [-10, 0, 0]
				},
				"feather_inner_left2": {
					"rotation": [-15, 0, 0]
				},
				"feather_middle_inner_left2": {
					"rotation": [-15, 0, 0]
				},
				"feather_middle_left2": {
					"rotation": [-10, 0, 0]
				},
				"feather_middle_outer_left": {
					"rotation": [2.38443, 0.75155, -24.98436],
					"position": [0, -0.2, 0]
				},
				"feather_middle_outer_left2": {
					"rotation": [-12.5, 0, 0]
				},
				"feather_outer_left2": {
					"rotation": [-20, 0, 0]
				},
				"arm_right": {
					"rotation": {
						"0.0": [9.24264, 10.71145, -41.00796],
						"1.0": [9.7, 10.3, -38.5],
						"2.0": [9.24264, 10.71145, -41.00796]
					},
					"position": {
						"0.0": [1.4, 1.4, -0.4],
						"2.0": [1.4, 1.4, -0.4]
					}
				},
				"arm_right2": {
					"rotation": [25.7, -42.6, -30],
					"position": [1.2, -0.3, 0.74]
				},
				"hand_right": {
					"rotation": [-0.26, -7.36, -22.89],
					"position": [-0.19476, 0.4605, 0.00226]
				},
				"finger_front_right": {
					"rotation": [121.97401, -19.44675, -49.22434],
					"position": [0.91298, -0.98715, -0.38512]
				},
				"finger_back_right": {
					"rotation": [-120.30974, 14.31429, -42.9406],
					"position": [0.91296, -0.98713, 0.38508]
				},
				"finger_mid_right": {
					"rotation": [0, 0, -7.5],
					"position": [0.25, 0.43301, 0]
				},
				"wing_right": {
					"rotation": [10, 0, 20],
					"position": [-0.93969, 1.34202, 0],
					"scale": [1, 1.2, 0.9]
				},
				"feather_inner_right": {
					"rotation": [15, 0, 0],
					"position": [0, 0, -1]
				},
				"feather_inner_right2": {
					"rotation": [-15, 0, 0]
				},
				"feather_middle_inner_right": {
					"rotation": [12.5, 0, 0],
					"position": [0.95, -0.75, -1]
				},
				"feather_middle_inner_right2": {
					"rotation": [-15, 0, 0]
				},
				"wing_right2": {
					"rotation": [38.75, -45.95, -40.25],
					"position": [2.5, -1.5, -1.4]
				},
				"feather_middle_right": {
					"rotation": [0, 0, 22.5],
					"position": [-0.1, -0.3, 0]
				},
				"feather_middle_right2": {
					"rotation": [-10, 0, 0]
				},
				"feather_middle_outer_right": {
					"rotation": [2.38443, -0.75155, 24.98436],
					"position": [0, -0.2, 0]
				},
				"feather_middle_outer_right2": {
					"rotation": [-12.5, 0, 0]
				},
				"feather_outer_right": {
					"rotation": [0, 0, 35],
					"position": [0.8, -0.55, 0]
				},
				"feather_outer_right2": {
					"rotation": [-20, 0, 0]
				},
				"body": {
					"position": [0, -0.2, 0]
				},
				"head": {
					"rotation": [8, 0, 0]
				},
				"leg_right": {
					"rotation": [-2.5, 0, 15]
				},
				"leg_right2": {
					"rotation": [5, 0, -10]
				},
				"foot_right": {
					"rotation": [-2.5, 0, -5]
				},
				"leg_left": {
					"rotation": [-2.5, 0, -15]
				},
				"leg_left2": {
					"rotation": [5, 0, 10]
				},
				"foot_left": {
					"rotation": [-2.5, 0, 5]
				},
				"hawlucha": {
					"scale": 1.3
				},
				"head2": {
					"rotation": {
						"0.0": [0, 0, 0],
						"1.0": [5, 0, 0],
						"2.0": [0, 0, 0]
					}
				},
				"bone": {
					"rotation": {
						"0.0": [0, 0, 0],
						"1.0": [-7.5, 0, 0],
						"2.0": [0, 0, 0]
					},
					"position": {
						"0.0": [0, 0, 0],
						"1.0": [0, -1.1, 0.8],
						"2.0": [0, 0, 0]
					}
				},
				"bone2": {
					"rotation": {
						"0.0": [0, -2.5, 0],
						"1.0": [-7.38548, 4.95793, -0.65751],
						"2.0": [0, -2.5, 0]
					}
				},
				"bone3": {
					"rotation": {
						"0.0": [0, 5, 0],
						"1.0": [-7.4353, -2.4788, 0.33127],
						"2.0": [0, 5, 0]
					}
				},
				"plumas": {
					"rotation": {
						"0.0": [-2.5, 0, 0],
						"1.0": [-7.5, 0, 0],
						"2.0": [-2.5, 0, 0]
					},
					"position": {
						"0.0": [0, 0, 0.6],
						"1.0": [0, -0.7, 1.5],
						"2.0": [0, 0, 0.6]
					}
				},
				"plumasdoradas": {
					"position": [0, 2.1, 0],
					"scale": [1, 0.82, 1]
				},
				"bone7": {
					"rotation": {
						"0.0": [0, 0, 0],
						"1.0": [-2.5, 0, 0],
						"2.0": [0, 0, 0]
					}
				},
				"bone9": {
					"rotation": [0, 0, 0]
				},
				"bone10": {
					"position": [1, 0, 0],
					"scale": [0.6, 0.9, 1]
				},
				"bone11": {
					"position": [-1, 0, 0],
					"scale": [0.6, 0.9, 1]
				},
				"bone13": {
					"rotation": {
						"0.0": [15, 0, 0],
						"1.0": [20, 0, 0],
						"2.0": [15, 0, 0]
					},
					"position": {
						"0.0": [0, 0.7, 3.5],
						"2.0": [0, 0.7, 3.5]
					}
				}
			}
		},
		"animation.hawluchamega.battle_idle": {
			"loop": true,
			"animation_length": 2,
			"bones": {
				"torso": {
					"rotation": [7.5, 0, 0]
				},
				"arm_left": {
					"rotation": {
						"0.0": [-17.0089, -15.2306, -4.01684],
						"2.0": [-17.0089, -15.2306, -4.01684]
					},
					"position": {
						"0.0": [0, -0.2, -0.4],
						"2.0": [0, -0.2, -0.4]
					}
				},
				"arm_left2": {
					"rotation": {
						"0.0": [-16.8, 42.6, 30],
						"2.0": [-16.8, 42.6, 30]
					},
					"position": {
						"0.0": [-1.2, -0.3, 0.74],
						"2.0": [-1.2, -0.3, 0.74]
					}
				},
				"feather_inner_left": {
					"rotation": {
						"0.0": [15, 0, 0],
						"2.0": [15, 0, 0]
					},
					"position": {
						"0.0": [0, 0, -1],
						"2.0": [0, 0, -1]
					}
				},
				"feather_middle_inner_left": {
					"rotation": {
						"0.0": [12.5, 0, 0],
						"2.0": [12.5, 0, 0]
					},
					"position": {
						"0.0": [-0.95, -0.75, -1],
						"2.0": [-0.95, -0.75, -1]
					}
				},
				"wing_left2": {
					"rotation": {
						"0.0": [38.75, 45.95, 40.25],
						"2.0": [38.75, 45.95, 40.25]
					},
					"position": {
						"0.0": [-2.5, -1.5, -1.4],
						"2.0": [-2.5, -1.5, -1.4]
					},
					"scale": {
						"0.0": [1.1, 1, 1],
						"2.0": [1.1, 1, 1]
					}
				},
				"pupil_right": {
					"position": [0, -0.25, 0]
				},
				"pupil_left": {
					"position": {
						"0.0": [0, -0.05, 0],
						"2.0": [0, -0.05, 0]
					}
				},
				"hand_left": {
					"rotation": {
						"0.0": [-0.26, 7.36, 22.89],
						"2.0": [-0.26, 7.36, 22.89]
					},
					"position": {
						"0.0": [0.19476, 0.4605, 0.00226],
						"2.0": [0.19476, 0.4605, 0.00226]
					}
				},
				"finger_front_left": {
					"rotation": [121.97401, 19.44675, 49.22434],
					"position": [-0.91298, -0.98715, -0.38512]
				},
				"finger_back_left": {
					"rotation": [-120.30974, -14.31429, 42.9406],
					"position": [-0.91296, -0.98713, 0.38508]
				},
				"finger_mid_left": {
					"rotation": [0, 0, 7.5],
					"position": [-0.25, 0.43301, 0]
				},
				"wing_left": {
					"rotation": {
						"0.0": [10, 0, -20],
						"2.0": [10, 0, -20]
					},
					"position": {
						"0.0": [-4.06031, 1.34202, 0],
						"2.0": [-4.06031, 1.34202, 0]
					},
					"scale": {
						"0.0": [1.4, 1.3, 1.1],
						"2.0": [1.4, 1.3, 1.1]
					}
				},
				"feather_middle_left": {
					"rotation": {
						"0.0": [0, 0, -22.5],
						"2.0": [0, 0, -22.5]
					},
					"position": {
						"0.0": [0.1, -0.3, 0],
						"2.0": [0.1, -0.3, 0]
					}
				},
				"feather_outer_left": {
					"rotation": {
						"0.0": [0, 0, -35],
						"2.0": [0, 0, -35]
					},
					"position": {
						"0.0": [-0.8, -0.55, 0],
						"2.0": [-0.8, -0.55, 0]
					}
				},
				"torso2": {
					"rotation": {
						"0.0": [-22.5, 0, 0],
						"1.0": [-15, 0, 0],
						"2.0": [-22.5, 0, 0]
					},
					"position": {
						"0.0": [0, -0.98, -0.22],
						"2.0": [0, -0.98, -0.22]
					}
				},
				"torso_feather_middle_front_right": {
					"rotation": [-1.36836, -4.98206, -26.32683]
				},
				"torso_feather_middle_back_right": {
					"rotation": [0, 0, -25]
				},
				"torso_feather_side_left": {
					"rotation": [12.5, 0, 0]
				},
				"torso_feather_middle_front_left": {
					"rotation": [-1.36836, 4.98206, 26.32683]
				},
				"torso_feather_middle_back_left": {
					"rotation": [0, 0, 25]
				},
				"torso_feather_side_right": {
					"rotation": [12.5, 0, 0]
				},
				"wing_back": {
					"rotation": [22.5, 0, 0]
				},
				"wing_back_left2": {
					"rotation": [-2.5, 0, 0]
				},
				"wing_back_right2": {
					"rotation": [-2.5, 0, 0]
				},
				"wing_back2": {
					"rotation": {
						"0.0": [-10, 0, 0],
						"2.0": [-10, 0, 0]
					}
				},
				"feather_inner_left2": {
					"rotation": {
						"0.0": [-15, 0, 0],
						"2.0": [-15, 0, 0]
					}
				},
				"feather_middle_inner_left2": {
					"rotation": {
						"0.0": [-15, 0, 0],
						"2.0": [-15, 0, 0]
					}
				},
				"feather_middle_left2": {
					"rotation": {
						"0.0": [-10, 0, 0],
						"2.0": [-10, 0, 0]
					}
				},
				"feather_middle_outer_left": {
					"rotation": {
						"0.0": [2.38443, 0.75155, -24.98436],
						"2.0": [2.38443, 0.75155, -24.98436]
					},
					"position": {
						"0.0": [0, -0.2, 0],
						"2.0": [0, -0.2, 0]
					}
				},
				"feather_middle_outer_left2": {
					"rotation": {
						"0.0": [-12.5, 0, 0],
						"2.0": [-12.5, 0, 0]
					}
				},
				"feather_outer_left2": {
					"rotation": {
						"0.0": [-20, 0, 0],
						"2.0": [-20, 0, 0]
					}
				},
				"arm_right": {
					"rotation": {
						"0.0": [-22.3507, 29.1266, 3.06771],
						"2.0": [-22.3507, 29.1266, 3.06771]
					},
					"position": {
						"0.0": [1.4, 0.8, -0.4],
						"2.0": [1.4, 0.8, -0.4]
					}
				},
				"arm_right2": {
					"rotation": {
						"0.0": [5.7, -42.6, -30],
						"2.0": [5.7, -42.6, -30]
					},
					"position": {
						"0.0": [1.2, -0.3, 0.74],
						"2.0": [1.2, -0.3, 0.74]
					}
				},
				"hand_right": {
					"rotation": {
						"0.0": [-0.26, -7.36, -22.89],
						"2.0": [-0.26, -7.36, -22.89]
					},
					"position": {
						"0.0": [-0.19476, 0.4605, 0.00226],
						"2.0": [-0.19476, 0.4605, 0.00226]
					}
				},
				"finger_front_right": {
					"rotation": {
						"0.0": [121.97401, -19.44675, -49.22434],
						"2.0": [121.97401, -19.44675, -49.22434]
					},
					"position": {
						"0.0": [0.91298, -0.98715, -0.38512],
						"2.0": [0.91298, -0.98715, -0.38512]
					}
				},
				"finger_back_right": {
					"rotation": [-120.30974, 14.31429, -42.9406],
					"position": [0.91296, -0.98713, 0.38508]
				},
				"finger_mid_right": {
					"rotation": [0, 0, -7.5],
					"position": [0.25, 0.43301, 0]
				},
				"wing_right": {
					"rotation": {
						"0.0": [10, 0, 20],
						"2.0": [10, 0, 20]
					},
					"position": {
						"0.0": [2.06031, 1.34202, 0],
						"2.0": [2.06031, 1.34202, 0]
					},
					"scale": {
						"0.0": [1.4, 1.2, 0.9],
						"2.0": [1.4, 1.2, 0.9]
					}
				},
				"feather_inner_right": {
					"rotation": {
						"0.0": [15, 0, 0],
						"2.0": [15, 0, 0]
					},
					"position": {
						"0.0": [0, 0, -1],
						"2.0": [0, 0, -1]
					}
				},
				"feather_inner_right2": {
					"rotation": {
						"0.0": [-15, 0, 0],
						"2.0": [-15, 0, 0]
					}
				},
				"feather_middle_inner_right": {
					"rotation": {
						"0.0": [12.5, 0, 0],
						"2.0": [12.5, 0, 0]
					},
					"position": {
						"0.0": [0.95, -0.75, -1],
						"2.0": [0.95, -0.75, -1]
					}
				},
				"feather_middle_inner_right2": {
					"rotation": {
						"0.0": [-15, 0, 0],
						"2.0": [-15, 0, 0]
					}
				},
				"wing_right2": {
					"rotation": {
						"0.0": [38.75, -45.95, -40.25],
						"2.0": [38.75, -45.95, -40.25]
					},
					"position": {
						"0.0": [2.5, -1.5, -1.4],
						"2.0": [2.5, -1.5, -1.4]
					},
					"scale": {
						"0.0": [1, 1, 0.7],
						"2.0": [1, 1, 0.7]
					}
				},
				"feather_middle_right": {
					"rotation": {
						"0.0": [0, 0, 22.5],
						"2.0": [0, 0, 22.5]
					},
					"position": {
						"0.0": [-0.1, -0.3, 0],
						"2.0": [-0.1, -0.3, 0]
					}
				},
				"feather_middle_right2": {
					"rotation": {
						"0.0": [-10, 0, 0],
						"2.0": [-10, 0, 0]
					}
				},
				"feather_middle_outer_right": {
					"rotation": {
						"0.0": [2.38443, -0.75155, 24.98436],
						"2.0": [2.38443, -0.75155, 24.98436]
					},
					"position": {
						"0.0": [0, -0.2, 0],
						"2.0": [0, -0.2, 0]
					}
				},
				"feather_middle_outer_right2": {
					"rotation": {
						"0.0": [-12.5, 0, 0],
						"2.0": [-12.5, 0, 0]
					}
				},
				"feather_outer_right": {
					"rotation": {
						"0.0": [0, 0, 35],
						"2.0": [0, 0, 35]
					},
					"position": {
						"0.0": [0.8, -0.55, 0],
						"2.0": [0.8, -0.55, 0]
					}
				},
				"feather_outer_right2": {
					"rotation": {
						"0.0": [-20, 0, 0],
						"2.0": [-20, 0, 0]
					}
				},
				"body": {
					"position": [0, -0.2, 0]
				},
				"head": {
					"rotation": {
						"0.0": [-2, 0, 0],
						"2.0": [-2, 0, 0]
					}
				},
				"leg_right": {
					"rotation": {
						"0.0": [-2.34941, -0.85481, -4.98247],
						"2.0": [-2.34941, -0.85481, -4.98247]
					},
					"position": {
						"0.0": [0.9, 0, 0],
						"2.0": [0.9, 0, 0]
					}
				},
				"leg_right2": {
					"rotation": {
						"0.0": [4.95744, -0.65182, -2.52822],
						"2.0": [4.95744, -0.65182, -2.52822]
					}
				},
				"foot_right": {
					"rotation": [-2.5, 0, -5]
				},
				"leg_left": {
					"rotation": {
						"0.0": [-4.28505, 3.16406, 2.07243],
						"2.0": [-4.28505, 3.16406, 2.07243]
					},
					"position": {
						"0.0": [-1.2, 0, 0],
						"2.0": [-1.2, 0, 0]
					}
				},
				"leg_left2": {
					"rotation": {
						"0.0": [4.95744, 0.65182, 2.52822],
						"2.0": [4.95744, 0.65182, 2.52822]
					}
				},
				"foot_left": {
					"rotation": [-2.5, 0, 5]
				},
				"hawlucha": {
					"scale": {
						"0.0": [1.3, 1.3, 1.3],
						"2.0": [1.3, 1.3, 1.3]
					}
				},
				"head2": {
					"rotation": {
						"0.0": [0, 0, 0],
						"1.0": [5, 0, 0],
						"2.0": [0, 0, 0]
					}
				},
				"bone": {
					"rotation": {
						"0.0": [0, 0, 0],
						"1.0": [-7.5, 0, 0],
						"2.0": [0, 0, 0]
					},
					"position": {
						"0.0": [0, 0, 0],
						"1.0": [0, -1.1, 0.8],
						"2.0": [0, 0, 0]
					}
				},
				"bone2": {
					"rotation": {
						"0.0": [0, -2.5, 0],
						"1.0": [-7.38548, 4.95793, -0.65751],
						"2.0": [0, -2.5, 0]
					}
				},
				"bone3": {
					"rotation": {
						"0.0": [0, 5, 0],
						"1.0": [-7.4353, -2.4788, 0.33127],
						"2.0": [0, 5, 0]
					}
				},
				"plumas": {
					"rotation": {
						"0.0": [-2.5, 0, 0],
						"1.0": [-7.5, 0, 0],
						"2.0": [-2.5, 0, 0]
					},
					"position": {
						"0.0": [0, 0, 0.6],
						"1.0": [0, -0.7, 1.5],
						"2.0": [0, 0, 0.6]
					}
				},
				"plumasdoradas": {
					"position": [0, 2.1, 0],
					"scale": [1, 0.82, 1]
				},
				"bone7": {
					"rotation": {
						"0.0": [0, 0, 0],
						"1.0": [-2.5, 0, 0],
						"2.0": [0, 0, 0]
					}
				},
				"bone9": {
					"rotation": {
						"0.0": [0, 0, 0],
						"2.0": [0, 0, 0]
					}
				},
				"bone10": {
					"position": {
						"0.0": [1, 0, 0],
						"2.0": [1, 0, 0]
					},
					"scale": {
						"0.0": [0.6, 0.9, 1],
						"2.0": [0.6, 0.9, 1]
					}
				},
				"bone11": {
					"position": {
						"0.0": [-1, 0, 0],
						"2.0": [-1, 0, 0]
					},
					"scale": {
						"0.0": [0.6, 0.9, 1],
						"2.0": [0.6, 0.9, 1]
					}
				},
				"bone13": {
					"rotation": {
						"0.0": [15, 0, 0],
						"1.0": [20, 0, 0],
						"2.0": [15, 0, 0]
					},
					"position": {
						"0.0": [0, 0.7, 3.5],
						"2.0": [0, 0.7, 3.5]
					}
				}
			}
		},
		"animation.hawluchamega.blink": {
			"animation_length": 0.1667,
			"bones": {
				"eyelid_right": {
					"position": {
						"0.0": [-0.1, 0, 1],
						"0.1667": {
							"pre": [-0.1, 0, 1],
							"post": [0, 0, 0]
						}
					}
				},
				"eyelid_left": {
					"position": {
						"0.0": [-3.9, 0, 1],
						"0.1667": {
							"pre": [-3.9, 0, 1],
							"post": [0, 0, 0]
						}
					}
				},
				"iris_left": {
					"position": {
						"0.0": [-0.1, 0, 0],
						"0.1667": {
							"pre": [-0.1, 0, 0],
							"post": [0, 0, 0]
						}
					}
				},
				"iris_right": {
					"position": {
						"0.0": [0.1, 0, 0],
						"0.1667": {
							"pre": [0.1, 0, 0],
							"post": [0, 0, 0]
						}
					}
				},
				"hawlucha": {
					"scale": 1.3
				},
				"eye_left": {
					"position": [0, 0, 0]
				},
				"eye_happy_left": {
					"position": [-3, 0, 0]
				},
				"pupil_left": {
					"position": [0.2, 0, 0]
				},
				"wing_left": {
					"scale": [1, 1.4, 1]
				},
				"wing_right": {
					"scale": [1.1, 1.4, 1]
				},
				"torso_feather_back_right": {
					"position": [0, 0, -2]
				},
				"torso_feather_back_left": {
					"position": [0, 0, -2]
				},
				"plumasdoradas": {
					"position": [0, 2.1, 0],
					"scale": [1, 0.82, 1]
				},
				"bone10": {
					"position": [1, 0, 0],
					"scale": [0.6, 0.9, 1]
				},
				"bone11": {
					"position": [-1, 0, 0],
					"scale": [0.6, 0.9, 1]
				},
				"bone13": {
					"rotation": [-2.5, 0, 0],
					"position": [0, 0.7, -0.3]
				}
			}
		},
		"animation.hawluchamega.pose": {
			"loop": true,
			"animation_length": 2,
			"bones": {
				"torso2": {
					"rotation": {
						"0.0": [-12.5, 0, 0],
						"1.0": [-15, 0, 0],
						"2.0": [-12.5, 0, 0]
					},
					"position": {
						"0.0": [0, -0.98, -0.22],
						"2.0": [0, -0.98, -0.22]
					}
				},
				"head": {
					"position": [0, -0.13053, -0.99144]
				},
				"mouth_open": {
					"position": [0, 0, -0.1]
				},
				"head2": {
					"rotation": {
						"0.0": [0, 0, 0],
						"1.0": [5, 0, 0],
						"2.0": [0, 0, 0]
					}
				},
				"pupil_right": {
					"position": [0, -1.00071, -0.03271]
				},
				"pupil_left": {
					"position": [0, -0.00071, -0.03271]
				},
				"arm_left": {
					"rotation": {
						"0.0": [9.7, -10.3, 38.5],
						"1.0": [10.13805, -9.86929, 35.99873],
						"2.0": [9.7, -10.3, 38.5]
					},
					"position": {
						"0.0": [-1.4, 1.4, -0.4],
						"2.0": [-1.4, 1.4, -0.4]
					}
				},
				"arm_left2": {
					"rotation": [25.7, 42.6, 30],
					"position": [-1.2, -0.3, 0.74]
				},
				"hand_left": {
					"rotation": [-0.26, 7.36, 22.89],
					"position": [0.19476, 0.4605, 0.00226]
				},
				"finger_front_left": {
					"rotation": [76.87284, 31.93932, 76.4579],
					"position": [-0.57056, 0.10689, -0.19503]
				},
				"finger_back_left": {
					"rotation": [-64.7707, -26.78539, 51.10587],
					"position": [-0.57056, 0.10689, 0.195]
				},
				"finger_mid_left": {
					"rotation": [0, 0, 5],
					"position": [-0.19134, 0.46194, 0]
				},
				"feather_inner_left": {
					"rotation": [15, 0, 0],
					"position": [0, 0, -1]
				},
				"feather_middle_inner_left": {
					"rotation": [12.5, 0, 0],
					"position": [-0.95, -0.75, -1]
				},
				"feather_middle_left": {
					"rotation": [0, 0, -22.5],
					"position": [0.1, -0.3, 0]
				},
				"feather_middle_outer_left": {
					"rotation": [2.38443, 0.75155, -24.98436],
					"position": [0, -0.2, 0]
				},
				"feather_outer_left": {
					"rotation": [0, 0, -35],
					"position": [-0.8, -0.55, 0]
				},
				"leg_right": {
					"rotation": [-2.5, 0, 15],
					"position": [0.29, -1.3, -0.47]
				},
				"leg_right2": {
					"rotation": [110, 0, -10],
					"position": [-0.29523, 1.67431, 2.17847]
				},
				"foot_right": {
					"rotation": [40, 0, 0]
				},
				"leg_left": {
					"rotation": [-2.5, 0, -15],
					"position": [-0.89714, -0.42394, -0.12414]
				},
				"leg_left2": {
					"rotation": [115, 0, 0],
					"position": [0.06339, 1.7992, 1.89463]
				},
				"foot_left": {
					"rotation": [30, 0, 0]
				},
				"feather_inner_left2": {
					"rotation": [-15, 0, 0]
				},
				"feather_middle_inner_left2": {
					"rotation": [-15, 0, 0]
				},
				"feather_middle_left2": {
					"rotation": [-10, 0, 0]
				},
				"feather_middle_outer_left2": {
					"rotation": [-12.5, 0, 0]
				},
				"feather_outer_left2": {
					"rotation": [-20, 0, 0]
				},
				"wing_back": {
					"rotation": [25, 0, 0]
				},
				"wing_back_left2": {
					"rotation": [15, 0, 0]
				},
				"wing_back2": {
					"rotation": [15, 0, 0]
				},
				"wing_back_right2": {
					"rotation": [15, 0, 0]
				},
				"arm_right": {
					"rotation": {
						"0.0": [9.24264, 10.71145, -41.00796],
						"1.0": [9.7, 10.3, -38.5],
						"2.0": [9.24264, 10.71145, -41.00796]
					},
					"position": {
						"0.0": [1.4, 1.4, -0.4],
						"2.0": [1.4, 1.4, -0.4]
					}
				},
				"arm_right2": {
					"rotation": [25.7, -42.6, -30],
					"position": [1.2, -0.3, 0.74]
				},
				"hand_right": {
					"rotation": [-0.26, -7.36, -22.89],
					"position": [-0.19476, 0.4605, 0.00226]
				},
				"finger_front_right": {
					"rotation": [121.97401, -19.44675, -49.22434],
					"position": [0.91298, -0.98715, -0.38512]
				},
				"finger_back_right": {
					"rotation": [-64.7707, 26.78539, -51.10587],
					"position": [0.57056, 0.10689, 0.195]
				},
				"finger_mid_right": {
					"rotation": [0, 0, -5],
					"position": [0.19134, 0.46194, 0]
				},
				"feather_inner_right": {
					"rotation": [15, 0, 0],
					"position": [0, 0, -1]
				},
				"feather_inner_right2": {
					"rotation": [-15, 0, 0]
				},
				"feather_middle_inner_right": {
					"rotation": [12.5, 0, 0],
					"position": [0.95, -0.75, -1]
				},
				"feather_middle_inner_right2": {
					"rotation": [-15, 0, 0]
				},
				"feather_middle_right": {
					"rotation": [0, 0, 22.5],
					"position": [-0.1, -0.3, 0]
				},
				"feather_middle_right2": {
					"rotation": [-10, 0, 0]
				},
				"feather_middle_outer_right": {
					"rotation": [2.38443, -0.75155, 24.98436],
					"position": [0, -0.2, 0]
				},
				"feather_middle_outer_right2": {
					"rotation": [-12.5, 0, 0]
				},
				"feather_outer_right": {
					"rotation": [0, 0, 35],
					"position": [0.8, -0.55, 0]
				},
				"feather_outer_right2": {
					"rotation": [-20, 0, 0]
				},
				"hawlucha": {
					"scale": 1.3
				},
				"wing_left": {
					"rotation": [10, 0, -20],
					"position": [0.93969, 1.34202, 0],
					"scale": [1.1, 1.3, 1.1]
				},
				"wing_left2": {
					"rotation": [38.75, 45.95, 40.25],
					"position": [-2.5, -1.5, -1.4]
				},
				"wing_right": {
					"rotation": [10, 0, 20],
					"position": [-0.93969, 1.34202, 0],
					"scale": [1, 1.2, 0.9]
				},
				"wing_right2": {
					"rotation": [38.75, -45.95, -40.25],
					"position": [2.5, -1.5, -1.4]
				},
				"bone": {
					"rotation": {
						"0.0": [0, 0, 0],
						"1.0": [-7.5, 0, 0],
						"2.0": [0, 0, 0]
					},
					"position": {
						"0.0": [0, 0, 0],
						"1.0": [0, -1.1, 0.8],
						"2.0": [0, 0, 0]
					}
				},
				"bone2": {
					"rotation": {
						"0.0": [0, -2.5, 0],
						"1.0": [-7.38548, 4.95793, -0.65751],
						"2.0": [0, -2.5, 0]
					}
				},
				"bone3": {
					"rotation": {
						"0.0": [0, 5, 0],
						"1.0": [-7.4353, -2.4788, 0.33127],
						"2.0": [0, 5, 0]
					}
				},
				"plumas": {
					"rotation": {
						"0.0": [-2.5, 0, 0],
						"1.0": [-7.5, 0, 0],
						"2.0": [-2.5, 0, 0]
					},
					"position": {
						"0.0": [0, 0, 0.6],
						"1.0": [0, -0.7, 1.5],
						"2.0": [0, 0, 0.6]
					}
				},
				"plumasdoradas": {
					"position": [0, 2.1, 0],
					"scale": [1, 0.82, 1]
				},
				"bone7": {
					"rotation": {
						"0.0": [0, 0, 0],
						"1.0": [-2.5, 0, 0],
						"2.0": [0, 0, 0]
					}
				},
				"bone9": {
					"rotation": [0, 0, 0]
				},
				"bone10": {
					"position": [1, 0, 0],
					"scale": [0.6, 0.9, 1]
				},
				"bone11": {
					"position": [-1, 0, 0],
					"scale": [0.6, 0.9, 1]
				},
				"bone13": {
					"rotation": {
						"0.0": [32.5, 0, 0],
						"1.0": [42.5, 0, 0],
						"2.0": [32.5, 0, 0]
					},
					"position": {
						"0.0": [0, 3.7, 4.5],
						"1.0": [0, 3.7, 4],
						"2.0": [0, 3.7, 4.5]
					}
				}
			}
		},
		"animation.hawluchamega.physical": {
			"loop": true,
			"animation_length": 2,
			"bones": {
				"eye_angry_left": {
					"position": [-0.9, 0, 0]
				},
				"pupil_right": {
					"position": [0, -0.75, 0.25]
				},
				"pupil_left": {
					"position": [0, 0.05, 0.05]
				},
				"eye_angry_right": {
					"position": [0.9, 0, 0]
				},
				"hawlucha": {
					"scale": 1.3
				},
				"torso2": {
					"rotation": {
						"0.0": [-12.5, 0, 0],
						"1.0": [-15, 0, 0],
						"2.0": [-12.5, 0, 0]
					},
					"position": {
						"0.0": [0, -0.98, -0.22],
						"2.0": [0, -0.98, -0.22]
					}
				},
				"head2": {
					"rotation": {
						"0.0": [0, 0, 0],
						"1.0": [5, 0, 0],
						"2.0": [0, 0, 0]
					}
				},
				"arm_left": {
					"rotation": {
						"0.0": [9.7, -10.3, 38.5],
						"1.0": [10.13805, -9.86929, 35.99873],
						"2.0": [9.7, -10.3, 38.5]
					},
					"position": {
						"0.0": [-1.4, 1.4, -0.4],
						"2.0": [-1.4, 1.4, -0.4]
					}
				},
				"arm_left2": {
					"rotation": [25.7, 42.6, 30],
					"position": [-1.2, -0.3, 0.74]
				},
				"hand_left": {
					"rotation": [-0.26, 7.36, 22.89],
					"position": [0.19476, 0.4605, 0.00226]
				},
				"wing_left": {
					"rotation": [10, 0, -20],
					"position": [0.93969, 1.34202, 0],
					"scale": [1.1, 1.3, 1.1]
				},
				"feather_inner_left": {
					"rotation": [15, 0, 0],
					"position": [0, 0, -1]
				},
				"feather_inner_left2": {
					"rotation": [-15, 0, 0]
				},
				"feather_middle_inner_left": {
					"rotation": [12.5, 0, 0],
					"position": [-0.95, -0.75, -1]
				},
				"feather_middle_inner_left2": {
					"rotation": [-15, 0, 0]
				},
				"wing_left2": {
					"rotation": [38.75, 45.95, 40.25],
					"position": [-2.5, -1.5, -1.4]
				},
				"feather_middle_left": {
					"rotation": [0, 0, -22.5],
					"position": [0.1, -0.3, 0]
				},
				"feather_middle_left2": {
					"rotation": [-10, 0, 0]
				},
				"feather_middle_outer_left": {
					"rotation": [2.38443, 0.75155, -24.98436],
					"position": [0, -0.2, 0]
				},
				"feather_middle_outer_left2": {
					"rotation": [-12.5, 0, 0]
				},
				"feather_outer_left": {
					"rotation": [0, 0, -35],
					"position": [-0.8, -0.55, 0]
				},
				"feather_outer_left2": {
					"rotation": [-20, 0, 0]
				},
				"arm_right": {
					"rotation": {
						"0.0": [9.24264, 10.71145, -41.00796],
						"1.0": [9.7, 10.3, -38.5],
						"2.0": [9.24264, 10.71145, -41.00796]
					},
					"position": {
						"0.0": [1.4, 1.4, -0.4],
						"2.0": [1.4, 1.4, -0.4]
					}
				},
				"arm_right2": {
					"rotation": [25.7, -42.6, -30],
					"position": [1.2, -0.3, 0.74]
				},
				"hand_right": {
					"rotation": [-0.26, -7.36, -22.89],
					"position": [-0.19476, 0.4605, 0.00226]
				},
				"finger_front_right": {
					"rotation": [121.97401, -19.44675, -49.22434],
					"position": [0.91298, -0.98715, -0.38512]
				},
				"wing_right": {
					"rotation": [10, 0, 20],
					"position": [-0.93969, 1.34202, 0],
					"scale": [1, 1.2, 0.9]
				},
				"feather_inner_right": {
					"rotation": [15, 0, 0],
					"position": [0, 0, -1]
				},
				"feather_inner_right2": {
					"rotation": [-15, 0, 0]
				},
				"feather_middle_inner_right": {
					"rotation": [12.5, 0, 0],
					"position": [0.95, -0.75, -1]
				},
				"feather_middle_inner_right2": {
					"rotation": [-15, 0, 0]
				},
				"wing_right2": {
					"rotation": [38.75, -45.95, -40.25],
					"position": [2.5, -1.5, -1.4]
				},
				"feather_middle_right": {
					"rotation": [0, 0, 22.5],
					"position": [-0.1, -0.3, 0]
				},
				"feather_middle_right2": {
					"rotation": [-10, 0, 0]
				},
				"feather_middle_outer_right": {
					"rotation": [2.38443, -0.75155, 24.98436],
					"position": [0, -0.2, 0]
				},
				"feather_middle_outer_right2": {
					"rotation": [-12.5, 0, 0]
				},
				"feather_outer_right": {
					"rotation": [0, 0, 35],
					"position": [0.8, -0.55, 0]
				},
				"feather_outer_right2": {
					"rotation": [-20, 0, 0]
				},
				"torso_feather_back_right": {
					"position": [0, 0, -2]
				},
				"torso_feather_back_left": {
					"position": [0, 0, -2]
				},
				"leg_right": {
					"rotation": [-2.5, 0, 15]
				},
				"leg_right2": {
					"rotation": [4.98107, 0.43523, -14.98107]
				},
				"leg_left": {
					"rotation": [-2.5, 0, -15]
				},
				"leg_left2": {
					"rotation": [0, 0, 15]
				},
				"bone": {
					"rotation": {
						"0.0": [0, 0, 0],
						"1.0": [-7.5, 0, 0],
						"2.0": [0, 0, 0]
					},
					"position": {
						"0.0": [0, 0, 0],
						"1.0": [0, -1.1, 0.8],
						"2.0": [0, 0, 0]
					}
				},
				"bone2": {
					"rotation": {
						"0.0": [0, -2.5, 0],
						"1.0": [-7.38548, 4.95793, -0.65751],
						"2.0": [0, -2.5, 0]
					}
				},
				"bone3": {
					"rotation": {
						"0.0": [0, 5, 0],
						"1.0": [-7.4353, -2.4788, 0.33127],
						"2.0": [0, 5, 0]
					}
				},
				"plumas": {
					"rotation": {
						"0.0": [-2.5, 0, 0],
						"1.0": [-7.5, 0, 0],
						"2.0": [-2.5, 0, 0]
					},
					"position": {
						"0.0": [0, 0, 0.6],
						"1.0": [0, -0.7, 1.5],
						"2.0": [0, 0, 0.6]
					}
				},
				"plumasdoradas": {
					"position": [0, 2.1, 0],
					"scale": [1, 0.82, 1]
				},
				"bone7": {
					"rotation": {
						"0.0": [0, 0, 0],
						"1.0": [-2.5, 0, 0],
						"2.0": [0, 0, 0]
					}
				},
				"bone9": {
					"rotation": [0, 0, 0]
				},
				"bone10": {
					"position": [1, 0, 0],
					"scale": [0.6, 0.9, 1]
				},
				"bone11": {
					"position": [-1, 0, 0],
					"scale": [0.6, 0.9, 1]
				},
				"bone13": {
					"rotation": {
						"0.0": [15, 0, 0],
						"1.0": [20, 0, 0],
						"2.0": [15, 0, 0]
					},
					"position": {
						"0.0": [0, 0.7, 3.5],
						"2.0": [0, 0.7, 3.5]
					}
				}
			}
		},
		"animation.hawluchamega.special": {
			"loop": true,
			"animation_length": 2,
			"bones": {
				"eye_angry_left": {
					"position": [-0.9, 0, 0]
				},
				"pupil_right": {
					"position": [0, -0.75, 0.25]
				},
				"pupil_left": {
					"position": [0, 0.05, 0.05]
				},
				"eye_angry_right": {
					"position": [0.9, 0, 0]
				},
				"hawlucha": {
					"scale": 1.3
				},
				"torso2": {
					"rotation": {
						"0.0": [-12.5, 0, 0],
						"1.0": [-15, 0, 0],
						"2.0": [-12.5, 0, 0]
					},
					"position": {
						"0.0": [0, -0.98, -0.22],
						"2.0": [0, -0.98, -0.22]
					}
				},
				"head2": {
					"rotation": {
						"0.0": [0, 0, 0],
						"1.0": [5, 0, 0],
						"2.0": [0, 0, 0]
					}
				},
				"arm_left": {
					"rotation": {
						"0.0": [9.7, -10.3, 38.5],
						"1.0": [10.13805, -9.86929, 35.99873],
						"2.0": [9.7, -10.3, 38.5]
					},
					"position": {
						"0.0": [-1.4, 1.4, -0.4],
						"2.0": [-1.4, 1.4, -0.4]
					}
				},
				"arm_left2": {
					"rotation": [25.7, 42.6, 30],
					"position": [-1.2, -0.3, 0.74]
				},
				"hand_left": {
					"rotation": [-0.26, 7.36, 22.89],
					"position": [0.19476, 0.4605, 0.00226]
				},
				"wing_left": {
					"rotation": [10, 0, -20],
					"position": [0.93969, 1.34202, 0],
					"scale": [1.1, 1.3, 1.1]
				},
				"feather_inner_left": {
					"rotation": [15, 0, 0],
					"position": [0, 0, -1]
				},
				"feather_inner_left2": {
					"rotation": [-15, 0, 0]
				},
				"feather_middle_inner_left": {
					"rotation": [12.5, 0, 0],
					"position": [-0.95, -0.75, -1]
				},
				"feather_middle_inner_left2": {
					"rotation": [-15, 0, 0]
				},
				"wing_left2": {
					"rotation": [38.75, 45.95, 40.25],
					"position": [-2.5, -1.5, -1.4]
				},
				"feather_middle_left": {
					"rotation": [0, 0, -22.5],
					"position": [0.1, -0.3, 0]
				},
				"feather_middle_left2": {
					"rotation": [-10, 0, 0]
				},
				"feather_middle_outer_left": {
					"rotation": [2.38443, 0.75155, -24.98436],
					"position": [0, -0.2, 0]
				},
				"feather_middle_outer_left2": {
					"rotation": [-12.5, 0, 0]
				},
				"feather_outer_left": {
					"rotation": [0, 0, -35],
					"position": [-0.8, -0.55, 0]
				},
				"feather_outer_left2": {
					"rotation": [-20, 0, 0]
				},
				"arm_right": {
					"rotation": {
						"0.0": [9.24264, 10.71145, -41.00796],
						"1.0": [9.7, 10.3, -38.5],
						"2.0": [9.24264, 10.71145, -41.00796]
					},
					"position": {
						"0.0": [1.4, 1.4, -0.4],
						"2.0": [1.4, 1.4, -0.4]
					}
				},
				"arm_right2": {
					"rotation": [25.7, -42.6, -30],
					"position": [1.2, -0.3, 0.74]
				},
				"hand_right": {
					"rotation": [-0.26, -7.36, -22.89],
					"position": [-0.19476, 0.4605, 0.00226]
				},
				"finger_front_right": {
					"rotation": [121.97401, -19.44675, -49.22434],
					"position": [0.91298, -0.98715, -0.38512]
				},
				"wing_right": {
					"rotation": [10, 0, 20],
					"position": [-0.93969, 1.34202, 0],
					"scale": [1, 1.2, 0.9]
				},
				"feather_inner_right": {
					"rotation": [15, 0, 0],
					"position": [0, 0, -1]
				},
				"feather_inner_right2": {
					"rotation": [-15, 0, 0]
				},
				"feather_middle_inner_right": {
					"rotation": [12.5, 0, 0],
					"position": [0.95, -0.75, -1]
				},
				"feather_middle_inner_right2": {
					"rotation": [-15, 0, 0]
				},
				"wing_right2": {
					"rotation": [38.75, -45.95, -40.25],
					"position": [2.5, -1.5, -1.4]
				},
				"feather_middle_right": {
					"rotation": [0, 0, 22.5],
					"position": [-0.1, -0.3, 0]
				},
				"feather_middle_right2": {
					"rotation": [-10, 0, 0]
				},
				"feather_middle_outer_right": {
					"rotation": [2.38443, -0.75155, 24.98436],
					"position": [0, -0.2, 0]
				},
				"feather_middle_outer_right2": {
					"rotation": [-12.5, 0, 0]
				},
				"feather_outer_right": {
					"rotation": [0, 0, 35],
					"position": [0.8, -0.55, 0]
				},
				"feather_outer_right2": {
					"rotation": [-20, 0, 0]
				},
				"torso_feather_back_right": {
					"position": [0, 0, -2]
				},
				"torso_feather_back_left": {
					"position": [0, 0, -2]
				},
				"leg_right": {
					"rotation": [-2.5, 0, 15]
				},
				"leg_right2": {
					"rotation": [4.98107, 0.43523, -14.98107]
				},
				"leg_left": {
					"rotation": [-2.5, 0, -15]
				},
				"leg_left2": {
					"rotation": [0, 0, 15]
				},
				"bone": {
					"rotation": {
						"0.0": [0, 0, 0],
						"1.0": [-7.5, 0, 0],
						"2.0": [0, 0, 0]
					},
					"position": {
						"0.0": [0, 0, 0],
						"1.0": [0, -1.1, 0.8],
						"2.0": [0, 0, 0]
					}
				},
				"bone2": {
					"rotation": {
						"0.0": [0, -2.5, 0],
						"1.0": [-7.38548, 4.95793, -0.65751],
						"2.0": [0, -2.5, 0]
					}
				},
				"bone3": {
					"rotation": {
						"0.0": [0, 5, 0],
						"1.0": [-7.4353, -2.4788, 0.33127],
						"2.0": [0, 5, 0]
					}
				},
				"plumas": {
					"rotation": {
						"0.0": [-2.5, 0, 0],
						"1.0": [-7.5, 0, 0],
						"2.0": [-2.5, 0, 0]
					},
					"position": {
						"0.0": [0, 0, 0.6],
						"1.0": [0, -0.7, 1.5],
						"2.0": [0, 0, 0.6]
					}
				},
				"plumasdoradas": {
					"position": [0, 2.1, 0],
					"scale": [1, 0.82, 1]
				},
				"bone7": {
					"rotation": {
						"0.0": [0, 0, 0],
						"1.0": [-2.5, 0, 0],
						"2.0": [0, 0, 0]
					}
				},
				"bone9": {
					"rotation": [0, 0, 0]
				},
				"bone10": {
					"position": [1, 0, 0],
					"scale": [0.6, 0.9, 1]
				},
				"bone11": {
					"position": [-1, 0, 0],
					"scale": [0.6, 0.9, 1]
				},
				"bone13": {
					"rotation": {
						"0.0": [15, 0, 0],
						"1.0": [20, 0, 0],
						"2.0": [15, 0, 0]
					},
					"position": {
						"0.0": [0, 0.7, 3.5],
						"2.0": [0, 0.7, 3.5]
					}
				}
			}
		},
		"animation.hawluchamega.recoil": {
			"loop": true,
			"animation_length": 2,
			"bones": {
				"head": {
					"rotation": [-7.5, 0, 0]
				},
				"mouth_open": {
					"position": [0, 0, -0.1]
				},
				"eye_recoil_right": {
					"position": [0.9, 0, 0]
				},
				"eye_recoil_left": {
					"position": [-0.9, 0, 0]
				},
				"hawlucha": {
					"scale": 1.3
				},
				"torso2": {
					"rotation": {
						"0.0": [-12.5, 0, 0],
						"1.0": [-15, 0, 0],
						"2.0": [-12.5, 0, 0]
					},
					"position": {
						"0.0": [0, -0.98, -0.22],
						"2.0": [0, -0.98, -0.22]
					}
				},
				"head2": {
					"rotation": {
						"0.0": [0, 0, 0],
						"1.0": [5, 0, 0],
						"2.0": [0, 0, 0]
					}
				},
				"arm_left": {
					"rotation": {
						"0.0": [9.7, -10.3, 38.5],
						"1.0": [10.13805, -9.86929, 35.99873],
						"2.0": [9.7, -10.3, 38.5]
					},
					"position": {
						"0.0": [-1.4, 1.4, -0.4],
						"2.0": [-1.4, 1.4, -0.4]
					}
				},
				"arm_left2": {
					"rotation": [25.7, 42.6, 30],
					"position": [-1.2, -0.3, 0.74]
				},
				"hand_left": {
					"rotation": [-0.26, 7.36, 22.89],
					"position": [0.19476, 0.4605, 0.00226]
				},
				"wing_left": {
					"rotation": [10, 0, -20],
					"position": [0.93969, 1.34202, 0],
					"scale": [1.1, 1.3, 1.1]
				},
				"feather_inner_left": {
					"rotation": [15, 0, 0],
					"position": [0, 0, -1],
					"scale": [1.3, 1.5, 1]
				},
				"feather_inner_left2": {
					"rotation": [-15, 0, 0]
				},
				"feather_middle_inner_left": {
					"rotation": [12.5, 0, 0],
					"position": [-0.95, -0.75, -1],
					"scale": [1.3, 1.4, 1]
				},
				"feather_middle_inner_left2": {
					"rotation": [-15, 0, 0]
				},
				"wing_left2": {
					"rotation": [38.75, 45.95, 40.25],
					"position": [-2.5, -1.5, -1.4]
				},
				"feather_middle_left": {
					"rotation": [0, 0, -22.5],
					"position": [0.1, -0.3, 0],
					"scale": [1.3, 1.2, 1]
				},
				"feather_middle_left2": {
					"rotation": [-10, 0, 0]
				},
				"feather_middle_outer_left": {
					"rotation": [2.38443, 0.75155, -24.98436],
					"position": [0, -0.2, 0],
					"scale": [1.2, 1, 1]
				},
				"feather_middle_outer_left2": {
					"rotation": [-12.5, 0, 0]
				},
				"feather_outer_left": {
					"rotation": [0, 0, -35],
					"position": [-0.8, -0.55, 0],
					"scale": [1, 0.9, 1]
				},
				"feather_outer_left2": {
					"rotation": [-20, 0, 0]
				},
				"arm_right": {
					"rotation": {
						"0.0": [9.24264, 10.71145, -41.00796],
						"1.0": [9.7, 10.3, -38.5],
						"2.0": [9.24264, 10.71145, -41.00796]
					},
					"position": {
						"0.0": [1.4, 1.4, -0.4],
						"2.0": [1.4, 1.4, -0.4]
					}
				},
				"arm_right2": {
					"rotation": [25.7, -42.6, -30],
					"position": [1.2, -0.3, 0.74]
				},
				"hand_right": {
					"rotation": [-0.26, -7.36, -22.89],
					"position": [-0.19476, 0.4605, 0.00226]
				},
				"finger_front_right": {
					"rotation": [121.97401, -19.44675, -49.22434],
					"position": [0.91298, -0.98715, -0.38512]
				},
				"wing_right": {
					"rotation": [10, 0, 20],
					"position": [-0.93969, 1.34202, 0],
					"scale": [1, 1.2, 0.9]
				},
				"feather_inner_right": {
					"rotation": [15, 0, 0],
					"position": [0, 0, -1],
					"scale": [1.3, 1.5, 1]
				},
				"feather_inner_right2": {
					"rotation": [-15, 0, 0]
				},
				"feather_middle_inner_right": {
					"rotation": [12.5, 0, 0],
					"position": [0.95, -0.75, -1],
					"scale": [1.3, 1.4, 1]
				},
				"feather_middle_inner_right2": {
					"rotation": [-15, 0, 0]
				},
				"wing_right2": {
					"rotation": [38.75, -45.95, -40.25],
					"position": [2.5, -1.5, -1.4]
				},
				"feather_middle_right": {
					"rotation": [0, 0, 22.5],
					"position": [-0.1, -0.3, 0],
					"scale": [1.3, 1.2, 1]
				},
				"feather_middle_right2": {
					"rotation": [-10, 0, 0]
				},
				"feather_middle_outer_right": {
					"rotation": [2.38443, -0.75155, 24.98436],
					"position": [0, -0.2, 0],
					"scale": [1.2, 1, 1]
				},
				"feather_middle_outer_right2": {
					"rotation": [-12.5, 0, 0]
				},
				"feather_outer_right": {
					"rotation": [0, 0, 35],
					"position": [0.8, -0.55, 0],
					"scale": [1, 0.9, 1]
				},
				"feather_outer_right2": {
					"rotation": [-20, 0, 0]
				},
				"torso_feather_back_right": {
					"position": [0, 0, -2]
				},
				"torso_feather_back_left": {
					"position": [0, 0, -2]
				},
				"leg_right": {
					"rotation": [-2.5, 0, 15]
				},
				"leg_right2": {
					"rotation": [4.98107, 0.43523, -14.98107]
				},
				"leg_left": {
					"rotation": [-2.5, 0, -15]
				},
				"leg_left2": {
					"rotation": [0, 0, 15]
				},
				"bone": {
					"rotation": {
						"0.0": [0, 0, 0],
						"1.0": [-7.5, 0, 0],
						"2.0": [0, 0, 0]
					},
					"position": {
						"0.0": [0, 0, 0],
						"1.0": [0, -1.1, 0.8],
						"2.0": [0, 0, 0]
					}
				},
				"bone2": {
					"rotation": {
						"0.0": [0, -2.5, 0],
						"1.0": [-7.38548, 4.95793, -0.65751],
						"2.0": [0, -2.5, 0]
					}
				},
				"bone3": {
					"rotation": {
						"0.0": [0, 5, 0],
						"1.0": [-7.4353, -2.4788, 0.33127],
						"2.0": [0, 5, 0]
					}
				},
				"plumas": {
					"rotation": {
						"0.0": [-2.5, 0, 0],
						"1.0": [-7.5, 0, 0],
						"2.0": [-2.5, 0, 0]
					},
					"position": {
						"0.0": [0, 0, 0.6],
						"1.0": [0, -0.7, 1.5],
						"2.0": [0, 0, 0.6]
					}
				},
				"plumasdoradas": {
					"position": [0, 2.1, 0],
					"scale": [1, 0.82, 1]
				},
				"bone7": {
					"rotation": {
						"0.0": [0, 0, 0],
						"1.0": [-2.5, 0, 0],
						"2.0": [0, 0, 0]
					}
				},
				"bone9": {
					"rotation": [0, 0, 0]
				},
				"bone10": {
					"position": [1, 0, 0],
					"scale": [0.6, 0.9, 1]
				},
				"bone11": {
					"position": [-1, 0, 0],
					"scale": [0.6, 0.9, 1]
				},
				"bone13": {
					"rotation": {
						"0.0": [15, 0, 0],
						"1.0": [20, 0, 0],
						"2.0": [15, 0, 0]
					},
					"position": {
						"0.0": [0, 0.7, 3.5],
						"2.0": [0, 0.7, 3.5]
					}
				}
			}
		}
	}
}