{
	"format_version": "1.8.0",
	"animations": {
		"pose": {
			"loop": true,
			"bones": {
				"back_left_hair": {
					"rotation": [0, -10, 40]
				},
				"frount_right_hair": {
					"rotation": [0, -12.5, -40]
				},
				"frount_right_hair2": {
					"rotation": [0, -12.5, -7.5]
				},
				"back_right_hair": {
					"rotation": [0, 15, -45]
				},
				"back_right_hair2": {
					"rotation": [-7.5, 0, -7.5]
				},
				"back_left_hair2": {
					"rotation": [-5, -10, 10]
				},
				"frount_left_hair": {
					"rotation": [0, 12.5, 37.5]
				},
				"frount_left_hair2": {
					"rotation": [12.07676, 4.99722, 7.72473]
				},
				"uxie": {
					"rotation": [7.5, 0, 0],
					"position": [0, 5, 0]
				},
				"body": {
					"rotation": [-30, 0, 0],
					"position": [0, 0, 0]
				},
				"torso": {
					"rotation": [-7.5, 0, 0]
				},
				"left_tail": {
					"rotation": [-62.0005, -0.441, -12.98678]
				},
				"left_tail2": {
					"rotation": [22.47041, -0.20981, 0.61859]
				},
				"left_tail3": {
					"rotation": [37.79799, 7.3858, 6.92329]
				},
				"left_tail4": {
					"rotation": [59.3924, -3.96312, 13.09716]
				},
				"left_tail5": {
					"rotation": [54.20347, 9.60243, -4.15232]
				},
				"left_tail_tip3": {
					"rotation": [12.54624, 4.88119, 1.08482]
				},
				"right_tail": {
					"rotation": [-70.0701, -1.70818, 4.69986]
				},
				"right_tail2": {
					"rotation": [29.95507, -8.60763, -2.97051]
				},
				"right_tail3": {
					"rotation": [49.76826, -8.13017, -5.31002]
				},
				"right_tail4": {
					"rotation": [60.85257, 7.43547, -16.93569]
				},
				"right_tail5": {
					"rotation": [46.50411, -27.39172, 18.27114]
				},
				"right_tail_tip3": {
					"rotation": [12.5, 0, 0]
				},
				"torso2": {
					"rotation": [17.5, 0, 0]
				},
				"neck": {
					"rotation": [15, 0, 0]
				},
				"left_arm": {
					"rotation": [-14.94081, 0.54094, 29.98848]
				},
				"left_arm2": {
					"rotation": [0.02136, -0.32621, -7.49294]
				},
				"left_finger": {
					"rotation": [-25, 0, 2.5]
				},
				"right_arm": {
					"rotation": [-9.40804, -3.40487, -32.21975]
				},
				"right_arm2": {
					"rotation": [0, 0, 12.5]
				},
				"right_finger": {
					"rotation": [-35, 0, 0]
				},
				"head": {
					"rotation": [5, 0, 0]
				},
				"left_lag": {
					"rotation": [-42.5, -30, -25],
					"position": [0.38698, 0.09044, -0.68342]
				},
				"right_lag": {
					"rotation": [-50, 27.5, 10],
					"position": [0, 0, -1]
				},
				"hair": {
					"position": [0, 0, 0.025]
				}
			}
		},
		"animation.uxie.ground_idle": {
			"loop": true,
			"animation_length": 8,
			"bones": {
				"frount_right_hair": {
					"rotation": [0, -12.5, "-42.5+math.cos(q.anim_time*90-90)*3"]
				},
				"frount_right_hair2": {
					"rotation": [0, -10, -2.5]
				},
				"back_right_hair": {
					"rotation": [0, 17.5, "-40+math.cos(q.anim_time*90-90)*3"]
				},
				"back_right_hair2": {
					"rotation": [0, 0, -10]
				},
				"frount_left_hair": {
					"rotation": [0, 12.5, "42.5+math.cos(q.anim_time*90-90)*-3"]
				},
				"frount_left_hair2": {
					"rotation": [0, 10, 5]
				},
				"back_left_hair": {
					"rotation": [0, -17.5, "40+math.cos(q.anim_time*90-90)*-3"]
				},
				"back_left_hair2": {
					"rotation": [0, 0, 7.5]
				},
				"body": {
					"rotation": ["-25+math.cos(q.anim_time*90-30)*5", 0, "0+math.cos(q.anim_time*90/2)*0.6"],
					"position": ["0+math.cos(q.anim_time*90/2)*0.6", "2+math.cos(q.anim_time*90)*1.4", 0]
				},
				"left_tail": {
					"rotation": ["-20+math.cos(q.anim_time*90)*2", 12.5, 0]
				},
				"left_tail2": {
					"rotation": ["32.5+math.cos(q.anim_time*90-30)*2", 7.5, 5]
				},
				"left_tail3": {
					"rotation": ["32.5+math.cos(q.anim_time*90-60)*2", 7.5, 0]
				},
				"left_tail4": {
					"rotation": ["32.5+math.cos(q.anim_time*90-90)*3", 7.5, 0]
				},
				"left_tail5": {
					"rotation": ["40+math.cos(q.anim_time*90-120)*4", 0, 7.5]
				},
				"left_tail_tip2": {
					"rotation": [0, -2.5, 0]
				},
				"left_tail_tip3": {
					"rotation": ["22.5+math.cos(q.anim_time*90-150)*4", 0, 0]
				},
				"right_tail": {
					"rotation": ["-20+math.cos(q.anim_time*90)*2", -12.5, 0]
				},
				"right_tail2": {
					"rotation": ["32.5+math.cos(q.anim_time*90-30)*2", -7.5, -5]
				},
				"right_tail3": {
					"rotation": ["32.5+math.cos(q.anim_time*90-60)*2", -7.5, 0]
				},
				"right_tail4": {
					"rotation": ["32.5+math.cos(q.anim_time*90-90)*3", -7.5, 0]
				},
				"right_tail5": {
					"rotation": ["40+math.cos(q.anim_time*90-120)*4", 0, -7.5]
				},
				"right_tail_tip": {
					"rotation": [0, 2.5, 0]
				},
				"right_tail_tip3": {
					"rotation": ["22.5+math.cos(q.anim_time*90-150)*4", 0, 0]
				},
				"torso2": {
					"rotation": ["15+math.cos(q.anim_time*90-60)*-6", 0, 0]
				},
				"neck": {
					"rotation": [5, 0, 0]
				},
				"left_arm": {
					"rotation": [0, 0, "37.5+math.cos(q.anim_time*90-90)*-4"]
				},
				"left_arm2": {
					"rotation": [0, 0, "-10+math.cos(q.anim_time*90-120)*-6"]
				},
				"right_arm": {
					"rotation": [0, 0, "-37.5+math.cos(q.anim_time*90-90)*4"]
				},
				"right_arm2": {
					"rotation": [0, 0, "10+math.cos(q.anim_time*90-120)*6"]
				},
				"head": {
					"rotation": ["10+math.cos(q.anim_time*90-90)*-1", 0, 0]
				},
				"left_lag": {
					"rotation": ["-62.5+math.cos(q.anim_time*90-90)*6", -40, 0],
					"position": [0, 0, -1]
				},
				"right_lag": {
					"rotation": ["-62.5+math.cos(q.anim_time*90-90)*6", 30, 0],
					"position": [0, 0, -1]
				}
			}
		},
		"animation.uxie.ground_walk": {
			"loop": true,
			"animation_length": 8,
			"bones": {
				"frount_right_hair": {
					"rotation": [0, -12.5, "-42.5+math.cos(q.anim_time*90-90)*3"]
				},
				"frount_right_hair2": {
					"rotation": [0, -10, -2.5]
				},
				"back_right_hair": {
					"rotation": [0, 17.5, "-40+math.cos(q.anim_time*90-90)*3"]
				},
				"back_right_hair2": {
					"rotation": [0, 0, -10]
				},
				"frount_left_hair": {
					"rotation": [0, 12.5, "42.5+math.cos(q.anim_time*90-90)*-3"]
				},
				"frount_left_hair2": {
					"rotation": [0, 10, 5]
				},
				"back_left_hair": {
					"rotation": [0, -17.5, "40+math.cos(q.anim_time*90-90)*-3"]
				},
				"back_left_hair2": {
					"rotation": [0, 0, 7.5]
				},
				"body": {
					"rotation": ["52.5+math.cos(q.anim_time*90-30)*3", 0, "0+math.cos(q.anim_time*90/2)*1.3"],
					"position": ["0+math.cos(q.anim_time*90/2)*1", "2+math.cos(q.anim_time*90)*2", "0+math.cos(q.anim_time*90)*0.5"]
				},
				"left_tail": {
					"rotation": ["-52.5+math.cos(q.anim_time*90-30*1)*3", 12.5, 0]
				},
				"left_tail2": {
					"rotation": ["math.cos(q.anim_time*90-30*2)*6", 2.5, 5]
				},
				"left_tail3": {
					"rotation": ["math.cos(q.anim_time*90-30*3)*9", 2.5, 0]
				},
				"left_tail4": {
					"rotation": ["math.cos(q.anim_time*90-30*4)*12", 5, 0]
				},
				"left_tail5": {
					"rotation": ["math.cos(q.anim_time*90-30*5)*15", -5, 7.5]
				},
				"left_tail_tip2": {
					"rotation": [0, -2.5, 0]
				},
				"left_tail_tip3": {
					"rotation": ["math.cos(q.anim_time*90-30*6)*18", -2.5, 0]
				},
				"right_tail": {
					"rotation": ["-52.5+math.cos(q.anim_time*90-30*1)*-3", -12.5, 0]
				},
				"right_tail2": {
					"rotation": ["math.cos(q.anim_time*90-30*2)*-6", -2.5, -5]
				},
				"right_tail3": {
					"rotation": ["math.cos(q.anim_time*90-30*2)*-6", -2.5, -5]
				},
				"right_tail4": {
					"rotation": ["math.cos(q.anim_time*90-30*4)*-12", -5, 0]
				},
				"right_tail5": {
					"rotation": ["math.cos(q.anim_time*90-30*5)*-15", 5, -7.5]
				},
				"right_tail_tip": {
					"rotation": [0, 2.5, 0]
				},
				"right_tail_tip3": {
					"rotation": ["math.cos(q.anim_time*90-30*6)*-18", 2.5, 0]
				},
				"torso2": {
					"rotation": ["-16-math.cos(q.anim_time*90-60)*-3", 0, 0]
				},
				"neck": {
					"rotation": [-17.5, 0, 0]
				},
				"left_arm": {
					"rotation": [0, 0, "37.5+math.cos(q.anim_time*90-90)*-4"]
				},
				"left_arm2": {
					"rotation": [0, 0, "-10+math.cos(q.anim_time*90-120)*-6"]
				},
				"right_arm": {
					"rotation": [0, 0, "-37.5+math.cos(q.anim_time*90-90)*4"]
				},
				"right_arm2": {
					"rotation": [0, 0, "10+math.cos(q.anim_time*90-120)*6"]
				},
				"head": {
					"rotation": ["-12.5+math.cos(q.anim_time*90-90)*-2", 0, 0]
				},
				"left_lag": {
					"rotation": ["40+math.cos(q.anim_time*90-90)*6", -40, 0]
				},
				"right_lag": {
					"rotation": ["27.5+math.cos(q.anim_time*90-90)*6", 30, 0]
				}
			}
		},
		"animation.uxie.sleep": {
			"loop": true,
			"animation_length": 8,
			"bones": {
				"frount_right_hair": {
					"rotation": [0, -12.5, "-42.5+math.cos(q.anim_time*90-90)*2"]
				},
				"frount_right_hair2": {
					"rotation": [0, -10, -2.5]
				},
				"back_right_hair": {
					"rotation": [0, 17.5, "-40+math.cos(q.anim_time*90-90)*2"]
				},
				"back_right_hair2": {
					"rotation": [0, 0, -10]
				},
				"frount_left_hair": {
					"rotation": [0, 12.5, "42.5+math.cos(q.anim_time*90-90)*-2"]
				},
				"frount_left_hair2": {
					"rotation": [0, 10, 5]
				},
				"back_left_hair": {
					"rotation": [0, -17.5, "40+math.cos(q.anim_time*90-90)*-2"]
				},
				"back_left_hair2": {
					"rotation": [0, 0, 7.5]
				},
				"left_eye_lid": {
					"position": [1, 0, -1]
				},
				"right_eye_lid": {
					"position": [-1, 0, -1]
				},
				"body": {
					"rotation": ["-42.5+math.cos(q.anim_time*90-30)*2", 0, "0+math.cos(q.anim_time*90/2)*0.1"],
					"position": ["0+math.cos(q.anim_time*90/2)*0.1", "2+math.cos(q.anim_time*90)*0.5", 0]
				},
				"left_tail": {
					"rotation": ["-25+math.cos(q.anim_time*90)*1", 12.5, 0]
				},
				"left_tail2": {
					"rotation": ["32.5+math.cos(q.anim_time*90-30)*2", 7.5, 5]
				},
				"left_tail3": {
					"rotation": ["32.5+math.cos(q.anim_time*90-60)*2", 7.5, 0]
				},
				"left_tail4": {
					"rotation": ["25+math.cos(q.anim_time*90-90)*3", 7.5, 0]
				},
				"left_tail5": {
					"rotation": ["32.5+math.cos(q.anim_time*90-120)*4", 0, 7.5]
				},
				"left_tail_tip2": {
					"rotation": [0, -2.5, 0]
				},
				"left_tail_tip3": {
					"rotation": ["22.5+math.cos(q.anim_time*90-150)*4", 0, 0]
				},
				"right_tail": {
					"rotation": ["-25+math.cos(q.anim_time*90)*1", -12.5, 0]
				},
				"right_tail2": {
					"rotation": ["32.5+math.cos(q.anim_time*90-30)*2", -7.5, -5]
				},
				"right_tail3": {
					"rotation": ["32.5+math.cos(q.anim_time*90-60)*2", -7.5, 0]
				},
				"right_tail4": {
					"rotation": ["25+math.cos(q.anim_time*90-90)*3", -7.5, 0]
				},
				"right_tail5": {
					"rotation": ["32.5+math.cos(q.anim_time*90-120)*4", 0, -7.5]
				},
				"right_tail_tip": {
					"rotation": [0, 2.5, 0]
				},
				"right_tail_tip3": {
					"rotation": ["22.5+math.cos(q.anim_time*90-150)*4", 0, 0]
				},
				"torso2": {
					"rotation": ["15+math.cos(q.anim_time*90-60)*-3", 0, 0]
				},
				"neck": {
					"rotation": [5, 0, 0]
				},
				"left_arm": {
					"rotation": [3.61903, -18.58838, "43.6+math.cos(q.anim_time*90-90)*-2"]
				},
				"left_arm2": {
					"rotation": [0, 0, "-10+math.cos(q.anim_time*90-120)*-6"]
				},
				"right_arm": {
					"rotation": [3.61903, 18.58838, "-43.6+math.cos(q.anim_time*90-90)*2"]
				},
				"right_arm2": {
					"rotation": [0, 0, "10+math.cos(q.anim_time*90-120)*6"]
				},
				"head": {
					"rotation": ["22.5+math.cos(q.anim_time*90-90)*-1", 0, 0]
				},
				"left_lag": {
					"rotation": ["-62.5+math.cos(q.anim_time*90-90)*6", -40, 0],
					"position": [0, 0, -1]
				},
				"right_lag": {
					"rotation": ["-62.5+math.cos(q.anim_time*90-90)*6", 30, 0],
					"position": [0, 0, -1]
				}
			}
		},
		"animation.uxie.cry": {
			"animation_length": 1.5,
			"bones": {
				"body": {
					"rotation": {
						"0.0": {
							"post": [0, 0, 0],
							"lerp_mode": "catmullrom"
						},
						"0.2917": {
							"post": [7.5, 0, 0],
							"lerp_mode": "catmullrom"
						},
						"0.4583": {
							"post": [-7.5, 0, 0],
							"lerp_mode": "catmullrom"
						},
						"1.4583": {
							"post": [0, 0, 0],
							"lerp_mode": "catmullrom"
						}
					}
				},
				"left_arm": {
					"rotation": {
						"0.0417": {
							"pre": [0, 0, 0],
							"post": [0, 0, 0],
							"lerp_mode": "catmullrom"
						},
						"0.25": {
							"post": [0, 0, -10],
							"lerp_mode": "catmullrom"
						},
						"0.4583": {
							"post": [0, 0, 5],
							"lerp_mode": "catmullrom"
						},
						"1.5": {
							"post": [0, 0, 0],
							"lerp_mode": "catmullrom"
						}
					}
				},
				"right_arm": {
					"rotation": {
						"0.0417": {
							"pre": [0, 0, 0],
							"post": [0, 0, 0],
							"lerp_mode": "catmullrom"
						},
						"0.25": {
							"post": [0, 0, 10],
							"lerp_mode": "catmullrom"
						},
						"0.4583": {
							"post": [0, 0, -5],
							"lerp_mode": "catmullrom"
						},
						"1.4583": {
							"post": [0, 0, 0],
							"lerp_mode": "catmullrom"
						}
					}
				},
				"head": {
					"rotation": {
						"0.0": {
							"post": [0, 0, 0],
							"lerp_mode": "catmullrom"
						},
						"0.2083": {
							"post": [7.5, 0, 0],
							"lerp_mode": "catmullrom"
						},
						"0.7083": {
							"post": [-7.5, 0, 0],
							"lerp_mode": "catmullrom"
						},
						"1.5": {
							"post": [0, 0, 0],
							"lerp_mode": "catmullrom"
						}
					}
				},
				"mouth_open": {
					"position": {
						"0.25": [0, 0, 0],
						"0.2917": [0, 0, -1],
						"0.9583": [0, 0, -1.06],
						"1.0": [0, 0, 0]
					}
				},
				"mouth": {
					"position": {
						"0.0": [0, 0, 0],
						"0.25": [0, 0, 0],
						"0.2917": [0, 0, 1],
						"0.9583": [0, 0, 0.06],
						"1.0": [0, 0, 0]
					}
				},
				"left_lag": {
					"rotation": {
						"0.0417": {
							"pre": [0, 0, 0],
							"post": [0, 0, 0],
							"lerp_mode": "catmullrom"
						},
						"0.25": {
							"post": [-7.5, 0, -2.5],
							"lerp_mode": "catmullrom"
						},
						"0.4583": {
							"post": [22.5, 0, -5],
							"lerp_mode": "catmullrom"
						},
						"1.5": {
							"post": [0, 0, 0],
							"lerp_mode": "catmullrom"
						}
					}
				},
				"right_lag": {
					"rotation": {
						"0.0417": {
							"pre": [0, 0, 0],
							"post": [0, 0, 0],
							"lerp_mode": "catmullrom"
						},
						"0.25": {
							"post": [-7.5, 0, 2.5],
							"lerp_mode": "catmullrom"
						},
						"0.4583": {
							"post": [22.5, 0, 5],
							"lerp_mode": "catmullrom"
						},
						"1.5": {
							"post": [0, 0, 0],
							"lerp_mode": "catmullrom"
						}
					}
				}
			},
			"sound_effects": {
				"0.0": {
					"effect": "pokemon.uxie.cry"
				}
			}
		}
	}
}