{
	"format_version": "1.8.0",
	"animations": {
		"animation.pansage.default": {
			"loop": true,
			"bones": {
				"head": {
					"rotation": [-7.5, 0, 0]
				},
				"left_ear": {
					"rotation": [0, -20, 0]
				},
				"right_ear": {
					"rotation": [0, 20, 0]
				},
				"right_arm": {
					"rotation": [0, 0, -27.5]
				},
				"right_arm2": {
					"rotation": [0, -27.5, 62.5]
				},
				"tail": {
					"rotation": [0, 27.5, 0]
				},
				"tail2": {
					"rotation": [-7.5, 42.5, 0]
				},
				"tail3": {
					"rotation": [20, 0, 0]
				},
				"tail4": {
					"rotation": [22.67458, -6.92618, 22.11581]
				},
				"right_thigh": {
					"rotation": [0, 15, 0]
				},
				"tail5": {
					"rotation": [17.62076, 12.45167, 1.10693]
				},
				"emote": {
					"position": [0, 0, 1]
				},
				"left_arm": {
					"rotation": [0, 0, 27.5]
				},
				"left_arm2": {
					"rotation": [0, 27.5, -62.5]
				}
			}
		},
		"animation.pansage.stand": {
			"loop": true,
			"bones": {
				"left_ear": {
					"rotation": [0, -20, 0]
				},
				"right_ear": {
					"rotation": [0, 2.5, 0]
				},
				"right_arm": {
					"rotation": [-42.18626, 17.38772, -9.2511]
				},
				"right_arm2": {
					"rotation": [0, -27.5, 62.5]
				},
				"tail": {
					"rotation": [0, -35, 0]
				},
				"tail2": {
					"rotation": [-6.20692, -27.1178, 7.92074]
				},
				"tail3": {
					"rotation": [20, 0, 0]
				},
				"tail4": {
					"rotation": [22.67458, -6.92618, 22.11581]
				},
				"tail5": {
					"rotation": [17.62076, 12.45167, 1.10693]
				},
				"left_arm": {
					"rotation": [0, 0, 40]
				},
				"left_arm2": {
					"rotation": [68.19367, 5.68422, 13.9042]
				}
			}
		},
		"animation.pansage.hold": {
			"loop": true,
			"bones": {
				"body": {
					"rotation": [7.5, 0, 0]
				},
				"torso": {
					"rotation": [20, 0, 0]
				},
				"left_ear": {
					"rotation": [0, -20, 0]
				},
				"right_ear": {
					"rotation": [0, 2.5, 0]
				},
				"right_arm": {
					"rotation": [-2.89633, -38.52141, -23.21611]
				},
				"right_arm2": {
					"rotation": [79.79846, -25.77857, -24.19692]
				},
				"tail": {
					"rotation": [0, -35, 0]
				},
				"tail2": {
					"rotation": [-6.20692, -27.1178, 7.92074]
				},
				"tail3": {
					"rotation": [20, 0, 0]
				},
				"tail4": {
					"rotation": [22.67458, -6.92618, 22.11581]
				},
				"right_thigh": {
					"rotation": [-40, 20, 0],
					"position": [0, 0, -2]
				},
				"right_leg": {
					"rotation": [30, 0, 0],
					"position": [0, 0, 0.5]
				},
				"tail5": {
					"rotation": [17.62076, 12.45167, 1.10693]
				},
				"left_arm": {
					"rotation": [-2.89633, 38.52141, 23.21611]
				},
				"left_arm2": {
					"rotation": [79.79846, 25.77857, 24.19692]
				},
				"left_thigh": {
					"rotation": [-40, -20, 0],
					"position": [0, 0, -2]
				},
				"left_leg": {
					"rotation": [30, 0, 0],
					"position": [0, 0, 0.5]
				}
			}
		},
		"animation.pansage.cry": {
			"animation_length": 0.5417,
			"bones": {
				"open": {
					"position": {
						"0.0": [0, 0, 0],
						"0.0833": [0, 0, -0.5],
						"0.1667": [0, 0, -0.5],
						"0.25": [0, 0, 0],
						"0.3333": [0, 0, -0.5],
						"0.4167": [0, 0, -0.5],
						"0.5": [0, 0, 1]
					}
				},
				"head": {
					"rotation": {
						"0.0": [0, 0, 0],
						"0.0833": {
							"pre": [-2.5, 0, 0],
							"post": [-2.5, 0, 0],
							"lerp_mode": "catmullrom"
						},
						"0.2083": {
							"post": [-2.5, 0, 0],
							"lerp_mode": "catmullrom"
						},
						"0.2917": {
							"post": [-1.5, 0, 0],
							"lerp_mode": "catmullrom"
						},
						"0.4167": {
							"post": [-2.5, 0, 0],
							"lerp_mode": "catmullrom"
						},
						"0.5417": [0, 0, 0]
					}
				}
			},
			"sound_effects": {
				"0.0417": {
					"effect": "pansage"
				}
			}
		},
		"animation.pansage.physical": {
			"animation_length": 2,
			"bones": {
				"left_ear": {
					"rotation": [0, -2.5, 0]
				},
				"right_ear": {
					"rotation": [0, 2.5, 0]
				},
				"right_arm": {
					"rotation": {
						"0.0": [-2.89633, -38.52141, -23.21611],
						"0.1667": [52.54398, -62.28472, -81.54376],
						"0.2083": [35.90705, 24.96809, -29.21853],
						"0.375": [-1.94611, 64.77152, -45.34787],
						"0.625": [-1.94611, 64.77152, -45.34787],
						"2.0": [-2.89633, -38.52141, -23.21611]
					}
				},
				"right_arm2": {
					"rotation": {
						"0.0": [79.79846, -25.77857, -24.19692],
						"0.1667": [75.5613, -50.23655, -17.47658],
						"0.375": [80.77097, -6.05904, -27.68931],
						"1.7083": [75.5613, -50.23655, -17.47658],
						"2.0": [79.79846, -25.77857, -24.19692]
					}
				},
				"tail": {
					"rotation": {
						"0.0": ["math.sin(q.anim_time*60*2-80)*3", -35, 0],
						"0.1667": [0, -35, 0],
						"0.9583": ["math.sin(q.anim_time*60*2-80)*3", -35, 0]
					}
				},
				"tail2": {
					"rotation": {
						"0.0": ["-6.2069209863+math.sin(q.anim_time*60*2-80)*3", -27.1178, 7.92074],
						"0.1667": [-6.20692, -27.1178, 7.92074],
						"0.9583": ["-6.2069209863+math.sin(q.anim_time*60*2-80)*3", -27.1178, 7.92074]
					}
				},
				"tail3": {
					"rotation": {
						"0.0": ["20+math.sin(q.anim_time*60*2-160)*6", 0, 0],
						"0.1667": [20, 0, 0],
						"0.9583": ["20+math.sin(q.anim_time*60*2-160)*6", 0, 0]
					}
				},
				"tail4": {
					"rotation": ["22.6745767147+math.sin(q.anim_time*60*2-180)*7", -6.92618, 22.11581]
				},
				"right_thigh": {
					"rotation": {
						"0.0": [-40, 20, 0],
						"0.125": [-108.75, 20, 0],
						"0.1667": [-85, 20, 0],
						"0.25": [-40.61389, 59.97164, -4.39819],
						"1.75": [-40.61389, 59.97164, -4.39819],
						"1.9583": [-70.51158, 53.3097, -3.66515],
						"2.0": [-40, 20, 0]
					},
					"position": {
						"0.0": [0, 0.2, -2],
						"0.1667": [0, -0.4, -2],
						"0.25": [0, -0.1, 1],
						"1.75": [0, -0.1, 1],
						"2.0": [0, 0.2, -2]
					}
				},
				"tail5": {
					"rotation": ["17.6207597288+math.sin(q.anim_time*60*2-180)*7", 12.45167, 1.10693]
				},
				"open": {
					"position": {
						"0.1667": [0, 0, 0],
						"0.25": [0, 0, -0.5],
						"0.7917": [0, 0, -0.5],
						"0.875": [0, 0, 1]
					}
				},
				"body": {
					"rotation": [7.5, 0, 0]
				},
				"torso": {
					"rotation": {
						"0.0": [20, 0, 0],
						"0.1667": [12.25867, -17.43127, 1.5741],
						"0.25": [-5.53683, 43.96243, -4.15258],
						"1.25": [-5.53683, 43.96243, -4.15258],
						"2.0": [20, 0, 0]
					},
					"position": {
						"0.0": [0, 0, 0],
						"0.2083": [0, -0.8, 0],
						"0.25": [0, 0, 0]
					}
				},
				"head": {
					"rotation": {
						"0.0": [-15, 0, 0],
						"0.1667": [0, 0, 0],
						"0.2917": [7.5, 0, 0],
						"0.4167": [0, 0, 0],
						"0.5417": [7.5, 0, 0],
						"0.9583": [-15, 0, 0]
					}
				},
				"angry": {
					"position": [0, 0, -0.5]
				},
				"shock": {
					"position": {
						"0.1667": [0, 0, 0],
						"0.2083": [0, 0, -0.5],
						"1.0": [0, 0, -0.5],
						"1.0417": [0, 0, 0]
					}
				},
				"close": {
					"position": [0, 0, 1]
				},
				"right_leg": {
					"rotation": {
						"0.0": [30, 0, 0],
						"0.1667": [70, 0, 0],
						"0.25": [30, 0, 0]
					},
					"position": {
						"0.0": [0, 0, 0.5],
						"0.1667": [0, 0.8, 1],
						"0.25": [0, 0, 0.5]
					}
				},
				"right_feet": {
					"rotation": [7.4816, -0.6483, -2.4195]
				},
				"left_eye2": {
					"position": [0, 0, 1]
				},
				"right_eye2": {
					"position": [0, 0, 1]
				},
				"left_eye": {
					"position": {
						"0.1667": [0, 0, 0],
						"0.2083": [0, 0, 1],
						"1.0": [0, 0, 1],
						"1.0417": [0, 0, 0]
					}
				},
				"right_eye": {
					"position": {
						"0.1667": [0, 0, 0],
						"0.2083": [0, 0, 1],
						"1.0": [0, 0, 1],
						"1.0417": [0, 0, 0]
					}
				},
				"left_arm": {
					"rotation": {
						"0.0": [-2.89633, 38.52141, 23.21611],
						"0.1667": [-56.67155, -20.52392, 41.04936],
						"0.2083": [-56.67155, -20.52392, 41.04936],
						"0.375": [52.8975, 68.51152, 86.94489],
						"1.5": [63.81076, 59.95387, 99.02109],
						"2.0": [-2.89633, 38.52141, 23.21611]
					}
				},
				"left_arm2": {
					"rotation": {
						"0.0": [79.79846, 25.77857, 24.19692],
						"0.1667": [22.20542, 31.71356, -19.79233],
						"0.5833": [49.99192, 52.25407, 42.60443],
						"1.7083": [28.40764, 9.73777, 4.53942],
						"2.0": [79.79846, 25.77857, 24.19692]
					}
				},
				"left_thigh": {
					"rotation": {
						"0.0": [-40, -20, 0],
						"0.1667": [-85, -20, 0],
						"0.375": [-39.10577, 16.1492, -5.07133],
						"1.375": [-39.10577, 16.1492, -5.07133],
						"1.5417": [-91.84423, 6.50942, -3.71898],
						"2.0": [-40, -20, 0]
					},
					"position": {
						"0.0": [0, 0.2, -2],
						"0.1667": [0, -0.4, -2],
						"0.375": [-1, 0.2, -1.5],
						"1.375": [-1, 0.2, -1.5],
						"2.0": [0, 0.2, -2]
					}
				},
				"left_leg": {
					"rotation": {
						"0.0": [30, 0, 0],
						"0.1667": [70, 0, 0],
						"0.25": [30, 0, 0]
					},
					"position": {
						"0.0": [0, 0, 0.5],
						"0.1667": [0, 0.8, 1],
						"0.25": [0, 0, 0.5]
					}
				},
				"left_feet": {
					"rotation": [7.4816, 0.6483, 2.4195]
				}
			}
		},
		"animation.pansage.special": {
			"animation_length": 3,
			"bones": {
				"torso": {
					"rotation": {
						"0.0": [20, 0, 0],
						"0.0833": [-10, 0, 0],
						"0.4583": [15, 0, 0],
						"2.7083": [15, 0, 0],
						"2.875": [0, 0, 0],
						"3.0": [20, 0, 0]
					},
					"position": {
						"0.0": [0, 0, 0],
						"0.0833": [0, 1, -1],
						"0.4583": [0, 0, 2],
						"0.5833": [0, -0.1, 2],
						"0.6667": [0, 0.1, 2],
						"0.75": [0, -0.1, 2],
						"0.8333": [0, 0.2, 2],
						"0.9167": [0, -0.4, 2],
						"1.0": [0, 0.4, 2],
						"1.0833": [0, -0.4, 2],
						"1.1667": [0, 0.4, 2],
						"1.25": [0, -0.4, 2],
						"1.3333": [0, -0.4, 2],
						"1.4167": [0, 0.4, 2],
						"1.5": [0, -0.4, 2],
						"1.5833": [0, 0.4, 2],
						"1.6667": [0, -0.4, 2],
						"1.75": [0, 0.4, 2],
						"1.8333": [0, -0.4, 2],
						"1.9167": [0, -0.1, 2],
						"2.0": [0, 0.1, 2],
						"2.7083": [0, 0, 2],
						"2.875": [0, 0, 0]
					}
				},
				"head": {
					"rotation": {
						"0.0": [-15, 0, 0],
						"0.125": [-7.5, 0, 0],
						"0.2083": [-32.5, 0, 0],
						"2.8333": [-32.5, 0, 0],
						"3.0": [-15, 0, 0]
					}
				},
				"left_eye": {
					"position": {
						"0.2083": [0, 0, 0],
						"0.25": [0, 0, 1],
						"3.0": [0, 0, 0]
					}
				},
				"right_eye": {
					"position": {
						"0.2083": [0, 0, 0],
						"0.25": [0, 0, 1],
						"3.0": [0, 0, 0]
					}
				},
				"happy": {
					"position": {
						"0.1667": [0, 0, 0],
						"0.2083": [0, 0, -0.54],
						"0.5417": [0, 0, -0.5],
						"0.5833": [0, 0, 0]
					}
				},
				"shock": {
					"position": {
						"0.5417": [0, 0, 0],
						"0.5833": [0, 0, -0.5],
						"2.875": [0, 0, -0.5],
						"2.9583": [0, 0, 0]
					}
				},
				"close": {
					"position": [0, 0, 1]
				},
				"open": {
					"position": {
						"0.375": [0, 0, 0],
						"0.4583": [0, 0, -0.5]
					}
				},
				"right_arm": {
					"rotation": {
						"0.0": [-2.89633, -38.52141, -23.21611],
						"0.0417": [0, -36.07, -27.5],
						"0.2917": [0, 27.5, -27.5],
						"2.625": [0, 27.5, -27.5],
						"2.875": [0, 0, -27.5],
						"3.0": [-2.89633, -38.52141, -23.21611]
					}
				},
				"right_arm2": {
					"rotation": {
						"0.0": [79.79846, -25.77857, -24.19692],
						"2.875": [21.741, -17.26588, 9.15996],
						"3.0": [79.79846, -25.77857, -24.19692]
					}
				},
				"tail": {
					"rotation": ["math.sin(q.anim_time*60*2-80)*3", -35, 0]
				},
				"tail2": {
					"rotation": ["-6.2069209863+math.sin(q.anim_time*60*2-80)*3", -27.1178, 7.92074]
				},
				"tail3": {
					"rotation": ["20+math.sin(q.anim_time*60*2-160)*6", 0, 0]
				},
				"tail4": {
					"rotation": ["22.6745767147+math.sin(q.anim_time*60*2-180)*7", -6.92618, 22.11581]
				},
				"tail5": {
					"rotation": ["17.6207597288+math.sin(q.anim_time*60*2-180)*7", 12.45167, 1.10693]
				},
				"right_thigh": {
					"rotation": {
						"0.0": [-40, 20, 0],
						"0.2083": [5, 20, 0],
						"0.5": [0, 15, 0],
						"2.6667": [0, 15, 0],
						"2.7917": [-40, 20, 0]
					},
					"position": {
						"0.0": [0, 0.2, -2],
						"0.0833": [0, 0.2, -0.1],
						"0.2083": [0, 1, 0],
						"0.3333": [0, 1, 0],
						"0.5": [0, 0, 1],
						"2.6667": [0, 0, 1],
						"2.7917": [0, 0.2, -2]
					}
				},
				"right_leg": {
					"rotation": {
						"0.0": [30, 0, 0],
						"0.0833": [52.5, 0, 0],
						"0.1667": [52.5, 0, 0],
						"0.4583": [0, 0, 0],
						"2.875": [0, 0, 0],
						"3.0": [30, 0, 0]
					},
					"position": [0, 0, 0.5]
				},
				"left_eye2": {
					"position": [0, 0, 1]
				},
				"right_eye2": {
					"position": [0, 0, 1]
				},
				"angry": {
					"position": [0, 0, -0.5]
				},
				"body": {
					"rotation": [7.5, 0, 0]
				},
				"left_ear": {
					"rotation": [0, -2.5, 0]
				},
				"right_ear": {
					"rotation": [0, 2.5, 0]
				},
				"right_feet": {
					"rotation": [7.4816, -0.6483, -2.4195]
				},
				"left_arm": {
					"rotation": {
						"0.0": [-2.89633, 38.52141, 23.21611],
						"0.0417": [0, 36.07, 27.5],
						"0.2917": [0, -27.5, 27.5],
						"2.625": [0, -27.5, 27.5],
						"2.875": [0, 0, 27.5],
						"3.0": [-2.89633, 38.52141, 23.21611]
					}
				},
				"left_arm2": {
					"rotation": {
						"0.0": [79.79846, 25.77857, 24.19692],
						"2.875": [21.741, 17.26588, -9.15996],
						"3.0": [79.79846, 25.77857, 24.19692]
					}
				},
				"left_thigh": {
					"rotation": {
						"0.2083": [-40, -20, 0],
						"0.5": [-82.5, -15, 0],
						"0.7917": [0, -15, 0],
						"2.875": [0, -15, 0],
						"3.0": [-40, -20, 0]
					},
					"position": {
						"0.0": [0, 0.2, -2],
						"0.2083": [0, 0.2, -0.1],
						"0.4167": [0, 0.47, 0.67],
						"0.5": [0, 0.5, 0],
						"0.7917": [0, 0, 1],
						"2.875": [0, 0, 1],
						"3.0": [0, 0.2, -2]
					}
				},
				"left_leg": {
					"rotation": {
						"0.0": [30, 0, 0],
						"0.0833": [52.5, 0, 0],
						"0.1667": [52.5, 0, 0],
						"0.4583": [0, 0, 0],
						"2.875": [0, 0, 0],
						"3.0": [30, 0, 0]
					},
					"position": [0, 0, 0.5]
				}
			}
		},
		"animation.pansage.status": {
			"animation_length": 1.25,
			"bones": {
				"left_ear": {
					"rotation": [0, -2.5, 0]
				},
				"right_ear": {
					"rotation": {
						"0.1667": [0, 2.5, 0],
						"0.25": [0, -35, 0],
						"0.2917": [0, -50, 0],
						"0.375": [0, -67.5, 0],
						"0.4167": [0, -58.75, 0],
						"0.4583": [0, 0, 0],
						"0.625": [0, -35, 0],
						"0.6667": [0, -70, 0],
						"0.7083": [0, -60, 0],
						"0.8333": [0, 0, 0],
						"0.9583": [0, 2.5, 0]
					}
				},
				"right_arm": {
					"rotation": {
						"0.0": [-2.89633, -38.52141, "-23.2161099519-math.sin(q.anim_time*90*2-0)*-1.5"],
						"0.1667": [-42.18626, 17.38772, -9.2511],
						"0.2083": [0, -15, 0],
						"0.25": [0, -25, 0],
						"0.3333": [0, -35, 0],
						"0.375": [0, -58.75, 0],
						"0.4167": [0, 0, 0],
						"0.4583": [0, 2.5, 0],
						"0.5417": [0, 15, 0],
						"0.5833": [0, -12.5, 0],
						"0.6667": [0, -35, 0],
						"0.7083": [0, -40, 0],
						"0.75": [0, 25, 0],
						"0.875": [-42.18626, 17.38772, -9.2511],
						"0.9583": [-2.89633, -38.52141, "-23.2161099519-math.sin(q.anim_time*90*2-0)*-1.5"]
					}
				},
				"right_arm2": {
					"rotation": {
						"0.0": [79.79846, "-25.7785687294-math.sin(q.anim_time*90*2-0)*-5", "-24.1969204654-math.sin(q.anim_time*90*2-0)*-5"],
						"0.1667": [0, -27.5, 62.5],
						"0.3333": [0, -75, 62],
						"0.375": [0, -115, 62],
						"0.4167": [0, -100, 62],
						"0.4583": [0, -37, 62],
						"0.5": [0, -16, 62],
						"0.5417": [0, -8, 62],
						"0.625": [0, -75, 62],
						"0.6667": [0, -115, 62],
						"0.7083": [0, -100, 62],
						"0.75": [0, -37, 62],
						"0.7917": [0, -16, 62],
						"0.8333": [0, -8, 62],
						"0.875": [0, -27, 62],
						"0.9583": [79.79846, "-25.7785687294-math.sin(q.anim_time*90*2-0)*-5", "-24.1969204654-math.sin(q.anim_time*90*2-0)*-5"]
					}
				},
				"tail": {
					"rotation": {
						"0.0": ["math.sin(q.anim_time*60*2-80)*3", -35, 0],
						"0.1667": [0, -35, 0],
						"0.9583": ["math.sin(q.anim_time*60*2-80)*3", -35, 0]
					}
				},
				"tail2": {
					"rotation": {
						"0.0": ["-6.2069209863+math.sin(q.anim_time*60*2-80)*3", -27.1178, 7.92074],
						"0.1667": [-6.20692, -27.1178, 7.92074],
						"0.9583": ["-6.2069209863+math.sin(q.anim_time*60*2-80)*3", -27.1178, 7.92074]
					}
				},
				"tail3": {
					"rotation": {
						"0.0": ["20+math.sin(q.anim_time*60*2-160)*6", 0, 0],
						"0.1667": [20, 0, 0],
						"0.9583": ["20+math.sin(q.anim_time*60*2-160)*6", 0, 0]
					}
				},
				"tail4": {
					"rotation": ["22.6745767147+math.sin(q.anim_time*60*2-180)*7", -6.92618, 22.11581]
				},
				"right_thigh": {
					"rotation": ["-40+math.sin(q.anim_time*90*2)*2", 20, 0],
					"position": [0, 0.2, -2]
				},
				"tail5": {
					"rotation": ["17.6207597288+math.sin(q.anim_time*60*2-180)*7", 12.45167, 1.10693]
				},
				"open": {
					"position": {
						"0.1667": [0, 0, 0],
						"0.25": [0, 0, -0.5],
						"0.4167": [0, 0, -0.5],
						"0.5417": [0, 0, 0],
						"0.625": [0, 0, -0.5],
						"0.7917": [0, 0, -0.5],
						"0.875": [0, 0, 1]
					}
				},
				"body": {
					"rotation": [7.5, 0, 0]
				},
				"torso": {
					"rotation": [20, 0, 0]
				},
				"head": {
					"rotation": {
						"0.0": [-15, 0, 0],
						"0.1667": [0, 0, 0],
						"0.2917": [7.5, 0, 0],
						"0.4167": [0, 0, 0],
						"0.5417": [7.5, 0, 0],
						"0.9583": [-15, 0, 0]
					}
				},
				"eye": {
					"position": {
						"0.1667": [0, 0, 0],
						"0.25": [0, 0, 1],
						"0.9583": [0, 0, 1],
						"1.0417": [0, 0, 0]
					}
				},
				"angry": {
					"position": [0, 0, -0.5]
				},
				"shock": {
					"position": {
						"0.1667": [0, 0, 0],
						"0.25": [0, 0, -1.5],
						"0.9583": [0, 0, -1.53],
						"1.0": [0, 0, -1],
						"1.0417": [0, 0, 0]
					}
				},
				"close": {
					"position": [0, 0, 1]
				},
				"right_leg": {
					"rotation": ["30+math.sin(q.anim_time*90*2)*-3", 0, 0],
					"position": [0, 0, 0.5]
				},
				"right_feet": {
					"rotation": ["7.4816+math.sin(q.anim_time*90*2)*-1.5", -0.6483, -2.4195]
				},
				"left_eye2": {
					"position": [0, 0, 1]
				},
				"right_eye2": {
					"position": [0, 0, 1]
				},
				"left_arm": {
					"rotation": [-2.89633, 38.52141, "23.2161+math.sin(q.anim_time*90*2-0)*-1.5"]
				},
				"left_arm2": {
					"rotation": [79.79846, "25.7786+math.sin(q.anim_time*90*2-0)*-5", "24.1969+math.sin(q.anim_time*90*2-0)*-5"]
				},
				"left_thigh": {
					"rotation": ["-40+math.sin(q.anim_time*90*2)*2", -20, 0],
					"position": [0, 0.2, -2]
				},
				"left_leg": {
					"rotation": ["30+math.sin(q.anim_time*90*2)*-3", 0, 0],
					"position": [0, 0, 0.5]
				},
				"left_feet": {
					"rotation": ["7.4816+math.sin(q.anim_time*90*2)*-1.5", 0.6483, 2.4195]
				}
			}
		},
		"animation.pansage.recoil": {
			"animation_length": 0.7083,
			"bones": {
				"torso": {
					"rotation": {
						"0.0": [0, 0, 0],
						"0.0417": {
							"pre": [2.5, 0, 0],
							"post": [2.5, 0, 0],
							"lerp_mode": "catmullrom"
						},
						"0.1667": {
							"post": [-5, 0, 0],
							"lerp_mode": "catmullrom"
						},
						"0.4583": [0, 0, 0]
					}
				},
				"head": {
					"rotation": {
						"0.0": [0, 0, 0],
						"0.0417": {
							"pre": [5, 0, 0],
							"post": [5, 0, 0],
							"lerp_mode": "catmullrom"
						},
						"0.1667": {
							"post": [-5, 0, 0],
							"lerp_mode": "catmullrom"
						},
						"0.625": [0, 0, 0]
					}
				},
				"eye": {
					"position": {
						"0.0417": [0, 0, 0],
						"0.0833": [0, 0, 1],
						"0.6667": [0, 0, 1],
						"0.7083": [0, 0, 0]
					}
				},
				"shock": {
					"position": {
						"0.0417": [0, 0, 0],
						"0.0833": [0, 0, -1.5],
						"0.6667": [0, 0, -1.5],
						"0.7083": [0, 0, 0]
					}
				},
				"close": {
					"position": {
						"0.0417": [0, 0, 0],
						"0.0833": [0, 0, 1],
						"0.6667": [0, 0, 1],
						"0.7083": [0, 0, 0]
					}
				},
				"open": {
					"position": {
						"0.0": [0, 0, 0],
						"0.0833": [0, 0, -0.5],
						"0.625": [0, 0, -0.5],
						"0.6667": [0, 0, 1]
					}
				}
			}
		},
		"animation.pansage.battle_idle": {
			"loop": true,
			"bones": {
				"body": {
					"rotation": [7.5, 0, 0]
				},
				"torso": {
					"rotation": ["20+math.sin(q.anim_time*90*2-0)*-1.5", 0, "math.sin(q.anim_time*90*1-90)*-2.8405"]
				},
				"head": {
					"rotation": [-15, 0, 0]
				},
				"left_ear": {
					"rotation": [0, -2.5, 0]
				},
				"right_ear": {
					"rotation": [0, 2.5, 0]
				},
				"angry": {
					"position": [0, 0, -0.5]
				},
				"close": {
					"position": [0, 0, 1]
				},
				"right_arm": {
					"rotation": [-2.89633, -38.52141, "-23.2161099519-math.sin(q.anim_time*90*2-0)*-1.5"]
				},
				"right_arm2": {
					"rotation": [79.79846, "-25.7785687294-math.sin(q.anim_time*90*2-0)*-5", "-24.1969204654-math.sin(q.anim_time*90*2-0)*-5"]
				},
				"tail": {
					"rotation": ["math.sin(q.anim_time*60*2-80)*3", -35, 0]
				},
				"tail2": {
					"rotation": ["-6.2069209863+math.sin(q.anim_time*60*2-80)*3", -27.1178, 7.92074]
				},
				"tail3": {
					"rotation": ["20+math.sin(q.anim_time*60*2-160)*6", 0, 0]
				},
				"tail4": {
					"rotation": ["22.6745767147+math.sin(q.anim_time*60*2-180)*7", -6.92618, 22.11581]
				},
				"tail5": {
					"rotation": ["17.6207597288+math.sin(q.anim_time*60*2-180)*7", 12.45167, 1.10693]
				},
				"right_thigh": {
					"rotation": ["-40+math.sin(q.anim_time*90*2)*2", 20, 0],
					"position": [0, 0.2, -2]
				},
				"right_leg": {
					"rotation": ["30+math.sin(q.anim_time*90*2)*-3", 0, 0],
					"position": [0, 0, 0.5]
				},
				"right_feet": {
					"rotation": ["7.4816+math.sin(q.anim_time*90*2)*-1.5", -0.6483, -2.4195]
				},
				"left_eye2": {
					"position": [0, 0, 1]
				},
				"right_eye2": {
					"position": [0, 0, 1]
				},
				"left_arm": {
					"rotation": [-2.89633, 38.52141, "23.2161+math.sin(q.anim_time*90*2-0)*-1.5"]
				},
				"left_arm2": {
					"rotation": [79.79846, "25.7786+math.sin(q.anim_time*90*2-0)*-5", "24.1969+math.sin(q.anim_time*90*2-0)*-5"]
				},
				"left_thigh": {
					"rotation": ["-40+math.sin(q.anim_time*90*2)*2", -20, 0],
					"position": [0, 0.2, -2]
				},
				"left_leg": {
					"rotation": ["30+math.sin(q.anim_time*90*2)*-3", 0, 0],
					"position": [0, 0, 0.5]
				},
				"left_feet": {
					"rotation": ["7.4816+math.sin(q.anim_time*90*2)*-1.5", 0.6483, 2.4195]
				}
			}
		},
		"animation.pansage.ground_idle": {
			"loop": true,
			"bones": {
				"torso": {
					"position": [0, "0-math.sin(q.anim_time*90*2)*0.3", 0]
				},
				"head": {
					"rotation": ["0-math.sin(q.anim_time*90*2+20)*-2", 0, "0+math.sin(q.anim_time*90*1-20+180)*-1"]
				},
				"right_arm": {
					"rotation": [-2.89633, -38.52141, "-23.2161099519+math.sin(q.anim_time*90*2-10)*6"]
				},
				"right_arm2": {
					"rotation": [79.79846, -25.77857, "-24.1969204654+math.sin(q.anim_time*90*2-70)*4"]
				},
				"tail": {
					"rotation": ["-10+math.sin(q.anim_time*90*2)*4", "0+math.sin(q.anim_time*45*2)*20", 0]
				},
				"tail2": {
					"rotation": ["22.5+math.sin(q.anim_time*90*2)*5", "0+math.sin(q.anim_time*45*2)*22", 0]
				},
				"tail3": {
					"rotation": ["17.5+math.sin(q.anim_time*90*2)*6", "0+math.sin(q.anim_time*45*2)*24", 0]
				},
				"tail4": {
					"rotation": ["11.9385+math.sin(q.anim_time*90*2)*7", -3.73173, 17.10967]
				},
				"tail5": {
					"rotation": ["11.9385+math.sin(q.anim_time*90*2)*7", 3.73173, -17.10967]
				},
				"left_arm": {
					"rotation": [-2.89633, 38.52141, "23.2161-math.sin(q.anim_time*90*2-10)*6"]
				},
				"left_arm2": {
					"rotation": [79.79846, 25.77857, "24.1969-math.sin(q.anim_time*90*2-70)*4"]
				}
			}
		},
		"animation.pansage.ground_walk": {
			"loop": true,
			"animation_length": 1,
			"bones": {
				"pansage": {
					"position": [0, 0, "0+math.sin(q.anim_time*90*8+210)*0.2"]
				},
				"body": {
					"position": {
						"0.125": {
							"pre": [0, 0, 0],
							"post": [0, 0, 0],
							"lerp_mode": "catmullrom"
						},
						"0.25": {
							"post": [0, -0.25, 0],
							"lerp_mode": "catmullrom"
						},
						"0.375": {
							"post": [0, 0, 0],
							"lerp_mode": "catmullrom"
						},
						"0.625": {
							"post": [0, 0, 0],
							"lerp_mode": "catmullrom"
						},
						"0.75": {
							"post": [0, -0.25, 0],
							"lerp_mode": "catmullrom"
						},
						"0.8333": {
							"post": [0, 0, 0],
							"lerp_mode": "catmullrom"
						}
					}
				},
				"torso": {
					"rotation": ["5+math.sin(q.anim_time*90*8+30)*2", "0+math.sin(q.anim_time*90*4+90)*10", "0+math.sin(q.anim_time*90*4+270)*3"],
					"position": [0, "0+math.sin(q.anim_time*90*8+130)*0.3", 0]
				},
				"head": {
					"rotation": ["2.5+math.sin(q.anim_time*90*8-60)*1.5", "0+math.sin(q.anim_time*90*4+0)*5", "0+math.sin(q.anim_time*90*4+0+180)*3"]
				},
				"right_arm": {
					"rotation": [10.08453, "7.3854+math.sin(q.anim_time*90*4-90)*25", "-48.6904+math.sin(q.anim_time*90*4+0)*2.5"]
				},
				"right_arm2": {
					"rotation": [0, "-42.5+math.sin(q.anim_time*90*4-120)*20", 0]
				},
				"right_hand": {
					"rotation": [0, "0+math.sin(q.anim_time*90*4-150)*2.5", "-22.5+math.sin(q.anim_time*90*4-150)*5"],
					"position": [0.15, -0.34, 0]
				},
				"tail": {
					"rotation": ["-17.5+math.sin(q.anim_time*90*8-35)*4", "math.sin(q.anim_time*90*4+30)*14", 0]
				},
				"tail2": {
					"rotation": ["27.5+math.sin(q.anim_time*90*8-65)*4", "math.sin(q.anim_time*90*4+0)*16", 0]
				},
				"tail3": {
					"rotation": ["50+math.sin(q.anim_time*90*8-95)*4", "math.sin(q.anim_time*90*4-30)*18", 0]
				},
				"right_thigh": {
					"rotation": {
						"0.0": {
							"post": [36.50677, 8.43184, 4.42536],
							"lerp_mode": "catmullrom"
						},
						"0.1667": {
							"post": [24.86042, 8.76111, 3.97209],
							"lerp_mode": "catmullrom"
						},
						"0.5": {
							"post": [-61.31845, 9.91358, 2.38565],
							"lerp_mode": "catmullrom"
						},
						"0.75": {
							"post": [1.18155, 9.91358, 2.38565],
							"lerp_mode": "catmullrom"
						},
						"1.0": {
							"post": [36.50677, 8.43184, 4.42536],
							"lerp_mode": "catmullrom"
						}
					},
					"position": {
						"0.0": {
							"post": [0, 0.5, 1],
							"lerp_mode": "catmullrom"
						},
						"0.25": {
							"post": [0, 0.75, 0.13],
							"lerp_mode": "catmullrom"
						},
						"0.5": {
							"post": [0, 0, -0.75],
							"lerp_mode": "catmullrom"
						},
						"0.75": {
							"post": [0, 0, 0],
							"lerp_mode": "catmullrom"
						},
						"0.875": {
							"post": [0, 0.75, 0.5],
							"lerp_mode": "catmullrom"
						},
						"1.0": {
							"post": [0, 0.5, 1],
							"lerp_mode": "catmullrom"
						}
					}
				},
				"right_leg": {
					"rotation": {
						"0.0": {
							"post": [15, 0, 0],
							"lerp_mode": "catmullrom"
						},
						"0.1667": {
							"post": [55, 0, 0],
							"lerp_mode": "catmullrom"
						},
						"0.3333": {
							"post": [92.5, 0, 0],
							"lerp_mode": "catmullrom"
						},
						"0.5": {
							"post": [47.5, 0, 0],
							"lerp_mode": "catmullrom"
						},
						"0.75": {
							"post": [0, 0, 0],
							"lerp_mode": "catmullrom"
						},
						"1.0": {
							"post": [15, 0, 0],
							"lerp_mode": "catmullrom"
						}
					}
				},
				"right_feet": {
					"rotation": {
						"0.0": {
							"post": [-30.4165, -7.26605, 3.29302],
							"lerp_mode": "catmullrom"
						},
						"0.25": {
							"post": [-0.4165, -7.26605, 3.29302],
							"lerp_mode": "catmullrom"
						},
						"0.5": {
							"post": [24.37394, -0.4385, 6.40588],
							"lerp_mode": "catmullrom"
						},
						"0.6667": {
							"post": [11.9438, -2.71435, 5.36826],
							"lerp_mode": "catmullrom"
						},
						"0.8333": {
							"post": [-35.48635, -4.9902, 4.33064],
							"lerp_mode": "catmullrom"
						},
						"1.0": {
							"post": [-30.4165, -7.26605, 3.29302],
							"lerp_mode": "catmullrom"
						}
					}
				},
				"left_arm": {
					"rotation": [10.08453, "-7.3854+math.sin(q.anim_time*90*4-90)*25", "48.6904+math.sin(q.anim_time*90*4+0)*2.5"]
				},
				"left_arm2": {
					"rotation": [0, "42.5+math.sin(q.anim_time*90*4-120)*20", 0]
				},
				"left_hand": {
					"rotation": [0, "0+math.sin(q.anim_time*90*4-150)*2.5", "22.5+math.sin(q.anim_time*90*4-150)*5"],
					"position": [-0.15, -0.34, 0]
				},
				"left_thigh": {
					"rotation": {
						"0.0": {
							"post": [-61.31845, -9.91358, -2.38565],
							"lerp_mode": "catmullrom"
						},
						"0.25": {
							"post": [1.18155, -9.91358, -2.38565],
							"lerp_mode": "catmullrom"
						},
						"0.5": {
							"post": [36.50677, -8.43184, -4.42536],
							"lerp_mode": "catmullrom"
						},
						"0.6667": {
							"post": [24.86042, -8.76111, -3.97209],
							"lerp_mode": "catmullrom"
						},
						"1.0": {
							"post": [-61.31845, -9.91358, -2.38565],
							"lerp_mode": "catmullrom"
						}
					},
					"position": {
						"0.0": {
							"post": [0, 0, -0.75],
							"lerp_mode": "catmullrom"
						},
						"0.25": {
							"post": [0, 0, 0],
							"lerp_mode": "catmullrom"
						},
						"0.375": {
							"post": [0, 0.75, 0.5],
							"lerp_mode": "catmullrom"
						},
						"0.5": {
							"post": [0, 0.5, 1],
							"lerp_mode": "catmullrom"
						},
						"0.75": {
							"post": [0, 0.75, 0.13],
							"lerp_mode": "catmullrom"
						},
						"1.0": {
							"post": [0, 0, -0.75],
							"lerp_mode": "catmullrom"
						}
					}
				},
				"left_leg": {
					"rotation": {
						"0.0": {
							"post": [47.5, 0, 0],
							"lerp_mode": "catmullrom"
						},
						"0.25": {
							"post": [0, 0, 0],
							"lerp_mode": "catmullrom"
						},
						"0.5": {
							"post": [15, 0, 0],
							"lerp_mode": "catmullrom"
						},
						"0.6667": {
							"post": [55, 0, 0],
							"lerp_mode": "catmullrom"
						},
						"0.8333": {
							"post": [92.5, 0, 0],
							"lerp_mode": "catmullrom"
						},
						"1.0": {
							"post": [47.5, 0, 0],
							"lerp_mode": "catmullrom"
						}
					}
				},
				"left_feet": {
					"rotation": {
						"0.0": {
							"post": [24.37394, 0.4385, -6.40588],
							"lerp_mode": "catmullrom"
						},
						"0.1667": {
							"post": [11.9438, 2.71435, -5.36826],
							"lerp_mode": "catmullrom"
						},
						"0.3333": {
							"post": [-35.48635, 4.9902, -4.33064],
							"lerp_mode": "catmullrom"
						},
						"0.5": {
							"post": [-30.4165, 7.26605, -3.29302],
							"lerp_mode": "catmullrom"
						},
						"0.75": {
							"post": [-0.4165, 7.26605, -3.29302],
							"lerp_mode": "catmullrom"
						},
						"1.0": {
							"post": [24.37394, 0.4385, -6.40588],
							"lerp_mode": "catmullrom"
						}
					}
				}
			}
		},
		"animation.pansage.blink": {
			"animation_length": 0.25,
			"bones": {
				"eye": {
					"position": {
						"0.0": [0, 0, 0],
						"0.0417": [0, 0, 1],
						"0.2083": [0, 0, 1],
						"0.25": [0, 0, 0]
					}
				},
				"happy": {
					"position": {
						"0.0": [0, 0, 0],
						"0.0417": [0, 0, -1.5],
						"0.2083": [0, 0, -1.5],
						"0.25": [0, 0, 0]
					}
				}
			}
		},
		"animation.pansage.faint": {
			"animation_length": 2.125,
			"bones": {
				"body": {
					"rotation": {
						"1.25": [7.5, 0, 0],
						"1.5417": [40.31972, -15.50974, -12.78569],
						"1.7083": [80, 0, 0],
						"1.875": [70, 0, 0],
						"2.0833": [80, 0, 0]
					},
					"position": {
						"0.0": [0, 0, 0],
						"1.2917": [0, 0, 9],
						"1.625": [0, 1, 4],
						"1.7083": [0, 1, 1]
					}
				},
				"torso": {
					"rotation": {
						"0.0": [20, 0, 0],
						"0.0833": [0, 0, 0],
						"0.125": {
							"pre": [2.5, 0, 0],
							"post": [2.5, 0, 0],
							"lerp_mode": "catmullrom"
						},
						"0.7083": {
							"post": [-5, 0, 0],
							"lerp_mode": "catmullrom"
						},
						"1.0": [0, 0, 0]
					}
				},
				"head": {
					"rotation": {
						"0.0": [-15, 0, 0],
						"0.0833": {
							"pre": [5, 0, 0],
							"post": [5, 0, 0],
							"lerp_mode": "catmullrom"
						},
						"0.125": {
							"post": [15, 0, 0],
							"lerp_mode": "catmullrom"
						},
						"0.7083": {
							"post": [-5, 0, 0],
							"lerp_mode": "catmullrom"
						},
						"1.125": [-2.29, 0, 0],
						"1.1667": [0, 0, 0],
						"1.2917": [-25, 0, 0]
					}
				},
				"left_ear": {
					"rotation": [0, -2.5, 0]
				},
				"right_ear": {
					"rotation": [0, 2.5, 0]
				},
				"eye": {
					"position": {
						"0.0833": [0, 0, 0],
						"0.125": [0, 0, 1],
						"0.25": [0, 0, 1],
						"0.2917": [0, 0, 0]
					}
				},
				"left_eye": {
					"position": {
						"1.4167": [0, 0, 0],
						"1.4583": [0, 0, 1]
					}
				},
				"right_eye": {
					"position": {
						"1.4167": [0, 0, 0],
						"1.4583": [0, 0, 1]
					}
				},
				"angry": {
					"position": {
						"0.0833": [0, 0, -0.5],
						"0.125": [0, 0, 0]
					}
				},
				"sad": {
					"position": {
						"0.25": [0, 0, 0],
						"0.2917": [0, 0, -0.5]
					}
				},
				"shock": {
					"position": {
						"0.0833": [0, 0, 0],
						"0.125": [0, 0, -1.5],
						"0.25": [0, 0, -1.5],
						"0.2917": [0, 0, 0],
						"1.4167": [0, 0, 0],
						"1.4583": [0, 0, -1]
					}
				},
				"close": {
					"position": [0, 0, 1]
				},
				"open": {
					"position": {
						"0.0833": [0, 0, 0],
						"0.1667": [0, 0, -0.5]
					}
				},
				"right_arm": {
					"rotation": {
						"0.0": [-2.89633, -38.52141, "-23.2161099519-math.sin(q.anim_time*90*2-0)*-1.5"],
						"1.9167": [-5.40102, -7.02097, "-2.0198+math.sin(q.anim_time*90*2-0)*-1.5"]
					}
				},
				"right_arm2": {
					"rotation": {
						"0.0": [79.79846, "-25.7785687294-math.sin(q.anim_time*90*2-0)*-5", "-24.1969204654-math.sin(q.anim_time*90*2-0)*-5"],
						"1.9167": [-8.30437, -24.44393, "51.4857+math.sin(q.anim_time*90*2-0)*-5"]
					}
				},
				"tail": {
					"rotation": {
						"0.0": ["math.sin(q.anim_time*60*2-80)*3", -35, 0],
						"0.25": ["-0.2533+math.sin(q.anim_time*60*2-80)*3", 42.45003, -3.04142],
						"0.5": ["math.sin(q.anim_time*60*2-80)*3", -35, 0],
						"0.75": ["-0.2533+math.sin(q.anim_time*60*2-80)*3", 42.45003, -3.04142],
						"1.125": ["math.sin(q.anim_time*60*2-80)*3", 0, -3.04],
						"1.5417": ["-67.5+math.sin(q.anim_time*60*2-80)*3", 0, -3.04],
						"1.5833": ["-57.5+math.sin(q.anim_time*60*2-80)*3", 0, -3.04],
						"1.625": ["-95+math.sin(q.anim_time*60*2-80)*3", 0, -3.04],
						"1.7917": ["-102.5+math.sin(q.anim_time*60*2-80)*3", 0, -3.04]
					},
					"position": {
						"0.0": [0, 0, 0],
						"1.7917": [0, 0, -1]
					}
				},
				"tail2": {
					"rotation": {
						"0.0": ["-6.2069209863+math.sin(q.anim_time*60*2-80)*3", -27.1178, 7.92074],
						"0.25": ["-5.3844+math.sin(q.anim_time*60*2-80)*3", 10.03529, 2.67467],
						"0.5": ["-6.2069209863+math.sin(q.anim_time*60*2-80)*3", -27.1178, 7.92074],
						"1.125": ["-32.5+math.sin(q.anim_time*60*2-80)*3", 0, 0],
						"1.5833": ["-15+math.sin(q.anim_time*60*2-80)*3", 0, 0],
						"1.625": ["15+math.sin(q.anim_time*60*2-80)*3", 0, 0]
					}
				},
				"tail3": {
					"rotation": {
						"0.0": ["20+math.sin(q.anim_time*60*2-160)*6", 0, 0],
						"0.25": ["22.2442+math.sin(q.anim_time*60*2-160)*6", 28.81866, 8.7187],
						"0.5": ["20+math.sin(q.anim_time*60*2-160)*6", 0, 0],
						"0.75": ["22.2442+math.sin(q.anim_time*60*2-160)*6", 28.81866, 8.7187],
						"1.125": ["30+math.sin(q.anim_time*60*2-160)*6", 0, 0],
						"1.5833": ["-22.5+math.sin(q.anim_time*60*2-160)*6", 0, 0],
						"1.625": ["25+math.sin(q.anim_time*60*2-160)*6", 0, 0],
						"2.0417": ["-2.5+math.sin(q.anim_time*60*2-160)*6", 0, 0]
					}
				},
				"tail4": {
					"rotation": ["22.6745767147+math.sin(q.anim_time*60*2-180)*7", -6.92618, 22.11581]
				},
				"tail5": {
					"rotation": ["17.6207597288+math.sin(q.anim_time*60*2-180)*7", 12.45167, 1.10693]
				},
				"right_thigh": {
					"rotation": {
						"0.0": [-40, 20, 0],
						"0.125": [-67.5, 20, 0],
						"0.375": [-20, 20, 0],
						"0.5417": [-67.5, 20, 0],
						"0.625": [-36.5, 20, 0],
						"0.75": [-40, 20, 0],
						"1.125": [-70, 20, 0],
						"1.25": [-40, 20, 0],
						"1.3333": [-72.5, 20, 0],
						"1.9167": [0, 0, 0]
					},
					"position": {
						"0.0": [0, 0.2, -2],
						"0.375": [0, 0.2, 0],
						"0.625": [0, 0.2, -0.33],
						"0.75": [0, 0.2, 0],
						"1.25": [0, 0.2, 0],
						"1.9167": [0, 0, 0]
					}
				},
				"right_leg": {
					"rotation": {
						"0.0": [30, 0, 0],
						"0.1667": [62.5, 0, 0],
						"0.3333": [30, 0, 0],
						"0.375": [50, 0, 0],
						"0.75": [30, 0, 0],
						"1.25": [38.46, 0, 0],
						"1.3333": [38.46, 0, 0],
						"1.375": [83.46, 0, 0],
						"1.5833": [93.46, 0, 0],
						"1.9167": [0, 0, 0]
					},
					"position": {
						"1.3333": [0, 0, 0.5],
						"1.5833": [0, 2, 0.5],
						"1.9167": [0, 0, 0]
					}
				},
				"right_feet": {
					"rotation": {
						"0.5": [7.4816, -0.6483, -2.4195],
						"0.75": [22.4816, -0.6483, -2.4195],
						"1.25": [2.1, -0.65, -2.42],
						"1.9167": [0, 0, 0]
					}
				},
				"left_eye2": {
					"position": [0, 0, 1]
				},
				"right_eye2": {
					"position": [0, 0, 1]
				},
				"right_eye3": {
					"position": {
						"0.0833": [0, 0, 0],
						"0.2083": [0, 0, 1]
					}
				},
				"left_eye3": {
					"position": {
						"0.0833": [0, 0, 0],
						"0.2083": [0, 0, 1]
					}
				},
				"left_arm": {
					"rotation": {
						"0.0": [-2.89633, 38.52141, "23.2161-math.sin(q.anim_time*90*2-0)*-1.5"],
						"1.9167": [-5.40102, 7.02097, "2.0198+math.sin(q.anim_time*90*2-0)*-1.5"]
					}
				},
				"left_arm2": {
					"rotation": {
						"0.0": [79.79846, "25.7786-math.sin(q.anim_time*90*2-0)*-5", "24.1969-math.sin(q.anim_time*90*2-0)*-5"],
						"1.9167": [-8.30437, 24.44393, "-51.4857+math.sin(q.anim_time*90*2-0)*-5"]
					}
				},
				"left_thigh": {
					"rotation": {
						"0.0": [-40, -20, 0],
						"0.125": [12.5, -20, 0],
						"0.375": [-65, -20, 0],
						"0.5417": [27.5, -20, 0],
						"0.625": [-36.5, -20, 0],
						"0.75": [-75, -20, 0],
						"1.25": [20, -20, 0],
						"1.3333": [-20, -20, 0],
						"1.9167": [0, 0, 0]
					},
					"position": {
						"0.0": [0, 0.2, -2],
						"0.0833": [0, 0.2, 0],
						"0.375": [0, -0.18, -0.57],
						"0.5417": [0, -0.4, 0.67],
						"0.75": [0, 0.2, 0],
						"1.25": [0, 0.2, 0],
						"1.9167": [0, 0, 0]
					}
				},
				"left_leg": {
					"rotation": {
						"0.0": [30, 0, 0],
						"0.375": [21.73, 0, 0],
						"0.5417": [-32.5, 0, 0],
						"0.7083": [32.5, 0, 0]
					}
				},
				"left_feet": {
					"rotation": [7.4816, 0.6483, 2.4195]
				}
			}
		},
		"animation.pansage.sleep": {
			"loop": true,
			"bones": {
				"body": {
					"rotation": [-77.5, 0, 0]
				},
				"torso": {
					"rotation": [0, "math.sin(q.anim_time*90*2-0)*-0.5", 0]
				},
				"head": {
					"rotation": ["-10+math.sin(q.anim_time*90*1-90)*-1", 0, 0]
				},
				"right_ear": {
					"rotation": ["1-math.sin(q.anim_time*90*1-90)*-1", -12.5, 0]
				},
				"eye": {
					"position": [0, 0, 1]
				},
				"sleepy": {
					"position": [0, 0, -1.5]
				},
				"right_arm": {
					"rotation": [0, 32.5, 12.5]
				},
				"right_arm2": {
					"rotation": [-14.99233, -4.66107, 45.08449]
				},
				"tail": {
					"rotation": [-104.33501, -4.46375, -16.93839]
				},
				"tail2": {
					"rotation": [0, -35, 0]
				},
				"tail3": {
					"rotation": ["6.9831-math.sin(q.anim_time*90*1-90)*-1", 44.79337, -176.48262]
				},
				"right_thigh": {
					"rotation": [-13.4936, 21.93857, -5.123]
				},
				"left_arm": {
					"rotation": [0, 0, 32.5]
				},
				"left_arm2": {
					"rotation": [52.5, 0, 0]
				}
			}
		}
	}
}