{
	"format_version": "1.10.0",
	"particle_effect": {
		"description": {
			"identifier": "cobblemon:earthquake_impact",
			"basic_render_parameters": {
				"material": "particles_blend",
				"texture": "textures/particles/soil"
			}
		},
		"curves": {
			"variable.scale": {
				"type": "linear",
				"input": "v.particle_age",
				"horizontal_range": "v.particle_lifetime",
				"nodes": [0, 1, 0.75, 0]
			}
		},
		"components": {
			"minecraft:emitter_rate_instant": {
				"num_particles": 30
			},
			"minecraft:emitter_lifetime_once": {
				"active_time": 1
			},
			"minecraft:emitter_shape_point": {
				"offset": ["math.random(-0.25,0.25)", "math.random(-0.25,0.25)", "math.random(-0.25,0.25)"]
			},
			"minecraft:particle_lifetime_expression": {
				"max_lifetime": 0.5
			},
			"minecraft:particle_initial_spin": {
				"rotation": "math.random(0,360)"
			},
			"minecraft:particle_initial_speed": 4,
			"minecraft:particle_motion_dynamic": {},
			"minecraft:particle_appearance_billboard": {
				"size": ["0.35*variable.scale", "0.35*variable.scale"],
				"facing_camera_mode": "rotate_xyz",
				"uv": {
					"texture_width": 80,
					"texture_height": 8,
					"flipbook": {
						"base_UV": [0, 0],
						"size_UV": [8, 8],
						"step_UV": [8, 0],
						"frames_per_second": 20,
						"max_frame": 10,
						"loop": true
					}
				}
			},
			"minecraft:particle_appearance_tinting": {
				"color": [0.91373, 0.66667, 0.27843, 1]
			}
		}
	}
}