{
	"format_version": "1.8.0",
	"animations": {
		"animation.typhlosion_hisuian.ground_idle": {
			"loop": true,
			"bones": {
				"torso": {
					"rotation": ["-77.5-math.cos(q.anim_time*90*3/2)*1", 0, 0],
					"position": [0, "0-math.sin(q.anim_time*90*3/2)*0.3", 0]
				},
				"torso2": {
					"rotation": ["5-math.cos(q.anim_time*90*3/2-60)*1", 0, 0]
				},
				"torso3": {
					"rotation": ["14.9945-math.cos(q.anim_time*90*3/2-120)*3/2", -0.15992, 0.31658]
				},
				"neck": {
					"rotation": ["32.5-math.cos(q.anim_time*90*3/2-160)*3/2", 0, 0]
				},
				"head": {
					"rotation": ["22.5-math.cos(q.anim_time*90*3/2-210)*2", 0, 0]
				},
				"jaw": {
					"rotation": [0, 0, 0]
				},
				"jaw2": {
					"rotation": [0, 0, 0]
				},
				"jaw3": {
					"rotation": [0, 0, 0]
				},
				"head2": {
					"rotation": [0, 0, 0]
				},
				"head3": {
					"rotation": [0, 0, 0]
				},
				"arm_right": {
					"rotation": ["43.0185-math.cos(q.anim_time*90*3/2-130)*1", -30.8534, "-22.2457-math.cos(q.anim_time*90*3/2-160)*2"],
					"position": [0, 0, -1]
				},
				"arm_right2": {
					"rotation": ["-20.0028-math.cos(q.anim_time*90*3/2-210)*4", 0, -7.8421]
				},
				"arm_left": {
					"rotation": ["43.0185-math.cos(q.anim_time*90*3/2-130)*1", 30.8534, "22.2457+math.cos(q.anim_time*90*3/2-160)*2"],
					"position": [0, 0, -1]
				},
				"arm_left2": {
					"rotation": ["-35.0028-math.cos(q.anim_time*90*3/2-210)*4", 0, 7.8421]
				},
				"leg_left": {
					"rotation": [0, -10, 0]
				},
				"leg_left_rotation": {
					"rotation": [-90, 0, 0]
				},
				"leg_right": {
					"rotation": [0, 10, 0]
				},
				"leg_right_rotation": {
					"rotation": [-90, 0, 0]
				},
				"torso_ruff": {
					"rotation": ["-5+math.cos(q.anim_time*90*3/2-60)*2", 0, 0]
				},
				"ear_right": {
					"rotation": ["-2.5+math.cos(q.anim_time*90*3/2-260)*4", 0, 0]
				},
				"ear_left": {
					"rotation": ["-2.5+math.cos(q.anim_time*90*3/2-260)*4", 0, 0]
				},
				"foot_right": {
					"rotation": [0, 2.5, 0]
				},
				"body": {
					"position": [0, -0.5, 0]
				},
				"foot_left": {
					"rotation": [0, -2.5, 0]
				},
				"tail1": {
					"rotation": [27.5, 0, 0]
				},
				"tail2": {
					"rotation": [30, 0, 0]
				},
				"fire_middle1": {
					"rotation": [10, 0, 0]
				},
				"fire_main": {
					"rotation": [15, 0, 0]
				}
			}
		},
		"animation.typhlosion_hisuian.battle_idle": {
			"loop": true,
			"animation_length": 8,
			"bones": {
				"torso": {
					"rotation": ["-72.5-math.cos(q.anim_time*90*3/2)*1", 0, 0],
					"position": [0, "0-math.sin(q.anim_time*90*3/2)*0.3", 0]
				},
				"torso2": {
					"rotation": ["7.5-math.cos(q.anim_time*90*3/2-60)*1", 0, 0]
				},
				"torso3": {
					"rotation": ["29.8741-math.cos(q.anim_time*90*3/2-120)*3/2", -1.32523, -3.01757]
				},
				"neck": {
					"rotation": ["30.2194-math.cos(q.anim_time*90*3/2-160)*3/2", -6.39599, -3.92497]
				},
				"head": {
					"rotation": ["5.013-math.cos(q.anim_time*90*3/2-210)*2", -2.42322, -0.61499]
				},
				"jaw": {
					"rotation": ["7.5-math.cos(q.anim_time*90*3/2-250)*4", 0, 0]
				},
				"head2": {
					"rotation": [0, 0, 0]
				},
				"head3": {
					"rotation": [0, 0, 0]
				},
				"arm_right": {
					"rotation": ["39.4243-math.cos(q.anim_time*90*3/2-130)*1", -37.80124, "-2.7376-math.cos(q.anim_time*90*3/2-160)*2"],
					"position": [0, 0, -1]
				},
				"arm_right2": {
					"rotation": ["-17.5028-math.cos(q.anim_time*90*3/2-210)*4", 0, -7.8421]
				},
				"arm_left": {
					"rotation": ["39.4243-math.cos(q.anim_time*90*3/2-130)*1", 37.8012, "2.7376+math.cos(q.anim_time*90*3/2-160)*2"],
					"position": [0, 0, -1]
				},
				"arm_left2": {
					"rotation": ["-17.5028-math.cos(q.anim_time*90*3/2-210)*4", 0, 7.8421]
				},
				"leg_left": {
					"rotation": [0, -10, 0]
				},
				"leg_left_rotation": {
					"rotation": [-90, 0, 0]
				},
				"leg_right": {
					"rotation": [0, 15, 0]
				},
				"leg_right_rotation": {
					"rotation": [-90, 0, 0]
				},
				"torso_ruff": {
					"rotation": ["-15+math.cos(q.anim_time*90*3/2-60)*2", 0, 0]
				},
				"ear_right": {
					"rotation": ["12.5+math.cos(q.anim_time*90*3/2-260)*4", 0, 0]
				},
				"ear_left": {
					"rotation": ["12.5+math.cos(q.anim_time*90*3/2-260)*4", 0, 0]
				},
				"foot_right": {
					"rotation": [0, 10, 0]
				},
				"body": {
					"rotation": [0, 12.5, 0],
					"position": [0, -0.5, 0]
				},
				"foot_left": {
					"rotation": [0, -7.5, 0]
				},
				"fire_main": {
					"rotation": ["3*math.sin(q.anim_time*90*1-300)", 0, 0]
				},
				"fire_right_final1": {
					"rotation": [0, 0, "4*math.sin(q.anim_time*90*0.5-60)"]
				},
				"fire_right_final2": {
					"rotation": ["3*math.sin(q.anim_time*90*1-120)", 0, "6*math.sin(q.anim_time*90*0.5-120)"]
				},
				"fire_right_final3": {
					"rotation": [0, 0, "3*math.sin(q.anim_time*90*0.5-120)+1*math.sin(q.anim_time*90*4-120)"]
				},
				"fire_middle1": {
					"rotation": [0, 0, "2*math.sin(q.anim_time*90*0.5)"]
				},
				"fire_middle8": {
					"rotation": ["6*math.sin(q.anim_time*90*1-300)", 0, "6*math.sin(q.anim_time*90*0.5-120)"]
				},
				"fire_middle9": {
					"rotation": [0, 0, "3*math.sin(q.anim_time*90*0.5-120)+1*math.sin(q.anim_time*90*4-120)"]
				},
				"fire_middle10": {
					"rotation": [0, 0, "0*math.sin(q.anim_time*90*6-180)"]
				},
				"fire_middle2": {
					"rotation": ["6*math.sin(q.anim_time*90*1-240)", 0, "6*math.sin(q.anim_time*90*0.5-120)"]
				},
				"fire_middle3": {
					"rotation": [0, 0, "3*math.sin(q.anim_time*90*0.5-120)+1*math.sin(q.anim_time*90*4-120)"]
				},
				"fire_middle4": {
					"rotation": [0, 0, "1*math.sin(q.anim_time*90*6-180)"]
				},
				"fire_middle6": {
					"rotation": ["6*math.sin(q.anim_time*90*1-300)", 0, 0]
				},
				"fire_middle7": {
					"rotation": ["6*math.sin(q.anim_time*90*1-360)", 0, 0]
				},
				"fire_middle11": {
					"rotation": ["6*math.sin(q.anim_time*90*1-180)", 0, "6*math.sin(q.anim_time*90*0.5-120)"]
				},
				"fire_middle12": {
					"rotation": [0, 0, "3*math.sin(q.anim_time*90*0.5-120)+1*math.sin(q.anim_time*90*4-120)"]
				},
				"fire_middle13": {
					"rotation": [0, 0, "1*math.sin(q.anim_time*90*6-180)"]
				},
				"fire_right_main": {
					"rotation": [0, 0, "4*math.sin(q.anim_time*90*0.5-60)"]
				},
				"fire_right1": {
					"rotation": ["6*math.sin(q.anim_time*90*1-360)", 0, "6*math.sin(q.anim_time*90*0.5-120)"]
				},
				"fire_right2": {
					"rotation": [0, 0, "3*math.sin(q.anim_time*90*0.5-120)+1*math.sin(q.anim_time*90*4-120)"]
				},
				"fire_right3": {
					"rotation": [0, 0, "1*math.sin(q.anim_time*90*6-180)"]
				},
				"fire_right4": {
					"rotation": ["6*math.sin(q.anim_time*90*1-60)", 0, "6*math.sin(q.anim_time*90*0.5-120)"]
				},
				"fire_right5": {
					"rotation": [0, 0, "3*math.sin(q.anim_time*90*0.5-120)+1*math.sin(q.anim_time*90*4-120)"]
				},
				"fire_right6": {
					"rotation": [0, 0, "1*math.sin(q.anim_time*90*6-180)"]
				},
				"fire_left_main": {
					"rotation": [0, 0, "4*math.sin(q.anim_time*90*0.5-60)"]
				},
				"fire_left1": {
					"rotation": ["6*math.sin(q.anim_time*90*1-120)", 0, "6*math.sin(q.anim_time*90*0.5-120)"]
				},
				"fire_left2": {
					"rotation": [0, 0, "3*math.sin(q.anim_time*90*0.5-120)+1*math.sin(q.anim_time*90*4-120)"]
				},
				"fire_left3": {
					"rotation": [0, 0, "1*math.sin(q.anim_time*90*6-180)"]
				},
				"fire_left4": {
					"rotation": ["6*math.sin(q.anim_time*90*1-60)", 0, "6*math.sin(q.anim_time*90*0.5-120)"]
				},
				"fire_left5": {
					"rotation": [0, 0, "3*math.sin(q.anim_time*90*0.5-120)+1*math.sin(q.anim_time*90*4-120)"]
				},
				"fire_left6": {
					"rotation": [0, 0, "1*math.sin(q.anim_time*90*6-180)"]
				},
				"fire_left_final1": {
					"rotation": [0, 0, "4*math.sin(q.anim_time*90*0.5-60)"]
				},
				"fire_left_final2": {
					"rotation": ["6*math.sin(q.anim_time*90*1)", 0, "3*math.sin(q.anim_time*90*0.5-120)"]
				},
				"fire_left_final3": {
					"rotation": [0, 0, "3*math.sin(q.anim_time*90*0.5-120)+1*math.sin(q.anim_time*90*4-120)"]
				},
				"fire_middle14": {
					"rotation": [0, 0, "2*math.sin(q.anim_time*90*0.5)"]
				},
				"fire_middle15": {
					"rotation": ["6*math.sin(q.anim_time*90*1-300)", 0, "6*math.sin(q.anim_time*90*0.5-120)"]
				},
				"fire_middle16": {
					"rotation": [0, 0, "3*math.sin(q.anim_time*90*0.5-120)+1*math.sin(q.anim_time*90*4-120)"]
				},
				"fire_middle17": {
					"rotation": [0, 0, "1*math.sin(q.anim_time*90*6-180)"]
				},
				"fire_middle18": {
					"rotation": ["6*math.sin(q.anim_time*90*1-240)", 0, "6*math.sin(q.anim_time*90*0.5-120)"]
				},
				"fire_middle19": {
					"rotation": [0, 0, "3*math.sin(q.anim_time*90*0.5-120)+1*math.sin(q.anim_time*90*4-120)"]
				},
				"fire_middle20": {
					"rotation": [0, 0, "1*math.sin(q.anim_time*90*6-180)"]
				},
				"fire_middle21": {
					"rotation": [0, 0, "1*math.sin(q.anim_time*90*6-180)"]
				},
				"fire_middle24": {
					"rotation": ["6*math.sin(q.anim_time*90*1-300)", 0, "6*math.sin(q.anim_time*90*0.5-120)"]
				},
				"fire_middle25": {
					"rotation": [0, 0, "3*math.sin(q.anim_time*90*0.5-120)+1*math.sin(q.anim_time*90*4-120)"]
				},
				"fire_middle26": {
					"rotation": [0, 0, "1*math.sin(q.anim_time*90*6-180)"]
				},
				"fire_right_main2": {
					"rotation": [0, 0, "0*math.sin(q.anim_time*90*0.5)"]
				},
				"fire_right7": {
					"rotation": ["6*math.sin(q.anim_time*90*1-60)", 0, "6*math.sin(q.anim_time*90*0.5-120)"]
				},
				"fire_right8": {
					"rotation": [0, 0, "3*math.sin(q.anim_time*90*0.5-120)+1*math.sin(q.anim_time*90*4-120)"]
				},
				"fire_right9": {
					"rotation": [0, 0, "1*math.sin(q.anim_time*90*6-180)"]
				},
				"fire_right10": {
					"rotation": ["3*math.sin(q.anim_time*90*1-120)", 0, "6*math.sin(q.anim_time*90*0.5-120)"]
				},
				"fire_right12": {
					"rotation": [0, 0, "3*math.sin(q.anim_time*90*0.5-120)+1*math.sin(q.anim_time*90*4-120)"]
				},
				"fire_middle27": {
					"rotation": [0, 0, "2*math.sin(q.anim_time*90*0.5)"]
				},
				"fire_middle31": {
					"rotation": ["6*math.sin(q.anim_time*90*1-240)", 0, "6*math.sin(q.anim_time*90*0.5-120)"]
				},
				"fire_middle32": {
					"rotation": [0, 0, "3*math.sin(q.anim_time*90*0.5-120)+1*math.sin(q.anim_time*90*4-120)"]
				},
				"fire_middle33": {
					"rotation": [0, 0, "1*math.sin(q.anim_time*90*6-180)"]
				},
				"fire_middle34": {
					"rotation": [0, 0, "1*math.sin(q.anim_time*90*6-180)"]
				},
				"fire_middle37": {
					"rotation": ["6*math.sin(q.anim_time*90*1-180)", 0, "1*math.sin(q.anim_time*90*0.5-120)"]
				},
				"fire_middle38": {
					"rotation": [0, 0, "0*math.sin(q.anim_time*90*0.5-120)+1*math.sin(q.anim_time*90*4-120)"]
				},
				"fire_middle39": {
					"rotation": [0, 0, "1*math.sin(q.anim_time*90*6-180)"]
				},
				"fire_right16": {
					"rotation": ["6*math.sin(q.anim_time*90*1-300)", 0, "6*math.sin(q.anim_time*90*0.5-120)"]
				},
				"fire_right17": {
					"rotation": [0, 0, "3*math.sin(q.anim_time*90*0.5-120)+1*math.sin(q.anim_time*90*4-120)"]
				},
				"fire_right18": {
					"rotation": [0, 0, "1*math.sin(q.anim_time*90*6-180)"]
				},
				"fire_left_main3": {
					"rotation": [0, 0, "0*math.sin(q.anim_time*90*0.5)"]
				},
				"fire_left13": {
					"rotation": ["6*math.sin(q.anim_time*90*1-120)", 0, "6*math.sin(q.anim_time*90*0.5-120)"]
				},
				"fire_left14": {
					"rotation": [0, 0, "3*math.sin(q.anim_time*90*0.5-120)+1*math.sin(q.anim_time*90*4-120)"]
				},
				"fire_left15": {
					"rotation": [0, 0, "1*math.sin(q.anim_time*90*6-180)"]
				},
				"fire_left16": {
					"rotation": ["0*math.sin(q.anim_time*90*1-60)", 0, "0*math.sin(q.anim_time*90*0.5-120)"]
				},
				"fire_left17": {
					"rotation": [0, 0, "0*math.sin(q.anim_time*90*0.5-120)+1*math.sin(q.anim_time*90*4-120)"]
				},
				"fire_left18": {
					"rotation": [0, 0, "1*math.sin(q.anim_time*90*6-180)"]
				},
				"fire_left_final4": {
					"rotation": [0, 0, "0*math.sin(q.anim_time*90*0.5)"]
				},
				"bone": {
					"rotation": [0, 0, 0]
				},
				"fire_right_final5": {
					"rotation": ["6*math.sin(q.anim_time*90*1)", 0, "3*math.sin(q.anim_time*90*0.5-120)"]
				},
				"fire_right_final6": {
					"rotation": [0, 0, "3*math.sin(q.anim_time*90*0.5-120)+1*math.sin(q.anim_time*90*4-120)"]
				}
			}
		},
		"animation.typhlosion_hisuian.ground_walk": {
			"loop": true,
			"animation_length": 2,
			"bones": {
				"torso": {
					"rotation": ["-75-math.cos(q.anim_time*90*2*2)*3", "0+math.cos(q.anim_time*90*2)*6", "0-math.cos(q.anim_time*90*2)*3"],
					"position": {
						"0.0": [0, "0-math.sin(q.anim_time*90*2*2)*0.3", 0],
						"0.3333": [0, "0-math.sin(q.anim_time*90*2*2)*0.3", 0],
						"0.4167": [0, "0-math.sin(q.anim_time*90*2*20)*0.1", 0],
						"0.7917": [0, "0-math.sin(q.anim_time*90*2*2)*0.3", 0],
						"1.3333": [0, "0-math.sin(q.anim_time*90*2*2)*0.3", 0],
						"1.4167": [0, "0-math.sin(q.anim_time*90*2*20)*0.1", 0],
						"1.7917": [0, "0-math.sin(q.anim_time*90*2*2)*0.3", 0]
					}
				},
				"torso2": {
					"rotation": ["7.5-math.cos(q.anim_time*90*2*2-60)*1", "math.cos(q.anim_time*90*2-60)*3", "-math.cos(q.anim_time*90*2)*3"]
				},
				"torso3": {
					"rotation": {
						"0.0": ["22.4945-math.cos(q.anim_time*90*2*2-120)*3/2", "-0.1599+math.cos(q.anim_time*90*2-120)*2", 0.31658],
						"0.375": ["22.4945-math.cos(q.anim_time*90*2*2-120)*3/2", "-0.1599+math.cos(q.anim_time*90*2-120)*2", 0.32],
						"0.4583": ["22.4945-math.cos(q.anim_time*90*2*20-120)*1/6", "-0.1599+math.cos(q.anim_time*90*2-120)*2", 0.32],
						"0.8333": ["22.4945-math.cos(q.anim_time*90*2*2-120)*3/2", "-0.1599+math.cos(q.anim_time*90*2-120)*2", 0.31658],
						"1.375": ["22.4945-math.cos(q.anim_time*90*2*2-120)*3/2", "-0.1599+math.cos(q.anim_time*90*2-120)*2", 0.32],
						"1.4583": ["22.4945-math.cos(q.anim_time*90*2*20-120)*1/6", "-0.1599+math.cos(q.anim_time*90*2-120)*2", 0.32],
						"1.9583": ["22.4945-math.cos(q.anim_time*90*2*2-120)*3/2", "-0.1599+math.cos(q.anim_time*90*2-120)*2", 0.31658]
					}
				},
				"neck": {
					"rotation": ["32.5-math.cos(q.anim_time*90*2*2-160)*3/2", 0, 0]
				},
				"head": {
					"rotation": {
						"0.0": ["15-math.cos(q.anim_time*90*2*2-210)*2", "-math.cos(q.anim_time*90*2-60)*5", 0],
						"0.375": ["15-math.cos(q.anim_time*90*2*2-210)*2", "-math.cos(q.anim_time*90*2-60)*5", 0],
						"0.4583": ["15-math.cos(q.anim_time*90*2*20-210)*1/4", "-math.cos(q.anim_time*90*2-60)*5", 0],
						"0.8333": ["15-math.cos(q.anim_time*90*2*2-210)*2", "-math.cos(q.anim_time*90*2-60)*5", 0],
						"1.375": ["15-math.cos(q.anim_time*90*2*2-210)*2", "-math.cos(q.anim_time*90*2-60)*5", 0],
						"1.4583": ["15-math.cos(q.anim_time*90*2*20-210)*1/4", "-math.cos(q.anim_time*90*2-60)*5", 0],
						"1.8333": ["15-math.cos(q.anim_time*90*2*2-210)*2", "-math.cos(q.anim_time*90*2-60)*5", 0]
					}
				},
				"jaw": {
					"rotation": ["12.5-math.cos(q.anim_time*90*2*2-250)*3", 0, 0]
				},
				"jaw2": {
					"rotation": [0, 0, 0]
				},
				"jaw3": {
					"rotation": [0, 0, 0]
				},
				"head2": {
					"rotation": [0, 0, 0]
				},
				"head3": {
					"rotation": [0, 0, 0]
				},
				"arm_right": {
					"rotation": ["43.0185-math.cos(q.anim_time*90*2*2-130)*1", -30.8534, "-22.2457-math.cos(q.anim_time*90*2-160)*2"],
					"position": [0, 0, -1]
				},
				"arm_right2": {
					"rotation": ["-20.0028-math.cos(q.anim_time*90*2*2-210)*4", 0, -7.8421]
				},
				"arm_left": {
					"rotation": ["43.0185-math.cos(q.anim_time*90*2*2-130)*1", 30.8534, "22.2457-math.cos(q.anim_time*90*2-160)*2"],
					"position": [0, 0, -1]
				},
				"arm_left2": {
					"rotation": ["-20.0028-math.cos(q.anim_time*90*2*2-210)*4", 0, 7.8421]
				},
				"leg_left": {
					"rotation": ["0-math.sin(q.anim_time*90*2)*10", -5, 0],
					"position": {
						"0.0": [0, "0+math.clamp(math.cos(q.anim_time*90*2)*5/2,0,20)", "0-math.sin(q.anim_time*90*2)*2"],
						"0.3333": [0, "0+math.clamp(math.cos(q.anim_time*90*2)*5/2,0,20)", "0-math.sin(q.anim_time*90*2)*2"],
						"0.4167": [0, "-0.5+math.clamp(math.cos(q.anim_time*90*2)*5/2,0,20)", "0-math.sin(q.anim_time*90*2)*2"],
						"0.5": [0, "0+math.clamp(math.cos(q.anim_time*90*2)*5/2,0,20)", "0-math.sin(q.anim_time*90*2)*2"],
						"1.0833": [0, "0+math.clamp(math.cos(q.anim_time*90*2)*5/2,0,20)", "0-math.sin(q.anim_time*90*2)*2"],
						"1.5833": [0, "1.4+math.clamp(math.cos(q.anim_time*90*2)*5/2,0,20)", "-math.sin(q.anim_time*90*2)*2"],
						"2.0": [0, "0+math.clamp(math.cos(q.anim_time*90*2)*5/2,0,20)", "0-math.sin(q.anim_time*90*2)*2"]
					}
				},
				"leg_left_rotation": {
					"rotation": [-90, 0, 0]
				},
				"leg_right": {
					"rotation": ["0+math.sin(q.anim_time*90*2)*10", 5, 0],
					"position": {
						"0.0": [0, "0+math.clamp(math.cos(q.anim_time*90*2-180)*5/2,0,20)", "0+math.sin(q.anim_time*90*2)*2"],
						"0.2083": [0, "0+math.clamp(math.cos(q.anim_time*90*2-180)*5/2,0,20)", "0+math.sin(q.anim_time*90*2)*2"],
						"0.625": [0, "1.6+math.clamp(math.cos(q.anim_time*90*2-180)*5/2,0,20)", "0+math.sin(q.anim_time*90*2)*2"],
						"1.3333": [0, "0+math.clamp(math.cos(q.anim_time*90*2-180)*5/2,0,20)", "0+math.sin(q.anim_time*90*2)*2"],
						"1.4167": [0, "-0.5+math.clamp(math.cos(q.anim_time*90*2-180)*5/2,0,20)", "0+math.sin(q.anim_time*90*2)*2"],
						"1.5": [0, "0+math.clamp(math.cos(q.anim_time*90*2-180)*5/2,0,20)", "0+math.sin(q.anim_time*90*2)*2"]
					}
				},
				"leg_right_rotation": {
					"rotation": [-90, 0, 0]
				},
				"torso_ruff": {
					"rotation": ["-10+math.cos(q.anim_time*90*2*2-60)*3", 0, 0]
				},
				"ear_right": {
					"rotation": {
						"0.0": ["-2.5+math.cos(q.anim_time*90*2*2-260)*4", 0, 0],
						"0.4167": ["-2.5+math.cos(q.anim_time*90*2*2-260)*4", 0, 0],
						"0.5": ["-2.5-math.cos(q.anim_time*90*2*20-260)*1", 0, 0],
						"0.875": ["-2.5+math.cos(q.anim_time*90*2*2-260)*4", 0, 0],
						"1.4167": ["-2.5+math.cos(q.anim_time*90*2*2-260)*4", 0, 0],
						"1.5": ["-2.5-math.cos(q.anim_time*90*2*20-260)*1", 0, 0],
						"1.875": ["-2.5+math.cos(q.anim_time*90*2*2-260)*4", 0, 0]
					}
				},
				"ear_left": {
					"rotation": {
						"0.0": ["-2.5+math.cos(q.anim_time*90*2*2-260)*4", 0, 0],
						"0.4167": ["-2.5+math.cos(q.anim_time*90*2*2-260)*4", 0, 0],
						"0.5": ["-2.5-math.cos(q.anim_time*90*2*20-260)*1", 0, 0],
						"0.875": ["-2.5+math.cos(q.anim_time*90*2*2-260)*4", 0, 0],
						"1.4167": ["-2.5+math.cos(q.anim_time*90*2*2-260)*4", 0, 0],
						"1.5": ["-2.5-math.cos(q.anim_time*90*2*20-260)*1", 0, 0],
						"1.875": ["-2.5+math.cos(q.anim_time*90*2*2-260)*4", 0, 0]
					}
				},
				"foot_right": {
					"rotation": {
						"0.0": [0, 5, 0],
						"0.5": [2.5, 5, 0],
						"0.9583": {
							"pre": [0.7227, 5, 2.25997],
							"post": [0.7227, 5, 2.25997],
							"lerp_mode": "catmullrom"
						},
						"1.3333": {
							"post": [-3.24, 5, 0],
							"lerp_mode": "catmullrom"
						},
						"1.4583": [11, 5, 0],
						"2.0": [0, 5, 0]
					}
				},
				"body": {
					"position": [0, -0.5, 0]
				},
				"foot_left": {
					"rotation": {
						"0.0": [6, -5, 0],
						"0.3333": [-0.74, -5, 0],
						"0.4583": [11, -5, 0],
						"1.0": [0, -5, 0],
						"1.5": [2.5, -5, 0],
						"2.0": [6, -5, 0]
					}
				},
				"foot_left2": {
					"rotation": {
						"0.0": [0, 0, 0],
						"1.0": [0, 0, 0],
						"1.3333": {
							"pre": [-8.5, 0, 0],
							"post": [-8.5, 0, 0],
							"lerp_mode": "catmullrom"
						},
						"1.5833": {
							"post": [-8.5, 0, 0],
							"lerp_mode": "catmullrom"
						},
						"2.0": [0, 0, 0]
					}
				},
				"foot_right2": {
					"rotation": {
						"0.0": [0, 0, 0],
						"0.3333": {
							"pre": [-8.5, 0, 0],
							"post": [-8.5, 0, 0],
							"lerp_mode": "catmullrom"
						},
						"0.5833": {
							"post": [-8.5, 0, 0],
							"lerp_mode": "catmullrom"
						},
						"1.0": [0, 0, 0]
					}
				}
			}
		},
		"animation.typhlosion_hisuian.cry": {
			"animation_length": 2.2083,
			"bones": {
				"torso": {
					"rotation": {
						"0.0": [0, 0, 0],
						"0.2083": {
							"pre": [2.5, 0, 0],
							"post": [2.5, 0, 0],
							"lerp_mode": "catmullrom"
						},
						"0.375": {
							"post": [10, 0, 0],
							"lerp_mode": "catmullrom"
						},
						"0.9583": {
							"post": [5, 0, 0],
							"lerp_mode": "catmullrom"
						},
						"1.75": [0, 0, 0]
					}
				},
				"torso2": {
					"rotation": {
						"0.0": [0, 0, 0],
						"0.1667": {
							"pre": [15, 0, 0],
							"post": [15, 0, 0],
							"lerp_mode": "catmullrom"
						},
						"0.3333": {
							"post": [2.5, 0, 0],
							"lerp_mode": "catmullrom"
						},
						"1.0417": {
							"post": [2.5, 0, 0],
							"lerp_mode": "catmullrom"
						},
						"2.0": [0, 0, 0]
					}
				},
				"torso3": {
					"rotation": {
						"0.0": [0, 0, 0],
						"0.0833": [12.5, 0, 0],
						"0.25": ["2.5+math.cos(q.anim_time*90*2*20-90)*1/2/2", 0, 0],
						"1.7083": [2.5, 0, 0],
						"2.0": [0, 0, 0]
					}
				},
				"neck": {
					"rotation": {
						"0.0": [0, 0, 0],
						"0.2083": {
							"pre": [5, 0, 0],
							"post": [5, 0, 0],
							"lerp_mode": "catmullrom"
						},
						"0.375": {
							"post": [-12.5, 0, 0],
							"lerp_mode": "catmullrom"
						},
						"1.0": {
							"post": [-9.88, 0, 0],
							"lerp_mode": "catmullrom"
						},
						"1.4583": {
							"post": [-12.5, 0, 0],
							"lerp_mode": "catmullrom"
						},
						"2.0": [0, 0, 0]
					}
				},
				"head": {
					"rotation": {
						"0.0": [0, 0, 0],
						"0.25": [12.5, 0, 0],
						"0.4167": ["-12.5+math.cos(q.anim_time*90*2*20)*1/2", 0, 0],
						"1.25": [-4.88, 0, 0],
						"1.5": [2.5, 0, 0],
						"2.0": [0, 0, 0]
					}
				},
				"jaw": {
					"rotation": {
						"0.0": [0, 0, 0],
						"0.25": [0, 0, 0],
						"0.4167": {
							"pre": [37.5, 0, 0],
							"post": [37.5, 0, 0],
							"lerp_mode": "catmullrom"
						},
						"0.9167": {
							"post": [44.5, 0, 0],
							"lerp_mode": "catmullrom"
						},
						"1.375": [0, 0, 0]
					}
				},
				"ear_right": {
					"rotation": {
						"0.0": [0, 0, 0],
						"0.2083": {
							"pre": [5, 0, 0],
							"post": [5, 0, 0],
							"lerp_mode": "catmullrom"
						},
						"0.375": {
							"post": [0, 0, 0],
							"lerp_mode": "catmullrom"
						},
						"1.25": {
							"post": [-2.38, 0, 0],
							"lerp_mode": "catmullrom"
						},
						"1.4583": {
							"post": [0, 0, 0],
							"lerp_mode": "catmullrom"
						},
						"2.0": [0, 0, 0]
					}
				},
				"ear_left": {
					"rotation": {
						"0.0": [0, 0, 0],
						"0.2083": {
							"pre": [5, 0, 0],
							"post": [5, 0, 0],
							"lerp_mode": "catmullrom"
						},
						"0.375": {
							"post": [0, 0, 0],
							"lerp_mode": "catmullrom"
						},
						"1.25": {
							"post": [-2.38, 0, 0],
							"lerp_mode": "catmullrom"
						},
						"1.4583": {
							"post": [0, 0, 0],
							"lerp_mode": "catmullrom"
						},
						"2.0": [0, 0, 0]
					}
				},
				"arm_right": {
					"rotation": {
						"0.0": [0, 0, 0],
						"0.0833": {
							"pre": [0, 0, -2.5],
							"post": [0, 0, -2.5],
							"lerp_mode": "catmullrom"
						},
						"0.2917": {
							"post": [-20, 15, 47.5],
							"lerp_mode": "catmullrom"
						},
						"1.2917": {
							"post": [-20, 20, 47.5],
							"lerp_mode": "catmullrom"
						},
						"1.75": [0, 0, 0]
					}
				},
				"arm_right2": {
					"rotation": {
						"0.0": [0, 0, 0],
						"0.0833": {
							"pre": [0, 0, -22.5],
							"post": [0, 0, -22.5],
							"lerp_mode": "catmullrom"
						},
						"0.2917": {
							"post": [0, 0, 10],
							"lerp_mode": "catmullrom"
						},
						"1.2917": {
							"post": [0, 0, 10],
							"lerp_mode": "catmullrom"
						},
						"1.75": [0, 0, 0]
					}
				},
				"arm_left": {
					"rotation": {
						"0.0": [0, 0, 0],
						"0.0833": {
							"pre": [0, 0, -2.5],
							"post": [0, 0, -2.5],
							"lerp_mode": "catmullrom"
						},
						"0.2917": {
							"post": [-20, -15, -47.5],
							"lerp_mode": "catmullrom"
						},
						"1.2917": {
							"post": [-20, -20, -47.5],
							"lerp_mode": "catmullrom"
						},
						"1.75": [0, 0, 0]
					}
				},
				"arm_left2": {
					"rotation": {
						"0.0": [0, 0, 0],
						"0.0833": {
							"pre": [0, 0, 22.5],
							"post": [0, 0, 22.5],
							"lerp_mode": "catmullrom"
						},
						"0.2917": {
							"post": [0, 0, -10],
							"lerp_mode": "catmullrom"
						},
						"1.2917": {
							"post": [0, 0, -10],
							"lerp_mode": "catmullrom"
						},
						"1.75": [0, 0, 0]
					}
				}
			},
			"sound_effects": {
				"0.1667": {
					"effect": "pokemon.typhlosion_hisuian.cry"
				}
			}
		},
		"animation.typhlosion_hisuian.battle_cry": {
			"animation_length": 2.2083,
			"bones": {
				"torso": {
					"rotation": {
						"0.0": [0, 0, 0],
						"0.2083": {
							"pre": [2.5, 0, 0],
							"post": [2.5, 0, 0],
							"lerp_mode": "catmullrom"
						},
						"0.375": {
							"post": [10, 0, 0],
							"lerp_mode": "catmullrom"
						},
						"0.9583": {
							"post": [5, 0, 0],
							"lerp_mode": "catmullrom"
						},
						"1.75": [0, 0, 0]
					}
				},
				"torso2": {
					"rotation": {
						"0.0": [0, 0, 0],
						"0.1667": {
							"pre": [15, 0, 0],
							"post": [15, 0, 0],
							"lerp_mode": "catmullrom"
						},
						"0.3333": {
							"post": [2.5, 0, 0],
							"lerp_mode": "catmullrom"
						},
						"1.0417": {
							"post": [2.5, 0, 0],
							"lerp_mode": "catmullrom"
						},
						"2.0": [0, 0, 0]
					}
				},
				"torso3": {
					"rotation": {
						"0.0": [0, 0, 0],
						"0.0833": [12.5, 0, 0],
						"0.25": ["2.5+math.cos(q.anim_time*90*2*20-90)*1/2/2", 0, 0],
						"1.7083": [2.5, 0, 0],
						"2.0": [0, 0, 0]
					}
				},
				"neck": {
					"rotation": {
						"0.0": [0, 0, 0],
						"0.2083": {
							"pre": [5, 0, 0],
							"post": [5, 0, 0],
							"lerp_mode": "catmullrom"
						},
						"0.375": {
							"post": [-12.5, 0, 0],
							"lerp_mode": "catmullrom"
						},
						"1.0": {
							"post": [-9.88, 0, 0],
							"lerp_mode": "catmullrom"
						},
						"1.4583": {
							"post": [-12.5, 0, 0],
							"lerp_mode": "catmullrom"
						},
						"2.0": [0, 0, 0]
					}
				},
				"head": {
					"rotation": {
						"0.0": [0, 0, 0],
						"0.25": [12.5, 0, 0],
						"0.4167": ["-12.5+math.cos(q.anim_time*90*2*20)*1/2", 0, 0],
						"1.25": [-4.88, 0, 0],
						"1.5": [2.5, 0, 0],
						"2.0": [0, 0, 0]
					}
				},
				"jaw": {
					"rotation": {
						"0.0": [0, 0, 0],
						"0.25": [0, 0, 0],
						"0.4167": {
							"pre": [37.5, 0, 0],
							"post": [37.5, 0, 0],
							"lerp_mode": "catmullrom"
						},
						"0.9167": {
							"post": [44.5, 0, 0],
							"lerp_mode": "catmullrom"
						},
						"1.375": [0, 0, 0]
					}
				},
				"ear_right": {
					"rotation": {
						"0.0": [0, 0, 0],
						"0.2083": {
							"pre": [5, 0, 0],
							"post": [5, 0, 0],
							"lerp_mode": "catmullrom"
						},
						"0.375": {
							"post": [0, 0, 0],
							"lerp_mode": "catmullrom"
						},
						"1.25": {
							"post": [-2.38, 0, 0],
							"lerp_mode": "catmullrom"
						},
						"1.4583": {
							"post": [0, 0, 0],
							"lerp_mode": "catmullrom"
						},
						"2.0": [0, 0, 0]
					}
				},
				"ear_left": {
					"rotation": {
						"0.0": [0, 0, 0],
						"0.2083": {
							"pre": [5, 0, 0],
							"post": [5, 0, 0],
							"lerp_mode": "catmullrom"
						},
						"0.375": {
							"post": [0, 0, 0],
							"lerp_mode": "catmullrom"
						},
						"1.25": {
							"post": [-2.38, 0, 0],
							"lerp_mode": "catmullrom"
						},
						"1.4583": {
							"post": [0, 0, 0],
							"lerp_mode": "catmullrom"
						},
						"2.0": [0, 0, 0]
					}
				},
				"arm_right": {
					"rotation": {
						"0.0": [0, 0, 0],
						"0.0833": {
							"pre": [0, 0, -2.5],
							"post": [0, 0, -2.5],
							"lerp_mode": "catmullrom"
						},
						"0.2917": {
							"post": [-20, 15, 47.5],
							"lerp_mode": "catmullrom"
						},
						"1.2917": {
							"post": [-20, 20, 47.5],
							"lerp_mode": "catmullrom"
						},
						"1.75": [0, 0, 0]
					}
				},
				"arm_right2": {
					"rotation": {
						"0.0": [0, 0, 0],
						"0.0833": {
							"pre": [0, 0, -22.5],
							"post": [0, 0, -22.5],
							"lerp_mode": "catmullrom"
						},
						"0.2917": {
							"post": [0, 0, 10],
							"lerp_mode": "catmullrom"
						},
						"1.2917": {
							"post": [0, 0, 10],
							"lerp_mode": "catmullrom"
						},
						"1.75": [0, 0, 0]
					}
				},
				"arm_left": {
					"rotation": {
						"0.0": [0, 0, 0],
						"0.0833": {
							"pre": [0, 0, -2.5],
							"post": [0, 0, -2.5],
							"lerp_mode": "catmullrom"
						},
						"0.2917": {
							"post": [-20, -15, -47.5],
							"lerp_mode": "catmullrom"
						},
						"1.2917": {
							"post": [-20, -20, -47.5],
							"lerp_mode": "catmullrom"
						},
						"1.75": [0, 0, 0]
					}
				},
				"arm_left2": {
					"rotation": {
						"0.0": [0, 0, 0],
						"0.0833": {
							"pre": [0, 0, 22.5],
							"post": [0, 0, 22.5],
							"lerp_mode": "catmullrom"
						},
						"0.2917": {
							"post": [0, 0, -10],
							"lerp_mode": "catmullrom"
						},
						"1.2917": {
							"post": [0, 0, -10],
							"lerp_mode": "catmullrom"
						},
						"1.75": [0, 0, 0]
					}
				}
			},
			"sound_effects": {
				"0.1667": {
					"effect": "pokemon.typhlosion_hisuian.cry"
				}
			}
		},
		"animation.typhlosion_hisuian.sleep": {
			"loop": true,
			"bones": {
				"torso": {
					"rotation": ["-80-math.cos(q.anim_time*90*2/2)*1", 0, 0],
					"position": [0, 0, 0]
				},
				"torso2": {
					"rotation": ["17.5-math.cos(q.anim_time*90*2/2-90)*1", 0, 0]
				},
				"torso3": {
					"rotation": ["9.99+math.cos(q.anim_time*90*2/2-30)*3", -0.16, 0.32],
					"position": [0, "0-math.cos(q.anim_time*90*2/2-90)*0.3", 0]
				},
				"neck": {
					"rotation": ["-7.5-math.cos(q.anim_time*90*2/2-30)*2", 0, 0],
					"position": [0, 0, 1.75]
				},
				"head": {
					"rotation": [-12.5, 0, 0],
					"position": [0, -1, 3]
				},
				"jaw2": {
					"rotation": [0, 0, 0]
				},
				"jaw3": {
					"rotation": [0, 0, 0]
				},
				"head3": {
					"rotation": [0, 0, 0]
				},
				"arm_right": {
					"rotation": [-22.14677, 11.7663, 92.3192],
					"position": [0, "0+math.cos(q.anim_time*90*2/2-120)*1/3", "-1+math.cos(q.anim_time*90*2/2-160)*1/3"]
				},
				"arm_right2": {
					"rotation": [-19.95, 0, -10.38]
				},
				"arm_left": {
					"rotation": [-22.14677, -11.76631, -92.31924],
					"position": [0, "0+math.cos(q.anim_time*90*2/2-120)*1/3", "-1+math.cos(q.anim_time*90*2/2-160)*1/3"]
				},
				"arm_left2": {
					"rotation": [-19.95, 0, 10.38]
				},
				"leg_left": {
					"rotation": [17.35932, 2.24944, -7.15656],
					"position": [0.5, 0, 3]
				},
				"leg_left_rotation": {
					"rotation": [-90, 0, 0]
				},
				"leg_right": {
					"rotation": [17.25002, -2.99318, 9.54589],
					"position": [-0.5, 0, 3]
				},
				"leg_right_rotation": {
					"rotation": [-90, 0, 0]
				},
				"torso_ruff": {
					"rotation": ["-15-math.cos(q.anim_time*90*2/2-60)*2", 0, 0]
				},
				"ear_right": {
					"rotation": ["7.5-math.cos(q.anim_time*90*2/2-30)*3", 0, 0]
				},
				"ear_left": {
					"rotation": ["7.5-math.cos(q.anim_time*90*2/2-30)*3", 0, 0]
				},
				"foot_right": {
					"rotation": [55, -2.5, 0]
				},
				"body": {
					"rotation": [67.5, 0, 0],
					"position": [0, -20.5, 0]
				},
				"foot_left": {
					"rotation": [55, -2.5, 0]
				},
				"eyelid_right": {
					"position": [-0.1, 0, 0]
				},
				"eyelid_left": {
					"position": [0.1, 0, 0]
				}
			}
		},
		"animation.typhlosion_hisuian.blink": {
			"animation_length": 0.1667,
			"bones": {
				"eyelid_left": {
					"position": {
						"0.0": [0.1, 0, 0],
						"0.125": [0.1, 0, 0],
						"0.1667": [0, 0, 0.1]
					}
				},
				"eyelid_right": {
					"position": {
						"0.0": [-0.1, 0, 0],
						"0.125": [-0.1, 0, 0],
						"0.1667": [0, 0, 0.1]
					}
				}
			}
		},
		"animation.typhlosion_hisuian.render": {
			"loop": true,
			"bones": {
				"body": {
					"rotation": [0, 15, 0],
					"position": [0, 0, 0]
				},
				"torso": {
					"rotation": [-80.03729, 0.86717, -4.92442]
				},
				"torso2": {
					"rotation": [17.56274, -4.76804, -1.50701]
				},
				"torso3": {
					"rotation": [15, 0, 0]
				},
				"neck": {
					"rotation": [20, 0, 0]
				},
				"head": {
					"rotation": [15, 0, 0]
				},
				"jaw": {
					"rotation": [42.5, 0, 0]
				},
				"ear_left": {
					"rotation": [10, 0, 0]
				},
				"arm_right": {
					"rotation": [40.41386, -26.358, 36.71783],
					"position": [-1, 0, 0]
				},
				"arm_right2": {
					"rotation": [-17.41351, -5.0155, -12.63978]
				},
				"arm_left": {
					"rotation": [44.241, 17.26587, -36.65992],
					"position": [1, 0, 0]
				},
				"arm_left2": {
					"rotation": [-25.02824, -3.58992, 13.06802]
				},
				"leg_left": {
					"rotation": [0, -22.5, 0],
					"position": [0, 0, -1]
				},
				"leg_left_rotation": {
					"rotation": [-90, 0, 0]
				},
				"foot_left": {
					"rotation": [10, 0, 0]
				},
				"foot_left2": {
					"rotation": [-10, 0, 0]
				},
				"leg_right": {
					"rotation": [0, 27.5, 0],
					"position": [0, 0, 1.25]
				},
				"leg_right_rotation": {
					"rotation": [-90, 0, 0]
				},
				"foot_right": {
					"rotation": [10, 0, 0]
				},
				"foot_right2": {
					"rotation": [-10, 0, 0]
				},
				"tail1": {
					"rotation": [25, 0, 0]
				},
				"tail2": {
					"rotation": [22.5, 0, 0]
				}
			}
		}
	}
}