{
	"format_version": "1.8.0",
	"animations": {
		"animation.seel.ground_idle": {
			"loop": true,
			"bones": {
				"body": {
					"rotation": [-10, 0, 0],
					"position": [0, -1, 0]
				},
				"neck": {
					"rotation": [-47.5, 0, 0]
				},
				"tail2": {
					"rotation": [37.5, 0, 0]
				},
				"tail3": {
					"rotation": [22.5, 0, 0]
				},
				"flipper_left": {
					"rotation": [0, 17.5, 0]
				},
				"head": {
					"rotation": [-30, 0, 0]
				},
				"tail": {
					"rotation": [5, 0, 0],
					"position": [0, 0, -0.5]
				},
				"flipper_left3": {
					"rotation": [0, 22.5, 0]
				},
				"flipper_left2": {
					"rotation": [0, 20, 0]
				},
				"flipper_right": {
					"rotation": [0, -17.5, 0]
				},
				"flipper_right2": {
					"rotation": [0, -20, 0]
				},
				"flipper_right3": {
					"rotation": [0, -22.5, 0]
				},
				"arm_right": {
					"rotation": [15, 0, -40]
				},
				"arm_right2": {
					"rotation": [0, 0, 22.5]
				},
				"hand_right": {
					"rotation": [0, 0, 15]
				},
				"tongue": {
					"rotation": [60, 0, 0]
				},
				"snout": {
					"rotation": [10, 0, 0]
				},
				"arm_left": {
					"rotation": [15, 0, 40]
				},
				"arm_left2": {
					"rotation": [0, 0, -22.5]
				},
				"hand_left": {
					"rotation": [0, 0, -15]
				}
			}
		},
		"animation.seel.cry": {
			"animation_length": 1.25,
			"bones": {
				"neck": {
					"rotation": {
						"0.0": [0, 0, 0],
						"0.2917": [-10, 0, 0],
						"0.9583": [-10, 0, 0],
						"1.25": [0, 0, 0]
					}
				},
				"tongue": {
					"rotation": {
						"0.0": {
							"post": [0, 0, 0],
							"lerp_mode": "catmullrom"
						},
						"0.2917": {
							"post": [-60, 0, 0],
							"lerp_mode": "catmullrom"
						},
						"0.625": {
							"post": [0, 0, 0],
							"lerp_mode": "catmullrom"
						},
						"0.9583": {
							"post": [-60, 0, 0],
							"lerp_mode": "catmullrom"
						},
						"1.25": {
							"post": [0, 0, 0],
							"lerp_mode": "catmullrom"
						}
					}
				}
			},
			"sound_effects": {
				"0.0417": {
					"effect": "pokemon.seel.cry"
				}
			}
		},
		"animation.seel.blink": {
			"animation_length": 0.125,
			"bones": {
				"eyelid_left": {
					"position": {
						"0.0": [0, -0.1, 0],
						"0.0833": [0, 0, 0],
						"0.125": [0, -0.1, 0]
					}
				},
				"eyelid_right": {
					"position": {
						"0.0": [0, -0.1, 0],
						"0.0833": [0, 0, 0],
						"0.125": [0, -0.1, 0]
					}
				}
			}
		},
		"animation.seel.shock": {
			"loop": true,
			"bones": {
				"eyebrow": {
					"position": [0, 0, -0.5]
				}
			}
		},
		"animation.seel.angry": {
			"loop": true,
			"bones": {
				"eye_angry_left": {
					"position": [0, -0.1, 0]
				},
				"eye_angry_right": {
					"position": [0, -0.1, 0]
				}
			}
		},
		"animation.seel.sad": {
			"loop": true,
			"bones": {
				"eye_sad_left": {
					"position": [0, -0.1, 0]
				},
				"eye_sad_right": {
					"position": [0, -0.1, 0]
				}
			}
		},
		"animation.seel.happy": {
			"loop": true,
			"bones": {
				"eye_happy_left": {
					"position": [0, -0.1, 0.25]
				},
				"eye_happy_right": {
					"position": [0, -0.1, 0.25]
				}
			}
		},
		"animation.seel.hurt": {
			"loop": true,
			"bones": {
				"eye_hurt_left": {
					"position": [0, -0.1, 0]
				},
				"eye_hurt_right": {
					"position": [0, -0.1, 0]
				}
			}
		}
	}
}