{
	"format_version": "1.8.0",
	"animations": {
		"animation.weavile.mouth_open": {
			"loop": true,
			"bones": {
				"jaw": {
					"position": [0, 0.1, 1]
				},
				"mouth_open": {
					"position": [0, -0.35, -0.1]
				},
				"fang_closed": {
					"position": [0, 0.4, 1.2]
				}
			}
		},
		"animation.weavile.happy": {
			"loop": true,
			"bones": {
				"lash_right": {
					"position": [0, -1, 0]
				},
				"lash_left": {
					"position": [0, -1, 0]
				},
				"fang_closed": {
					"rotation": [0, 0, 20]
				},
				"eye_right_emote": {
					"position": [0.1, 0, 0.1]
				},
				"pupil_right": {
					"position": [0, 0, 0.1]
				},
				"eye_left_emote": {
					"position": [-0.1, 0, 0.1]
				},
				"pupil_left": {
					"position": [0, 0, 0.1]
				},
				"eyelid_right": {
					"position": [-0.1, 0, -0.1]
				},
				"eyelid_right_emote": {
					"position": [0, 1, 0]
				},
				"eyelid_left": {
					"position": [0.1, 0, -0.1]
				},
				"eyelid_left_emote": {
					"position": [0, 1, 0]
				}
			}
		},
		"animation.weavile.sad": {
			"loop": true,
			"bones": {
				"lash_right": {
					"position": [0, -0.5, 0]
				},
				"lash_left": {
					"position": [0, -0.5, 0]
				},
				"fang_closed": {
					"rotation": [0, 0, -20]
				},
				"eye_right_emote4": {
					"position": [0, 0, -0.1]
				},
				"eye_left_emote4": {
					"position": [0, 0, -0.1]
				},
				"eye_right_emote2": {
					"position": [0, -0.5, 0],
					"scale": [1, 0.5, 1]
				},
				"eye_left_emote2": {
					"position": [0, -0.5, 0],
					"scale": [1, 0.5, 1]
				}
			}
		},
		"animation.weavile.sad_shock": {
			"loop": true,
			"bones": {
				"lash_right": {
					"position": [0, 0, 0]
				},
				"lash_left": {
					"position": [0, 0, 0]
				},
				"jaw": {
					"position": [0, 0.1, 1]
				},
				"mouth_open": {
					"position": [0, -0.35, -0.1]
				},
				"fang_closed": {
					"position": [0, 0.4, 1.2]
				},
				"eye_right_emote4": {
					"position": [0, 0.5, -0.1],
					"scale": [1, 2, 1]
				},
				"eye_left_emote4": {
					"position": [0, 0.5, -0.1],
					"scale": [1, 2, 1]
				},
				"pupil_right": {
					"position": [0, 0.25, 0]
				},
				"pupil_left": {
					"position": [0, 0.25, 0]
				}
			}
		},
		"animation.weavile.angry": {
			"loop": true,
			"bones": {
				"fang_closed": {
					"rotation": [0, 0, -15]
				},
				"pupil_right": {
					"position": [0, -0.2, 0],
					"scale": [1, 0.8, 1]
				},
				"pupil_left": {
					"position": [0, -0.2, 0],
					"scale": [1, 0.8, 1]
				},
				"eye_right_emote2": {
					"scale": [0.75, 1, 1]
				},
				"eye_left_emote2": {
					"scale": [0.75, 1, 1]
				}
			}
		},
		"animation.weavile.shocked": {
			"loop": true,
			"bones": {
				"jaw": {
					"position": [0, 0.01, 1.06]
				},
				"mouth_open": {
					"position": [0, -0.8, -0.1]
				},
				"fang_closed": {
					"position": [0, 0.4, 1.2]
				},
				"pupil_right": {
					"scale": [0.7, 0.5, 1]
				},
				"pupil_left": {
					"scale": [0.7, 0.5, 1]
				},
				"eye_right_emote4": {
					"position": [0, 0.25, -0.1],
					"scale": [1, 1.5, 1]
				},
				"eye_left_emote4": {
					"position": [0, 0.25, -0.1],
					"scale": [1, 1.5, 1]
				}
			}
		},
		"animation.weavile.shifty": {
			"loop": true,
			"bones": {
				"lash_left": {
					"position": [-0.1, 0, 0]
				},
				"fang_closed": {
					"rotation": [0, 0, -10]
				},
				"pupil_right": {
					"position": [-0.4, 0, 0]
				},
				"eye_left_emote": {
					"position": [-0.1, 0, 0.1]
				},
				"eye_left_squint": {
					"position": [0.1, 0, -0.1]
				},
				"pupil_left": {
					"position": [0, -0.5, 0],
					"scale": [1, 0.5, 1]
				},
				"eye_left_emote2": {
					"position": [-0.1, 0, 0.1]
				}
			}
		},
		"animation.weavile.charmed": {
			"loop": true,
			"bones": {
				"jaw": {
					"position": [0, 0.01, 1.06]
				},
				"mouth_open": {
					"position": [0, 0, 0.5]
				},
				"fang_closed": {
					"position": [0, 0.4, 1.2]
				},
				"eye_right_emote": {
					"position": [0.1, 0, 0.1]
				},
				"pupil_right": {
					"position": [0, 0, 0.1]
				},
				"eyelid_right": {
					"position": [-0.1, 0, -0.1]
				},
				"pupil_left": {
					"position": [-0.2, 0, 0]
				},
				"mouth_happy": {
					"position": [0, -0.8, -0.1]
				}
			}
		},
		"animation.weavile.sigh": {
			"loop": true,
			"bones": {
				"lash_right": {
					"position": [0, -1, 0]
				},
				"lash_left": {
					"position": [0, -1, 0]
				},
				"jaw": {
					"position": [0, 0.1, 1]
				},
				"mouth_open": {
					"position": [0, -0.35, -0.1]
				},
				"fang_closed": {
					"position": [0, 0.4, 1.2]
				},
				"eye_right_emote": {
					"position": [0.1, 0, 0.1]
				},
				"pupil_right": {
					"position": [0, 0, 0.1]
				},
				"eye_left_emote": {
					"position": [-0.1, 0, 0.1]
				},
				"pupil_left": {
					"position": [0, 0, 0.1]
				},
				"eyelid_right": {
					"position": [-0.1, 0, -0.1]
				},
				"eyelid_right_emote2": {
					"position": [0, 0.5, 0],
					"scale": [1, 2, 1]
				},
				"eyelid_left": {
					"position": [0.1, 0, -0.1]
				},
				"eyelid_left_emote2": {
					"position": [0, 0.5, 0],
					"scale": [1, 2, 1]
				}
			}
		},
		"animation.weavile.hurt": {
			"loop": true,
			"bones": {
				"pupil_right": {
					"position": [0, 0, 0.1]
				},
				"pupil_left": {
					"position": [0, 0, 0.1]
				},
				"eyelid_right": {
					"position": [-0.1, 0, -0.1]
				},
				"eye_right": {
					"position": [0.1, 0, 0.1]
				},
				"eye_left": {
					"position": [-0.1, 0, 0.1]
				},
				"eyelid_right_emote": {
					"position": [0, 1, 0]
				},
				"eyelid_left": {
					"position": [0.1, 0, -0.1]
				},
				"eyelid_left_emote": {
					"position": [0, 1, 0]
				}
			}
		},
		"animation.weavile.coy": {
			"loop": true,
			"bones": {
				"fang_closed": {
					"rotation": [0, 0, 30],
					"position": [-0.2, 0.45, 0]
				},
				"eye_right_emote": {
					"position": [0.1, 0, 0.1]
				},
				"eye_right_emote3": {
					"position": [0, 0.5, 0]
				},
				"pupil_right": {
					"position": [0, 0, 0],
					"scale": [1, 0.5, 1]
				},
				"eye_left_emote": {
					"position": [-0.1, 0, 0.1]
				},
				"eye_left_emote3": {
					"position": [0, 0.5, 0]
				},
				"pupil_left": {
					"position": [0, 0, 0],
					"scale": [1, 0.5, 1]
				},
				"eye_left_emote2": {
					"position": [0, -0.5, 0]
				},
				"eye_right_emote2": {
					"position": [0, -0.5, 0]
				}
			}
		},
		"animation.weavile.pose_f": {
			"loop": true,
			"bones": {
				"torso": {
					"rotation": [7.5, -2.5, 0]
				},
				"torso2": {
					"rotation": [-4.5, 0, 0]
				},
				"collar": {
					"rotation": [-10, 10, 0]
				},
				"head": {
					"rotation": [-25, 20, 0]
				},
				"head_angle": {
					"rotation": [5, 0, 0]
				},
				"ear_right": {
					"rotation": [0, 25, -22.5]
				},
				"ear_left": {
					"rotation": [0, 0, 27.5]
				},
				"crown": {
					"rotation": [0, 2.5, 0]
				},
				"eye_right_emote2": {
					"scale": [0.85, 1, 1]
				},
				"pupil_right": {
					"position": [0.2, 0.05, 0],
					"scale": [1, 0.65, 1]
				},
				"eye_left_emote2": {
					"scale": [0.6, 1, 1]
				},
				"pupil_left": {
					"position": [1.1, 0.3, 0],
					"scale": [1, 0.7, 1]
				},
				"arm_right": {
					"rotation": [-2.5, 25, -35]
				},
				"arm_right2": {
					"rotation": [-180, 0, -100],
					"position": [0.75, -0.8, -2]
				},
				"arm_claw_front_right": {
					"rotation": [0, 0, -75],
					"position": [0, -1, 0]
				},
				"arm_claw_middle_right": {
					"rotation": [0, 0, -75],
					"position": [0, -1, 0]
				},
				"arm_claw_back_right": {
					"rotation": [0, 0, -75],
					"position": [0, -1, 0]
				},
				"arm_left": {
					"rotation": [-2.5, -25, 35]
				},
				"arm_left2": {
					"rotation": [-180, 0, 100],
					"position": [-0.75, -0.8, -2]
				},
				"arm_claw_front_left": {
					"rotation": [0, 0, 75],
					"position": [0, -1, 0]
				},
				"arm_claw_middle_left": {
					"rotation": [0, 0, 75],
					"position": [0, -1, 0]
				},
				"arm_claw_back_left": {
					"rotation": [0, 0, 75],
					"position": [0, -1, 0]
				},
				"leg_right": {
					"rotation": [2.5, 20, 0],
					"position": [0, 0, -0.3]
				},
				"leg_right2": {
					"rotation": [5, 0, 0]
				},
				"foot_right": {
					"rotation": [-7.5, 5, 0]
				},
				"leg_left": {
					"rotation": [-2.5, -5, 0],
					"position": [0, 0, -0.3]
				},
				"leg_left2": {
					"rotation": [5, 0, 0]
				},
				"foot_left": {
					"rotation": [-2.5, -2, 0]
				}
			}
		},
		"animation.weavile.pose_p": {
			"loop": true,
			"bones": {
				"body": {
					"rotation": [0, -122.5, 0]
				},
				"torso": {
					"rotation": [35, 0, 0]
				},
				"tail": {
					"rotation": [-10, 0, 0]
				},
				"tail_bottom": {
					"rotation": [-5, 0, 0]
				},
				"tail_top": {
					"rotation": [-15, 1, 0]
				},
				"torso2": {
					"rotation": [5, 0, -10]
				},
				"collar": {
					"rotation": [-9, 0, -1]
				},
				"collar_right": {
					"rotation": [0, 0, 10]
				},
				"collar_back": {
					"rotation": [8, 0, 0]
				},
				"head": {
					"rotation": [-2.5, 67, 0]
				},
				"head_angle": {
					"rotation": [0, 0, -15]
				},
				"fluff_front": {
					"rotation": [0, 4, 0]
				},
				"ear_right": {
					"rotation": [0, 10, -20],
					"position": [0, -0.9, 0.8]
				},
				"ear_left": {
					"rotation": [0, -25, 15]
				},
				"crown": {
					"rotation": [0, 4, 0]
				},
				"eye_right_emote2": {
					"scale": [0.61, 1, 1]
				},
				"pupil_right": {
					"position": [-1.3, 0, 0]
				},
				"eye_left_emote2": {
					"scale": [0.83, 1, 1]
				},
				"pupil_left": {
					"position": [-0.2, -0.3, 0],
					"scale": [1, 0.7, 1]
				},
				"arm_right": {
					"rotation": [-22.5, 35, -22.5]
				},
				"arm_right2": {
					"rotation": [0, 0, 4]
				},
				"arm_claw_front_right": {
					"rotation": [0, -5, -10]
				},
				"arm_claw_middle_right": {
					"rotation": [0, 0, -5]
				},
				"arm_claw_back_right": {
					"rotation": [0, 5, -10]
				},
				"arm_left": {
					"rotation": [-42.5, 40, -57.5],
					"position": [4, 10, -4]
				},
				"leg_right": {
					"rotation": [-77.5, 20, 0],
					"position": [-0.3, 0, -2.4]
				},
				"leg_right2": {
					"rotation": [110, 0, 0],
					"position": [0, 0, 1.6]
				},
				"foot_right": {
					"rotation": [70, -25, 5],
					"position": [-0.1, -0.3, 0.2]
				},
				"leg_left": {
					"rotation": [40, 0, -15]
				},
				"foot_left": {
					"rotation": [65, 0, 0]
				}
			}
		},
		"animation.weavile.portrait": {
			"loop": true,
			"bones": {
				"torso": {
					"rotation": [12.5, 5, 0]
				},
				"collar": {
					"rotation": [-7.5, 0, 0]
				},
				"collar_front": {
					"rotation": [-5, 0, 0]
				},
				"head": {
					"rotation": [-5, -5, -2.5],
					"position": [0, 0.1, 0.4]
				},
				"ear_right": {
					"rotation": [0, 17.5, -10]
				},
				"ear_left": {
					"rotation": [0, -17.5, 10]
				},
				"fang_closed": {
					"rotation": [0, 0, 15]
				},
				"pupil_right": {
					"position": [0.1, 0.1, 0],
					"scale": [1, 0.9, 1]
				},
				"pupil_left": {
					"position": [-0.1, 0.1, 0],
					"scale": [1, 0.9, 1]
				},
				"arm_right": {
					"rotation": [0, 0, -57.5]
				},
				"arm_right2": {
					"rotation": [0, -175, 40],
					"position": [4.95, -1.65, -7.4]
				},
				"arm_claw_front_right": {
					"rotation": [0, -10, 15],
					"scale": [1.1, 1, 1]
				},
				"arm_claw_back_right": {
					"rotation": [0, 22.5, -15],
					"position": [0, -0.05, 0],
					"scale": [0.95, 1, 1]
				},
				"arm_left": {
					"rotation": [0, 0, 47.5]
				},
				"arm_left2": {
					"rotation": [-22.5, 190, -37.5],
					"position": [-5.15, -2.7, -11],
					"scale": 1.15
				},
				"arm_claw_front_left": {
					"rotation": [0, 10, -5]
				},
				"arm_claw_middle_left": {
					"rotation": [0, 0, 2.5]
				},
				"arm_claw_back_left": {
					"rotation": [0, -12.5, 5]
				}
			}
		},
		"animation.weavile.walkspeedtest": {
			"loop": true,
			"bones": {
				"body": {
					"position": [0, 0, "-q.anim_time*90*0.185"]
				}
			}
		},
		"animation.weavile.runspeedtest": {
			"loop": true,
			"bones": {
				"body": {
					"position": [0, 0, "-q.anim_time*90*1.2"]
				}
			}
		},
		"animation.weavile.ground_idle": {
			"loop": true,
			"bones": {
				"body": {
					"position": [0, "-0.15+(math.sin(q.anim_time*90*1.5+20)*1+1)*-0.035", 0]
				},
				"torso": {
					"rotation": ["-1.5+math.sin(q.anim_time*90*1.5+20)*-0.5", 0, 0],
					"position": [0, 0, 0]
				},
				"arm_right": {
					"rotation": [10, "8-math.sin(q.anim_time*90*1.5+120)*1.2", "-62-math.sin(q.anim_time*90*1.5+120)*0.8"]
				},
				"arm_right2": {
					"rotation": [0, "-10+math.sin(q.anim_time*90*1.5+180)*2.5", 0]
				},
				"arm_claw_middle_right": {
					"rotation": [0, 0, "-10-math.sin(q.anim_time*90*1.5+40)*3"]
				},
				"arm_claw_front_right": {
					"rotation": [0, -2.5, "-18-math.sin(q.anim_time*90*1.5+80)*3"]
				},
				"leg_right": {
					"rotation": ["-2+(math.sin(q.anim_time*90*1.5+20)*1+1)*-1", 20, 5]
				},
				"leg_right2": {
					"rotation": ["9-(math.sin(q.anim_time*90*1.5+20)*1+1)*-2", 0, 0]
				},
				"foot_right": {
					"rotation": ["-5.5+(math.sin(q.anim_time*90*1.5+20)*1+1)*-1", 0, "-5+(math.sin(q.anim_time*90*1.5+20)*1+1)*0.15"]
				},
				"leg_left": {
					"rotation": ["-2+(math.sin(q.anim_time*90*1.5+20)*1+1)*-1", -20, -5]
				},
				"leg_left2": {
					"rotation": ["9-(math.sin(q.anim_time*90*1.5+20)*1+1)*-2", 0, 0]
				},
				"foot_left": {
					"rotation": ["-5.5+(math.sin(q.anim_time*90*1.5+20)*1+1)*-1", 0, "5+(math.sin(q.anim_time*90*1.5+20)*1+1)*0.15"]
				},
				"arm_left": {
					"rotation": [10, "-8+math.sin(q.anim_time*90*1.5+120)*1.2", "62+math.sin(q.anim_time*90*1.5+120)*0.8"]
				},
				"arm_left2": {
					"rotation": [0, "10-math.sin(q.anim_time*90*1.5+180)*2.5", 0]
				},
				"torso2": {
					"rotation": ["-2+math.sin(q.anim_time*90*1.5+20)*0.6", 0, 0]
				},
				"ear_right": {
					"rotation": [0, 4, "-6-math.sin(q.anim_time*90*1.5-120)*0.8"]
				},
				"ear_left": {
					"rotation": [0, -4, "6+math.sin(q.anim_time*90*1.5-120)*0.8"]
				},
				"arm_claw_back_right": {
					"rotation": [0, 2.5, "-3-math.sin(q.anim_time*90*1.5)*3"]
				},
				"arm_claw_back_left": {
					"rotation": [0, -2.5, "3+math.sin(q.anim_time*90*1.5)*3"]
				},
				"arm_claw_middle_left": {
					"rotation": [0, 0, "10+math.sin(q.anim_time*90*1.5+40)*3"]
				},
				"arm_claw_front_left": {
					"rotation": [0, 2.5, "18+math.sin(q.anim_time*90*1.5+80)*3"]
				},
				"head": {
					"rotation": [5, 0, 0]
				},
				"tail": {
					"rotation": ["math.sin(q.anim_time*90*3)*1", 0, 0]
				},
				"tail_bottom": {
					"rotation": [0, "math.sin(q.anim_time*90*1.5+90)*6", 0]
				},
				"tail_top": {
					"rotation": [0, "math.sin(q.anim_time*90*1.5+60)*6", 0]
				},
				"collar_left": {
					"rotation": [0, 0, -1.2]
				},
				"collar_right": {
					"rotation": [0, 0, 1.2]
				}
			}
		},
		"animation.weavile.quirk_ground": {
			"animation_length": 4.5,
			"bones": {
				"body": {
					"position": {
						"0.0": [0, 0, 0],
						"0.5": [-0.3, -0.02, 0],
						"3.5": [-0.3, -0.02, 0],
						"4.125": [0, 0, 0]
					}
				},
				"torso": {
					"rotation": {
						"0.0": [0, 0, 0],
						"0.2083": {
							"pre": [0, 0.45, 0.15],
							"post": [0, 0.45, 0.15],
							"lerp_mode": "catmullrom"
						},
						"0.375": {
							"post": [0, 2.05, 1.05],
							"lerp_mode": "catmullrom"
						},
						"0.5417": [0, 3, 1.8],
						"3.4583": [0, 3, 1.8],
						"3.6667": {
							"pre": [0, 2.05, 1.05],
							"post": [0, 2.05, 1.05],
							"lerp_mode": "catmullrom"
						},
						"3.875": {
							"post": [0, 0.45, 0.15],
							"lerp_mode": "catmullrom"
						},
						"4.125": [0, 0, 0]
					},
					"position": {
						"0.25": [0, 0, 0],
						"0.4583": [0, -0.1, 0],
						"3.5": [0, -0.1, 0],
						"4.125": [0, 0, 0]
					}
				},
				"torso2": {
					"rotation": {
						"0.0": [0, 0, 0],
						"4.125": [0, 0, 0]
					}
				},
				"collar_right": {
					"rotation": {
						"0.0": [0, 0, 0],
						"0.5": [0, 0, 3],
						"3.5": [0, 0, 3],
						"4.125": [0, 0, 0]
					}
				},
				"head": {
					"rotation": {
						"0.0": [0, 0, 0],
						"0.3333": {
							"pre": [-5, 5.07, 3],
							"post": [-5, 5.07, 3],
							"lerp_mode": "catmullrom"
						},
						"0.5833": {
							"post": [-3.1, 19.47, 2.2],
							"lerp_mode": "catmullrom"
						},
						"0.875": [0.2, 36.1, -0.1],
						"1.3333": {
							"pre": [1.4, 42, -1.19],
							"post": [1.4, 42, -1.19],
							"lerp_mode": "catmullrom"
						},
						"1.9583": {
							"post": [0.6, 29.8, -1.2],
							"lerp_mode": "catmullrom"
						},
						"2.4583": {
							"post": [0, -35, -2.5],
							"lerp_mode": "catmullrom"
						},
						"3.4167": {
							"post": [0, -35, -2.5],
							"lerp_mode": "catmullrom"
						},
						"3.8333": {
							"post": [0, -5.77, -1.07],
							"lerp_mode": "catmullrom"
						},
						"4.125": [0, 0, 0]
					}
				},
				"eye_right": {
					"position": {
						"0.0": [0, 0, 0],
						"0.625": {"pre": [0, 0, 0], "post": [0.1, 0, 0.1]},
						"0.7917": {"pre": [0.1, 0, 0.1], "post": [0, 0, 0]},
						"3.4583": {"pre": [0, 0, 0], "post": [0.1, 0, 0.1]},
						"3.625": {"pre": [0.1, 0, 0.1], "post": [0, 0, 0]}
					}
				},
				"eye_right_emote2": {
					"scale": {
						"0.0": [1, 1, 1],
						"0.7083": {"pre": [1, 1, 1], "post": [0.5, 1, 1]},
						"2.2083": {"pre": [0.5, 1, 1], "post": [1, 1, 1]}
					}
				},
				"pupil_right": {
					"position": {
						"0.0": [0, 0, 0],
						"0.7083": {"pre": [0, 0, 0], "post": [-1, 0, 0]},
						"2.2083": {"pre": [-1, 0, 0], "post": [0.2, 0, 0]},
						"3.5": {"pre": [0.2, 0, 0], "post": [0, 0, 0]}
					}
				},
				"eyelid_right": {
					"position": {
						"0.0": [0, 0, 0],
						"0.625": {"pre": [0, 0, 0], "post": [-0.1, 0, -0.1]},
						"0.7917": {"pre": [-0.1, 0, -0.1], "post": [0, 0, 0]},
						"3.4583": {"pre": [0, 0, 0], "post": [-0.1, 0, -0.1]},
						"3.625": {"pre": [-0.1, 0, -0.1], "post": [0, 0, 0]}
					}
				},
				"eye_left": {
					"position": {
						"0.0": [0, 0, 0],
						"0.625": {"pre": [0, 0, 0], "post": [-0.1, 0, 0.1]},
						"0.7917": {"pre": [-0.1, 0, 0.1], "post": [0, 0, 0]},
						"3.4583": {"pre": [0, 0, 0], "post": [-0.1, 0, 0.1]},
						"3.625": {"pre": [-0.1, 0, 0.1], "post": [0, 0, 0]}
					}
				},
				"eye_left_emote2": {
					"scale": {
						"0.0": [1, 1, 1],
						"2.2083": {"pre": [1, 1, 1], "post": [0.5, 1, 1]},
						"3.5": {"pre": [0.5, 1, 1], "post": [1, 1, 1]}
					}
				},
				"pupil_left": {
					"position": {
						"0.0": [0, 0, 0],
						"0.7083": {"pre": [0, 0, 0], "post": [-0.2, 0, 0]},
						"2.2083": {"pre": [-0.2, 0, 0], "post": [1, 0, 0]},
						"3.5": {"pre": [1, 0, 0], "post": [0, 0, 0]}
					}
				},
				"eyelid_left": {
					"position": {
						"0.0": [0, 0, 0],
						"0.625": {"pre": [0, 0, 0], "post": [0.1, 0, -0.1]},
						"0.7917": {"pre": [0.1, 0, -0.1], "post": [0, 0, 0]},
						"3.4583": {"pre": [0, 0, 0], "post": [0.1, 0, -0.1]},
						"3.625": {"pre": [0.1, 0, -0.1], "post": [0, 0, 0]}
					}
				},
				"arm_right": {
					"rotation": {
						"0.0": [0, 0, 0],
						"0.1667": {
							"pre": [2.2, 0, 1.9],
							"post": [2.2, 0, 1.9],
							"lerp_mode": "catmullrom"
						},
						"0.3333": {
							"post": [7.77, 0, 8.67],
							"lerp_mode": "catmullrom"
						},
						"0.5": [10, 0, 10.5],
						"3.5": [10, 0, 10.5],
						"3.7083": {
							"pre": [7.77, 0, 8.67],
							"post": [7.77, 0, 8.67],
							"lerp_mode": "catmullrom"
						},
						"3.9167": {
							"post": [2.5, 0, 2.3],
							"lerp_mode": "catmullrom"
						},
						"4.0833": {
							"post": [0.46, 0, 0.37],
							"lerp_mode": "catmullrom"
						},
						"4.3333": [0, 0, 0]
					}
				},
				"arm_right2": {
					"rotation": {
						"0.0": [0, 0, 0],
						"0.1667": {
							"pre": [34.33, -4.7, -14.83],
							"post": [34.33, -4.7, -14.83],
							"lerp_mode": "catmullrom"
						},
						"0.375": {
							"post": [135.27, -14.6, -54.86],
							"lerp_mode": "catmullrom"
						},
						"0.625": [161, -18, -70],
						"3.375": [160, -18, -70],
						"3.6667": {
							"pre": [135.27, -14.6, -54.86],
							"post": [135.27, -14.6, -54.86],
							"lerp_mode": "catmullrom"
						},
						"3.9167": {
							"post": [42.33, -4.7, -20.83],
							"lerp_mode": "catmullrom"
						},
						"4.0833": {
							"post": [8.96, -1.73, -6.31],
							"lerp_mode": "catmullrom"
						},
						"4.3333": [0, 0, 0]
					},
					"position": {
						"0.0": [0, 0, 0],
						"0.1667": {
							"pre": [-0.1, 0.3, -0.5],
							"post": [-0.1, 0.3, -0.5],
							"lerp_mode": "catmullrom"
						},
						"0.3333": {
							"post": [0, 0.3, -1.7],
							"lerp_mode": "catmullrom"
						},
						"0.4583": {
							"post": [0.54, 0.09, -1.95],
							"lerp_mode": "catmullrom"
						},
						"0.5833": [0.7, 0, -2],
						"3.4167": [0.7, 0, -2],
						"3.5417": {
							"pre": [0.54, 0.09, -1.95],
							"post": [0.54, 0.09, -1.95],
							"lerp_mode": "catmullrom"
						},
						"3.7083": {
							"post": [0, 0.3, -1.7],
							"lerp_mode": "catmullrom"
						},
						"3.9167": {
							"post": [-0.1, 0.3, -0.5],
							"lerp_mode": "catmullrom"
						},
						"4.0833": {
							"post": [-0.035, 0.1, -0.1],
							"lerp_mode": "catmullrom"
						},
						"4.3333": [0, 0, 0]
					}
				},
				"arm_claw_front_right": {
					"rotation": {
						"0.0": [0, 0, 0],
						"0.5": [0, 0, -50],
						"3.5": [0, 0, -50],
						"4.125": [0, 0, 0]
					}
				},
				"arm_claw_middle_right": {
					"rotation": {
						"0.0": [0, 0, 0],
						"0.5": [0, 0, -40],
						"3.5": [0, 0, -40],
						"4.125": [0, 0, 0]
					}
				},
				"arm_claw_back_right": {
					"rotation": {
						"0.0": [0, 0, 0],
						"0.5": [0, 0, -35],
						"3.5": [0, 0, -35],
						"4.125": [0, 0, 0]
					}
				},
				"arm_left": {
					"rotation": {
						"0.0": [0, 0, 0],
						"0.1667": {
							"pre": [-2.6, -0.63, 1.3],
							"post": [-2.6, -0.63, 1.3],
							"lerp_mode": "catmullrom"
						},
						"0.3333": {
							"post": [-12.4, -1.86, 3.7],
							"lerp_mode": "catmullrom"
						},
						"0.5": [-15, -2.5, 4.7],
						"3.5": [-15, -2.5, 4.7],
						"3.7083": {
							"pre": [-12.4, -1.86, 3.7],
							"post": [-12.4, -1.86, 3.7],
							"lerp_mode": "catmullrom"
						},
						"4.0417": {
							"post": [-2.6, -0.63, 1.3],
							"lerp_mode": "catmullrom"
						},
						"4.2083": [0, 0, 0]
					}
				},
				"arm_left2": {
					"rotation": {
						"0.0": [0, 0, 0],
						"0.125": {
							"pre": [0, -0.93, 0],
							"post": [0, -0.93, 0],
							"lerp_mode": "catmullrom"
						},
						"0.25": {
							"post": [0, -3.66, 0],
							"lerp_mode": "catmullrom"
						},
						"0.4583": [0, -5, 0],
						"3.5417": [0, -5, 0],
						"3.8333": {
							"pre": [0, -3.66, 0],
							"post": [0, -3.66, 0],
							"lerp_mode": "catmullrom"
						},
						"3.9583": {
							"post": [0, -0.93, 0],
							"lerp_mode": "catmullrom"
						},
						"4.125": [0, 0, 0]
					}
				},
				"leg_right": {
					"rotation": {
						"0.0": [0, 0, 0],
						"0.5": [0, 0, -3.3],
						"3.5": [0, 0, -3.3],
						"4.125": [0, 0, 0]
					}
				},
				"foot_right": {
					"rotation": {
						"0.0": [0, 0, 0],
						"0.5": [-1.2, 0.4, 3],
						"3.5": [-1.2, 0.4, 3],
						"4.125": [0, 0, 0]
					},
					"position": {
						"0.0": [0, 0, 0],
						"0.5": [0, 0.02, 0],
						"3.5": [0, 0.02, 0],
						"4.125": [0, 0, 0]
					}
				},
				"leg_left": {
					"rotation": {
						"0.0": [0, 0, 0],
						"0.5": [0, 0, -3.35],
						"3.5": [0, 0, -3.35],
						"4.125": [0, 0, 0]
					}
				},
				"foot_left": {
					"rotation": {
						"0.0": [0, 0, 0],
						"0.5": [1.3, 0.4, 3],
						"3.5": [1.3, 0.4, 3],
						"4.125": [0, 0, 0]
					}
				}
			}
		},
		"animation.weavile.battle_idle": {
			"loop": true,
			"bones": {
				"body": {
					"rotation": [0, 15, 0],
					"position": [0, -0.85, 0]
				},
				"torso": {
					"rotation": ["6+math.sin(q.anim_time*90*2.5+40)*1", 0, 0],
					"position": [0, "-0.1+math.sin(q.anim_time*90*2.5)*-0.15", "0.2+math.sin(q.anim_time*90*2.5)*-0.1"]
				},
				"torso2": {
					"rotation": [2.5, 0, 0]
				},
				"head": {
					"rotation": ["-7-math.sin(q.anim_time*90*2.5+40)*1", -14.8, "2+math.sin(q.anim_time*90*2.5+40)*0.3"]
				},
				"arm_right": {
					"rotation": ["10+math.sin(q.anim_time*90*2.5+30+190)*4", "-10+math.sin(q.anim_time*90*2.5+30)*2.5", "-42.5+math.sin(q.anim_time*90*2.5+30)*-3.5"]
				},
				"arm_right2": {
					"rotation": [-4, "-55+math.sin(q.anim_time*90*2.5+80)*3", 0]
				},
				"arm_left": {
					"rotation": ["10-math.sin(q.anim_time*90*2.5+30+190)*4", "10-math.sin(q.anim_time*90*2.5+30)*2.5", "32.5-math.sin(q.anim_time*90*2.5+30)*-3.5"]
				},
				"arm_left2": {
					"rotation": [-4, "55-math.sin(q.anim_time*90*2.5+80)*3", 0]
				},
				"leg_right": {
					"rotation": ["-17.5+math.sin(q.anim_time*90*2.5)*-0.8", 30, "17.5-math.sin(q.anim_time*90*2.5)*-1.5"],
					"position": [-0.25, "math.sin(q.anim_time*90*2.5)*-0.15", "0.2+math.sin(q.anim_time*90*2.5)*-0.1"]
				},
				"leg_right2": {
					"rotation": ["35+math.sin(q.anim_time*90*2.5)*5", 0, 0]
				},
				"foot_right": {
					"rotation": ["-8+math.sin(q.anim_time*90*2.5)*-3.2", "-5+math.sin(q.anim_time*90*2.5)*-1.3", "-14.5-math.sin(q.anim_time*90*2.5)*1"],
					"position": ["-(math.sin(q.anim_time*90*2.5)*1+1)*-0.01", "-(math.sin(q.anim_time*90*2.5)*1+1)*-0.015", "(math.sin(q.anim_time*90*2.5)*1+1)*-0.015"]
				},
				"leg_left": {
					"rotation": ["-17.5+math.sin(q.anim_time*90*2.5)*-0.8", -25, "-17.5+math.sin(q.anim_time*90*2.5)*-1.5"],
					"position": [0.25, "math.sin(q.anim_time*90*2.5)*-0.15", "0.2+math.sin(q.anim_time*90*2.5)*-0.1"]
				},
				"leg_left2": {
					"rotation": ["35+math.sin(q.anim_time*90*2.5)*5", 0, 0]
				},
				"foot_left": {
					"rotation": ["-9+math.sin(q.anim_time*90*2.5)*-3.2", "5-math.sin(q.anim_time*90*2.5)*-1.3", "14.5+math.sin(q.anim_time*90*2.5)*1"],
					"position": ["(math.sin(q.anim_time*90*2.5)*1+1)*-0.015", "-(math.sin(q.anim_time*90*2.5)*1+1)*-0.015", "(math.sin(q.anim_time*90*2.5)*1+1)*-0.015"]
				},
				"tail": {
					"rotation": ["-10-math.sin(q.anim_time*90*2.5+160)*2", 0, 0]
				},
				"tail_bottom": {
					"rotation": [0, "math.sin(q.anim_time*90*2.5+90)*12", 0]
				},
				"tail_top": {
					"rotation": [0, "math.sin(q.anim_time*90*2.5+70)*12", 0]
				},
				"collar_left": {
					"rotation": [0, 0, -2.5]
				},
				"collar_right": {
					"rotation": [0, 0, "2.5-math.sin(q.anim_time*90*2.5+30)*-1"]
				},
				"ear_right": {
					"rotation": [0, "4-math.sin(q.anim_time*90*2.5-40)*1", "-6-math.sin(q.anim_time*90*2.5-60)*1"]
				},
				"ear_left": {
					"rotation": [0, "-4+math.sin(q.anim_time*90*2.5-40)*1", "6+math.sin(q.anim_time*90*2.5-60)*1"]
				},
				"arms": {
					"position": [0, "-0.1+(math.sin(q.anim_time*90*2.5+0)*1+1)*-0.035", 0]
				},
				"arm_claw_front_right": {
					"rotation": [0, -8, "-15-(math.sin(q.anim_time*90*2.5-40)*1+1)*5"]
				},
				"arm_claw_middle_right": {
					"rotation": [0, 0, "-7.5-(math.sin(q.anim_time*90*2.5-70)*1+1)*5"]
				},
				"arm_claw_back_right": {
					"rotation": [0, 8, "-(math.sin(q.anim_time*90*2.5-100)*1+1)*5"]
				},
				"arm_claw_front_left": {
					"rotation": [0, 8, "15+(math.sin(q.anim_time*90*2.5-40)*1+1)*5"]
				},
				"arm_claw_middle_left": {
					"rotation": [0, 0, "7.5+(math.sin(q.anim_time*90*2.5-70)*1+1)*5"]
				},
				"arm_claw_back_left": {
					"rotation": [0, -8, "(math.sin(q.anim_time*90*2.5-100)*1+1)*5"]
				},
				"locator_target": {
					"rotation": [0, -15, 0],
					"position": [1, 0, 0]
				}
			}
		},
		"animation.weavile.quirk_battle": {
			"animation_length": 2.5,
			"bones": {
				"torso": {
					"rotation": {
						"0.0": [0, 0, 0],
						"0.1667": {
							"pre": [-2.16, 0, 0],
							"post": [-2.16, 0, 0],
							"lerp_mode": "catmullrom"
						},
						"0.3333": {
							"post": [-8.44, 0, 0],
							"lerp_mode": "catmullrom"
						},
						"0.5417": [-10, 0, 0],
						"1.4583": [-10, 0, 0],
						"1.6667": {
							"pre": [-8.44, 0, 0],
							"post": [-8.44, 0, 0],
							"lerp_mode": "catmullrom"
						},
						"1.8333": {
							"post": [-2.16, 0, 0],
							"lerp_mode": "catmullrom"
						},
						"2.3333": [0, 0, 0]
					}
				},
				"torso2": {
					"rotation": {
						"0.0": [0, 0, 0],
						"0.125": {
							"pre": [0.54, 0, 0],
							"post": [0.54, 0, 0],
							"lerp_mode": "catmullrom"
						},
						"0.2917": {
							"post": [2.07, 0, 0],
							"lerp_mode": "catmullrom"
						},
						"0.4583": [2.5, 0, 0],
						"1.5": [2.5, 0, 0],
						"1.7083": {
							"pre": [2.07, 0, 0],
							"post": [2.07, 0, 0],
							"lerp_mode": "catmullrom"
						},
						"1.9583": {
							"post": [0.45, 0, 0],
							"lerp_mode": "catmullrom"
						},
						"2.3333": [0, 0, 0]
					}
				},
				"head": {
					"rotation": {
						"0.0": [0, 0, 0],
						"0.125": {
							"pre": [3.03, 2.29, -1.54],
							"post": [3.03, 2.29, -1.54],
							"lerp_mode": "catmullrom"
						},
						"0.2917": {
							"post": [9.96, 6.57, -6.08],
							"lerp_mode": "catmullrom"
						},
						"0.4583": [11.6, 8, -7],
						"0.9167": {
							"pre": [12, 8.4, -6.5],
							"post": [12, 8.4, -6.5],
							"lerp_mode": "catmullrom"
						},
						"1.25": {
							"post": [12, 10.6, -2.2],
							"lerp_mode": "catmullrom"
						},
						"1.5417": [11.6, 10.5, -1.5],
						"1.7083": {
							"pre": [9.96, 8.57, -1.08],
							"post": [9.96, 8.57, -1.08],
							"lerp_mode": "catmullrom"
						},
						"1.9167": {
							"post": [2.93, 2.49, -0.44],
							"lerp_mode": "catmullrom"
						},
						"2.2917": [0, 0, 0]
					}
				},
				"eye_right": {
					"position": {
						"0.0": [0, 0, 0],
						"0.1667": {"pre": [0, 0, 0], "post": [0.1, 0, 0.1]},
						"0.2917": {"pre": [0.1, 0, 0.1], "post": [0, 0, 0]},
						"1.7917": {"pre": [0, 0, 0], "post": [0.1, 0, 0.1]},
						"1.9167": {"pre": [0.1, 0, 0.1], "post": [0, 0, 0]}
					}
				},
				"pupil_right": {
					"position": {
						"0.0": [0, 0, 0],
						"0.25": {"pre": [0, 0, 0], "post": [-0.5, -0.2, 0]},
						"1.9167": {"pre": [-0.5, -0.2, 0], "post": [0, 0, 0]}
					},
					"scale": {
						"0.0": [1, 1, 1],
						"0.25": {"pre": [1, 1, 1], "post": [1, 0.8, 1]},
						"1.9167": {"pre": [1, 0.8, 1], "post": [1, 1, 1]}
					}
				},
				"eye_left": {
					"position": {
						"0.0": [0, 0, 0],
						"0.1667": {"pre": [0, 0, 0], "post": [-0.1, 0, 0.1]},
						"0.2917": {"pre": [-0.1, 0, 0.1], "post": [0, 0, 0]},
						"1.7917": {"pre": [0, 0, 0], "post": [-0.1, 0, 0.1]},
						"1.9167": {"pre": [-0.1, 0, 0.1], "post": [0, 0, 0]}
					}
				},
				"pupil_left": {
					"position": {
						"0.0": [0, 0, 0],
						"0.25": {"pre": [0, 0, 0], "post": [-0.3, -0.2, 0]},
						"1.9167": {"pre": [-0.3, -0.2, 0], "post": [0, 0, 0]}
					},
					"scale": {
						"0.0": [1, 1, 1],
						"0.25": {"pre": [1, 1, 1], "post": [1, 0.8, 1]},
						"1.9167": {"pre": [1, 0.8, 1], "post": [1, 1, 1]}
					}
				},
				"eyelid_right": {
					"position": {
						"0.0": [0, 0, 0],
						"0.1667": {"pre": [0, 0, 0], "post": [-0.1, 0, -0.1]},
						"0.2917": {"pre": [-0.1, 0, -0.1], "post": [0, 0, 0]},
						"1.7917": {"pre": [0, 0, 0], "post": [-0.1, 0, -0.1]},
						"1.9167": {"pre": [-0.1, 0, -0.1], "post": [0, 0, 0]}
					}
				},
				"eyelid_left": {
					"position": {
						"0.0": [0, 0, 0],
						"0.1667": {"pre": [0, 0, 0], "post": [0.1, 0, -0.1]},
						"0.2917": {"pre": [0.1, 0, -0.1], "post": [0, 0, 0]},
						"1.7917": {"pre": [0, 0, 0], "post": [0.1, 0, -0.1]},
						"1.9167": {"pre": [0.1, 0, -0.1], "post": [0, 0, 0]}
					}
				},
				"arm_right": {
					"rotation": {
						"0.0": [0, 0, 0],
						"0.1667": {
							"pre": [0, -8.57, 0],
							"post": [0, -8.57, 0],
							"lerp_mode": "catmullrom"
						},
						"0.3333": {
							"post": [0, -42.04, 0],
							"lerp_mode": "catmullrom"
						},
						"0.5833": [0, -50, 0],
						"1.4167": [0, -50, 0],
						"1.6667": {
							"pre": [0, -42.04, 0],
							"post": [0, -42.04, 0],
							"lerp_mode": "catmullrom"
						},
						"1.9167": {
							"post": [0, -8.57, 0],
							"lerp_mode": "catmullrom"
						},
						"2.3333": [0, 0, 0]
					},
					"position": {
						"0.0": [0, 0, 0],
						"0.2917": [0, -0.4, -0.5],
						"1.7083": [0, -0.4, -0.5],
						"2.0833": [0, 0, 0]
					}
				},
				"arm_right2": {
					"rotation": {
						"0.0833": [0, 0, 0],
						"0.1667": {
							"pre": [-15.89, 1.96, 0],
							"post": [-15.89, 1.96, 0],
							"lerp_mode": "catmullrom"
						},
						"0.3333": {
							"post": [-98.72, 8.04, 0],
							"lerp_mode": "catmullrom"
						},
						"0.4583": [-120, 10, 0],
						"0.875": [-120, 10, 0],
						"1.0": {
							"pre": [-98.2, 7.8, 0],
							"post": [-98.2, 7.8, 0],
							"lerp_mode": "catmullrom"
						},
						"1.1667": {
							"post": [1.7, 2.2, 0],
							"lerp_mode": "catmullrom"
						},
						"1.2917": [25, 0, 0],
						"1.7083": [25, 0, 0],
						"1.9583": [6.67, 0, 0],
						"2.3333": [0, 0, 0]
					},
					"position": {
						"0.0833": [0, 0, 0],
						"0.25": [0.34, -1.31, -0.27],
						"0.375": [0.5, -2.3, -1],
						"0.875": [0.5, -2.3, -1],
						"1.0": {
							"pre": [0.32, -2.05, -0.78],
							"post": [0.32, -2.05, -0.78],
							"lerp_mode": "catmullrom"
						},
						"1.0833": {
							"post": [-0.08, -1.06, 0.04],
							"lerp_mode": "catmullrom"
						},
						"1.2083": {
							"post": [-0.03, 0.22, 0.06],
							"lerp_mode": "catmullrom"
						},
						"1.2917": [0, 0.5, 0],
						"1.6667": [0, 0.5, 0],
						"1.9583": [0, 0.1, 0],
						"2.1667": [0, 0, 0]
					}
				},
				"arm_left": {
					"rotation": {
						"0.0": [0, 0, 0],
						"0.1667": {
							"pre": [-2.21, -9.86, 4.17],
							"post": [-2.21, -9.86, 4.17],
							"lerp_mode": "catmullrom"
						},
						"0.3333": {
							"post": [-7.12, -32.59, 11.08],
							"lerp_mode": "catmullrom"
						},
						"0.625": [-10, -40, 15],
						"1.375": [-10, -40, 15],
						"1.6667": {
							"pre": [-7.12, -32.59, 11.08],
							"post": [-7.12, -32.59, 11.08],
							"lerp_mode": "catmullrom"
						},
						"1.9167": {
							"post": [-2.21, -8.76, 3.57],
							"lerp_mode": "catmullrom"
						},
						"2.3333": [0, 0, 0]
					}
				},
				"arm_left2": {
					"rotation": {
						"0.0": [0, 0, 0],
						"0.1667": {
							"pre": [0, -7.34, 0],
							"post": [0, -7.34, 0],
							"lerp_mode": "catmullrom"
						},
						"0.3333": {
							"post": [0, -23.86, 0],
							"lerp_mode": "catmullrom"
						},
						"0.6667": [0, -30, 0],
						"1.3333": [0, -30, 0],
						"1.6667": {
							"pre": [0, -24.36, 0],
							"post": [0, -24.36, 0],
							"lerp_mode": "catmullrom"
						},
						"1.9167": {
							"post": [0, -6.24, 0],
							"lerp_mode": "catmullrom"
						},
						"2.3333": [0, 0, 0]
					}
				},
				"collar_front": {
					"rotation": {
						"0.1667": [0, 0, 0],
						"0.5417": [-2.5, 0, 0],
						"1.375": [-2.5, 0, 0],
						"1.75": [0, 0, 0]
					}
				},
				"collar_right": {
					"rotation": {
						"0.1667": [0, 0, 0],
						"0.5417": [0, 0, 2.5],
						"1.375": [0, 0, 2.5],
						"1.75": [0, 0, 0]
					}
				},
				"arm_claw_front_right": {
					"rotation": {
						"0.4167": [0, 0, 0],
						"0.5": {
							"pre": [0, 0, -16],
							"post": [0, 0, -16],
							"lerp_mode": "catmullrom"
						},
						"0.5833": {
							"post": [0, 0, -16],
							"lerp_mode": "catmullrom"
						},
						"0.6667": [0, 0, 0]
					}
				},
				"arm_claw_middle_right": {
					"rotation": {
						"0.5417": [0, 0, 0],
						"0.625": {
							"pre": [0, 0, -16],
							"post": [0, 0, -16],
							"lerp_mode": "catmullrom"
						},
						"0.7083": {
							"post": [0, 0, -16],
							"lerp_mode": "catmullrom"
						},
						"0.7917": [0, 0, 0]
					}
				},
				"arm_claw_back_right": {
					"rotation": {
						"0.6667": [0, 0, 0],
						"0.75": {
							"pre": [0, 0, -16],
							"post": [0, 0, -16],
							"lerp_mode": "catmullrom"
						},
						"0.8333": {
							"post": [0, 0, -16],
							"lerp_mode": "catmullrom"
						},
						"0.9167": [0, 0, 0]
					}
				}
			}
		},
		"animation.weavile.quirk_battle2": {
			"animation_length": 2.5,
			"bones": {
				"torso": {
					"rotation": {
						"0.0": [0, 0, 0],
						"0.1667": {
							"pre": [-2.16, 0, 0],
							"post": [-2.16, 0, 0],
							"lerp_mode": "catmullrom"
						},
						"0.3333": {
							"post": [-8.44, 0, 0],
							"lerp_mode": "catmullrom"
						},
						"0.5417": [-10, 0, 0],
						"1.4583": [-10, 0, 0],
						"1.6667": {
							"pre": [-8.44, 0, 0],
							"post": [-8.44, 0, 0],
							"lerp_mode": "catmullrom"
						},
						"1.8333": {
							"post": [-2.16, 0, 0],
							"lerp_mode": "catmullrom"
						},
						"2.3333": [0, 0, 0]
					}
				},
				"torso2": {
					"rotation": {
						"0.0": [0, 0, 0],
						"0.125": {
							"pre": [0.54, 0, 0],
							"post": [0.54, 0, 0],
							"lerp_mode": "catmullrom"
						},
						"0.2917": {
							"post": [2.07, 0, 0],
							"lerp_mode": "catmullrom"
						},
						"0.4583": [2.5, 0, 0],
						"1.5": [2.5, 0, 0],
						"1.7083": {
							"pre": [2.07, 0, 0],
							"post": [2.07, 0, 0],
							"lerp_mode": "catmullrom"
						},
						"1.9583": {
							"post": [0.45, 0, 0],
							"lerp_mode": "catmullrom"
						},
						"2.3333": [0, 0, 0]
					}
				},
				"head": {
					"rotation": {
						"0.0": [0, 0, 0],
						"0.125": {
							"pre": [3.03, -2.29, 1.54],
							"post": [3.03, -2.29, 1.54],
							"lerp_mode": "catmullrom"
						},
						"0.2917": {
							"post": [9.96, -3.57, 5.08],
							"lerp_mode": "catmullrom"
						},
						"0.4583": [11.6, -5, 6],
						"0.9167": {
							"pre": [12, -5.4, 5.5],
							"post": [12, -5.4, 5.5],
							"lerp_mode": "catmullrom"
						},
						"1.25": {
							"post": [12, -7.6, 2.2],
							"lerp_mode": "catmullrom"
						},
						"1.5417": [11.6, -7.5, 1.5],
						"1.7083": {
							"pre": [9.96, -5.57, 1.08],
							"post": [9.96, -5.57, 1.08],
							"lerp_mode": "catmullrom"
						},
						"1.9167": {
							"post": [2.93, -2.49, 0.44],
							"lerp_mode": "catmullrom"
						},
						"2.2917": [0, 0, 0]
					}
				},
				"eye_right": {
					"position": {
						"0.0": [0, 0, 0],
						"0.1667": {"pre": [0, 0, 0], "post": [0.1, 0, 0.1]},
						"0.2917": {"pre": [0.1, 0, 0.1], "post": [0, 0, 0]},
						"1.7917": {"pre": [0, 0, 0], "post": [0.1, 0, 0.1]},
						"1.9167": {"pre": [0.1, 0, 0.1], "post": [0, 0, 0]}
					}
				},
				"pupil_right": {
					"position": {
						"0.0": [0, 0, 0],
						"0.25": {"pre": [0, 0, 0], "post": [0.3, -0.2, 0]},
						"1.9167": {"pre": [0.3, -0.2, 0], "post": [0, 0, 0]}
					},
					"scale": {
						"0.0": [1, 1, 1],
						"0.25": {"pre": [1, 1, 1], "post": [1, 0.8, 1]},
						"1.9167": {"pre": [1, 0.8, 1], "post": [1, 1, 1]}
					}
				},
				"eye_left": {
					"position": {
						"0.0": [0, 0, 0],
						"0.1667": {"pre": [0, 0, 0], "post": [-0.1, 0, 0.1]},
						"0.2917": {"pre": [-0.1, 0, 0.1], "post": [0, 0, 0]},
						"1.7917": {"pre": [0, 0, 0], "post": [-0.1, 0, 0.1]},
						"1.9167": {"pre": [-0.1, 0, 0.1], "post": [0, 0, 0]}
					}
				},
				"pupil_left": {
					"position": {
						"0.0": [0, 0, 0],
						"0.25": {"pre": [0, 0, 0], "post": [0.5, -0.2, 0]},
						"1.9167": {"pre": [0.5, -0.2, 0], "post": [0, 0, 0]}
					},
					"scale": {
						"0.0": [1, 1, 1],
						"0.25": {"pre": [1, 1, 1], "post": [1, 0.8, 1]},
						"1.9167": {"pre": [1, 0.8, 1], "post": [1, 1, 1]}
					}
				},
				"eyelid_right": {
					"position": {
						"0.0": [0, 0, 0],
						"0.1667": {"pre": [0, 0, 0], "post": [-0.1, 0, -0.1]},
						"0.2917": {"pre": [-0.1, 0, -0.1], "post": [0, 0, 0]},
						"1.7917": {"pre": [0, 0, 0], "post": [-0.1, 0, -0.1]},
						"1.9167": {"pre": [-0.1, 0, -0.1], "post": [0, 0, 0]}
					}
				},
				"eyelid_left": {
					"position": {
						"0.0": [0, 0, 0],
						"0.1667": {"pre": [0, 0, 0], "post": [0.1, 0, -0.1]},
						"0.2917": {"pre": [0.1, 0, -0.1], "post": [0, 0, 0]},
						"1.7917": {"pre": [0, 0, 0], "post": [0.1, 0, -0.1]},
						"1.9167": {"pre": [0.1, 0, -0.1], "post": [0, 0, 0]}
					}
				},
				"arm_right": {
					"rotation": {
						"0.0": [0, 0, 0],
						"0.1667": {
							"pre": [-2.21, 9.86, -4.17],
							"post": [-2.21, 9.86, -4.17],
							"lerp_mode": "catmullrom"
						},
						"0.3333": {
							"post": [-7.12, 32.59, -11.08],
							"lerp_mode": "catmullrom"
						},
						"0.625": [-10, 40, -15],
						"1.375": [-10, 40, -15],
						"1.6667": {
							"pre": [-7.12, 32.59, -11.08],
							"post": [-7.12, 32.59, -11.08],
							"lerp_mode": "catmullrom"
						},
						"1.9167": {
							"post": [-2.21, 8.76, -3.57],
							"lerp_mode": "catmullrom"
						},
						"2.3333": [0, 0, 0]
					}
				},
				"arm_right2": {
					"rotation": {
						"0.0": [0, 0, 0],
						"0.1667": {
							"pre": [0, 7.34, 0],
							"post": [0, 7.34, 0],
							"lerp_mode": "catmullrom"
						},
						"0.3333": {
							"post": [0, 23.86, 0],
							"lerp_mode": "catmullrom"
						},
						"0.6667": [0, 30, 0],
						"1.3333": [0, 30, 0],
						"1.6667": {
							"pre": [0, 24.36, 0],
							"post": [0, 24.36, 0],
							"lerp_mode": "catmullrom"
						},
						"1.9167": {
							"post": [0, 6.24, 0],
							"lerp_mode": "catmullrom"
						},
						"2.3333": [0, 0, 0]
					}
				},
				"arm_left": {
					"rotation": {
						"0.0": [0, 0, 0],
						"0.1667": {
							"pre": [-2, 8.57, -2],
							"post": [-2, 8.57, -2],
							"lerp_mode": "catmullrom"
						},
						"0.3333": {
							"post": [-11, 23.04, -11],
							"lerp_mode": "catmullrom"
						},
						"0.5833": [-14, 27, -14],
						"1.4167": [-14, 27, -14],
						"1.6667": {
							"pre": [-11, 23.04, -11],
							"post": [-11, 23.04, -11],
							"lerp_mode": "catmullrom"
						},
						"1.9167": {
							"post": [-2, 8.57, -2],
							"lerp_mode": "catmullrom"
						},
						"2.3333": [0, 0, 0]
					},
					"position": {
						"0.0": [0, 0, 0],
						"0.2917": [0, -0.4, -0.5],
						"1.7083": [0, -0.4, -0.5],
						"2.0833": [0, 0, 0]
					}
				},
				"arm_left2": {
					"rotation": {
						"0.0833": [0, 0, 0],
						"0.1667": {
							"pre": [-15.89, -1.96, 0],
							"post": [-15.89, -1.96, 0],
							"lerp_mode": "catmullrom"
						},
						"0.3333": {
							"post": [-98.72, -8.04, 0],
							"lerp_mode": "catmullrom"
						},
						"0.4583": [-120, -10, 0],
						"0.875": [-120, -10, 0],
						"1.0": {
							"pre": [-98.2, -7.8, 0],
							"post": [-98.2, -7.8, 0],
							"lerp_mode": "catmullrom"
						},
						"1.1667": {
							"post": [1.7, -2.2, 0],
							"lerp_mode": "catmullrom"
						},
						"1.2917": [25, 0, 0],
						"1.7083": [25, 0, 0],
						"1.9583": [6.67, 0, 0],
						"2.3333": [0, 0, 0]
					},
					"position": {
						"0.0833": [0, 0, 0],
						"0.25": [-0.34, -1.31, -0.27],
						"0.375": [-0.5, -2.3, -1],
						"0.875": [-0.5, -2.3, -1],
						"1.0": {
							"pre": [-0.32, -2.05, -0.78],
							"post": [-0.32, -2.05, -0.78],
							"lerp_mode": "catmullrom"
						},
						"1.0833": {
							"post": [0.08, -1.06, 0.04],
							"lerp_mode": "catmullrom"
						},
						"1.2083": {
							"post": [0.03, 0.22, 0.06],
							"lerp_mode": "catmullrom"
						},
						"1.2917": [0, 0.5, 0],
						"1.6667": [0, 0.5, 0],
						"1.9583": [0, 0.1, 0],
						"2.1667": [0, 0, 0]
					}
				},
				"collar_front": {
					"rotation": {
						"0.1667": [0, 0, 0],
						"0.5417": [-2.5, 0, 0],
						"1.375": [-2.5, 0, 0],
						"1.75": [0, 0, 0]
					}
				},
				"collar_left": {
					"rotation": {
						"0.1667": [0, 0, 0],
						"0.5417": [0, 0, -2.5],
						"1.375": [0, 0, -2.5],
						"1.75": [0, 0, 0]
					}
				},
				"arm_claw_front_left": {
					"rotation": {
						"0.4167": [0, 0, 0],
						"0.5": {
							"pre": [0, 0, 16],
							"post": [0, 0, 16],
							"lerp_mode": "catmullrom"
						},
						"0.5833": {
							"post": [0, 0, 16],
							"lerp_mode": "catmullrom"
						},
						"0.6667": [0, 0, 0]
					}
				},
				"arm_claw_middle_left": {
					"rotation": {
						"0.5417": [0, 0, 0],
						"0.625": {
							"pre": [0, 0, 16],
							"post": [0, 0, 16],
							"lerp_mode": "catmullrom"
						},
						"0.7083": {
							"post": [0, 0, 16],
							"lerp_mode": "catmullrom"
						},
						"0.7917": [0, 0, 0]
					}
				},
				"arm_claw_back_left": {
					"rotation": {
						"0.6667": [0, 0, 0],
						"0.75": {
							"pre": [0, 0, 16],
							"post": [0, 0, 16],
							"lerp_mode": "catmullrom"
						},
						"0.8333": {
							"post": [0, 0, 16],
							"lerp_mode": "catmullrom"
						},
						"0.9167": [0, 0, 0]
					}
				}
			}
		},
		"animation.weavile.ground_walk": {
			"loop": true,
			"animation_length": 1.25,
			"bones": {
				"body": {
					"position": {
						"0.0": ["math.sin(q.anim_time*90*3.2-90)*0.1", -0.25, 0],
						"0.0833": ["math.sin(q.anim_time*90*3.2-90)*0.1", -0.32, 0],
						"0.25": ["math.sin(q.anim_time*90*3.2-90)*0.1", -0.85, 0],
						"0.375": ["math.sin(q.anim_time*90*3.2-90)*0.1", -0.85, 0],
						"0.5417": ["math.sin(q.anim_time*90*3.2-90)*0.1", -0.32, 0],
						"0.625": ["math.sin(q.anim_time*90*3.2-90)*0.1", -0.25, 0],
						"0.7083": ["math.sin(q.anim_time*90*3.2-90)*0.1", -0.32, 0],
						"0.875": ["math.sin(q.anim_time*90*3.2-90)*0.1", -0.85, 0],
						"1.0": ["math.sin(q.anim_time*90*3.2-90)*0.1", -0.85, 0],
						"1.1667": ["math.sin(q.anim_time*90*3.2-90)*0.1", -0.32, 0],
						"1.25": ["math.sin(q.anim_time*90*3.2-90)*0.1", -0.25, 0]
					}
				},
				"torso": {
					"rotation": ["2.5+math.sin(q.anim_time*90*6.4+40)*0.5", "math.sin(q.anim_time*90*3.2+40)*6", "math.sin(q.anim_time*90*3.2+40)*2"],
					"position": [0, "math.sin(q.anim_time*90*6.4)*-0.1", 0]
				},
				"torso2": {
					"rotation": [-5, "math.sin(q.anim_time*90*3.2+40)*-4.5", "-math.sin(q.anim_time*90*3.2+40)*1"],
					"position": ["math.sin(q.anim_time*90*3.2+40)*-0.15", 0, 0]
				},
				"arm_right": {
					"rotation": ["8+math.sin(q.anim_time*90*3.2+30)*10", "5+math.sin(q.anim_time*90*3.2+30)*-12.5", "-60+math.sin(q.anim_time*90*6.4+60)*1"]
				},
				"arm_right2": {
					"rotation": [0, "-12*(math.sin(q.anim_time*90*3.2-40)*1+1)", -5]
				},
				"arm_claw_back_right": {
					"rotation": [0, 2.5, 0]
				},
				"tail": {
					"rotation": ["-10+math.sin(q.anim_time*90*6.4+40)*4", 0, 0]
				},
				"leg_right": {
					"rotation": {
						"0.0": {
							"post": [13.77, 2, 5],
							"lerp_mode": "catmullrom"
						},
						"0.2917": {
							"post": [35, 2, 5],
							"lerp_mode": "catmullrom"
						},
						"0.625": [-35.58, 2, 5],
						"0.875": {
							"pre": [-41, 2, 5],
							"post": [-41, 2, 5],
							"lerp_mode": "catmullrom"
						},
						"1.0": {
							"post": [-22.9, 2, 5],
							"lerp_mode": "catmullrom"
						},
						"1.2083": {
							"post": [9.6, 2, 5],
							"lerp_mode": "catmullrom"
						},
						"1.25": {
							"post": [13.77, 2, 5],
							"lerp_mode": "catmullrom"
						}
					},
					"position": [0, 0, "math.cos(q.anim_time*90*3.2-60)*0.6"]
				},
				"leg_right2": {
					"rotation": {
						"0.0": {
							"post": [32.23, 0, 0],
							"lerp_mode": "catmullrom"
						},
						"0.2083": {
							"post": [46.8, 0, 0],
							"lerp_mode": "catmullrom"
						},
						"0.2917": {
							"post": [67, 0, 0],
							"lerp_mode": "catmullrom"
						},
						"0.4167": {
							"post": [85.8, 0, 0],
							"lerp_mode": "catmullrom"
						},
						"0.5417": {
							"post": [85.8, 0, 0],
							"lerp_mode": "catmullrom"
						},
						"0.625": {
							"post": [50.3, 0, 0],
							"lerp_mode": "catmullrom"
						},
						"0.6667": {
							"post": [42.2, 0, 0],
							"lerp_mode": "catmullrom"
						},
						"0.875": {
							"post": [31, 0, 0],
							"lerp_mode": "catmullrom"
						},
						"0.9583": {
							"post": [38.19, 0, 0],
							"lerp_mode": "catmullrom"
						},
						"1.0833": {
							"post": [38.55, 0, 0],
							"lerp_mode": "catmullrom"
						},
						"1.2083": {
							"post": [31, 0, 0],
							"lerp_mode": "catmullrom"
						},
						"1.25": {
							"post": [32.23, 0, 0],
							"lerp_mode": "catmullrom"
						}
					}
				},
				"foot_right": {
					"rotation": {
						"0.0": {
							"post": [3.9, 0, -5],
							"lerp_mode": "catmullrom"
						},
						"0.2083": {
							"post": [4, 0, -5],
							"lerp_mode": "catmullrom"
						},
						"0.4583": {
							"post": [4, 0, -5],
							"lerp_mode": "catmullrom"
						},
						"0.625": {
							"post": [5.3, 0, -5],
							"lerp_mode": "catmullrom"
						},
						"0.875": {
							"post": [0.9, 0, -5],
							"lerp_mode": "catmullrom"
						},
						"1.0": {
							"post": [-16.5, 0, -5],
							"lerp_mode": "catmullrom"
						},
						"1.125": {
							"post": [-5.48, 0, -5],
							"lerp_mode": "catmullrom"
						},
						"1.25": {
							"post": [3.9, 0, -5],
							"lerp_mode": "catmullrom"
						}
					}
				},
				"head": {
					"rotation": ["4+math.sin(q.anim_time*90*6.4+70)*-0.8", "math.sin(q.anim_time*90*3.2+40)*-1.5", "math.sin(q.anim_time*90*3.2+40)*-0.5"]
				},
				"ear_right": {
					"rotation": [0, "6+math.sin(q.anim_time*90*6.4)*1", "-6+math.sin(q.anim_time*90*6.4)*1"]
				},
				"ear_left": {
					"rotation": [0, "-6-math.sin(q.anim_time*90*6.4)*1", "6-math.sin(q.anim_time*90*6.4)*1"]
				},
				"arm_claw_front_right": {
					"rotation": [0, -2.5, -10]
				},
				"arm_claw_middle_right": {
					"rotation": [0, 0, -5]
				},
				"arm_left": {
					"rotation": ["8-math.sin(q.anim_time*90*3.2+30)*10", "-5+math.sin(q.anim_time*90*3.2+30)*-12.5", "60-math.sin(q.anim_time*90*6.4+60)*1"]
				},
				"arm_left2": {
					"rotation": [0, "12*(math.sin(q.anim_time*90*3.2-220)*1+1)", 5]
				},
				"arm_claw_front_left": {
					"rotation": [0, 2.5, 10]
				},
				"arm_claw_middle_left": {
					"rotation": [0, 0, 5]
				},
				"arm_claw_back_left": {
					"rotation": [0, -2.5, 0]
				},
				"foot_right2": {
					"rotation": {
						"0.0": [-24.46, 0, 0],
						"0.2083": {
							"pre": [-25.5, 0, 0],
							"post": [-25.5, 0, 0],
							"lerp_mode": "catmullrom"
						},
						"0.4583": {
							"post": [-35, 0, 0],
							"lerp_mode": "catmullrom"
						},
						"0.625": [-10, 0, 0],
						"0.6667": [0, 0, 0],
						"1.0": [0, 0, 0],
						"1.125": [-23.2, 0, 0],
						"1.25": [-24.46, 0, 0]
					}
				},
				"toes_right": {
					"rotation": {
						"0.0": [-20.81, 0, 0],
						"0.0417": [-23.77, 0, 0],
						"0.2083": [-8.35, 0, 0],
						"0.4583": [-7, 0, 0],
						"0.625": [-2.5, 0, 0],
						"0.7083": [0, 0, 0],
						"1.0": [0, 0, 0],
						"1.125": [-2.15, 0, 0],
						"1.2083": [-17.85, 0, 0],
						"1.25": [-20.81, 0, 0]
					}
				},
				"leg_left": {
					"rotation": {
						"0.0": [-35.58, -2, -5],
						"0.25": {
							"pre": [-41, -2, -5],
							"post": [-41, -2, -5],
							"lerp_mode": "catmullrom"
						},
						"0.375": {
							"post": [-22.9, -2, -5],
							"lerp_mode": "catmullrom"
						},
						"0.5833": {
							"post": [9.6, -2, -5],
							"lerp_mode": "catmullrom"
						},
						"0.9167": {
							"post": [35, -2, -5],
							"lerp_mode": "catmullrom"
						},
						"1.25": [-35.58, -2, -5]
					},
					"position": [0, 0, "-math.cos(q.anim_time*90*3.2-60)*0.6"]
				},
				"leg_left2": {
					"rotation": {
						"0.0": {
							"post": [50.3, 0, 0],
							"lerp_mode": "catmullrom"
						},
						"0.0417": {
							"post": [42.2, 0, 0],
							"lerp_mode": "catmullrom"
						},
						"0.25": {
							"post": [31, 0, 0],
							"lerp_mode": "catmullrom"
						},
						"0.3333": {
							"post": [38.19, 0, 0],
							"lerp_mode": "catmullrom"
						},
						"0.4583": {
							"post": [38.55, 0, 0],
							"lerp_mode": "catmullrom"
						},
						"0.5833": {
							"post": [31, 0, 0],
							"lerp_mode": "catmullrom"
						},
						"0.8333": {
							"post": [46.8, 0, 0],
							"lerp_mode": "catmullrom"
						},
						"0.9167": {
							"post": [67, 0, 0],
							"lerp_mode": "catmullrom"
						},
						"1.0417": {
							"post": [85.8, 0, 0],
							"lerp_mode": "catmullrom"
						},
						"1.1667": {
							"post": [85.8, 0, 0],
							"lerp_mode": "catmullrom"
						},
						"1.25": {
							"post": [50.3, 0, 0],
							"lerp_mode": "catmullrom"
						}
					}
				},
				"foot_left": {
					"rotation": {
						"0.0": {
							"post": [5.3, 0, 5],
							"lerp_mode": "catmullrom"
						},
						"0.25": {
							"post": [0.9, 0, 5],
							"lerp_mode": "catmullrom"
						},
						"0.375": {
							"post": [-16.5, 0, 5],
							"lerp_mode": "catmullrom"
						},
						"0.5": {
							"post": [-5.48, 0, 5],
							"lerp_mode": "catmullrom"
						},
						"0.625": {
							"post": [3.9, 0, 5],
							"lerp_mode": "catmullrom"
						},
						"0.8333": {
							"post": [4, 0, 5],
							"lerp_mode": "catmullrom"
						},
						"1.0833": {
							"post": [4, 0, 5],
							"lerp_mode": "catmullrom"
						},
						"1.25": {
							"post": [5.3, 0, 5],
							"lerp_mode": "catmullrom"
						}
					}
				},
				"foot_left2": {
					"rotation": {
						"0.0": [-10, 0, 0],
						"0.0417": [0, 0, 0],
						"0.375": [0, 0, 0],
						"0.5": [-23.2, 0, 0],
						"0.625": [-24.46, 0, 0],
						"0.8333": {
							"pre": [-25.5, 0, 0],
							"post": [-25.5, 0, 0],
							"lerp_mode": "catmullrom"
						},
						"1.0833": {
							"post": [-35, 0, 0],
							"lerp_mode": "catmullrom"
						},
						"1.25": [-10, 0, 0]
					}
				},
				"toes_left": {
					"rotation": {
						"0.0": [-2.5, 0, 0],
						"0.0833": [0, 0, 0],
						"0.375": [0, 0, 0],
						"0.5": [-2.15, 0, 0],
						"0.5833": [-17.85, 0, 0],
						"0.6667": [-23.77, 0, 0],
						"0.8333": [-8.35, 0, 0],
						"1.0833": [-7, 0, 0],
						"1.25": [-2.5, 0, 0]
					}
				},
				"tail_bottom": {
					"rotation": [0, "math.sin(q.anim_time*90*6.4+120)*-5", 0]
				},
				"tail_top": {
					"rotation": [0, "math.sin(q.anim_time*90*6.4+90)*-5", 0]
				}
			}
		},
		"animation.weavile.ground_run": {
			"loop": true,
			"animation_length": 0.5,
			"bones": {
				"body": {
					"position": ["math.sin(q.anim_time*90*8+100)*0.2", "-0.3+math.sin(q.anim_time*90*16)*0.7", "-math.sin(q.anim_time*90*16-20)*0.25"]
				},
				"torso": {
					"rotation": ["48+math.sin(q.anim_time*90*16+80)*1.5", "math.sin(q.anim_time*90*8+60)*4", "-math.sin(q.anim_time*90*8+140)*2"],
					"position": ["math.sin(q.anim_time*90*8+60)*-0.15", 0, 0]
				},
				"tail": {
					"rotation": ["-20-math.sin(q.anim_time*90*16+30)*8", 0, 0]
				},
				"torso2": {
					"rotation": ["math.sin(q.anim_time*90*16+80)*1", "-math.sin(q.anim_time*90*8+60)*3.5", "math.sin(q.anim_time*90*8+140)*2"]
				},
				"collar": {
					"rotation": [-12.5, 0, 0]
				},
				"collar_front": {
					"rotation": [10, 0, 0]
				},
				"collar_left": {
					"rotation": [0, 0, 5]
				},
				"collar_right": {
					"rotation": [0, 0, -5]
				},
				"collar_back": {
					"rotation": [-22.5, 0, 0]
				},
				"head": {
					"rotation": {
						"0.0": {
							"post": [-46, 1.86, 2.29],
							"lerp_mode": "catmullrom"
						},
						"0.125": {
							"post": [-41.1, -0.74, 1.79],
							"lerp_mode": "catmullrom"
						},
						"0.25": {
							"post": [-46, -1.86, -2.29],
							"lerp_mode": "catmullrom"
						},
						"0.375": {
							"post": [-41.1, 0.74, -1.79],
							"lerp_mode": "catmullrom"
						},
						"0.5": {
							"post": [-46, 1.86, 2.29],
							"lerp_mode": "catmullrom"
						}
					}
				},
				"arm_right": {
					"rotation": ["-10-math.sin(q.anim_time*90*16-80)*-4", "22-math.sin(q.anim_time*90*16+80)*5.5", "-65-math.sin(q.anim_time*90*16+80)*2"]
				},
				"arm_right2": {
					"rotation": ["math.sin(q.anim_time*90*16+190)*-2", "-12-math.sin(q.anim_time*90*16+160)*-5", "-math.sin(q.anim_time*90*16+80)*-2"]
				},
				"arm_claw_front_right": {
					"rotation": [0, -5, -15]
				},
				"arm_claw_middle_right": {
					"rotation": [0, 0, -10]
				},
				"arm_claw_back_right": {
					"rotation": [0, 5, -5]
				},
				"arm_left": {
					"rotation": ["-10-math.sin(q.anim_time*90*16-80)*-4", "-22+math.sin(q.anim_time*90*16+80)*5.5", "65+math.sin(q.anim_time*90*16+80)*2"]
				},
				"arm_left2": {
					"rotation": ["math.sin(q.anim_time*90*16+190)*-2", "12+math.sin(q.anim_time*90*16+160)*-5", "math.sin(q.anim_time*90*16+80)*-2"]
				},
				"arm_claw_front_left": {
					"rotation": [0, 5, 15]
				},
				"arm_claw_middle_left": {
					"rotation": [0, 0, 10]
				},
				"arm_claw_back_left": {
					"rotation": [0, -5, 5]
				},
				"leg_right": {
					"rotation": ["2+math.sin(q.anim_time*90*8+60)*65", 0, 0],
					"position": [0, "(math.sin(q.anim_time*90*8)*1+1)*0.1", "math.sin(q.anim_time*90*8+60)*0.5"]
				},
				"leg_right2": {
					"rotation": {
						"0.0": {
							"post": [8.15, 0, 0],
							"lerp_mode": "catmullrom"
						},
						"0.0417": {
							"post": [12, 0, 0],
							"lerp_mode": "catmullrom"
						},
						"0.1667": {
							"post": [82, 0, 0],
							"lerp_mode": "catmullrom"
						},
						"0.25": {
							"post": [82, 0, 0],
							"lerp_mode": "catmullrom"
						},
						"0.3333": {
							"post": [12, 0, 0],
							"lerp_mode": "catmullrom"
						},
						"0.4167": {
							"post": [16, 0, 0],
							"lerp_mode": "catmullrom"
						},
						"0.5": {
							"post": [8.15, 0, 0],
							"lerp_mode": "catmullrom"
						}
					}
				},
				"leg_left": {
					"rotation": ["2-math.sin(q.anim_time*90*8+60)*65", 0, 0],
					"position": [0, "(math.sin(q.anim_time*90*8)*1+1)*0.1", "-math.sin(q.anim_time*90*8+60)*0.5"]
				},
				"leg_left2": {
					"rotation": {
						"0.0": {
							"post": [82, 0, 0],
							"lerp_mode": "catmullrom"
						},
						"0.0833": {
							"post": [12, 0, 0],
							"lerp_mode": "catmullrom"
						},
						"0.1667": {
							"post": [16, 0, 0],
							"lerp_mode": "catmullrom"
						},
						"0.2917": {
							"post": [12, 0, 0],
							"lerp_mode": "catmullrom"
						},
						"0.4167": {
							"post": [82, 0, 0],
							"lerp_mode": "catmullrom"
						},
						"0.5": {
							"post": [82, 0, 0],
							"lerp_mode": "catmullrom"
						}
					}
				},
				"tail_bottom": {
					"rotation": [0, "math.sin(q.anim_time*90*8-45)*16", 0]
				},
				"tail_top": {
					"rotation": [0, "math.sin(q.anim_time*90*8-65)*16", 0]
				},
				"ear_right": {
					"rotation": [0, "6-math.sin(q.anim_time*90*16)*2", "-6-math.sin(q.anim_time*90*16)*3"]
				},
				"ear_left": {
					"rotation": [0, "-6-math.sin(q.anim_time*90*16)*2", "6+math.sin(q.anim_time*90*16)*3"]
				},
				"foot_right": {
					"rotation": {
						"0.0": [22.5, 0, 0],
						"0.0833": [17.95, 0, 0],
						"0.1667": [-20, 0, 0],
						"0.3333": [0, 0, 0],
						"0.4167": [-17.5, 0, 0],
						"0.4583": [2.2, 0, 0],
						"0.5": [22.5, 0, 0]
					}
				},
				"foot_right2": {
					"rotation": {
						"0.0": [-15, 0, 0],
						"0.125": [0, 0, 0],
						"0.4167": [0, 0, 0],
						"0.4583": [-20, 0, 0],
						"0.5": [-15, 0, 0]
					}
				},
				"toes_right": {
					"rotation": {
						"0.4167": [0, 0, 0],
						"0.4583": [-27.5, 0, 0],
						"0.5": [0, 0, 0]
					}
				},
				"foot_left": {
					"rotation": {
						"0.0": [-10, 0, 0],
						"0.0833": [0, 0, 0],
						"0.1667": [-17.5, 0, 0],
						"0.2083": [2.2, 0, 0],
						"0.25": [22.5, 0, 0],
						"0.3333": [17.95, 0, 0],
						"0.4167": [-20, 0, 0],
						"0.5": [-10, 0, 0]
					}
				},
				"foot_left2": {
					"rotation": {
						"0.1667": [0, 0, 0],
						"0.2083": [-20, 0, 0],
						"0.375": [0, 0, 0]
					}
				},
				"toes_left": {
					"rotation": {
						"0.1667": [0, 0, 0],
						"0.2083": [-27.5, 0, 0],
						"0.25": [0, 0, 0]
					}
				}
			}
		},
		"animation.weavile.sleep": {
			"loop": true,
			"bones": {
				"body": {
					"rotation": [0, 30, 70],
					"position": [0, -8, 0]
				},
				"torso": {
					"rotation": [5, 0, -5.5]
				},
				"tail": {
					"rotation": ["-math.sin(q.anim_time*90*1)*0.8", -20.5, 20]
				},
				"torso2": {
					"rotation": [2.5, 0, -10]
				},
				"head": {
					"rotation": ["10+math.sin(q.anim_time*90*1)*1", 0, "-5+math.sin(q.anim_time*90*1)*0.2"],
					"position": [0.25, 0, 0]
				},
				"ear_right": {
					"rotation": [0, 15, "-15+math.sin(q.anim_time*90*1-60)*0.8"]
				},
				"ear_left": {
					"rotation": [12.5, -25, "5-math.sin(q.anim_time*90*1-60)*0.8"]
				},
				"pupil_right": {
					"position": [0, 0, 0.1]
				},
				"eyelid_right": {
					"position": [-0.1, 0, -0.1]
				},
				"pupil_left": {
					"position": [0, 0, 0.1]
				},
				"eyelid_left": {
					"position": [0.1, 0, -0.1]
				},
				"arm_right": {
					"rotation": ["-math.sin(q.anim_time*90*1-60)*0.4", 37.5, -67.5],
					"position": [0.2, -0.2, 0]
				},
				"arm_right2": {
					"rotation": ["-4-math.sin(q.anim_time*90*1-60)*1", -95, "math.sin(q.anim_time*90*1-60)*1.2"],
					"position": [0, 0, -0.3]
				},
				"arm_claw_front_right": {
					"rotation": [0, -15, -7.5]
				},
				"arm_claw_middle_right": {
					"rotation": [0, -12.5, -5]
				},
				"arm_claw_back_right": {
					"rotation": [0, -5, 0]
				},
				"arm_left": {
					"rotation": [-27.5, -10, 0],
					"position": [-0.4, 0, 0]
				},
				"arm_left2": {
					"rotation": [128, 65.5, "216-math.sin(q.anim_time*90*1)*0.85"],
					"position": [0.5, -1.25, -1.25],
					"scale": [1.1, 1, 1]
				},
				"arm_claw_front_left": {
					"rotation": [0, 0, -23],
					"position": [-0.68, -0.1, 0]
				},
				"arm_claw_middle_left": {
					"rotation": [0, -5, -22],
					"position": [-0.64, -0.1, 0]
				},
				"arm_claw_back_left": {
					"rotation": [0, -10, -20],
					"position": [-0.6, -0.1, 0]
				},
				"leg_right": {
					"rotation": [-27.5, 42.5, 0],
					"position": [0.1, -0.2, 0]
				},
				"leg_right2": {
					"rotation": [80, 0, 0]
				},
				"foot_right": {
					"rotation": [16, 7.5, -16.5]
				},
				"leg_left": {
					"rotation": [-28, 34, -1],
					"position": [0, 0, -1]
				},
				"leg_left2": {
					"rotation": [5, 0, 0]
				},
				"foot_left": {
					"rotation": ["37.5-math.sin(q.anim_time*90*2-60)*1", 0, 0],
					"position": [0, 0, -0.2]
				},
				"tail_bottom": {
					"rotation": [0, "-math.sin(q.anim_time*90*1-90)*1.2", 0]
				},
				"tail_top": {
					"rotation": [0, "-math.sin(q.anim_time*90*1-120)*1.2", 0]
				},
				"collar": {
					"rotation": [2.5, 0, -5]
				},
				"collar_right": {
					"rotation": [0, 0, 3]
				},
				"eye_right": {
					"position": [0.1, 0, 0.1]
				},
				"eye_left": {
					"position": [-0.1, 0, 0.1]
				}
			}
		},
		"animation.weavile.battle_sleep": {
			"loop": true,
			"bones": {
				"body": {
					"position": [0, -5.8, 0]
				},
				"torso": {
					"rotation": ["-15+math.sin(q.anim_time*90*1+60)*0.25", 0, 2.5]
				},
				"tail": {
					"rotation": [30, 0, 0]
				},
				"tail_bottom": {
					"rotation": [0, "-2.5-math.sin(q.anim_time*90*1-90)*2", 0]
				},
				"tail_top": {
					"rotation": [-20, "2.5-math.sin(q.anim_time*90*1-90)*2", 0]
				},
				"torso2": {
					"rotation": ["25+math.sin(q.anim_time*90*1+30)*0.25", 0, 0],
					"position": [0, -0.3, 0]
				},
				"head": {
					"rotation": ["5+math.sin(q.anim_time*90*1)*1", 0, "-5+math.sin(q.anim_time*90*1)*0.25"]
				},
				"ear_right": {
					"rotation": [0, 15, "-15+math.sin(q.anim_time*90*1-60)*0.8"]
				},
				"ear_left": {
					"rotation": [0, -15, "15-math.sin(q.anim_time*90*1-60)*0.8"]
				},
				"pupil_right": {
					"position": [0, 0, 0.1]
				},
				"eyelid_right": {
					"position": [-0.1, 0, -0.1]
				},
				"pupil_left": {
					"position": [0, 0, 0.1]
				},
				"eyelid_left": {
					"position": [0.1, 0, -0.1]
				},
				"arm_right": {
					"rotation": ["27.5-math.sin(q.anim_time*90*1+60)*0.5", -35, -60],
					"position": [0, -0.7, 0]
				},
				"arm_right2": {
					"rotation": [-2, "-60-math.sin(q.anim_time*90*1+60)*0.5", 10]
				},
				"arm_claw_middle_right": {
					"rotation": [0, 0, 5],
					"position": [0.2, 0, 0]
				},
				"arm_claw_back_right": {
					"rotation": [0, 0, 10],
					"position": [0.3, 0, 0]
				},
				"arm_left": {
					"rotation": ["-12.5-math.sin(q.anim_time*90*1+60)*0.5", "2.5+math.sin(q.anim_time*90*1+60)*0.25", 50],
					"position": [0, -0.8, 0]
				},
				"arm_left2": {
					"rotation": [0, 0, -15],
					"position": [-0.3, -0.1, 0]
				},
				"arm_claw_front_left": {
					"rotation": [0, 0, -50],
					"position": [-1.3, -0.6, 0]
				},
				"arm_claw_middle_left": {
					"rotation": [0, 0, -50],
					"position": [-1.3, -0.6, 0]
				},
				"arm_claw_back_left": {
					"rotation": [0, 0, -50],
					"position": [-1.3, -0.6, 0]
				},
				"legs": {
					"position": [0, 0.2, 0]
				},
				"leg_right": {
					"rotation": [-97.5, 40, 0],
					"position": [0, 0, -0.5]
				},
				"leg_right2": {
					"rotation": [7.5, 0, 0]
				},
				"foot_right": {
					"rotation": ["25+math.sin(q.anim_time*90*1-60)*0.8", 10, 0]
				},
				"leg_left": {
					"rotation": [-117.5, -25, -7.5],
					"position": [0.4, 0.6, -1.5]
				},
				"leg_left2": {
					"rotation": [75, 0, 0]
				},
				"foot_left": {
					"rotation": [45, -10, 0]
				},
				"locator_target": {
					"position": [0, 1.5, -1.5]
				},
				"eye_right": {
					"position": [0.1, 0, 0.1]
				},
				"eye_left": {
					"position": [-0.1, 0, 0.1]
				}
			}
		},
		"animation.weavile.blink": {
			"animation_length": 0.1667,
			"bones": {
				"eyelid_right": {
					"position": {
						"0.0": [-0.1, 0, -0.1],
						"0.125": [-0.1, 0, -0.1],
						"0.1667": {"pre": [-0.1, 0, -0.1], "post": [0, 0, 0]}
					}
				},
				"eyelid_left": {
					"position": {
						"0.0": [0.1, 0, -0.1],
						"0.125": [0.1, 0, -0.1],
						"0.1667": {"pre": [0.1, 0, -0.1], "post": [0, 0, 0]}
					}
				},
				"eye_right": {
					"position": {
						"0.0": [0.1, 0, 0.1],
						"0.125": [0.1, 0, 0.1],
						"0.1667": {"pre": [0.1, 0, 0.1], "post": [0, 0, 0]}
					}
				},
				"eye_left": {
					"position": {
						"0.0": [-0.1, 0, 0.1],
						"0.125": [-0.1, 0, 0.1],
						"0.1667": {"pre": [-0.1, 0, 0.1], "post": [0, 0, 0]}
					}
				}
			}
		},
		"animation.weavile.cry": {
			"animation_length": 1,
			"bones": {
				"head_angle": {
					"rotation": {
						"0.0417": [0, 0, 0],
						"0.0833": [1.5, 0, 0],
						"0.2083": {
							"pre": [-2.8, 0, 0],
							"post": [-2.8, 0, 0],
							"lerp_mode": "catmullrom"
						},
						"0.4167": {
							"post": [1, 0, 0],
							"lerp_mode": "catmullrom"
						},
						"0.5": {
							"post": [0, 0, 0],
							"lerp_mode": "catmullrom"
						},
						"0.5417": {
							"post": [0.6, 0, 0],
							"lerp_mode": "catmullrom"
						},
						"0.625": {
							"post": [0, 0, 0],
							"lerp_mode": "catmullrom"
						},
						"0.7083": {
							"post": [0.3, 0, 0],
							"lerp_mode": "catmullrom"
						},
						"0.8333": [0, 0, 0]
					}
				},
				"fang_closed": {
					"position": {
						"0.0417": [0, 0, 0],
						"0.0833": {"pre": [0, 0, 0], "post": [0, 0.5, 1.2]},
						"0.4167": {"pre": [0, 0.5, 1.2], "post": [0, 0, 0]}
					}
				},
				"jaw": {
					"position": {
						"0.0417": [0, 0, 0],
						"0.0833": {"pre": [0, 0, 0], "post": [0, 0.1, 1.1]},
						"0.4167": {"pre": [0, 0.1, 1.1], "post": [0, 0, 0]}
					}
				},
				"torso": {
					"rotation": {
						"0.0417": [0, 0, 0],
						"0.0833": {
							"pre": [0.5, 0, 0],
							"post": [0.5, 0, 0],
							"lerp_mode": "catmullrom"
						},
						"0.2917": {
							"post": [-0.1, 0, 0],
							"lerp_mode": "catmullrom"
						},
						"0.5": [0, 0, 0]
					}
				},
				"mouth_open": {
					"position": {
						"0.0417": [0, 0, 0],
						"0.0833": {"pre": [0, 0, 0], "post": [0, -0.35, -0.1]},
						"0.4167": {"pre": [0, -0.35, -0.1], "post": [0, 0, 0]}
					}
				}
			},
			"sound_effects": {
				"0.0417": {
					"effect": "pokemon.weavile.cry"
				}
			}
		},
		"animation.weavile.recoil": {
			"animation_length": 1.25,
			"bones": {
				"torso": {
					"rotation": {
						"0.0": [0, 0, 0],
						"0.125": {
							"pre": [-9, 0, 0],
							"post": [-9, 0, 0],
							"lerp_mode": "catmullrom"
						},
						"0.3333": {
							"post": [-9, 0, 0],
							"lerp_mode": "catmullrom"
						},
						"0.7083": [0, 0, 0],
						"1.25": [0, 0, 0]
					}
				},
				"torso2": {
					"rotation": {
						"0.0": [0, 0, 0],
						"0.125": {
							"pre": [-6, 0, 0],
							"post": [-6, 0, 0],
							"lerp_mode": "catmullrom"
						},
						"0.3333": {
							"post": [-6, 0, 0],
							"lerp_mode": "catmullrom"
						},
						"0.7917": [0, 0, 0],
						"1.25": [0, 0, 0]
					}
				},
				"head": {
					"rotation": {
						"0.0": [0, 0, 0],
						"0.0417": {
							"pre": [8, -4.07, 1.03],
							"post": [8, -4.07, 1.03],
							"lerp_mode": "catmullrom"
						},
						"0.2083": {
							"post": [-9, -10, 2.5],
							"lerp_mode": "catmullrom"
						},
						"0.4583": {
							"post": [-9, -10.7, 2.5],
							"lerp_mode": "catmullrom"
						},
						"0.7083": {
							"post": [-0.31, 4.67, 1.11],
							"lerp_mode": "catmullrom"
						},
						"0.9167": {
							"post": [0.69, -3.63, -0.19],
							"lerp_mode": "catmullrom"
						},
						"1.0833": {
							"post": [0.25, -0.92, -0.12],
							"lerp_mode": "catmullrom"
						},
						"1.25": [0, 0, 0]
					}
				},
				"ear_right": {
					"rotation": {
						"0.0": [0, 0, 0],
						"0.2083": {
							"pre": [0, -5, 0],
							"post": [0, -5, 0],
							"lerp_mode": "catmullrom"
						},
						"0.4583": {
							"post": [0, 8, 0],
							"lerp_mode": "catmullrom"
						},
						"0.875": [0, 0, 0]
					}
				},
				"ear_left": {
					"rotation": {
						"0.0": [0, 0, 0],
						"0.2083": {
							"pre": [0, 5, 0],
							"post": [0, 5, 0],
							"lerp_mode": "catmullrom"
						},
						"0.4583": {
							"post": [0, -8, 0],
							"lerp_mode": "catmullrom"
						},
						"0.875": [0, 0, 0]
					}
				},
				"pupil_right": {
					"position": {
						"0.0": [0, 0, 0.1],
						"1.2083": {"pre": [0, 0, 0.1], "post": [0, 0, 0]}
					}
				},
				"eyelid_right": {
					"position": {
						"0.0": [-0.1, 0, -0.1],
						"1.2083": {"pre": [-0.1, 0, -0.1], "post": [0, 0, 0]}
					}
				},
				"eyelid_right_emote": {
					"position": {
						"0.0": [0, 1, 0],
						"0.5833": {"pre": [0, 1, 0], "post": [0, 0, 0]},
						"1.2083": {"pre": [0, 0, 0], "post": [0, 0, 0]}
					}
				},
				"pupil_left": {
					"position": {
						"0.0": [0, 0, 0.1],
						"1.2083": {"pre": [0, 0, 0.1], "post": [0, 0, 0]}
					}
				},
				"eyelid_left": {
					"position": {
						"0.0": [0.1, 0, -0.1],
						"1.2083": {"pre": [0.1, 0, -0.1], "post": [0, 0, 0]}
					}
				},
				"eyelid_left_emote": {
					"position": {
						"0.0": [0, 1, 0],
						"0.5833": {"pre": [0, 1, 0], "post": [0, 0, 0]},
						"1.2083": {"pre": [0, 0, 0], "post": [0, 0, 0]}
					}
				},
				"arm_right": {
					"rotation": {
						"0.0": [0, 0, 0],
						"0.0833": {
							"pre": [-12, 20, 12],
							"post": [-12, 20, 12],
							"lerp_mode": "catmullrom"
						},
						"0.375": {
							"post": [-12, 20, 12],
							"lerp_mode": "catmullrom"
						},
						"0.7917": [0, 0, 0],
						"1.25": [0, 0, 0]
					}
				},
				"arm_left": {
					"rotation": {
						"0.0": [0, 0, 0],
						"0.0833": {
							"pre": [-12, -20, -12],
							"post": [-12, -20, -12],
							"lerp_mode": "catmullrom"
						},
						"0.375": {
							"post": [-12, -20, -12],
							"lerp_mode": "catmullrom"
						},
						"0.7917": [0, 0, 0],
						"1.25": [0, 0, 0]
					}
				},
				"eye_right": {
					"position": {
						"0.0": [0.1, 0, 0.1],
						"1.2083": {"pre": [0.1, 0, 0.1], "post": [0, 0, 0]}
					}
				},
				"eye_left": {
					"position": {
						"0.0": [-0.1, 0, 0.1],
						"1.2083": {"pre": [-0.1, 0, 0.1], "post": [0, 0, 0]}
					}
				}
			}
		},
		"animation.weavile.item_hold": {
			"loop": true,
			"bones": {
				"arm_claw_back_right": {
					"rotation": [0, 0, -35]
				},
				"arm_claw_middle_right": {
					"rotation": [0, 0, -35]
				},
				"arm_claw_front_right": {
					"rotation": [0, 0, -35]
				},
				"arm_right": {
					"rotation": [0, 0, 2.5]
				}
			}
		}
	}
}