{
	"format_version": "1.8.0",
	"animations": {
		"animation.stunfisk.ground_idle": {
			"loop": true,
			"bones": {
				"body": {
					"rotation": [0, 0, "4*Math.cos((query.anim_time-0.75) * 90 * 1) *0.5"]
				},
				"fin_left": {
					"rotation": [0, 0, "8*Math.cos((query.anim_time-0) * 90 * 2) *0.5"]
				},
				"fin_right": {
					"rotation": [0, 0, "-8*Math.cos((query.anim_time-0) * 90 * 2) *0.5"]
				},
				"tail": {
					"rotation": ["32.5+8*Math.cos((query.anim_time-0.5) * 90 * 2) *0.5", 0, 0]
				},
				"tail_end": {
					"rotation": ["15+4*Math.cos((query.anim_time-0.75) * 90 * 2) *0.5", 0, 0]
				},
				"waist": {
					"rotation": ["4*Math.cos((query.anim_time-0.25) * 90 * 2) *0.5", 0, 0]
				}
			}
		},
		"animation.stunfisk.blink": {
			"animation_length": 0.1667,
			"bones": {
				"eyelid_right": {
					"position": {
						"0.0": [0, 0.1, 0],
						"0.1667": {
							"pre": [0, 0.1, 0],
							"post": [0, 0, 0]
						}
					}
				},
				"eyelid_left": {
					"position": {
						"0.0": [0, 0.1, 0],
						"0.1667": {
							"pre": [0, 0.1, 0],
							"post": [0, 0, 0]
						}
					}
				},
				"eye_right": {
					"position": {
						"0.0": [0, -0.1, 0],
						"0.1667": {
							"pre": [0, -0.1, 0],
							"post": [0, 0, 0]
						}
					}
				},
				"eye_left": {
					"position": {
						"0.0": [0, -0.1, 0],
						"0.1667": {
							"pre": [0, -0.1, 0],
							"post": [0, 0, 0]
						}
					}
				},
				"eyes_ditto": {
					"position": {
						"0.0": [0, -0.1, 0],
						"0.1667": {
							"pre": [0, -0.1, 0],
							"post": [0, 0, 0]
						}
					}
				},
				"eyes_blink_ditto": {
					"position": {
						"0.0": [0, 0.1, 0],
						"0.1667": {
							"pre": [0, 0.1, 0],
							"post": [0, 0, 0]
						}
					}
				}
			}
		},
		"animation.stunfisk.cry": {
			"loop": "hold_on_last_frame",
			"animation_length": 1.25,
			"bones": {
				"jaw": {
					"rotation": {
						"0.0": [0, 0, 0],
						"0.0833": [42.5, 0, 0],
						"1.1667": [42.5, 0, 0],
						"1.25": [0, 0, 0]
					}
				},
				"mouth_ditto": {
					"position": {
						"0.0": [0, 0, 0],
						"0.1667": {"pre": [0, 0, 0], "post": [0, -0.1, 0]},
						"1.0833": {"pre": [0, -0.1, 0], "post": [0, 0, 0]}
					}
				},
				"mouth_open_ditto": {
					"position": {
						"0.0": [0, 0, 0],
						"0.1667": {"pre": [0, 0, 0], "post": [0, 0.1, 0]},
						"1.0833": {"pre": [0, 0.1, 0], "post": [0, 0, 0]}
					}
				}
			},
			"sound_effects": {
				"0.0833": {
					"effect": "pokemon.stunfisk.cry"
				}
			}
		},
		"animation.stunfisk.ditto_face": {
			"loop": true,
			"bones": {
				"face_ditto": {
					"position": [0, 0.1, 0]
				},
				"face": {
					"position": [0, -0.1, 0],
					"scale": 0
				}
			}
		},
		"animation.stunfisk.pose": {
			"loop": true,
			"bones": {
				"pupil_right": {
					"position": [0.5, 0, 0]
				},
				"jaw": {
					"rotation": [42.5, 0, 0]
				},
				"tail": {
					"rotation": [42.5, 0, 0]
				},
				"waist": {
					"rotation": [42.53999, 7.21606, 3.23235]
				},
				"pupil_left": {
					"position": [1, 0, 0]
				},
				"tail_end": {
					"rotation": [17.5, 0, 0]
				}
			}
		}
	}
}