{
	"format_version": "1.8.0",
	"animations": {
		"animation.shellos_west.ground_idle": {
			"loop": true,
			"bones": {
				"neck": {
					"rotation": [7.5, 0, 0]
				},
				"head": {
					"rotation": [-5, 0, 0]
				},
				"leg_front_left": {
					"rotation": [-4.95392, -1.08089, -4.88206]
				},
				"leg_back_left": {
					"rotation": [7.43656, 0.9762, -7.43656]
				},
				"leg_front_right": {
					"rotation": [-4.95392, 1.08089, 4.88206]
				},
				"leg_back_right": {
					"rotation": [7.43656, -0.9762, 7.43656]
				},
				"tail": {
					"rotation": [-5, 0, 0]
				}
			}
		},
		"animation.shellos_west.blink": {
			"animation_length": 0.1667,
			"bones": {
				"eyelid_left": {
					"position": {
						"0.0": [0.1, 0, -0.1],
						"0.125": [0.1, 0, -0.1],
						"0.1667": [0, 0, 0]
					}
				},
				"eyelid_right": {
					"position": {
						"0.0": [-0.1, 0, -0.1],
						"0.125": [-0.1, 0, -0.1],
						"0.1667": [0, 0, 0]
					}
				}
			}
		},
		"animation.shellos_west.shock": {
			"loop": true,
			"bones": {
				"pupil_left": {
					"scale": [0.7, 0.7, 1]
				},
				"mouth_interior": {
					"position": [0, -0.5, 0]
				},
				"lip_bottom": {
					"rotation": [15, 0, 0],
					"position": [0, -0.5, 0]
				},
				"pupil_right": {
					"scale": [0.7, 0.7, 1]
				}
			}
		},
		"animation.shellos_west.angry": {
			"loop": true,
			"bones": {
				"eye_angry_left": {
					"position": [0.1, 0, -0.1]
				},
				"eye_angry_right": {
					"position": [-0.1, 0, -0.1]
				}
			}
		},
		"animation.shellos_west.sad": {
			"loop": true,
			"bones": {
				"eye_sad_left": {
					"position": [0.1, 0, -0.1]
				},
				"eye_sad_right": {
					"position": [-0.1, 0, -0.1]
				}
			}
		},
		"animation.shellos_west.happy": {
			"loop": true,
			"bones": {
				"eyelid_happy_left": {
					"position": [0.1, 0, -0.1]
				},
				"mouth_interior": {
					"position": [0, -0.5, 0]
				},
				"lip_bottom": {
					"rotation": [15, 0, 0],
					"position": [0, -0.5, 0]
				},
				"eyelid_happy_right": {
					"position": [-0.1, 0, -0.1]
				}
			}
		},
		"animation.shellos_west.recoil": {
			"loop": true,
			"bones": {
				"eyelid_recoil_left": {
					"position": [0.1, 0, -0.1]
				},
				"eyelid_recoil_right": {
					"position": [-0.1, 0, -0.1]
				}
			}
		},
        "animation.shellos_west.cry": {
        "animation_length": 1.25,
        "sound_effects": {
          "0.0417": {
            "effect": "pokemon.shellos.cry"
          }
        }
      }
	}
}