{
	"format_version": "1.8.0",
	"animations": {
		"animation.doublade.ground_idle": {
			"loop": true,
			"bones": {
				"body": {
					"rotation": ["-5+math.sin(q.anim_time*90*1-90)*1", 0, 0],
					"position": [0, "7+math.sin(q.anim_time*90*1)*1", -1]
				},
				"sword_left": {
					"position": [-0.35, 47.9, 0]
				},
				"eye_left": {
					"position": [0, 1, 0],
					"scale": [0.6, 0.6, 1]
				},
				"pupil_left": {
					"scale": [1.6, 1.6, 1]
				},
				"pupil_happy_left": {
					"scale": [1.6, 1.6, 1]
				},
				"arm_left": {
					"rotation": [-12.5, 0, 5]
				},
				"arm_left2": {
					"rotation": [-5, 0, 65]
				},
				"arm_left3": {
					"rotation": [-7.5, 0, 40]
				},
				"arm_left4": {
					"rotation": [9.74301, 2.3228, 32.37465]
				},
				"arm_left5": {
					"rotation": [2.74958, -0.7288, -7.46198]
				},
				"arm_left6": {
					"rotation": [-5, 0, -5]
				},
				"arm_left7": {
					"rotation": [-5, 0, -2.5]
				},
				"arm_left8": {
					"rotation": [-2.5, 0, -2.5]
				},
				"finger1_left": {
					"rotation": [-14.71975, 3.40487, 11.90804]
				},
				"finger1_2_left": {
					"rotation": [-17.35932, 2.24944, 7.15656]
				},
				"finger2_left": {
					"rotation": [-19.9299, 1.70818, 4.69986]
				},
				"finger2_2_left": {
					"rotation": [-9.99527, 0.21782, 2.4905]
				},
				"finger3_left": {
					"rotation": [-25, 0, 0]
				},
				"finger3_2_left": {
					"rotation": [-9.99067, -0.43399, -2.46207]
				},
				"finger4_left": {
					"rotation": [-30, 0, 0]
				},
				"finger4_2_left": {
					"rotation": [-27.5, 0, 0]
				},
				"blade_left": {
					"position": [0, 1, 0]
				},
				"sword_right": {
					"position": [0.35, 47.9, 0]
				},
				"eye_right": {
					"position": [0, 1, 0],
					"scale": [0.6, 0.6, 1]
				},
				"pupil_right": {
					"scale": [1.6, 1.6, 1]
				},
				"pupil_happy_right": {
					"scale": [1.6, 1.6, 1]
				},
				"arm_right": {
					"rotation": [-12.5, 0, -5]
				},
				"arm_right2": {
					"rotation": [-5, 0, -65]
				},
				"arm_right3": {
					"rotation": [-7.5, 0, -40]
				},
				"arm_right4": {
					"rotation": [9.74301, -2.3228, -32.37465]
				},
				"arm_right5": {
					"rotation": [2.74958, 0.7288, 7.46198]
				},
				"arm_right6": {
					"rotation": [-5, 0, 5]
				},
				"arm_right7": {
					"rotation": [-5, 0, 2.5]
				},
				"arm_right8": {
					"rotation": [-2.5, 0, 2.5]
				},
				"finger1_right": {
					"rotation": [-14.71975, -3.40487, -11.90804]
				},
				"finger1_2_right": {
					"rotation": [-17.35932, -2.24944, -7.15656]
				},
				"finger2_right": {
					"rotation": [-19.9299, -1.70818, -4.69986]
				},
				"finger2_2_right": {
					"rotation": [-9.99527, -0.21782, -2.4905]
				},
				"finger3_right": {
					"rotation": [-25, 0, 0]
				},
				"finger3_2_right": {
					"rotation": [-9.99067, 0.43399, 2.46207]
				},
				"finger4_right": {
					"rotation": [-30, 0, 0]
				},
				"finger4_2_right": {
					"rotation": [-27.5, 0, 0]
				},
				"blade_right": {
					"position": [0, 1, 0]
				},
				"shealth_face_left": {
					"position": [0, 7, 0]
				},
				"shealth_face_right": {
					"position": [0, 7, 0]
				}
			}
		},
		"animation.doublade.ground_walk": {
			"loop": true,
			"bones": {
				"body": {
					"rotation": ["25+math.sin(q.anim_time*90*2-90)*1", 0, 0],
					"position": [0, "6+math.sin(q.anim_time*90*2-90)*0.5 ", "math.sin(q.anim_time*90*2)*1"]
				},
				"sword_left": {
					"position": [-0.35, 47.9, 0]
				},
				"eye_left": {
					"position": [0, 1, 0],
					"scale": [0.6, 0.6, 1]
				},
				"pupil_left": {
					"scale": [1.6, 1.6, 1]
				},
				"pupil_happy_left": {
					"scale": [1.6, 1.6, 1]
				},
				"arm_left": {
					"rotation": [-20, 0, 5]
				},
				"arm_left2": {
					"rotation": [-15.0547, -4.82922, 66.29717]
				},
				"arm_left3": {
					"rotation": [-19.8423, -2.55868, 32.94761]
				},
				"arm_left4": {
					"rotation": [1.80509, -2.32058, 22.21389]
				},
				"arm_left5": {
					"rotation": [-4.73686, -5.72303, -7.70273]
				},
				"arm_left6": {
					"rotation": [-10, 0, -5]
				},
				"arm_left7": {
					"rotation": [5, 0, -2.5]
				},
				"arm_left8": {
					"rotation": [2.5, 0, -2.5]
				},
				"finger1_left": {
					"rotation": [-2.21975, 3.40487, 11.90804]
				},
				"finger1_2_left": {
					"rotation": [-17.35932, 2.24944, 7.15656]
				},
				"finger2_left": {
					"rotation": [-9.9299, 1.70818, 4.69986]
				},
				"finger2_2_left": {
					"rotation": [-9.99527, 0.21782, 2.4905]
				},
				"finger3_left": {
					"rotation": [-15, 0, 0]
				},
				"finger3_2_left": {
					"rotation": [-9.99067, -0.43399, -2.46207]
				},
				"finger4_left": {
					"rotation": [-10, 0, 0]
				},
				"finger4_2_left": {
					"rotation": [-12.5, 0, 0]
				},
				"blade_left": {
					"position": [0, 1, 0]
				},
				"sword_right": {
					"position": [0.35, 47.9, 0]
				},
				"eye_right": {
					"position": [0, 1, 0],
					"scale": [0.6, 0.6, 1]
				},
				"pupil_right": {
					"scale": [1.6, 1.6, 1]
				},
				"pupil_happy_right": {
					"scale": [1.6, 1.6, 1]
				},
				"arm_right": {
					"rotation": [-20, 0, -5]
				},
				"arm_right2": {
					"rotation": [-15.0547, 4.82922, -66.29717]
				},
				"arm_right3": {
					"rotation": [-19.8423, 2.55868, -32.94761]
				},
				"arm_right4": {
					"rotation": [1.80509, 2.32058, -22.21389]
				},
				"arm_right5": {
					"rotation": [-4.73686, 5.72303, 7.70273]
				},
				"arm_right6": {
					"rotation": [-10, 0, 5]
				},
				"arm_right7": {
					"rotation": [5, 0, 2.5]
				},
				"arm_right8": {
					"rotation": [2.5, 0, 2.5]
				},
				"finger1_right": {
					"rotation": [-2.21975, -3.40487, -11.90804]
				},
				"finger1_2_right": {
					"rotation": [-17.35932, -2.24944, -7.15656]
				},
				"finger2_right": {
					"rotation": [-9.9299, -1.70818, -4.69986]
				},
				"finger2_2_right": {
					"rotation": [-9.99527, -0.21782, -2.4905]
				},
				"finger3_right": {
					"rotation": [-15, 0, 0]
				},
				"finger3_2_right": {
					"rotation": [-9.99067, 0.43399, 2.46207]
				},
				"finger4_right": {
					"rotation": [-10, 0, 0]
				},
				"finger4_2_right": {
					"rotation": [-12.5, 0, 0]
				},
				"blade_right": {
					"position": [0, 1, 0]
				},
				"shealth_face_left": {
					"position": [0, 7, 0]
				},
				"shealth_face_right": {
					"position": [0, 7, 0]
				}
			}
		},
		"animation.doublade.battle_idle": {
			"loop": true,
			"bones": {
				"body": {
					"rotation": ["-5+math.sin(q.anim_time*90*1-90)*1", 0, 0],
					"position": [0, "5+math.sin(q.anim_time*90*1)*1", -1]
				},
				"sword_left": {
					"rotation": [-5, 0, 190],
					"position": [3, 51, -7]
				},
				"arm_left": {
					"rotation": [0, 0, -12.5]
				},
				"arm_left2": {
					"rotation": [0, 0, 0]
				},
				"arm_left3": {
					"rotation": [0, 0, 17.5]
				},
				"arm_left4": {
					"rotation": [-5, 0, 17.5]
				},
				"arm_left5": {
					"rotation": [-2.5, 0, 7.5]
				},
				"arm_left6": {
					"rotation": [4.99527, 0.21782, 2.5095]
				},
				"arm_left7": {
					"rotation": [5, 0, -5]
				},
				"arm_left8": {
					"rotation": [10, 0, 0]
				},
				"finger1_left": {
					"rotation": [12.5, 0, 7.5]
				},
				"finger1_2_left": {
					"rotation": [10, 0, 0]
				},
				"finger2_left": {
					"rotation": [4.99527, -0.21782, 2.4905]
				},
				"finger2_2_left": {
					"rotation": [7.5, 0, 0]
				},
				"finger3_left": {
					"rotation": [2.4905, 0.21782, -4.99527]
				},
				"finger3_2_left": {
					"rotation": [7.5, 0, 0]
				},
				"finger4_left": {
					"rotation": [7.5, 0, -12.5]
				},
				"finger4_2_left": {
					"rotation": [7.5, 0, 0]
				},
				"sword_right": {
					"rotation": [-5, 0, -190],
					"position": [-3, 51, -9]
				},
				"arm_right": {
					"rotation": [-7.5, 0, 2.5]
				},
				"arm_right2": {
					"rotation": [0, 0, -2.5]
				},
				"arm_right3": {
					"rotation": [0, 0, -5]
				},
				"arm_right4": {
					"rotation": [-1.60173, 6.70353, -6.48795]
				},
				"arm_right5": {
					"rotation": [-42.50238, 2.49762, -12.60912]
				},
				"arm_right6": {
					"rotation": [-74.87647, 7.24305, -5.54845]
				},
				"arm_right7": {
					"rotation": [-52.5, 0, 0]
				},
				"finger1_right": {
					"rotation": [-12.5, 0, 0]
				},
				"finger1_2_right": {
					"rotation": [-82.5, 0, 0]
				},
				"finger2_right": {
					"rotation": [-7.5, 0, 0]
				},
				"finger2_2_right": {
					"rotation": [-95, 0, 0]
				},
				"finger3_right": {
					"rotation": [-7.5, 0, 0]
				},
				"finger3_2_right": {
					"rotation": [-107.5, 0, 0]
				},
				"finger4_right": {
					"rotation": [-10, 0, 0]
				},
				"finger4_2_right": {
					"rotation": [-110, 0, 0]
				}
			}
		},
		"animation.doublade.blink": {
			"animation_length": 0.1667,
			"bones": {
				"eyelid_left": {
					"position": {
						"0.0": [0, 0, -1],
						"0.125": [0, 0, -1],
						"0.1667": [0, 0, 0]
					}
				},
				"eyelid_right": {
					"position": {
						"0.0": [0, 0, -1],
						"0.125": [0, 0, -1],
						"0.1667": [0, 0, 0]
					}
				}
			}
		},
		"animation.doublade.shock": {
			"loop": true,
			"bones": {
				"pupil_left": {
					"scale": [0.6, 0.3, 1]
				},
				"pupil_right": {
					"scale": [0.6, 0.3, 1]
				}
			}
		},
		"animation.doublade.angry": {
			"loop": true,
			"bones": {
				"eye_angry_left": {
					"position": [0, 0, -1]
				},
				"eye_angry_right": {
					"position": [0, 0, -1]
				}
			}
		},
		"animation.doublade.sad": {
			"loop": true,
			"bones": {
				"eye_sad_left": {
					"position": [0, 0, -1]
				},
				"eye_sad_right": {
					"position": [0, 0, -1]
				}
			}
		},
		"animation.doublade.unamused": {
			"loop": true,
			"bones": {
				"eye_unamused_left": {
					"position": [0, 0, -1]
				},
				"eye_unamused_right": {
					"position": [0, 0, -1]
				}
			}
		},
		"animation.doublade.happy": {
			"loop": true,
			"bones": {
				"pupil_left": {
					"position": [0, 0, 0.1]
				},
				"pupil_happy_left": {
					"position": [0, 0, -0.1]
				},
				"pupil_right": {
					"position": [0, 0, 0.1]
				},
				"pupil_happy_right": {
					"position": [0, 0, -0.1]
				}
			}
		},
		"animation.doublade.hurt": {
			"loop": true,
			"bones": {
				"eyelid_recoil_left": {
					"position": [0, 0, -1]
				},
				"eyelid_recoil_right": {
					"position": [0, 0, -1]
				}
			}
		},
		"animation.doublade.render": {
			"loop": true,
			"bones": {
				"body": {
					"rotation": [-17.18048, -21.87058, 16.20369],
					"position": [0, 5, -1]
				},
				"sword_left": {
					"rotation": [-47.06312, 4.98093, 285.019],
					"position": [-9, 31, -10]
				},
				"arm_left": {
					"rotation": [-15, 0, 15]
				},
				"arm_left2": {
					"rotation": [2.21783, -1.15408, 27.47766]
				},
				"arm_left3": {
					"rotation": [-7.61435, -9.91358, 38.81845]
				},
				"arm_left4": {
					"rotation": [-12.51589, -5.53369, 11.11053]
				},
				"arm_left5": {
					"rotation": [5.04292, -7.4713, 6.8426]
				},
				"arm_left6": {
					"rotation": [4.99527, 0.21782, 2.5095]
				},
				"arm_left7": {
					"rotation": [5, 0, -5]
				},
				"arm_left8": {
					"rotation": [10, 0, 0]
				},
				"finger1_left": {
					"rotation": [-5, 0, 7.5]
				},
				"finger1_2_left": {
					"rotation": [10, 0, 0]
				},
				"finger2_left": {
					"rotation": [4.99527, -0.21782, 2.4905]
				},
				"finger2_2_left": {
					"rotation": [7.5, 0, 0]
				},
				"finger3_left": {
					"rotation": [19.9905, 0.21782, -4.99527]
				},
				"finger3_2_left": {
					"rotation": [7.5, 0, 0]
				},
				"finger4_left": {
					"rotation": [30, 0, -12.5]
				},
				"finger4_2_left": {
					"rotation": [22.5, 0, 0]
				},
				"sword_right": {
					"rotation": [-0.65426, 4.95712, -107.52832],
					"position": [8, 43.5, -8]
				},
				"arm_right": {
					"rotation": [-6.80423, -3.1622, -22.31197]
				},
				"arm_right2": {
					"rotation": [0, 0, -47.5]
				},
				"arm_right3": {
					"rotation": [-10, 0, -22.5]
				},
				"arm_right4": {
					"rotation": [-1.60173, 6.70353, -6.48795]
				},
				"arm_right5": {
					"rotation": [-44.29005, 6.27564, -3.32128]
				},
				"arm_right6": {
					"rotation": [-79.81079, 9.70389, -5.10278]
				},
				"arm_right7": {
					"rotation": [-42.5, 0, 0]
				},
				"finger1_right": {
					"rotation": [-12.5, 0, 0]
				},
				"finger1_2_right": {
					"rotation": [-82.5, 0, 0]
				},
				"finger2_right": {
					"rotation": [-7.5, 0, 0]
				},
				"finger2_2_right": {
					"rotation": [-95, 0, 0]
				},
				"finger3_right": {
					"rotation": [-7.5, 0, 0]
				},
				"finger3_2_right": {
					"rotation": [-107.5, 0, 0]
				},
				"finger4_right": {
					"rotation": [-10, 0, 0]
				},
				"finger4_2_right": {
					"rotation": [-110, 0, 0]
				}
			}
		}
	}
}