{
	"format_version": "1.8.0",
	"animations": {
		"animation.klinklang.ground_idle": {
			"loop": true,
			"bones": {
				"main_gear": {
					"rotation": [0, 0, "22.5-math.mod(q.anim_time*0.5, 1)*360"]
				},
				"gear2": {
					"rotation": [0, 0, "-22.5+math.mod(q.anim_time*0.5, 1)*360"]
				},
				"lower_gear": {
					"rotation": [0, "-22.2692+math.mod(q.anim_time*0.5, 1)*360", "-8-1*math.sin(q.anim_time*90*1+180) "]
				},
				"body": {
					"rotation": [0, 0, "5*math.sin(q.anim_time*90*1+180+50)"],
					"position": [0, "0.5+1.3*math.sin(q.anim_time*90*1+180)", 0]
				},
				"gear_ring": {
					"rotation": [0, 0, 0]
				},
				"gear4_powered": {
					"scale": 0
				}
			}
		},
		"animation.klinklang.battle_idle": {
			"loop": true,
			"bones": {
				"main_gear": {
					"rotation": [0, 0, "22.5-math.mod(q.anim_time*0.6, 1)*360"]
				},
				"gear2": {
					"rotation": [0, 0, "-22.5+math.mod(q.anim_time*0.6, 1)*360"]
				},
				"lower_gear": {
					"rotation": [0, "-22.2692+math.mod(q.anim_time*0.6, 1)*360", "-8-3*math.sin(q.anim_time*90*2+180) "]
				},
				"body": {
					"rotation": ["5+4*math.sin(q.anim_time*90*1)", 0, "7*math.sin(q.anim_time*90*2+180+50)"],
					"position": [0, "2.5+1.2*math.sin(q.anim_time*90*2+180)", 0]
				},
				"gear_ring": {
					"rotation": [0, 0, 0]
				},
				"lower_gear_rotation": {
					"rotation": [12.5, 0, 0],
					"position": [0, -1.5, 0]
				},
				"gear4_powered": {
					"scale": 0
				}
			}
		},
		"animation.klinklang.ground_walk": {
			"loop": true,
			"bones": {
				"main_gear": {
					"rotation": [0, 0, "22.5-math.mod(q.anim_time*0.6, 1)*360"]
				},
				"gear2": {
					"rotation": [0, 0, "-22.5+math.mod(q.anim_time*0.6, 1)*360"]
				},
				"lower_gear": {
					"rotation": [0, "-22.2692+math.mod(q.anim_time*0.6, 1)*360", "-8-3*math.sin(q.anim_time*90*2+180) "]
				},
				"body": {
					"rotation": [10, 0, "0+5*math.sin(q.anim_time*90*2+180+50)"],
					"position": [0, "0.5+1.5*math.sin(q.anim_time*90*2+180)", "0.1*math.sin(q.anim_time*90*6+180)"]
				},
				"gear_ring": {
					"rotation": [0, 0, 0]
				},
				"gear4_powered": {
					"scale": 0
				}
			}
		},
		"animation.klinklang.ground_run": {
			"loop": true,
			"bones": {
				"main_gear": {
					"rotation": [0, 0, "22.5-math.mod(q.anim_time*0.8, 1)*360"]
				},
				"gear2": {
					"rotation": [0, 0, "-22.5+math.mod(q.anim_time*0.8, 1)*360"]
				},
				"lower_gear": {
					"rotation": [0, "-22.2692+math.mod(q.anim_time*1, 1)*360", "-3-1*math.sin(q.anim_time*90*4+180) "]
				},
				"body": {
					"rotation": [20, 0, "5*math.sin(q.anim_time*90*4+180+50)*0.5"],
					"position": [0, "0.5+0.4*math.sin(q.anim_time*90*4+180)", "0.1*math.sin(q.anim_time*90*4+90)*1.5"]
				},
				"gear_ring": {
					"rotation": [0, 0, 0]
				},
				"gear4_powered": {
					"scale": 0
				}
			}
		},
		"animation.klinklang.mount_walk": {
			"loop": true,
			"bones": {
				"main_gear": {
					"rotation": [0, 0, "22.5-math.mod(q.anim_time*0.6, 1)*360"]
				},
				"gear2": {
					"rotation": [0, 0, "-22.5+math.mod(q.anim_time*0.6, 1)*360"],
					"position": [0, 0, 0]
				},
				"lower_gear": {
					"rotation": [0, "-22.2692+math.mod(q.anim_time*0.6, 1)*360", 0]
				},
				"body": {
					"rotation": [5, 0, "5*math.sin(q.anim_time*90*2+180+30)*0.3 "],
					"position": [0, "0.5+1.5*math.sin(q.anim_time*90*2+180)", "0.1*math.sin(q.anim_time*90*6+180)"]
				},
				"gear_ring": {
					"rotation": [0, 0, 0]
				},
				"gear4_powered": {
					"scale": 0
				}
			}
		},
		"animation.klinklang.mount_run": {
			"loop": true,
			"bones": {
				"main_gear": {
					"rotation": [0, 0, "22.5-math.mod(q.anim_time*0.8, 1)*360"]
				},
				"gear2": {
					"rotation": [0, 0, "-22.5+math.mod(q.anim_time*0.8, 1)*360"]
				},
				"lower_gear": {
					"rotation": [0, "-22.2692+math.mod(q.anim_time*1, 1)*360", "-0.5*math.sin(q.anim_time*90*4+180) "]
				},
				"body": {
					"rotation": [7, 0, "5*math.sin(q.anim_time*90*4+180+50)*0.1"],
					"position": [0, "0.5+0.4*math.sin(q.anim_time*90*4+180)", "0.1*math.sin(q.anim_time*90*4+90)*1.5"]
				},
				"gear_ring": {
					"rotation": [0, 0, 0]
				},
				"gear4_powered": {
					"scale": 0
				}
			}
		},
		"animation.klinklang.idle_quirk": {
			"animation_length": 2.25,
			"bones": {
				"main_gear": {
					"rotation": {
						"0.0": [0, 0, 0],
						"0.125": [0, 0, 0],
						"0.375": [0, 0, 45],
						"0.5417": [0, 0, 45],
						"0.7917": [0, 0, 90],
						"0.9583": [0, 0, 90],
						"1.2083": [0, 0, 132.5],
						"1.375": [0, 0, 132.5],
						"1.625": [0, 0, 174.7],
						"1.6667": [0, 0, "145.3+math.sin(q.anim_time*90*70)*9"],
						"1.9167": [0, 0, 53.4],
						"2.0": {
							"pre": [0, 0, 10],
							"post": [0, 0, 10],
							"lerp_mode": "catmullrom"
						},
						"2.25": [0, 0, 0]
					}
				},
				"gear2": {
					"rotation": {
						"0.0": [0, 0, 0],
						"0.125": [0, 0, 0],
						"0.375": [0, 0, -47.5],
						"0.5417": [0, 0, -47.5],
						"0.7917": [0, 0, -92.5],
						"0.9583": [0, 0, -92.5],
						"1.2083": [0, 0, -137.5],
						"1.375": [0, 0, -137.5],
						"1.625": [0, 0, -179.7],
						"1.6667": [0, 0, "-127.5- math.sin(q.anim_time*90*70)*9"],
						"1.9167": [0, 0, -36.9],
						"2.0": {
							"pre": [0, 0, -11.8],
							"post": [0, 0, -11.8],
							"lerp_mode": "catmullrom"
						},
						"2.25": [0, 0, 0]
					}
				},
				"lower_gear": {
					"rotation": {
						"0.0": [0, 0, 0],
						"0.125": [0, 0, 0],
						"0.375": [0, -45, 0],
						"0.5417": [0, -45, 0],
						"0.7917": [0, -90, 0],
						"0.9583": [0, -90, 0],
						"1.2083": [0, -135, 0],
						"1.375": [0, -135, 0],
						"1.625": [0, -179.2, 0],
						"1.6667": [0, "-120.4-math.sin(q.anim_time*90*70)*9", 0],
						"1.9167": [0, -42.9, 0],
						"2.0": {
							"pre": [0, -8, 0],
							"post": [0, -8, 0],
							"lerp_mode": "catmullrom"
						},
						"2.2083": [0, 0, 0]
					}
				}
			}
		},
		"animation.klinklang.quirk": {
			"animation_length": 2.25,
			"bones": {
				"body": {
					"rotation": {
						"0.0": {
							"post": [0, 0, 0],
							"lerp_mode": "catmullrom"
						},
						"0.375": {
							"post": [0, 0, -17.5],
							"lerp_mode": "catmullrom"
						},
						"0.6667": {
							"post": [0, 0, 34.6],
							"lerp_mode": "catmullrom"
						},
						"0.9583": {
							"post": [0, 0, 36.9],
							"lerp_mode": "catmullrom"
						},
						"1.125": {
							"post": [0, 0, -13.4],
							"lerp_mode": "catmullrom"
						},
						"1.3333": {
							"post": [0, 0, -13.4],
							"lerp_mode": "catmullrom"
						},
						"1.6667": {
							"post": [0, 0, -1],
							"lerp_mode": "catmullrom"
						},
						"2.0417": {
							"post": [0, 0, 0],
							"lerp_mode": "catmullrom"
						},
						"2.25": {
							"post": [0, 0, 0],
							"lerp_mode": "catmullrom"
						}
					},
					"position": {
						"0.0": {
							"post": [0, 0, 0],
							"lerp_mode": "catmullrom"
						},
						"0.25": {
							"post": [-2, 0, 0],
							"lerp_mode": "catmullrom"
						},
						"0.4167": {
							"post": [0, 0, 0],
							"lerp_mode": "catmullrom"
						},
						"0.7083": {
							"post": [3.13, 3.4, 0],
							"lerp_mode": "catmullrom"
						},
						"0.9583": {
							"post": [4.13, 0, 0],
							"lerp_mode": "catmullrom"
						},
						"1.25": {
							"post": [-2, 3.4, 0],
							"lerp_mode": "catmullrom"
						},
						"1.625": {
							"post": [-0.5, 0.1, 0],
							"lerp_mode": "catmullrom"
						},
						"1.875": {
							"post": [-0.2, 0, 0],
							"lerp_mode": "catmullrom"
						},
						"2.25": {
							"post": [0, 0, 0],
							"lerp_mode": "catmullrom"
						}
					}
				},
				"main_gear": {
					"rotation": {
						"0.0": [0, 0, 0],
						"0.4167": [0, 0, 0],
						"0.6667": {
							"pre": [0, 0, 250],
							"post": [0, 0, 250],
							"lerp_mode": "catmullrom"
						},
						"1.0": {
							"post": [0, 0, 300.5],
							"lerp_mode": "catmullrom"
						},
						"1.1667": {
							"post": [0, 0, 71.7],
							"lerp_mode": "catmullrom"
						},
						"1.4167": {
							"post": [0, 0, -65.3],
							"lerp_mode": "catmullrom"
						},
						"1.7083": {
							"post": [0, 0, -29],
							"lerp_mode": "catmullrom"
						},
						"2.0": {
							"post": [0, 0, 0],
							"lerp_mode": "catmullrom"
						},
						"2.25": [0, 0, 0]
					}
				},
				"gear2": {
					"rotation": {
						"0.0": {
							"post": [0, 0, 0],
							"lerp_mode": "catmullrom"
						},
						"0.25": [0.0447, -0.14694, -23.50242],
						"0.4167": [0, 0, -22.5],
						"0.7917": {
							"pre": [0, 0, 172.1],
							"post": [0, 0, 172.1],
							"lerp_mode": "catmullrom"
						},
						"0.9583": [0, 0, 190.5],
						"1.0417": [0, 0, 190.5],
						"1.1667": {
							"pre": [0, 0, 53.4],
							"post": [0, 0, 53.4],
							"lerp_mode": "catmullrom"
						},
						"1.375": {
							"post": [0, 0, -45.4],
							"lerp_mode": "catmullrom"
						},
						"1.5833": {
							"post": [0, 0, 60.7],
							"lerp_mode": "catmullrom"
						},
						"1.75": {
							"post": [0, 0, 32.5],
							"lerp_mode": "catmullrom"
						},
						"2.0417": {
							"post": [0, 0, 0],
							"lerp_mode": "catmullrom"
						},
						"2.25": {
							"post": [0, 0, 0],
							"lerp_mode": "catmullrom"
						}
					},
					"position": {
						"0.0": {
							"post": [0, 0, 0],
							"lerp_mode": "catmullrom"
						},
						"0.2083": {
							"post": [-1, -2, 0],
							"lerp_mode": "catmullrom"
						},
						"0.3333": {
							"post": [-1, -2, 0],
							"lerp_mode": "catmullrom"
						},
						"0.4583": {
							"post": [-2, 0, 0],
							"lerp_mode": "catmullrom"
						},
						"0.5833": {
							"post": [-4, 17.3, 0],
							"lerp_mode": "catmullrom"
						},
						"0.8333": {
							"post": [-2.6, 16.3, 1.4],
							"lerp_mode": "catmullrom"
						},
						"0.9167": [8.8, 10.19, 2],
						"1.0": [8.8, 10.19, 2],
						"1.125": {
							"pre": [11.8, 13.8, 0],
							"post": [11.8, 13.8, 0],
							"lerp_mode": "catmullrom"
						},
						"1.2917": {
							"post": [6.9, 11.9, 0],
							"lerp_mode": "catmullrom"
						},
						"1.5417": {
							"post": [0.3, 2.2, 0],
							"lerp_mode": "catmullrom"
						},
						"1.6667": {
							"post": [0, 0, 0],
							"lerp_mode": "catmullrom"
						},
						"2.25": {
							"post": [0, 0, 0],
							"lerp_mode": "catmullrom"
						}
					}
				},
				"lower_gear": {
					"rotation": {
						"0.0": [0, 0, 0],
						"0.4167": [0, 0, 0],
						"0.6667": {
							"pre": [0, -250, 0],
							"post": [0, -250, 0],
							"lerp_mode": "catmullrom"
						},
						"1.0": {
							"post": [0, -300.5, 0],
							"lerp_mode": "catmullrom"
						},
						"1.1667": {
							"post": [0, -71.7, 0],
							"lerp_mode": "catmullrom"
						},
						"1.4167": {
							"post": [0, 65.3, 0],
							"lerp_mode": "catmullrom"
						},
						"1.7083": {
							"post": [0, 29, 0],
							"lerp_mode": "catmullrom"
						},
						"2.0": {
							"post": [0, 0, 0],
							"lerp_mode": "catmullrom"
						},
						"2.25": [0, 0, 0]
					}
				}
			}
		},
		"animation.klinklang.physical": {
			"animation_length": 3,
			"bones": {
				"body": {
					"rotation": {
						"0.0": {
							"post": [0, 0, 0],
							"lerp_mode": "catmullrom"
						},
						"1.25": {
							"post": [0, 0, 0],
							"lerp_mode": "catmullrom"
						}
					},
					"position": {
						"0.0": {
							"post": [0, 0.5, 0],
							"lerp_mode": "catmullrom"
						},
						"0.3333": {
							"post": [0, 12.5, 0],
							"lerp_mode": "catmullrom"
						},
						"0.625": {
							"post": [0, 14.7, 0],
							"lerp_mode": "catmullrom"
						},
						"0.9583": {
							"post": [0, 12.5, 0],
							"lerp_mode": "catmullrom"
						},
						"1.25": [0, 4.5, 0],
						"1.7083": [0, 4.5, 0],
						"2.0833": {
							"pre": [0, 4.7, 0],
							"post": [0, 4.7, 0],
							"lerp_mode": "catmullrom"
						},
						"2.4167": {
							"post": [0, 6.7, 0],
							"lerp_mode": "catmullrom"
						},
						"2.5833": {
							"post": [0, 7.04, 0],
							"lerp_mode": "catmullrom"
						},
						"2.75": {
							"post": [0, 5.125, 0],
							"lerp_mode": "catmullrom"
						},
						"2.8333": {
							"post": [0, 3.13, 0],
							"lerp_mode": "catmullrom"
						},
						"2.9167": {
							"post": [0, 1.05, 0],
							"lerp_mode": "catmullrom"
						},
						"3.0": {
							"post": [0, 0.5, 0],
							"lerp_mode": "catmullrom"
						}
					}
				},
				"main_gear": {
					"rotation": {
						"0.0": {
							"post": [0, 0, 12.5],
							"lerp_mode": "catmullrom"
						},
						"0.1667": {
							"post": [0, 0, -0.17],
							"lerp_mode": "catmullrom"
						},
						"0.4167": {
							"post": [0, 0, -72],
							"lerp_mode": "catmullrom"
						},
						"0.8333": {
							"post": [0, 0, -67.8],
							"lerp_mode": "catmullrom"
						},
						"1.2083": {
							"post": [0, 0, 130.15395],
							"lerp_mode": "catmullrom"
						},
						"1.4167": {
							"post": [0, 0, 357.15395],
							"lerp_mode": "catmullrom"
						},
						"1.6667": {
							"post": [0, 0, 357.15395],
							"lerp_mode": "catmullrom"
						},
						"1.9583": {
							"post": [0, 0, 122.15395],
							"lerp_mode": "catmullrom"
						},
						"2.25": {
							"post": [0, 0, -144.84605],
							"lerp_mode": "catmullrom"
						},
						"2.5833": {
							"post": [0, 0, -138.84605],
							"lerp_mode": "catmullrom"
						},
						"2.7917": {
							"post": [0, 0, -11.3],
							"lerp_mode": "catmullrom"
						},
						"3.0": {
							"post": [0, 0, 12.5],
							"lerp_mode": "catmullrom"
						}
					},
					"position": {
						"0.0": {
							"post": [0, 0, 0],
							"lerp_mode": "catmullrom"
						},
						"0.1667": {
							"post": [0, 4.8, 0.2],
							"lerp_mode": "catmullrom"
						},
						"0.5417": {
							"post": [0, 7.9, -0.8],
							"lerp_mode": "catmullrom"
						},
						"0.9583": {
							"post": [0, 7.4, 8.7],
							"lerp_mode": "catmullrom"
						},
						"1.375": {
							"post": [0, 0, 13],
							"lerp_mode": "catmullrom"
						},
						"1.7083": {
							"post": [0, 0, 13],
							"lerp_mode": "catmullrom"
						},
						"2.0833": {
							"post": [0, 8, 8.7],
							"lerp_mode": "catmullrom"
						},
						"2.4583": {
							"post": [0, 8, -0.2],
							"lerp_mode": "catmullrom"
						},
						"2.8333": {
							"post": [0, 0.6, 0],
							"lerp_mode": "catmullrom"
						},
						"3.0": {
							"post": [0, 0, 0],
							"lerp_mode": "catmullrom"
						}
					}
				},
				"gear2": {
					"rotation": {
						"0.0": {
							"post": [0, 0, -10],
							"lerp_mode": "catmullrom"
						},
						"0.375": {
							"post": [3.38, -10.78, -59.1],
							"lerp_mode": "catmullrom"
						},
						"0.6667": {
							"post": [67.39545, -117.27585, -121.60035],
							"lerp_mode": "catmullrom"
						},
						"0.9583": {
							"post": [69.12036, -116.53754, -116.0213],
							"lerp_mode": "catmullrom"
						},
						"1.25": {
							"post": [-96.8411, 77.83343, 46.43535],
							"lerp_mode": "catmullrom"
						},
						"1.5": {
							"post": [0, 0, 237.3],
							"lerp_mode": "catmullrom"
						},
						"1.7917": {
							"post": [0, 0, 229.9],
							"lerp_mode": "catmullrom"
						},
						"2.0833": {
							"post": [0, 0, -84.5],
							"lerp_mode": "catmullrom"
						},
						"2.4583": {
							"post": [0, 0, 17.8],
							"lerp_mode": "catmullrom"
						},
						"3.0": {
							"post": [0, 0, -10],
							"lerp_mode": "catmullrom"
						}
					},
					"position": {
						"0.0": {
							"post": [0, 0, 0],
							"lerp_mode": "catmullrom"
						},
						"0.2083": {
							"post": [-0.79, 5.31, -0.28],
							"lerp_mode": "catmullrom"
						},
						"0.6667": {
							"post": [-8, 9.7, -8.7],
							"lerp_mode": "catmullrom"
						},
						"0.875": {
							"post": [-8.44, 13.35, -0.44],
							"lerp_mode": "catmullrom"
						},
						"1.125": {
							"post": [-8.44, 12.35, -3.04],
							"lerp_mode": "catmullrom"
						},
						"1.25": [7, -7, -46.9],
						"1.2917": [7, -7, -41.2],
						"1.375": {
							"pre": [15, 10.9, -29.6],
							"post": [15, 10.9, -29.6],
							"lerp_mode": "catmullrom"
						},
						"1.6667": {
							"post": [19.1, 13.9, -9.2],
							"lerp_mode": "catmullrom"
						},
						"1.8333": {
							"post": [15, 7.1, -0.5],
							"lerp_mode": "catmullrom"
						},
						"2.0833": {
							"post": [-8, 5.3, 0],
							"lerp_mode": "catmullrom"
						},
						"2.4167": {
							"post": [-14.3, 17.9, 0],
							"lerp_mode": "catmullrom"
						},
						"2.6667": {
							"post": [-10, 14.9, 0],
							"lerp_mode": "catmullrom"
						},
						"2.8333": {
							"post": [0, 1.6, 0],
							"lerp_mode": "catmullrom"
						},
						"3.0": {
							"post": [0, 0, 0],
							"lerp_mode": "catmullrom"
						}
					},
					"scale": {
						"0.0": [1, 1, 1],
						"1.0833": [1, 1, 1],
						"1.2083": [1.41, 1, 1],
						"1.25": [0.79, 1, 1],
						"1.2917": [1.18, 1, 1],
						"1.4167": [1.15, 1, 1],
						"1.4583": [1, 1, 1],
						"3.0": [1, 1, 1]
					}
				},
				"lower_gear": {
					"rotation": {
						"0.0": {
							"post": [-1.81693, -19.92066, -9.6809],
							"lerp_mode": "catmullrom"
						},
						"0.1667": {
							"post": [-1.14, 4.23, 3.36],
							"lerp_mode": "catmullrom"
						},
						"0.3333": {
							"post": [0.14, -19.07, 6.46],
							"lerp_mode": "catmullrom"
						},
						"0.9167": {
							"post": [0.14, -272.87, -9.94],
							"lerp_mode": "catmullrom"
						},
						"1.0417": {
							"post": [0.14, -142.07, -9.94],
							"lerp_mode": "catmullrom"
						},
						"1.2917": {
							"post": [7.95987, 279.23954, -9.94],
							"lerp_mode": "catmullrom"
						},
						"1.3333": {
							"post": [0.14, -669.56046, -9.94],
							"lerp_mode": "catmullrom"
						},
						"1.7917": [0.14, 395.16454, -9.94],
						"1.8333": [3, 441.76454, -38.14],
						"2.125": {
							"pre": [0.14, 478.06454, -38.14],
							"post": [0.14, 478.06454, -38.14],
							"lerp_mode": "catmullrom"
						},
						"2.4167": {
							"post": [0.14, -38.63546, -20.14],
							"lerp_mode": "catmullrom"
						},
						"2.75": [0.14, -23.82828, -9.94],
						"3.0": {
							"pre": [-1.81693, -19.92066, -9.6809],
							"post": [-1.81693, -19.92066, -9.6809],
							"lerp_mode": "catmullrom"
						}
					},
					"position": {
						"0.0": [0, 0, 0],
						"0.0833": [0, -0.84, 0],
						"0.5": {
							"pre": [4.4, -13.89, 1.21],
							"post": [4.4, -13.89, 1.21],
							"lerp_mode": "catmullrom"
						},
						"0.7917": {
							"post": [10.2, -17.9, 8.8],
							"lerp_mode": "catmullrom"
						},
						"1.0833": {
							"post": [16.5, -11.4, 5],
							"lerp_mode": "catmullrom"
						},
						"1.25": [0, 0, -25.8],
						"1.6667": ["-1.3+math.sin(q.anim_time*90*40)*2", 0, "-25.8+math.sin(q.anim_time*90*40)*1"],
						"1.7083": [0, 0, -25.8],
						"1.7917": {
							"pre": [-18, 13.9, -15.1],
							"post": [-18, 13.9, -15.1],
							"lerp_mode": "catmullrom"
						},
						"2.125": {
							"post": [-15, 12.3, -6.1],
							"lerp_mode": "catmullrom"
						},
						"2.4583": {
							"post": [-2.625, -8.1, -0.8],
							"lerp_mode": "catmullrom"
						},
						"2.6667": [0, -3.45, 0],
						"2.7917": [0, -0.77, 0],
						"3.0": [0, 0, 0]
					}
				},
				"gear4_powered": {
					"scale": {
						"0.0": [0, 0, 0],
						"1.2083": [0, 0, 0],
						"1.25": {
							"pre": [0, 0, 0],
							"post": [1, 1, 1]
						},
						"1.9583": [1, 1, 1],
						"2.0": {
							"pre": [1, 1, 1],
							"post": [0, 0, 0]
						},
						"3.0": [0, 0, 0]
					}
				}
			}
		},
		"animation.klinklang.special": {
			"animation_length": 3,
			"bones": {
				"body": {
					"rotation": {
						"0.0": {
							"post": [0, 0, 0],
							"lerp_mode": "catmullrom"
						},
						"0.375": {
							"post": [-0.2, 0, 0],
							"lerp_mode": "catmullrom"
						},
						"0.9583": {
							"post": [0.4, 0, 1.2],
							"lerp_mode": "catmullrom"
						},
						"1.25": {
							"post": [7.5, 0, 10],
							"lerp_mode": "catmullrom"
						},
						"2.0": {
							"post": [7.5, 0, 10],
							"lerp_mode": "catmullrom"
						},
						"2.3333": {
							"post": [-1, 0, 0.9],
							"lerp_mode": "catmullrom"
						},
						"3.0": {
							"post": [0, 0, 0],
							"lerp_mode": "catmullrom"
						}
					},
					"position": {
						"0.0": {
							"post": [0, 0.5, 0],
							"lerp_mode": "catmullrom"
						},
						"0.1667": {
							"post": [0, 2.31, 0.2],
							"lerp_mode": "catmullrom"
						},
						"0.4167": {
							"post": [0, 0.5, 0.7],
							"lerp_mode": "catmullrom"
						},
						"0.7083": {
							"post": [0, 0.5, 0.5],
							"lerp_mode": "catmullrom"
						},
						"1.0": {
							"post": [0, 2.77, -2.8],
							"lerp_mode": "catmullrom"
						},
						"1.25": [0, 8.9, -9],
						"1.2917": [0, "8.9+math.sin(q.anim_time*90*60)*0.2", "-9+math.sin(q.anim_time*90*60)*0.5"],
						"1.9583": [0, "8.9+math.sin(q.anim_time*90*60)*0.6", "-9+math.sin(q.anim_time*90*60)*0.8"],
						"2.0": [0, 8.9, -9],
						"2.2917": {
							"pre": [0, 1.77, -0.8],
							"post": [0, 1.77, -0.8],
							"lerp_mode": "catmullrom"
						},
						"3.0": {
							"post": [0, 0.5, 0],
							"lerp_mode": "catmullrom"
						}
					}
				},
				"main_gear": {
					"rotation": {
						"0.0": {
							"post": [0, 0, 12.5],
							"lerp_mode": "catmullrom"
						},
						"0.2083": {
							"post": [0, 0, 116.5],
							"lerp_mode": "catmullrom"
						},
						"0.2917": [0, 0, 92],
						"0.4583": [0, 0, 92],
						"0.5833": [0, 0, 33.4],
						"0.75": [0, 0, 33.4],
						"0.875": [0, 0, -24.8],
						"1.0": [0, 0, -24.8],
						"1.0417": {
							"pre": [0, 0, -24.8],
							"post": [0, 0, -744.8]
						},
						"1.125": [0, 0, -744.8],
						"1.3333": {
							"pre": [0, 0, -682.425],
							"post": [0, 0, -682.425],
							"lerp_mode": "catmullrom"
						},
						"1.5": {
							"post": [0, 0, -570.19],
							"lerp_mode": "catmullrom"
						},
						"1.6667": {
							"post": [0, 0, -394.67],
							"lerp_mode": "catmullrom"
						},
						"1.7917": {
							"post": [0, 0, -151.59],
							"lerp_mode": "catmullrom"
						},
						"1.9583": {
							"post": [0, 0, 174.05],
							"lerp_mode": "catmullrom"
						},
						"2.3333": {
							"post": [0, 0, 231.05],
							"lerp_mode": "catmullrom"
						},
						"2.625": {
							"post": [0, 0, 64.95],
							"lerp_mode": "catmullrom"
						},
						"2.8333": [0, 0, 17.425],
						"3.0": [0, 0, 12.5]
					},
					"position": {
						"0.0": {
							"post": [0, 0, 0],
							"lerp_mode": "catmullrom"
						},
						"0.2083": {
							"post": [0, 2.6, 0],
							"lerp_mode": "catmullrom"
						},
						"0.375": [0, 0, 0],
						"2.2917": [0, 0, 0],
						"2.4167": {
							"pre": [0, 5.6, 0],
							"post": [0, 5.6, 0],
							"lerp_mode": "catmullrom"
						},
						"2.6667": {
							"post": [0, 5.6, 0],
							"lerp_mode": "catmullrom"
						},
						"2.8333": [0, 0, 0],
						"3.0": {
							"pre": [0, 0, 0],
							"post": [0, 0, 0],
							"lerp_mode": "catmullrom"
						}
					}
				},
				"gear2": {
					"rotation": {
						"0.0": [0, 0, -10],
						"0.0833": {
							"pre": [0, 0, -55.7],
							"post": [0, 0, -55.7],
							"lerp_mode": "catmullrom"
						},
						"0.2083": {
							"post": [0, 0, -75],
							"lerp_mode": "catmullrom"
						},
						"0.4583": {
							"post": [0, 0, 76.57],
							"lerp_mode": "catmullrom"
						},
						"0.7917": [0, 0, 261.725],
						"0.9167": [0, 0, 288.78],
						"0.9583": {
							"pre": [0, 0, 288.78],
							"post": [0, 0, 648.78]
						},
						"1.0417": [0, 0, 641.79],
						"1.125": [0, 0, 578.4],
						"1.25": [0, 0, 394.8],
						"1.4167": [0, 0, 217.91],
						"1.5417": [0, 0, 159.93],
						"1.75": [0, 0, -0.93],
						"1.875": [0, 0, -74.93],
						"2.0": [0, 0, -198.8],
						"2.125": {
							"pre": [0, 0, -332.6],
							"post": [0, 0, -332.6],
							"lerp_mode": "catmullrom"
						},
						"2.375": {
							"post": [0, 0, -332.6],
							"lerp_mode": "catmullrom"
						},
						"2.5833": {
							"post": [0, 0, -77.8],
							"lerp_mode": "catmullrom"
						},
						"2.7083": [0, 0, -12.05],
						"3.0": [0, 0, -10]
					},
					"position": {
						"0.0": {
							"post": [0, 0, 0],
							"lerp_mode": "catmullrom"
						},
						"0.1667": {
							"post": [0.2, 3, 0],
							"lerp_mode": "catmullrom"
						},
						"0.375": {
							"post": [1.5, 19.1, 1.3],
							"lerp_mode": "catmullrom"
						},
						"0.6667": {
							"post": [6.2, 23.1, 2],
							"lerp_mode": "catmullrom"
						},
						"0.9167": {
							"post": [6.7, 18.2, 2],
							"lerp_mode": "catmullrom"
						},
						"1.0417": [5.3, 11.625, 3],
						"1.0833": [5.3, 6.925, 3],
						"1.1667": [5.4, 13.6, 3],
						"1.2083": [5.4, 14.325, 3],
						"1.2917": [5.4, 13.6, 3],
						"1.375": [5.02, 10.11, 3],
						"1.4583": [4.8, 14.5, 3],
						"1.5": [4.8, 15.145, 3],
						"1.5833": [4.8, 14.575, 3],
						"1.6667": [4.8, 10.3, 3],
						"1.75": [4.82, 14.21, 3],
						"1.8333": [4.82, 14.665, 3],
						"1.9167": [4.82, 13.41, 3],
						"2.0": [4.5, 8.325, 3],
						"2.125": {
							"pre": [3.9, 17.3, -2],
							"post": [3.9, 17.3, -2],
							"lerp_mode": "catmullrom"
						},
						"2.25": {
							"post": [2.76, 19.53, -2.66],
							"lerp_mode": "catmullrom"
						},
						"2.375": {
							"post": [1.5, 16.3, -2.4],
							"lerp_mode": "catmullrom"
						},
						"2.5417": {
							"post": [0, 7.2, 0],
							"lerp_mode": "catmullrom"
						},
						"2.6667": {
							"post": [-0.09, 5.84, 0.15],
							"lerp_mode": "catmullrom"
						},
						"2.7917": {
							"post": [0, 0.3, 0],
							"lerp_mode": "catmullrom"
						},
						"3.0": {
							"post": [0, 0, 0],
							"lerp_mode": "catmullrom"
						}
					}
				},
				"lower_gear": {
					"rotation": {
						"0.0": {
							"post": [-1.81693, -19.92066, -9.6809],
							"lerp_mode": "catmullrom"
						},
						"0.2083": {
							"post": [-1.81693, -109.02066, -1.1809],
							"lerp_mode": "catmullrom"
						},
						"0.2917": [-1.81693, -41.12066, -1.1809],
						"0.4583": [-1.81693, -41.12066, -1.1809],
						"0.5833": [0, 21.17934, 0],
						"0.75": [0, 21.17934, 0],
						"0.875": [0, 86.97934, 0],
						"0.9167": {
							"pre": [0, 86.97934, 0],
							"post": [0, 806.98, 0]
						},
						"1.0417": [0, 807.72934, 0],
						"1.3333": {
							"pre": [0, 659.17922, 0],
							"post": [0, 659.17922, 0],
							"lerp_mode": "catmullrom"
						},
						"1.625": {
							"post": [0.11, 206.85, 0.04],
							"lerp_mode": "catmullrom"
						},
						"1.9167": {
							"post": [0, -240.0119, 0],
							"lerp_mode": "catmullrom"
						},
						"2.3333": {
							"post": [-1.82, -344.84, -0.58],
							"lerp_mode": "catmullrom"
						},
						"2.625": {
							"post": [-1.81, -71.36, -9.6809],
							"lerp_mode": "catmullrom"
						},
						"2.8333": [-1.7926, -19.37169, -9.6809],
						"2.9583": [-1.8169, -19.42606, -9.6809],
						"3.0": {
							"pre": [-1.81693, -19.92066, -9.6809],
							"post": [-1.81693, -19.92066, -9.6809],
							"lerp_mode": "catmullrom"
						}
					},
					"position": {
						"0.0": [0, 0, 0],
						"0.875": [0, 0, 0],
						"1.25": {
							"pre": [0.75, -3.1, 0.1],
							"post": [0.75, -3.1, 0.1],
							"lerp_mode": "catmullrom"
						},
						"2.0": {
							"post": [0.75, -3.1, 0.1],
							"lerp_mode": "catmullrom"
						},
						"2.4583": [0, 0, 0],
						"3.0": [0, 0, 0]
					}
				},
				"lower_gear_rotation": {
					"rotation": {
						"0.0": [0, 0, 0],
						"0.2917": {
							"pre": [7.7, 0, 0],
							"post": [7.7, 0, 0],
							"lerp_mode": "catmullrom"
						},
						"0.875": {
							"post": [7.7, 0, 0],
							"lerp_mode": "catmullrom"
						},
						"1.0833": [0, 0, 0],
						"1.3333": {
							"pre": [24, 0, -11.7],
							"post": [24, 0, -11.7],
							"lerp_mode": "catmullrom"
						},
						"1.875": {
							"post": [23, 0, -11.7],
							"lerp_mode": "catmullrom"
						},
						"2.2083": {
							"post": [7, 0, -9.1],
							"lerp_mode": "catmullrom"
						},
						"2.6667": [0, 0, 0],
						"3.0": [0, 0, 0]
					}
				},
				"gear4_powered": {
					"scale": {
						"0.0": [0, 0, 0],
						"1.2917": [0, 0, 0],
						"1.3333": {
							"pre": [0, 0, 0],
							"post": [1, 1, 1]
						},
						"2.0417": [1, 1, 1],
						"2.0833": {
							"pre": [1, 1, 1],
							"post": [0, 0, 0]
						},
						"3.0": [0, 0, 0]
					}
				}
			}
		},
		"animation.klinklang.status": {
			"animation_length": 3,
			"bones": {
				"body": {
					"rotation": {
						"0.0": {
							"post": [0, 0, 0],
							"lerp_mode": "catmullrom"
						},
						"0.5833": {
							"post": [0, 0, -4],
							"lerp_mode": "catmullrom"
						},
						"1.25": [0, 0, -27.5],
						"2.0": [0, 0, -27.5],
						"2.5": {
							"pre": [0, 0, -3.2],
							"post": [0, 0, -3.2],
							"lerp_mode": "catmullrom"
						},
						"3.0": {
							"post": [0, 0, 0],
							"lerp_mode": "catmullrom"
						}
					},
					"position": {
						"0.0": {
							"post": [0, 0.5, 0],
							"lerp_mode": "catmullrom"
						},
						"0.75": {
							"post": [0, 1.5, 0],
							"lerp_mode": "catmullrom"
						},
						"1.25": {
							"post": [0, 4.5, 0],
							"lerp_mode": "catmullrom"
						},
						"2.0": {
							"post": [0, 4.5, 0],
							"lerp_mode": "catmullrom"
						},
						"2.5": {
							"post": [0, 1, 0],
							"lerp_mode": "catmullrom"
						},
						"3.0": {
							"post": [0, 0.5, 0],
							"lerp_mode": "catmullrom"
						}
					}
				},
				"main_gear": {
					"rotation": {
						"0.0": {
							"post": [0, 0, 12.5],
							"lerp_mode": "catmullrom"
						},
						"0.2917": {
							"post": [-0.69, 0, 95.5],
							"lerp_mode": "catmullrom"
						},
						"0.7917": {
							"post": [2.89, 0, 100.9],
							"lerp_mode": "catmullrom"
						},
						"1.0417": {
							"post": [2.89, 0, -31.1],
							"lerp_mode": "catmullrom"
						},
						"1.2917": {
							"post": [2.5, 0, -29],
							"lerp_mode": "catmullrom"
						},
						"1.5833": {
							"post": [2.5, 0, 232],
							"lerp_mode": "catmullrom"
						},
						"1.7917": {
							"post": [2.5, 0, 260],
							"lerp_mode": "catmullrom"
						},
						"2.0833": {
							"post": [2.5, 0, -32.8],
							"lerp_mode": "catmullrom"
						},
						"2.3333": [2.5, 0, -217.6],
						"2.4167": [2.5, 0, "-228.14+math.sin(q.anim_time*90*60)*9"],
						"2.5833": [2.5, 0, "-192.94+math.sin(q.anim_time*90*60)*9"],
						"2.75": [2.5, 0, -49.28],
						"2.7917": [2.5, 0, -15.6],
						"2.875": [1.56, 0, 6.99],
						"3.0": {
							"pre": [0, 0, 12.5],
							"post": [0, 0, 12.5],
							"lerp_mode": "catmullrom"
						}
					},
					"position": {
						"0.0": {
							"post": [0, 0, 0],
							"lerp_mode": "catmullrom"
						},
						"0.2083": {
							"post": [0, 7, 0],
							"lerp_mode": "catmullrom"
						},
						"0.5833": {
							"post": [-0.5, 8, 2.3],
							"lerp_mode": "catmullrom"
						},
						"1.0": {
							"post": [2.9, 3.6, 7.7],
							"lerp_mode": "catmullrom"
						},
						"1.25": {
							"post": [2, 7, 9.6],
							"lerp_mode": "catmullrom"
						},
						"1.5": {
							"post": [-0.1, 2.7, 10.3],
							"lerp_mode": "catmullrom"
						},
						"1.8333": [5, 2.7, 10.7],
						"2.0": [5.22, 6.05, "10.7+math.sin(q.anim_time*90*60)*0.5"],
						"2.2083": [5, 12.2, "10.3+math.sin(q.anim_time*90*60)*0.7"],
						"2.4583": [4.1, 12.05, 7.47],
						"2.625": {
							"pre": [1.9, 7.8, 2.7],
							"post": [1.9, 7.8, 2.7],
							"lerp_mode": "catmullrom"
						},
						"2.75": {
							"post": [0.61, 3.35, 0.79],
							"lerp_mode": "catmullrom"
						},
						"2.8333": {
							"post": [0, 0.9, 0],
							"lerp_mode": "catmullrom"
						},
						"3.0": {
							"post": [0, 0, 0],
							"lerp_mode": "catmullrom"
						}
					}
				},
				"gear2": {
					"rotation": {
						"0.0": {
							"post": [0, 0, -10],
							"lerp_mode": "catmullrom"
						},
						"0.375": {
							"post": [0, 0, -150.78],
							"lerp_mode": "catmullrom"
						},
						"0.7083": {
							"post": [0, 0, 67.82],
							"lerp_mode": "catmullrom"
						},
						"1.0833": {
							"post": [0, 0, 63.82],
							"lerp_mode": "catmullrom"
						},
						"1.25": {
							"post": [0, 0, -12.5],
							"lerp_mode": "catmullrom"
						},
						"1.4583": [0, 0, -87.5],
						"1.5833": [0, 0, -87.5],
						"1.7917": [0, 0, -37.5],
						"1.9167": [0, 0, -37.5],
						"2.3333": {
							"pre": [0, 0, 188.5],
							"post": [0, 0, 188.5],
							"lerp_mode": "catmullrom"
						},
						"2.5833": {
							"post": [0, 0, 182.5],
							"lerp_mode": "catmullrom"
						},
						"2.7917": {
							"post": [0, 0, 22.3],
							"lerp_mode": "catmullrom"
						},
						"3.0": {
							"post": [0, 0, -10],
							"lerp_mode": "catmullrom"
						}
					},
					"position": {
						"0.0": {
							"post": [0, 0, 0],
							"lerp_mode": "catmullrom"
						},
						"0.2083": {
							"post": [-1.8, 5, 0],
							"lerp_mode": "catmullrom"
						},
						"0.5": {
							"post": [-0.8, 5, 0],
							"lerp_mode": "catmullrom"
						},
						"0.8333": {
							"post": [6.03, -5.04, -2.54],
							"lerp_mode": "catmullrom"
						},
						"1.0417": {
							"post": [7.94, -5.9, -7.47],
							"lerp_mode": "catmullrom"
						},
						"1.25": [5.5, 0.5, -13],
						"1.4583": [1.5, -5, -13],
						"1.5833": [1.5, -5, -13],
						"1.7917": [4, -0.75, -13],
						"1.9167": [4, -0.75, -13],
						"2.0833": {
							"pre": [1, -5.05, -8.5],
							"post": [1, -5.05, -8.5],
							"lerp_mode": "catmullrom"
						},
						"2.3333": {
							"post": [-1.9, -2.85, -3.5],
							"lerp_mode": "catmullrom"
						},
						"2.625": {
							"post": [-2.4, 4.49, -0.38],
							"lerp_mode": "catmullrom"
						},
						"2.75": {
							"post": [-1.9, 5.49, 0.02],
							"lerp_mode": "catmullrom"
						},
						"2.9167": {
							"post": [-0.28, 0.85, 0.01],
							"lerp_mode": "catmullrom"
						},
						"3.0": {
							"post": [0, 0, 0],
							"lerp_mode": "catmullrom"
						}
					}
				},
				"lower_gear": {
					"rotation": {
						"0.0": {
							"post": [-1.81693, -19.92066, -9.6809],
							"lerp_mode": "catmullrom"
						},
						"0.25": {
							"post": [-2.41798, 74.04459, -10.31175],
							"lerp_mode": "catmullrom"
						},
						"0.4583": {
							"post": [-2.41798, 67.04459, -10.71175],
							"lerp_mode": "catmullrom"
						},
						"0.6667": {
							"post": [-2.41798, -10.95541, -10.71175],
							"lerp_mode": "catmullrom"
						},
						"0.875": {
							"post": [-1.81693, -37.92066, -9.6809],
							"lerp_mode": "catmullrom"
						},
						"1.25": [-1.81693, -18.32066, -9.6809],
						"1.4583": [-1.81693, -82.82066, -9.6809],
						"1.5833": [-1.81693, -82.82066, -9.6809],
						"1.7917": [-1.81693, -35.02066, -9.6809],
						"1.9167": [-1.81693, -35.02066, -9.6809],
						"2.2083": {
							"pre": [-1.81693, -238.82066, -9.6809],
							"post": [-1.81693, -238.82066, -9.6809],
							"lerp_mode": "catmullrom"
						},
						"2.5": {
							"post": [-1.81693, -251.82066, -9.6809],
							"lerp_mode": "catmullrom"
						},
						"2.7917": {
							"post": [-1.81693, -50.02066, -9.6809],
							"lerp_mode": "catmullrom"
						},
						"3.0": {
							"post": [-1.81693, -19.92066, -9.6809],
							"lerp_mode": "catmullrom"
						}
					},
					"position": {
						"0.0": {
							"post": [0, 0, 0],
							"lerp_mode": "catmullrom"
						}
					}
				},
				"lower_gear_rotation": {
					"rotation": {
						"0.0": {
							"post": [0, 0, 0],
							"lerp_mode": "catmullrom"
						},
						"0.2083": {
							"post": [2.5, -1.6, 0],
							"lerp_mode": "catmullrom"
						},
						"0.4583": {
							"post": [-18, -7.1, 0],
							"lerp_mode": "catmullrom"
						},
						"0.7083": {
							"post": [-4, -24, 0],
							"lerp_mode": "catmullrom"
						},
						"1.0": {
							"post": [76.19, -21.72, 0],
							"lerp_mode": "catmullrom"
						},
						"1.25": [90, -7.5, 0],
						"1.9167": [90, -7.5, 0],
						"2.2083": {
							"pre": [65.7, -7.5, 0],
							"post": [65.7, -7.5, 0],
							"lerp_mode": "catmullrom"
						},
						"2.5417": {
							"post": [-11.4, 11, 0],
							"lerp_mode": "catmullrom"
						},
						"2.8333": {
							"post": [-0.9, -0.1, 0],
							"lerp_mode": "catmullrom"
						},
						"3.0": {
							"post": [0, 0, 0],
							"lerp_mode": "catmullrom"
						}
					},
					"position": {
						"0.0": {
							"post": [0, 0, 0],
							"lerp_mode": "catmullrom"
						},
						"0.25": {
							"post": [0, -4, 0],
							"lerp_mode": "catmullrom"
						},
						"0.5833": {
							"post": [0, -3, -6.6],
							"lerp_mode": "catmullrom"
						},
						"0.9167": {
							"post": [0, 6, -7.3],
							"lerp_mode": "catmullrom"
						},
						"1.25": [0, 7, -7.3],
						"1.9167": [0, 7, -7.3],
						"2.3333": {
							"pre": [0, 7, -15.3],
							"post": [0, 7, -15.3],
							"lerp_mode": "catmullrom"
						},
						"2.5833": {
							"post": [0, -3, -3],
							"lerp_mode": "catmullrom"
						},
						"2.8333": {
							"post": [0, -0.6, 0],
							"lerp_mode": "catmullrom"
						},
						"3.0": {
							"post": [0, 0, 0],
							"lerp_mode": "catmullrom"
						}
					}
				},
				"gear4": {
					"position": {
						"0.0": {
							"post": [0, 0, 0],
							"lerp_mode": "catmullrom"
						},
						"0.5417": {
							"post": [0, 0, -0.4],
							"lerp_mode": "catmullrom"
						},
						"0.8333": {
							"post": [0, 0, -3.2],
							"lerp_mode": "catmullrom"
						},
						"1.25": [0, 0, -4],
						"1.9167": [0, 0, -4],
						"2.125": {
							"pre": [0, 0, -3.2],
							"post": [0, 0, -3.2],
							"lerp_mode": "catmullrom"
						},
						"2.375": {
							"post": [0, 0, -0.55],
							"lerp_mode": "catmullrom"
						},
						"2.625": [0, 0, -0.045],
						"2.9167": [0, 0, 0]
					}
				},
				"gear_ring": {
					"rotation": {
						"0.0": [0, 0, 0],
						"0.7083": [0, 0, 0],
						"1.0417": {
							"pre": [0, -174.5, 0],
							"post": [0, -174.5, 0],
							"lerp_mode": "catmullrom"
						},
						"1.2917": [0, -86.03, 0],
						"1.4167": [0, -60.535, 0],
						"1.4583": {
							"pre": [0, -60.535, 0],
							"post": [0, -1152.535, 0]
						},
						"1.5417": [0, -1133.55, 0],
						"1.625": {
							"pre": [0, -781.325, 0],
							"post": [0, -781.325, 0],
							"lerp_mode": "catmullrom"
						},
						"1.75": {
							"post": [0, -324.28, 0],
							"lerp_mode": "catmullrom"
						},
						"1.9583": {
							"post": [0, 46.475, 0],
							"lerp_mode": "catmullrom"
						},
						"2.2083": {
							"post": [0, 242.3, 0],
							"lerp_mode": "catmullrom"
						},
						"2.5417": {
							"post": [0, 56.4, 0],
							"lerp_mode": "catmullrom"
						},
						"2.7083": [0, 3.9, 0],
						"3.0": [0, 0, 0]
					},
					"position": [0, 0, 0]
				},
				"gear4_powered": {
					"scale": {
						"0.0": [0, 0, 0],
						"1.125": [0, 0, 0],
						"1.1667": {
							"pre": [0, 0, 0],
							"post": [1, 1, 1]
						},
						"1.2917": [1, 1, 1],
						"1.3333": {
							"pre": [1, 1, 1],
							"post": [0, 0, 0]
						},
						"1.4583": [0, 0, 0],
						"1.5": {
							"pre": [0, 0, 0],
							"post": [1, 1, 1]
						},
						"1.625": [1, 1, 1],
						"1.6667": {
							"pre": [1, 1, 1],
							"post": [0, 0, 0]
						},
						"1.7917": [0, 0, 0],
						"1.8333": {
							"pre": [0, 0, 0],
							"post": [1, 1, 1]
						},
						"1.9583": [1, 1, 1],
						"2.0": {
							"pre": [1, 1, 1],
							"post": [0, 0, 0]
						},
						"2.125": [0, 0, 0],
						"2.1667": {
							"pre": [0, 0, 0],
							"post": [1, 1, 1]
						},
						"2.2917": [1, 1, 1],
						"2.3333": {
							"pre": [1, 1, 1],
							"post": [0, 0, 0]
						},
						"3.0": [0, 0, 0]
					}
				}
			}
		},
		"animation.klinklang.battle_cry": {
			"animation_length": 3,
			"bones": {
				"body": {
					"rotation": {
						"0.0": {
							"post": [0, 0, 0],
							"lerp_mode": "catmullrom"
						},
						"0.5833": {
							"post": [0, 0, -4],
							"lerp_mode": "catmullrom"
						},
						"1.25": [0, 0, -27.5],
						"2.0": [0, 0, -27.5],
						"2.5": {
							"pre": [0, 0, -3.2],
							"post": [0, 0, -3.2],
							"lerp_mode": "catmullrom"
						},
						"3.0": {
							"post": [0, 0, 0],
							"lerp_mode": "catmullrom"
						}
					},
					"position": {
						"0.0": {
							"post": [0, 0.5, 0],
							"lerp_mode": "catmullrom"
						},
						"0.75": {
							"post": [0, 1.5, 0],
							"lerp_mode": "catmullrom"
						},
						"1.25": {
							"post": [0, 4.5, 0],
							"lerp_mode": "catmullrom"
						},
						"2.0": {
							"post": [0, 4.5, 0],
							"lerp_mode": "catmullrom"
						},
						"2.5": {
							"post": [0, 1, 0],
							"lerp_mode": "catmullrom"
						},
						"3.0": {
							"post": [0, 0.5, 0],
							"lerp_mode": "catmullrom"
						}
					}
				},
				"main_gear": {
					"rotation": {
						"0.0": {
							"post": [0, 0, 12.5],
							"lerp_mode": "catmullrom"
						},
						"0.2917": {
							"post": [-0.69, 0, 95.5],
							"lerp_mode": "catmullrom"
						},
						"0.7917": {
							"post": [2.89, 0, 100.9],
							"lerp_mode": "catmullrom"
						},
						"1.0417": {
							"post": [2.89, 0, -31.1],
							"lerp_mode": "catmullrom"
						},
						"1.2917": {
							"post": [2.5, 0, -29],
							"lerp_mode": "catmullrom"
						},
						"1.5833": {
							"post": [2.5, 0, 232],
							"lerp_mode": "catmullrom"
						},
						"1.7917": {
							"post": [2.5, 0, 260],
							"lerp_mode": "catmullrom"
						},
						"2.0833": {
							"post": [2.5, 0, -32.8],
							"lerp_mode": "catmullrom"
						},
						"2.3333": [2.5, 0, -217.6],
						"2.4167": [2.5, 0, "-228.14+math.sin(q.anim_time*90*60)*9"],
						"2.5833": [2.5, 0, "-192.94+math.sin(q.anim_time*90*60)*9"],
						"2.75": [2.5, 0, -49.28],
						"2.7917": [2.5, 0, -15.6],
						"2.875": [1.56, 0, 6.99],
						"3.0": {
							"pre": [0, 0, 12.5],
							"post": [0, 0, 12.5],
							"lerp_mode": "catmullrom"
						}
					},
					"position": {
						"0.0": {
							"post": [0, 0, 0],
							"lerp_mode": "catmullrom"
						},
						"0.2083": {
							"post": [0, 7, 0],
							"lerp_mode": "catmullrom"
						},
						"0.5833": {
							"post": [-0.5, 8, 2.3],
							"lerp_mode": "catmullrom"
						},
						"1.0": {
							"post": [2.9, 3.6, 7.7],
							"lerp_mode": "catmullrom"
						},
						"1.25": {
							"post": [2, 7, 9.6],
							"lerp_mode": "catmullrom"
						},
						"1.5": {
							"post": [-0.1, 2.7, 10.3],
							"lerp_mode": "catmullrom"
						},
						"1.8333": [5, 2.7, 10.7],
						"2.0": [5.22, 6.05, "10.7+math.sin(q.anim_time*90*60)*0.5"],
						"2.2083": [5, 12.2, "10.3+math.sin(q.anim_time*90*60)*0.7"],
						"2.4583": [4.1, 12.05, 7.47],
						"2.625": {
							"pre": [1.9, 7.8, 2.7],
							"post": [1.9, 7.8, 2.7],
							"lerp_mode": "catmullrom"
						},
						"2.75": {
							"post": [0.61, 3.35, 0.79],
							"lerp_mode": "catmullrom"
						},
						"2.8333": {
							"post": [0, 0.9, 0],
							"lerp_mode": "catmullrom"
						},
						"3.0": {
							"post": [0, 0, 0],
							"lerp_mode": "catmullrom"
						}
					}
				},
				"gear2": {
					"rotation": {
						"0.0": {
							"post": [0, 0, -10],
							"lerp_mode": "catmullrom"
						},
						"0.375": {
							"post": [0, 0, -150.78],
							"lerp_mode": "catmullrom"
						},
						"0.7083": {
							"post": [0, 0, 67.82],
							"lerp_mode": "catmullrom"
						},
						"1.0833": {
							"post": [0, 0, 63.82],
							"lerp_mode": "catmullrom"
						},
						"1.25": {
							"post": [0, 0, -12.5],
							"lerp_mode": "catmullrom"
						},
						"1.4583": [0, 0, -87.5],
						"1.5833": [0, 0, -87.5],
						"1.7917": [0, 0, -37.5],
						"1.9167": [0, 0, -37.5],
						"2.3333": {
							"pre": [0, 0, 188.5],
							"post": [0, 0, 188.5],
							"lerp_mode": "catmullrom"
						},
						"2.5833": {
							"post": [0, 0, 182.5],
							"lerp_mode": "catmullrom"
						},
						"2.7917": {
							"post": [0, 0, 22.3],
							"lerp_mode": "catmullrom"
						},
						"3.0": {
							"post": [0, 0, -10],
							"lerp_mode": "catmullrom"
						}
					},
					"position": {
						"0.0": {
							"post": [0, 0, 0],
							"lerp_mode": "catmullrom"
						},
						"0.2083": {
							"post": [-1.8, 5, 0],
							"lerp_mode": "catmullrom"
						},
						"0.5": {
							"post": [-0.8, 5, 0],
							"lerp_mode": "catmullrom"
						},
						"0.8333": {
							"post": [6.03, -5.04, -2.54],
							"lerp_mode": "catmullrom"
						},
						"1.0417": {
							"post": [7.94, -5.9, -7.47],
							"lerp_mode": "catmullrom"
						},
						"1.25": [5.5, 0.5, -13],
						"1.4583": [1.5, -5, -13],
						"1.5833": [1.5, -5, -13],
						"1.7917": [4, -0.75, -13],
						"1.9167": [4, -0.75, -13],
						"2.0833": {
							"pre": [1, -5.05, -8.5],
							"post": [1, -5.05, -8.5],
							"lerp_mode": "catmullrom"
						},
						"2.3333": {
							"post": [-1.9, -2.85, -3.5],
							"lerp_mode": "catmullrom"
						},
						"2.625": {
							"post": [-2.4, 4.49, -0.38],
							"lerp_mode": "catmullrom"
						},
						"2.75": {
							"post": [-1.9, 5.49, 0.02],
							"lerp_mode": "catmullrom"
						},
						"2.9167": {
							"post": [-0.28, 0.85, 0.01],
							"lerp_mode": "catmullrom"
						},
						"3.0": {
							"post": [0, 0, 0],
							"lerp_mode": "catmullrom"
						}
					}
				},
				"lower_gear": {
					"rotation": {
						"0.0": {
							"post": [-1.81693, -19.92066, -9.6809],
							"lerp_mode": "catmullrom"
						},
						"0.25": {
							"post": [-2.41798, 74.04459, -10.31175],
							"lerp_mode": "catmullrom"
						},
						"0.4583": {
							"post": [-2.41798, 67.04459, -10.71175],
							"lerp_mode": "catmullrom"
						},
						"0.6667": {
							"post": [-2.41798, -10.95541, -10.71175],
							"lerp_mode": "catmullrom"
						},
						"0.875": {
							"post": [-1.81693, -37.92066, -9.6809],
							"lerp_mode": "catmullrom"
						},
						"1.25": [-1.81693, -18.32066, -9.6809],
						"1.4583": [-1.81693, -82.82066, -9.6809],
						"1.5833": [-1.81693, -82.82066, -9.6809],
						"1.7917": [-1.81693, -35.02066, -9.6809],
						"1.9167": [-1.81693, -35.02066, -9.6809],
						"2.2083": {
							"pre": [-1.81693, -238.82066, -9.6809],
							"post": [-1.81693, -238.82066, -9.6809],
							"lerp_mode": "catmullrom"
						},
						"2.5": {
							"post": [-1.81693, -251.82066, -9.6809],
							"lerp_mode": "catmullrom"
						},
						"2.7917": {
							"post": [-1.81693, -50.02066, -9.6809],
							"lerp_mode": "catmullrom"
						},
						"3.0": {
							"post": [-1.81693, -19.92066, -9.6809],
							"lerp_mode": "catmullrom"
						}
					},
					"position": {
						"0.0": {
							"post": [0, 0, 0],
							"lerp_mode": "catmullrom"
						}
					}
				},
				"lower_gear_rotation": {
					"rotation": {
						"0.0": {
							"post": [0, 0, 0],
							"lerp_mode": "catmullrom"
						},
						"0.2083": {
							"post": [2.5, -1.6, 0],
							"lerp_mode": "catmullrom"
						},
						"0.4583": {
							"post": [-18, -7.1, 0],
							"lerp_mode": "catmullrom"
						},
						"0.7083": {
							"post": [-4, -24, 0],
							"lerp_mode": "catmullrom"
						},
						"1.0": {
							"post": [76.19, -21.72, 0],
							"lerp_mode": "catmullrom"
						},
						"1.25": [90, -7.5, 0],
						"1.9167": [90, -7.5, 0],
						"2.2083": {
							"pre": [65.7, -7.5, 0],
							"post": [65.7, -7.5, 0],
							"lerp_mode": "catmullrom"
						},
						"2.5417": {
							"post": [-11.4, 11, 0],
							"lerp_mode": "catmullrom"
						},
						"2.8333": {
							"post": [-0.9, -0.1, 0],
							"lerp_mode": "catmullrom"
						},
						"3.0": {
							"post": [0, 0, 0],
							"lerp_mode": "catmullrom"
						}
					},
					"position": {
						"0.0": {
							"post": [0, 0, 0],
							"lerp_mode": "catmullrom"
						},
						"0.25": {
							"post": [0, -4, 0],
							"lerp_mode": "catmullrom"
						},
						"0.5833": {
							"post": [0, -3, -6.6],
							"lerp_mode": "catmullrom"
						},
						"0.9167": {
							"post": [0, 6, -7.3],
							"lerp_mode": "catmullrom"
						},
						"1.25": [0, 7, -7.3],
						"1.9167": [0, 7, -7.3],
						"2.3333": {
							"pre": [0, 7, -15.3],
							"post": [0, 7, -15.3],
							"lerp_mode": "catmullrom"
						},
						"2.5833": {
							"post": [0, -3, -3],
							"lerp_mode": "catmullrom"
						},
						"2.8333": {
							"post": [0, -0.6, 0],
							"lerp_mode": "catmullrom"
						},
						"3.0": {
							"post": [0, 0, 0],
							"lerp_mode": "catmullrom"
						}
					}
				},
				"gear4": {
					"position": {
						"0.0": {
							"post": [0, 0, 0],
							"lerp_mode": "catmullrom"
						},
						"0.5417": {
							"post": [0, 0, -0.4],
							"lerp_mode": "catmullrom"
						},
						"0.8333": {
							"post": [0, 0, -3.2],
							"lerp_mode": "catmullrom"
						},
						"1.25": [0, 0, -4],
						"1.9167": [0, 0, -4],
						"2.125": {
							"pre": [0, 0, -3.2],
							"post": [0, 0, -3.2],
							"lerp_mode": "catmullrom"
						},
						"2.375": {
							"post": [0, 0, -0.55],
							"lerp_mode": "catmullrom"
						},
						"2.625": [0, 0, -0.045],
						"2.9167": [0, 0, 0]
					}
				},
				"gear_ring": {
					"rotation": {
						"0.0": [0, 0, 0],
						"0.7083": [0, 0, 0],
						"1.0417": {
							"pre": [0, -174.5, 0],
							"post": [0, -174.5, 0],
							"lerp_mode": "catmullrom"
						},
						"1.2917": [0, -86.03, 0],
						"1.4167": [0, -60.535, 0],
						"1.4583": {
							"pre": [0, -60.535, 0],
							"post": [0, -1152.535, 0]
						},
						"1.5417": [0, -1133.55, 0],
						"1.625": {
							"pre": [0, -781.325, 0],
							"post": [0, -781.325, 0],
							"lerp_mode": "catmullrom"
						},
						"1.75": {
							"post": [0, -324.28, 0],
							"lerp_mode": "catmullrom"
						},
						"1.9583": {
							"post": [0, 46.475, 0],
							"lerp_mode": "catmullrom"
						},
						"2.2083": {
							"post": [0, 242.3, 0],
							"lerp_mode": "catmullrom"
						},
						"2.5417": {
							"post": [0, 56.4, 0],
							"lerp_mode": "catmullrom"
						},
						"2.7083": [0, 3.9, 0],
						"3.0": [0, 0, 0]
					},
					"position": [0, 0, 0]
				},
				"gear4_powered": {
					"scale": {
						"0.0": [0, 0, 0],
						"1.125": [0, 0, 0],
						"1.1667": {
							"pre": [0, 0, 0],
							"post": [1, 1, 1]
						},
						"1.2917": [1, 1, 1],
						"1.3333": {
							"pre": [1, 1, 1],
							"post": [0, 0, 0]
						},
						"1.4583": [0, 0, 0],
						"1.5": {
							"pre": [0, 0, 0],
							"post": [1, 1, 1]
						},
						"1.625": [1, 1, 1],
						"1.6667": {
							"pre": [1, 1, 1],
							"post": [0, 0, 0]
						},
						"1.7917": [0, 0, 0],
						"1.8333": {
							"pre": [0, 0, 0],
							"post": [1, 1, 1]
						},
						"1.9583": [1, 1, 1],
						"2.0": {
							"pre": [1, 1, 1],
							"post": [0, 0, 0]
						},
						"2.125": [0, 0, 0],
						"2.1667": {
							"pre": [0, 0, 0],
							"post": [1, 1, 1]
						},
						"2.2917": [1, 1, 1],
						"2.3333": {
							"pre": [1, 1, 1],
							"post": [0, 0, 0]
						},
						"3.0": [0, 0, 0]
					}
				}
			},
			"sound_effects": {
				"1.25": {
					"effect": "pokemon.klinklang.cry"
				}
			}
		},
		"animation.klinklang.cry": {
			"animation_length": 2.75,
			"bones": {
				"body": {
					"rotation": {
						"0.0": {
							"post": [0, 0, 0],
							"lerp_mode": "catmullrom"
						},
						"0.2917": {
							"post": [-0.8, 0, 0.8],
							"lerp_mode": "catmullrom"
						},
						"0.5": {
							"post": [-3.5, 0, 7.7],
							"lerp_mode": "catmullrom"
						},
						"0.6667": [-5.1, 0, 8.16],
						"1.3333": ["-7.9+math.sin(q.anim_time*90*40)*5 ", 0, "7.54+math.sin(q.anim_time*90*40-60)*3"],
						"1.625": ["-7.9+math.sin(q.anim_time*90*40)*6", 0, "7.54+math.sin(q.anim_time*90*40-60)*4"],
						"1.6667": [-5.83, 0, 4.7],
						"1.7083": {
							"pre": [-4.9, 0, 7.54],
							"post": [-4.9, 0, 7.54],
							"lerp_mode": "catmullrom"
						},
						"1.9583": {
							"post": [3, 0, 72.2],
							"lerp_mode": "catmullrom"
						},
						"2.5": [0, 0, 330.3],
						"2.5833": [0, 0, 349.4],
						"2.75": [0, 0, 360],
						"2.7917": {
							"pre": [0, 0, 0],
							"post": [0, 0, 0],
							"lerp_mode": "catmullrom"
						}
					},
					"position": {
						"0.0": {
							"post": [0, 0, 0],
							"lerp_mode": "catmullrom"
						},
						"0.125": {
							"post": [0, 3.1, 0.5],
							"lerp_mode": "catmullrom"
						},
						"0.2917": {
							"post": [0, 3.1, 0.5],
							"lerp_mode": "catmullrom"
						},
						"0.5": {
							"post": [0, -0.3, 0],
							"lerp_mode": "catmullrom"
						},
						"0.8333": {
							"post": [0, -0.3, -0.9],
							"lerp_mode": "catmullrom"
						},
						"1.25": {
							"post": [0, 5.9, -1.1],
							"lerp_mode": "catmullrom"
						},
						"1.7083": {
							"post": [0, 6.9, -1],
							"lerp_mode": "catmullrom"
						},
						"2.0833": {
							"post": [0, 5.3, 0.3],
							"lerp_mode": "catmullrom"
						},
						"2.3333": {
							"post": [0, 0.7, 0],
							"lerp_mode": "catmullrom"
						},
						"2.5": {
							"post": [0, 0, 0],
							"lerp_mode": "catmullrom"
						}
					}
				},
				"gear2": {
					"rotation": {
						"0.0": {
							"post": [0, 0, 0],
							"lerp_mode": "catmullrom"
						},
						"0.2083": {
							"post": [0, 0, 90],
							"lerp_mode": "catmullrom"
						},
						"0.4167": {
							"post": [0, 0, 176.82],
							"lerp_mode": "catmullrom"
						},
						"0.9167": {
							"post": [0, 0, 176.82],
							"lerp_mode": "catmullrom"
						},
						"1.2083": {
							"post": [0, 0, 96.82],
							"lerp_mode": "catmullrom"
						},
						"1.6667": {
							"post": [0, 0, 89.32],
							"lerp_mode": "catmullrom"
						},
						"1.8333": {
							"post": [0, 0, 147.73],
							"lerp_mode": "catmullrom"
						},
						"1.9583": {
							"post": [0, 0, 194.39],
							"lerp_mode": "catmullrom"
						},
						"2.0833": {
							"post": [0, 0, 232.6],
							"lerp_mode": "catmullrom"
						},
						"2.25": {
							"post": [0, 0, 206.36],
							"lerp_mode": "catmullrom"
						},
						"2.375": {
							"post": [0, 0, 175.9],
							"lerp_mode": "catmullrom"
						},
						"2.5833": {
							"post": [0, 0, 31],
							"lerp_mode": "catmullrom"
						},
						"2.75": {
							"post": [0, 0, 0],
							"lerp_mode": "catmullrom"
						}
					},
					"position": {
						"0.0": {
							"post": [0, 0, 0],
							"lerp_mode": "catmullrom"
						},
						"0.2083": {
							"post": [7.1, 2.6, 0],
							"lerp_mode": "catmullrom"
						},
						"0.4167": {
							"post": [14.18, 0, 0],
							"lerp_mode": "catmullrom"
						},
						"0.9167": {
							"post": [14, 0, 0],
							"lerp_mode": "catmullrom"
						},
						"1.2083": {
							"post": [7, 2.5, 0],
							"lerp_mode": "catmullrom"
						},
						"1.6667": {
							"post": [7, 2.5, 0],
							"lerp_mode": "catmullrom"
						},
						"1.7917": {
							"post": [8.57, 2.68, 0],
							"lerp_mode": "catmullrom"
						},
						"1.875": {
							"post": [13.1, 0.91, 0],
							"lerp_mode": "catmullrom"
						},
						"2.0833": {
							"post": [16.6, -3.6, 0],
							"lerp_mode": "catmullrom"
						},
						"2.375": {
							"post": [14.33, 0.28, 0],
							"lerp_mode": "catmullrom"
						},
						"2.5417": {
							"post": [3.18, 2.1, 0],
							"lerp_mode": "catmullrom"
						},
						"2.75": {
							"post": [0, 0, 0],
							"lerp_mode": "catmullrom"
						}
					}
				},
				"lower_gear_rotation": {
					"rotation": {
						"0.0": [0, 0, 0],
						"0.8333": [0, 0, 0],
						"1.2917": {
							"pre": [25, 0, 0],
							"post": [25, 0, 0],
							"lerp_mode": "catmullrom"
						},
						"1.75": {
							"post": [17.7, 0, 0],
							"lerp_mode": "catmullrom"
						},
						"2.0833": {
							"post": [-20, 0, 0],
							"lerp_mode": "catmullrom"
						},
						"2.2917": [0, 0, 0],
						"2.5": [0, 0, 0]
					},
					"position": {
						"0.0": [0, 0, 0],
						"0.8333": [0, 0, 0],
						"1.3333": {
							"pre": [0, -3, 0],
							"post": [0, -3, 0],
							"lerp_mode": "catmullrom"
						},
						"1.7083": {
							"post": [0, -3, 0],
							"lerp_mode": "catmullrom"
						},
						"2.0417": [0, 0, 0],
						"2.5": [0, 0, 0]
					}
				}
			},
			"sound_effects": {
				"0.5": {
					"effect": "pokemon.klinklang.cry"
				}
			}
		},
		"animation.klinklang.faint": {
			"animation_length": 3,
			"bones": {
				"body": {
					"rotation": {
						"0.0": [0, 0, -5],
						"0.4167": [0, 0, -1.65],
						"0.9583": [0, 0, 0]
					},
					"position": {
						"0.0": [0, -0.75, 0],
						"0.0833": [0, 0.75, 0],
						"0.1667": [0, -0.5, 0],
						"0.25": [0, 0.5, 0],
						"0.3333": [0, -0.5, 0],
						"0.375": [0, 0.5, 0],
						"0.4167": [0, -0.5, 0],
						"0.4583": [0, 0.5, 0],
						"0.5": [0, -0.375, 0],
						"0.5417": [0, 0.375, 0],
						"0.5833": [0, -0.25, 0],
						"0.625": [0, 0.25, 0],
						"0.6667": [0, -0.125, 0],
						"0.7083": [0, 0.15, 0],
						"0.75": [0, 7.15, 0],
						"0.8333": [0, 8.15, 0],
						"0.9583": [0, 8.65, 0]
					}
				},
				"main_gear": {
					"rotation": {
						"0.6667": [0, 0, 0],
						"0.75": [0, 22.5, 0],
						"0.7917": [0, 0, 0],
						"0.8333": [0, -73.42, 0],
						"0.9583": [0, -172.98, 0],
						"1.1667": [-7, -246, 0],
						"1.3333": [-22.5, -311.18, 0],
						"1.4583": [-28, -359.25, 0],
						"1.5": [-28, -377.5, 0],
						"1.5833": [-28, -404.25, 0],
						"1.7083": [-18, -431.71, 0],
						"1.8333": [0, -457.5, 0],
						"1.9167": [16, -485.57, 0],
						"2.0417": [28, -521.65, 0],
						"2.2083": [18, -549, 0],
						"2.3333": [-16.71, -549, 0],
						"2.4167": [-74, -549, 0],
						"2.4583": [-84, -549, 0],
						"2.5": [-81.75, -549, 0],
						"2.5417": [-74, -549, 0],
						"2.6667": [-72, -549, 0]
					},
					"position": {
						"1.125": [0, 0, 0],
						"1.2917": [0, -0.17, 0],
						"1.375": [0, -1.75, 0],
						"1.4583": [1, -11.75, 0],
						"1.5": [1.25, -13.41, -0.4],
						"1.5417": [2.25, -10.575, -2],
						"1.5833": [3, -7.905, -2.83],
						"1.6667": [4.5, -6.575, -4.5],
						"1.75": [5.5, -7.825, -6],
						"1.8333": [6, -12.25, -7],
						"1.875": [5.5, -9.825, -7],
						"1.9167": [2.67, -7.97, -7],
						"2.0": [0, -7.225, -7],
						"2.0417": [-1, -7.5, -7],
						"2.125": [-1.5, -9.375, -7],
						"2.2083": [-1.5, -13.75, -9],
						"2.25": [-1.5, -12.45, -10.7],
						"2.2917": [-1.5, -12.05, -11.8],
						"2.3333": [-1.5, -13.15, -14.4],
						"2.4167": [-1.5, -17.75, -20],
						"2.4583": [-1.5, -18.75, -20.5],
						"2.5417": [-1.5, -17.75, -20]
					}
				},
				"gear1": {
					"rotation": {
						"0.0": [0, 0, 0],
						"0.1667": [0, 0, -98.89],
						"0.375": [0, 0, -162.7],
						"0.5417": [0, 0, -180.06],
						"0.75": [0, 0, -187],
						"0.9167": [0, 0, -171.93],
						"1.3333": [0, 0, -37.77],
						"1.7917": [0, 0, 40.21],
						"2.25": [0, 0, 103.19],
						"2.5": [0, 0, 114]
					}
				},
				"gear3": {
					"rotation": {
						"0.0": [0, 0, 0],
						"0.1667": [0, 0, -98.89],
						"0.375": [0, 0, -162.7],
						"0.5417": [0, 0, -180.06],
						"0.75": [0, 0, -187]
					}
				},
				"gear2": {
					"rotation": {
						"0.0": [0, 0, 0],
						"0.1667": [0, 0, 85.5],
						"0.4167": [0, 0, 156.3],
						"0.625": [0, 0, 180],
						"0.75": [0, 0, 187],
						"0.875": [0, 0, 150.62],
						"1.4583": [0, 0, -140.5],
						"1.6667": [61.4071, 63.11181, -170.92584],
						"1.7083": [61.34486, 79.05596, -172.28215],
						"1.75": [-62.03934, 85.81727, -291.5808],
						"1.7917": [-110.50438, 80.35294, -338.40536],
						"1.875": [-116.16484, 70.85908, -339.60003],
						"2.0": [-146.82137, 80.14778, -355.24957],
						"2.0833": [-192.62137, 80.14778, -355.24957],
						"2.125": [-200.12137, 80.14778, -355.24957],
						"2.2083": [-192.62137, 80.14778, -355.24957]
					},
					"position": {
						"0.5833": [0, 0, 0],
						"0.6667": [0.5, -0.75, 0],
						"0.75": [0, 0, 0],
						"0.7917": [-2, 4.5, 0],
						"0.875": [-4, 5, 0],
						"1.0": [-5.5, 3.75, 0],
						"1.1667": [-6.75, 1, 0],
						"1.25": [-8.25, -9, 0],
						"1.3333": [-8.75, -26.25, 0],
						"1.375": [-9, -28, 0],
						"1.4583": [-13, -23, 0],
						"1.5417": [-15, -22.25, -1],
						"1.625": [-16, -23.5, -3],
						"1.7083": [-16, -24, -5.75],
						"1.75": [-16, -24, -6.5],
						"1.8333": [-16, -24, -6.8],
						"1.9167": [-15.5, -24.145, -6.8],
						"2.0": [-14.23, -25.58, -6.8],
						"2.0417": [-12.6, -27.75, -6.8],
						"2.0833": [-12, -28.75, -6.8],
						"2.1667": [-12, -27.75, -6.8]
					}
				},
				"lower_gear": {
					"rotation": {
						"0.0": [0, 0, 0],
						"0.2083": [0, -106.22, 0],
						"0.4167": [0, -162.44, 0],
						"0.5833": [0, -181.91, 0],
						"0.7083": [0, -187.5, 0]
					},
					"position": [0, 0, 0]
				},
				"gear4": {
					"rotation": {
						"0.0": [0, 0, 0],
						"0.75": [0, 0, 0],
						"0.875": [0, -44.11, 0],
						"1.0": [0, -96.5, 0],
						"1.25": [0, -155.75, 0],
						"1.375": [-0.75, -174, 0],
						"1.5": [-2.5, -181.5, 0],
						"2.4167": [-2.5, -181.5, 0],
						"2.4583": [-0.27045, -193.99872, 2.23673],
						"2.5417": [-2.5, -181.5, 0]
					},
					"position": {
						"0.7083": [0, 0, 0],
						"0.75": [0, -0.37, 5],
						"0.7917": [0, 1, 10],
						"0.875": [0, 1.25, 12],
						"1.0": [0, -2.25, 15.75],
						"1.0833": [0, -12.75, 17.75],
						"1.125": [0, -14.75, 18.5],
						"1.1667": [0, -11.75, 18.75],
						"1.25": [0, -11, 19.5],
						"1.3333": [0, -12.5, 20.5],
						"1.375": [0, -16, 21],
						"1.5": [0, -16.75, 21.5]
					}
				},
				"gear_ring": {
					"rotation": {
						"0.0": [0, 0, 0],
						"0.25": [0, -27, 0],
						"0.5": [0, -42, 0],
						"0.625": [0, -44, -2],
						"0.7083": [0, -45.5, 0],
						"0.8333": [0, -47, 7.5],
						"0.9167": [0, -67, 8],
						"1.0417": [-3, -77, 7.5],
						"1.1667": [-4.5, -82, 6],
						"1.3333": [-5, -84, 5.25]
					},
					"position": {
						"0.625": [0, 0, 0],
						"0.75": [0, -4, 0],
						"0.8333": [0, -16, 0],
						"0.875": [0, -17, 0],
						"0.9583": [0, -13, 0],
						"1.0417": [0, -12, 0],
						"1.125": [0, -13, 0],
						"1.2083": [0, -16, 0]
					}
				},
				"gear4_powered": {
					"scale": 0
				}
			}
		},
		"animation.klinklang.sleep": {
			"loop": true,
			"bones": {
				"body": {
					"rotation": ["19.8159+Math.cos((query.anim_time-0.6) * 90 * 1) * 2", 2.1539, -9.76758],
					"position": [0, "2+Math.cos((query.anim_time-0.2) * 90 * 0.5) * 1", 1]
				},
				"main_gear": {
					"rotation": [0, 0, "Math.cos((query.anim_time) * 90 * 0.5) * 20"]
				},
				"gear2": {
					"rotation": [0, 0, "Math.cos((query.anim_time) * 90 * 0.5) * -20"]
				},
				"lower_gear": {
					"rotation": [0, "Math.cos((query.anim_time) * 90 * 0.5) * -20", 0]
				},
				"gear_ring": {
					"rotation": [0, "Math.cos((query.anim_time-0.5) * 90 * 0.5) * -10", 0]
				},
				"gear4_powered": {
					"scale": 0
				}
			}
		},
		"animation.klinklang.recoil": {
			"animation_length": 1.5,
			"bones": {
				"body": {
					"position": {
						"0.0": [0, 0, 0],
						"0.0417": [0, 1.7, 2.51],
						"0.125": [0, 2.5, 5.37],
						"0.2083": [0, 2.6, 5.77],
						"0.625": {
							"pre": [0, -0.2, -1.43],
							"post": [0, -0.2, -1.43],
							"lerp_mode": "catmullrom"
						},
						"1.125": {
							"post": [0, 0.8, 0.19],
							"lerp_mode": "catmullrom"
						},
						"1.3333": {
							"post": [0, 0, 0],
							"lerp_mode": "catmullrom"
						},
						"1.5": [0, 0, 0]
					}
				},
				"main_gear": {
					"rotation": {
						"0.0": {
							"post": [0, -2, 0],
							"lerp_mode": "catmullrom"
						},
						"0.0833": {
							"post": [-15.5, 18.3, 54.3],
							"lerp_mode": "catmullrom"
						},
						"0.3333": {
							"post": [12.8, -14.7, -24.9],
							"lerp_mode": "catmullrom"
						},
						"0.5833": {
							"post": [-6.7, 3.2, 0],
							"lerp_mode": "catmullrom"
						},
						"0.9583": {
							"post": [0, -3.3, 0],
							"lerp_mode": "catmullrom"
						},
						"1.2083": {
							"post": [0, -2, 0],
							"lerp_mode": "catmullrom"
						},
						"1.5": {
							"post": [0, -2, 0],
							"lerp_mode": "catmullrom"
						}
					}
				},
				"gear2": {
					"rotation": {
						"0.0": {
							"post": [0, -2, 0],
							"lerp_mode": "catmullrom"
						},
						"0.0833": {
							"post": [-15.5, -16.6, 42.7],
							"lerp_mode": "catmullrom"
						},
						"0.3333": {
							"post": [12.8, 21.1, -69.1],
							"lerp_mode": "catmullrom"
						},
						"0.5833": {
							"post": [-6.7, -14.8, 21.8],
							"lerp_mode": "catmullrom"
						},
						"0.9583": {
							"post": [0, 2, 0],
							"lerp_mode": "catmullrom"
						},
						"1.2083": {
							"post": [0, -2, 0],
							"lerp_mode": "catmullrom"
						},
						"1.5": {
							"post": [0, -2, 0],
							"lerp_mode": "catmullrom"
						}
					},
					"position": {
						"0.0": {
							"post": [0, 0, 0],
							"lerp_mode": "catmullrom"
						},
						"0.0833": {
							"post": [-4, 5, -2.8],
							"lerp_mode": "catmullrom"
						},
						"0.2917": {
							"post": [-4.5, -0.4, -2.8],
							"lerp_mode": "catmullrom"
						},
						"0.5417": {
							"post": [0.4, 0, -1.4],
							"lerp_mode": "catmullrom"
						},
						"0.9583": [0, 0, 0],
						"1.5": [0, 0, 0]
					}
				},
				"lower_gear": {
					"rotation": {
						"0.0": {
							"post": [0, -2, 0],
							"lerp_mode": "catmullrom"
						},
						"0.0833": {
							"post": [-15.5, -16.6, 0],
							"lerp_mode": "catmullrom"
						},
						"0.3333": {
							"post": [12.8, 21.1, 0],
							"lerp_mode": "catmullrom"
						},
						"0.5833": {
							"post": [-6.7, -14.8, 0],
							"lerp_mode": "catmullrom"
						},
						"0.9583": {
							"post": [0, 2, 0],
							"lerp_mode": "catmullrom"
						},
						"1.2083": {
							"post": [0, -2, 0],
							"lerp_mode": "catmullrom"
						},
						"1.5": {
							"post": [0, -2, 0],
							"lerp_mode": "catmullrom"
						}
					},
					"position": {
						"0.0": {
							"post": [0, 0, 0],
							"lerp_mode": "catmullrom"
						},
						"0.0833": {
							"post": [0, 0, -3],
							"lerp_mode": "catmullrom"
						},
						"0.3333": {
							"post": [0, 0, -3],
							"lerp_mode": "catmullrom"
						},
						"0.7083": {
							"post": [0, 0, 0.1],
							"lerp_mode": "catmullrom"
						},
						"1.0833": [0, 0, 0],
						"1.5": [0, 0, 0]
					}
				}
			}
		},
		"animation.klinklang.render": {
			"loop": true,
			"bones": {
				"body": {
					"rotation": [8.70283, -4.82922, 15.0547]
				},
				"gear2": {
					"rotation": [0, -12.5, -17.5],
					"position": [-1, -1.5, -1]
				},
				"lower_gear": {
					"rotation": [12.51153, 2.4407, 0.54143],
					"position": [0, -2, 1]
				}
			}
		},
		"animation.klinklang.ride_mount_walk": {
			"loop": true,
			"bones": {
				"body": {
					"rotation": ["q.r.velocity_forward(0)*15", 0, "q.r.velocity_right(0)*-15"]
				},
				"lower_gear_rotation": {
					"rotation": ["q.r.velocity_forward(0)*-9", 0, "q.r.velocity_right(0)*9"]
				}
			}
		},
		"animation.klinklang.ride_mount_run": {
			"loop": true,
			"bones": {
				"body": {
					"rotation": ["q.r.velocity_forward(0)*15", 0, "q.r.velocity_right(0)*-15"]
				},
				"lower_gear_rotation": {
					"rotation": ["q.r.velocity_forward(0)*-9", 0, "q.r.velocity_right(0)*9"]
				}
			}
		}
	}
}