{"format_version":"1.8.0","animations":{"animation.yamask_galarian.pose":{"loop":true,"bones":{"arm_right":{"rotation":[10,0,-15],"position":[0,0,-0.25]},"arm_right2":{"rotation":[0,5,10],"position":[0.09659,-0.02549,-0.00449]},"arm_left":{"rotation":[10,0,15],"position":[0,0,-0.25]},"arm_left2":{"rotation":[0,-5,-10],"position":[-0.09659,-0.02549,-0.00449]}}},"animation.yamask_galarian.ground_idle":{"loop":true,"bones":{"arm_right":{"rotation":[10,0,"-15-math.sin(q.anim_time*90*2+45)*5"],"position":[0,0,-0.25]},"arm_right2":{"rotation":[0,5,"10-math.sin(q.anim_time*90*2+75)*2.5"],"position":[0.09659,-0.02549,-0.00449]},"arm_left":{"rotation":[10,0,"15+math.sin(q.anim_time*90*2+45)*5"],"position":[0,0,-0.25]},"arm_left2":{"rotation":[0,-5,"-10+math.sin(q.anim_time*90*2+75)*2.5"],"position":[-0.09659,-0.02549,-0.00449]},"torso":{"rotation":["0-math.sin(q.anim_time*90*2+30)*2.5","0+math.sin(q.anim_time*90*1+30)*5","0+math.sin(q.anim_time*90*1+30)*1"],"position":[0,"2.5+math.clamp(math.sin(q.anim_time*90*2)*1,-0.75,1)+math.sin(q.anim_time*90*2)*1",0]},"tail":{"rotation":["0-math.sin(q.anim_time*90*2+60)*1",0,"0-math.sin(q.anim_time*90*2+60)*1"]},"tail2":{"rotation":["0-math.sin(q.anim_time*90*2+90)*2.5",0,0]},"tail3":{"rotation":["0-math.sin(q.anim_time*90*2+120)*2.5",0,0]},"tail4":{"rotation":["0-math.sin(q.anim_time*90*2+150)*2.5",0,0]}}},"animation.yamask_galarian.ground_walk":{"loop":true,"bones":{"arm_right":{"rotation":[10,0,"-15-math.sin(q.anim_time*90*3+45)*5"],"position":[0,0,-0.25]},"arm_right2":{"rotation":[0,5,"10-math.sin(q.anim_time*90*3+75)*2.5"],"position":[0.09659,-0.02549,-0.00449]},"arm_left":{"rotation":[10,0,"15+math.sin(q.anim_time*90*3+45)*5"],"position":[0,0,-0.25]},"arm_left2":{"rotation":[0,-5,"-10+math.sin(q.anim_time*90*3+75)*2.5"],"position":[-0.09659,-0.02549,-0.00449]},"torso":{"rotation":["12.5-math.sin(q.anim_time*90*3+30)*2.5","math.sin(q.anim_time*90*1.5+30)*5","math.sin(q.anim_time*90*1.5+30)*1"],"position":[0,"2.5+math.clamp(math.sin(q.anim_time*90*3)*1,-0.75,1)+math.sin(q.anim_time*90*3)*1",0]},"tail":{"rotation":["0-math.sin(q.anim_time*90*3+60)*1",0,"0-math.sin(q.anim_time*90*3+60)*1"]},"tail2":{"rotation":["0-math.sin(q.anim_time*90*3+90)*2.5",0,0]},"tail3":{"rotation":["0-math.sin(q.anim_time*90*3+120)*2.5",0,0]},"tail4":{"rotation":["0-math.sin(q.anim_time*90*3+150)*2.5",0,0]}}},"animation.yamask_galarian.sleep":{"loop":true,"bones":{"arm_right":{"rotation":[10,0,"-15-math.sin(q.anim_time*90*1+45)*5"],"position":[0,0,-0.25]},"arm_right2":{"rotation":[0,5,"10-math.sin(q.anim_time*90*1+75)*2.5"],"position":[0.09659,-0.02549,-0.00449]},"arm_left":{"rotation":[10,0,"15+math.sin(q.anim_time*90*1+45)*5"],"position":[0,0,-0.25]},"arm_left2":{"rotation":[0,-5,"-10+math.sin(q.anim_time*90*1+75)*2.5"],"position":[-0.09659,-0.02549,-0.00449]},"torso":{"rotation":["0-math.sin(q.anim_time*90*1+30)*2.5","0+math.sin(q.anim_time*90*0.5+30)*5","0+math.sin(q.anim_time*90*0.5+30)*1"],"position":[0,-2.75,0]},"tail":{"rotation":["0-math.sin(q.anim_time*90*1+60)*1",0,"0-math.sin(q.anim_time*90*1+60)*1"]},"tail2":{"rotation":["0-math.sin(q.anim_time*90*1+90)*2.5",0,0]},"tail3":{"rotation":["0-math.sin(q.anim_time*90*1+120)*2.5",0,0]},"tail4":{"rotation":["0-math.sin(q.anim_time*90*1+150)*2.5",0,0]}}}},"geckolib_format_version":2}