{
	"format_version": "1.8.0",
	"animations": {
		"animation.chesnaughtmega.ground_idle": {
			"loop": true,
			"animation_length": 6.5833,
			"bones": {
				"tail": {
					"rotation": [-30, 0, 0]
				},
				"tail2": {
					"rotation": [25, 0, 0]
				},
				"arm_right": {
					"rotation": [-27.06882, -34.89038, -30.27982],
					"position": [-2, 1, 0]
				},
				"arm_right2": {
					"rotation": [0, -42.5, 0]
				},
				"finger_right": {
					"rotation": [0, 0, -17.5]
				},
				"finger_right2": {
					"rotation": [0, 0, -22.5]
				},
				"hand_left": {
					"rotation": [0, 17.5, 0]
				},
				"hand_right": {
					"rotation": [0, -17.5, 0]
				},
				"leg_left": {
					"rotation": [-5, -20, 0]
				},
				"leg_right": {
					"rotation": [-5, 20, 0]
				},
				"finger_right3": {
					"rotation": [0, 0, -17.5]
				},
				"torso": {
					"rotation": [2.5, 0, 0]
				},
				"finger_right4": {
					"rotation": [0, 0, -22.5]
				},
				"finger_right5": {
					"rotation": [17.5, 0, 0]
				},
				"finger_right6": {
					"rotation": [22.5, 0, 0]
				},
				"tail3": {
					"rotation": [12.5, 0, 0]
				},
				"tail4": {
					"rotation": [22.5, 0, 0]
				},
				"shell": {
					"rotation": [-12.5, 0, 0]
				},
				"arm_left": {
					"rotation": [-22.02069, 38.01263, 38.76313],
					"position": [2, 1, 0]
				},
				"arm_left2": {
					"rotation": [0, 42.5, 0]
				},
				"finger_left": {
					"rotation": [0, 0, 17.5]
				},
				"finger_left2": {
					"rotation": [0, 0, 22.5]
				},
				"finger_left3": {
					"rotation": [0, 0, 17.5]
				},
				"finger_left4": {
					"rotation": [0, 0, 22.5]
				},
				"finger_left5": {
					"rotation": [17.5, 0, 0]
				},
				"finger_left6": {
					"rotation": [22.5, 0, 0]
				},
				"head": {
					"position": [0, -0.3, 0.3]
				},
				"leg_right2": {
					"rotation": [5, 0, 0]
				},
				"leg_left2": {
					"rotation": [5, 0, 0]
				}
			}
		},
		"animation.chesnaughtmega.blink": {
			"animation_length": 0.1667,
			"bones": {
				"eyelid_left": {
					"position": {
						"0.0": [0.1, 0, -0.15],
						"0.125": [0.1, 0, -0.1],
						"0.1667": [0, 0, 0]
					}
				},
				"eyelid_right": {
					"position": {
						"0.0": [-0.1, 0, -0.15],
						"0.125": [-0.1, 0, -0.1],
						"0.1667": [0, 0, 0]
					}
				}
			}
		},
		"animation.chesnaughtmega.cry": {
			"animation_length": 1.5,
			"bones": {
				"neck": {
					"rotation": {
						"0.0": [0, 0, 0],
						"0.25": [10, 0, 0],
						"1.25": [10, 0, 0],
						"1.5": [0, 0, 0]
					}
				},
				"mouth": {
					"position": {
						"0.0": [0, 0, 0],
						"0.25": [0, -2, 0],
						"1.25": [0, -2, 0],
						"1.5": [0, 0, 0]
					}
				},
				"mouth2": {
					"position": {
						"0.0": [0, 0, 0],
						"0.25": [0, -5, 0],
						"1.25": [0, -5, 0],
						"1.5": [0, 0, 0]
					}
				},
				"jaw": {
					"position": {
						"0.0": [0, 0, 0],
						"0.25": [0, -3, 0],
						"1.25": [0, -3, 0],
						"1.5": [0, 0, 0]
					}
				},
				"head": {
					"rotation": {
						"0.0": [0, 0, 0],
						"0.25": [-15, 0, 0],
						"1.25": [-15, 0, 0],
						"1.5": [0, 0, 0]
					}
				},
				"mouth_closed2": {
					"position": {
						"0.25": [0, 0, -0.1],
						"0.3333": [0, 0, 0],
						"1.1667": [0, 0, 0],
						"1.25": [0, 0, -0.1]
					}
				},
				"mouth_open2": {
					"position": {
						"0.0": [0, 0, 0.1],
						"0.25": [0, 0, 0],
						"1.25": [0, 0, 0],
						"1.5": [0, 0, 0.1]
					}
				},
				"head3": {
					"rotation": {
						"0.0": [0, 0, 0],
						"0.25": [-15, 0, 0],
						"1.25": [-15, 0, 0],
						"1.5": [0, 0, 0]
					}
				},
				"mouth_closed3": {
					"position": {
						"0.25": [0, 0, -0.1],
						"0.3333": [0, 0, 0],
						"1.1667": [0, 0, 0],
						"1.25": [0, 0, -0.1]
					}
				},
				"mouth_open3": {
					"position": {
						"0.0": [0, 0, 0.1],
						"0.25": [0, 0, 0],
						"1.25": [0, 0, 0],
						"1.5": [0, 0, 0.1]
					}
				},
				"mouth_open": {
					"position": {
						"0.0": [0, 0, 0],
						"0.25": [0, 0, -0.1],
						"1.25": [0, 0, -0.1],
						"1.5": [0, 0, 0]
					}
				},
				"mouth_closed": {
					"position": {
						"0.25": [0, 0, 0],
						"0.3333": [0, 0, 0.1],
						"1.1667": [0, 0, 0.1],
						"1.25": [0, 0, 0]
					}
				},
				"head2": {
					"rotation": {
						"0.0": [0, 0, 0],
						"0.25": [-15, 0, 0],
						"1.25": [-15, 0, 0],
						"1.5": [0, 0, 0]
					}
				}
			}
		},
		"animation.chesnaughtmega.battle_idle": {
			"loop": true,
			"bones": {
				"arm_right": {
					"rotation": [26.7244, -70.44173, -39.75368],
					"position": [-2, 0, -2]
				},
				"arm_right2": {
					"rotation": [84.83683, -71.84676, -135.11939]
				},
				"finger_right5": {
					"rotation": [30, 0, 0]
				},
				"finger_right6": {
					"rotation": [37.5, 0, 0]
				},
				"tail": {
					"rotation": [-25, 0, 0]
				},
				"tail2": {
					"rotation": [25, 0, 0]
				},
				"tail3": {
					"rotation": [12.5, 0, 0]
				},
				"tail4": {
					"rotation": [22.5, 0, 0]
				},
				"arm_left": {
					"rotation": [26.7244, 70.44173, 39.75368],
					"position": [2, 0, -2]
				},
				"arm_left2": {
					"rotation": [84.83683, 71.84676, 135.11939]
				},
				"finger_left5": {
					"rotation": [30, 0, 0]
				},
				"finger_left6": {
					"rotation": [37.5, 0, 0]
				},
				"bone3": {
					"rotation": [93.25149, 2.95715, -7.49927],
					"position": [0, 4, -27]
				},
				"bone4": {
					"rotation": [92.23278, 1.95413, 1.58209],
					"position": [1.8, 3.6, -27.2]
				}
			}
		},
		"animation.chesnaughtmega.ground_walk": {
			"loop": true,
			"animation_length": 2,
			"bones": {
				"waist": {
					"rotation": [10, 0, 0]
				},
				"chest": {
					"rotation": ["12.5+Math.cos((query.anim_time-0.3) * 90 * 2) * 2", 0, 0]
				},
				"inner_eyelid_right": {
					"position": [-0.125, 0, 0]
				},
				"inner_eyelid_cover_right": {
					"position": [0.125, 0, 0]
				},
				"inner_eyelid_left": {
					"position": [0.1, 0, 0]
				},
				"inner_eyelid_cover_left": {
					"position": [-0.075, 0, 0]
				},
				"tongue": {
					"rotation": ["-40+math.cos((query.anim_time)*90*2)*5", "math.cos((query.anim_time)*90*4)*5", "math.cos((query.anim_time)*90*4-100)*2"]
				},
				"tongue2": {
					"rotation": ["-22.5+math.cos((query.anim_time)*90*2-90)*12", "math.cos((query.anim_time)*90*4-100)*5", 0]
				},
				"tongue3": {
					"rotation": ["-5+math.cos((query.anim_time)*90*2-180)*15", "math.cos((query.anim_time)*90*4-200)*5", 0]
				},
				"tongue4": {
					"rotation": ["math.cos((query.anim_time)*90*2-225)*5", "0+math.cos((query.anim_time)*90*4-300)*5", 0]
				},
				"tongue5": {
					"rotation": ["30-math.cos((query.anim_time)*90*4-350)*5", 0, 0]
				},
				"tongue6": {
					"rotation": ["17.5+math.cos((query.anim_time)*90*2-315)*15", 0, 0]
				},
				"tongue7": {
					"rotation": ["-5+math.cos((query.anim_time)*90*6-350)*5", 0, 0]
				},
				"hand_right": {
					"rotation": [0, 0, -15]
				},
				"hand_left": {
					"rotation": [0, 0, 15]
				},
				"foot_right": {
					"rotation": {
						"0.0": [2.5, 0, 0],
						"0.3333": [-7.5, 0, 0],
						"0.5417": [-36.5, 0, 0],
						"0.6667": [-29.5, 0, 0],
						"0.8333": [-0.67, 0, 0],
						"0.875": [2, 0, 0],
						"1.0": [7.5, 0, 0],
						"1.1667": [10, 0, 0],
						"1.6667": [12.5, 0, 0],
						"2.0": [2.5, 0, 0]
					}
				},
				"toe_back_right": {
					"rotation": [25, 0, 0]
				},
				"foot_left": {
					"rotation": {
						"0.0": [7.5, 0, 0],
						"0.1667": [10, 0, 0],
						"0.6667": [12.5, 0, 0],
						"1.3333": [-7.5, 0, 0],
						"1.5417": [-36.5, 0, 0],
						"1.6667": [-29.5, 0, 0],
						"1.8333": [-0.67, 0, 0],
						"1.875": [2, 0, 0],
						"2.0": [7.5, 0, 0]
					}
				},
				"toe_back_left": {
					"rotation": [25, 0, 0]
				},
				"head_fin_right": {
					"rotation": ["Math.cos((query.anim_time-0.3) * 90 * 4) * 1", 0, 0]
				},
				"head_fin_left": {
					"rotation": ["Math.cos((query.anim_time-0.3) * 90 * 4) * 1", 0, 0]
				},
				"shuriken2": {
					"position": [0, 21, 0],
					"scale": [0, 1, 0]
				},
				"torso": {
					"rotation": ["-5+Math.cos((query.anim_time-0.2) * 90 * 2) * 2", 0, 0],
					"position": [0, "-0.25+Math.cos((query.anim_time+0.1) * 90 * 4) * 0.5", 0]
				},
				"neck": {
					"rotation": ["-7.5+Math.cos((query.anim_time-0.3) * 90 * 2) * -2", 0, 0]
				},
				"head": {
					"rotation": [20, 0, 0]
				},
				"arm_right": {
					"rotation": [0, "-(Math.cos((query.anim_time) * 90 * 2) * 10)", -70],
					"position": [-5, 2, 0]
				},
				"arm_right2": {
					"rotation": [0, "-22.5+Math.cos((query.anim_time-0.3) * 90 * 2) * -10", 0]
				},
				"arm_left": {
					"rotation": [0, "Math.cos((query.anim_time) * 90 * 2) * -10", 70],
					"position": [6, 3, 0]
				},
				"arm_left2": {
					"rotation": [0, "22.5+Math.cos((query.anim_time-0.3) * 90 * 2) * -10", 0]
				},
				"tail": {
					"rotation": [-10, 0, 0]
				},
				"leg_right": {
					"rotation": {
						"0.0": [35.67, 2.6, 3.58],
						"0.0833": [38.42186, 2.60422, 3.5755],
						"0.25": [34.22275, 3.21529, 3.44376],
						"0.5417": [0.02365, 3.82637, 3.31201],
						"0.7083": [-15.37456, 5.04852, 3.04852],
						"0.875": [-23.72774, 6.89541, 2.65034],
						"1.0": [-25.17098, 7.49282, 2.52154],
						"1.125": [-23.72774, 6.89541, 2.65034],
						"1.2917": [-16.49242, 5.27073, 3.00062],
						"1.625": [0.92186, 2.60422, 3.5755],
						"1.9167": [32.92186, 2.60422, 3.5755],
						"2.0": [35.67, 2.6, 3.58]
					}
				},
				"leg_right2": {
					"rotation": {
						"0.0": [18.82, 0, 0],
						"0.125": [24, 0, 0],
						"0.375": [64.33, 0, 0],
						"0.5417": [57.75, 0, 0],
						"0.75": [17.13, 0, 0],
						"1.0": [2.75, 0, 0],
						"1.2917": [-3, 0, 0],
						"2.0": [18.82, 0, 0]
					}
				},
				"leg_left": {
					"rotation": {
						"0.0": [-25.17098, -7.49282, -2.52154],
						"0.125": [-23.72774, -6.89541, -2.65034],
						"0.2917": [-16.49242, -5.27073, -3.00062],
						"0.625": [0.92186, -2.60422, -3.5755],
						"0.9167": [32.92186, -2.60422, -3.5755],
						"1.0833": [38.42186, -2.60422, -3.5755],
						"1.25": [34.22275, -3.21529, -3.44376],
						"1.5417": [0.02365, -3.82637, -3.31201],
						"1.7083": [-15.37456, -5.04852, -3.04852],
						"1.875": [-23.72774, -6.89541, -2.65034],
						"2.0": [-25.17098, -7.49282, -2.52154]
					}
				},
				"leg_left2": {
					"rotation": {
						"0.0": [2.75, 0, 0],
						"0.2917": [-3, 0, 0],
						"1.125": [24, 0, 0],
						"1.375": [64.33, 0, 0],
						"1.5417": [57.75, 0, 0],
						"1.75": [17.13, 0, 0],
						"2.0": [2.75, 0, 0]
					}
				}
			}
		}
	}
}