{"format_version":"1.8.0","animations":{"animation.mienfoo.ground_idle":{"loop":true,"bones":{"mouth":{"scale":0},"arm_right":{"rotation":[23.93181,-1.05938,-51.14743]},"arm_left":{"rotation":[0,0,-12.5]},"arm_left_outer":{"rotation":[0,17.5,0]}}},"animation.mienfoo.cry":{"animation_length":1,"sound_effects":{"0.0":{"effect":"pokemon.mienfoo.cry"}},"bones":{"mouth":{"scale":{"0.0":[1,1,1],"0.1667":[1,1.4,1],"0.4167":[1,1,1],"0.5417":[1,1.4,1],"0.875":[1,1,1],"0.9583":[1,0.4,1]}}}},"animation.mienfoo.ground_walk":{"loop":true,"bones":{"mouth":{"scale":0},"arm_right":{"rotation":[0,0,-55]},"arm_left":{"rotation":[0,0,52.5]},"leg_right":{"rotation":["math.sin(query.anim_time * 360) * -25",0,0]},"leg_right_lower":{"rotation":["math.sin(query.anim_time * 360) * -25",0,0]},"foot_right":{"rotation":["math.sin(query.anim_time * 360) * -5",0,0]},"leg_left":{"rotation":["math.sin(query.anim_time * 360) * 25",0,0]},"leg_left_lower":{"rotation":["math.sin(query.anim_time * 360) * 25",0,0]},"foot_left":{"rotation":["math.sin(query.anim_time * 360) * 5",0,0]}}}}}