{
	"format_version": "1.8.0",
	"animations": {
		"animation.simisear.ground_idle": {
			"loop": true,
			"bones": {
				"torso": {
					"rotation": ["10.5+math.sin(q.anim_time*90*2-0)*-1.5", 0, "math.sin(q.anim_time*90*1-90)*-1"],
					"position": [0, 0, 2.5]
				},
				"head": {
					"rotation": [-5, 0, 0]
				},
				"right_arm": {
					"rotation": [0, 0, "-35-math.sin(q.anim_time*90*2-0)*-1.5"]
				},
				"right_arm2": {
					"rotation": [-27.13424, -46.43864, "50.7502-math.sin(q.anim_time*90*2-0)*-5"],
					"position": [0.25, -0.2, 0.25]
				},
				"tail": {
					"rotation": ["-45+math.sin(q.anim_time*60*3)*2", 0, 0]
				},
				"tail2": {
					"rotation": ["15+math.sin(q.anim_time*60*3)*2", 0, 0]
				},
				"tail3": {
					"rotation": ["15+math.sin(q.anim_time*60*3)*2", 0, 0]
				},
				"tail4": {
					"rotation": ["10+math.sin(q.anim_time*60*3)*3", 0, 0]
				},
				"tail5": {
					"rotation": ["17.5+math.sin(q.anim_time*60*3)*3", 0, 0]
				},
				"right_thigh": {
					"rotation": ["-25+math.sin(q.anim_time*90*2)*2", 30, 12.5]
				},
				"body": {
					"position": [0, "-1.6+math.sin(q.anim_time*90*2)*0.3", 3]
				},
				"right_hand": {
					"rotation": [112.75441, 12.39722, -33.20214],
					"position": [0.7, -0.6, -0.8]
				},
				"right_finger": {
					"rotation": [5.84485, -11.0686, -28.06682]
				},
				"right_finger2": {
					"rotation": [-1.31845, -9.91358, 7.61435]
				},
				"right_finger3": {
					"rotation": [0, -12.5, 2.5]
				},
				"right_finger4": {
					"rotation": [0.22839, -17.49513, -2.55916]
				},
				"right_finger5": {
					"rotation": [1.45642, -27.43791, -5.50166]
				},
				"right_leg": {
					"rotation": ["32.5+math.sin(q.anim_time*90*2)*-3", 0, 0],
					"position": [0, 0.5, -0.25]
				},
				"leg_fur": {
					"rotation": [0, 0, -10]
				},
				"right_feet": {
					"rotation": ["0-math.sin(q.anim_time*90*2)*-4", 0, -10]
				},
				"left_arm": {
					"rotation": [0, 0, "35+math.sin(q.anim_time*90*2-0)*-1.5"]
				},
				"left_arm2": {
					"rotation": [-27.13424, 46.43864, "-50.7502+math.sin(q.anim_time*90*2-0)*-5"],
					"position": [-0.25, -0.2, 0.25]
				},
				"left_hand": {
					"rotation": [112.75441, -12.39722, 33.20214],
					"position": [-0.7, -0.6, -0.8]
				},
				"left_finger": {
					"rotation": [5.84485, 11.0686, 28.06682]
				},
				"left_finger2": {
					"rotation": [-1.31845, 9.91358, -7.61435]
				},
				"left_finger3": {
					"rotation": [0, 12.5, -2.5]
				},
				"left_finger4": {
					"rotation": [0.22839, 17.49513, 2.55916]
				},
				"left_finger5": {
					"rotation": [1.45642, 27.43791, 5.50166]
				},
				"left_thigh": {
					"rotation": ["-25+math.sin(q.anim_time*90*2)*2", -30, -12.5]
				},
				"left_leg": {
					"rotation": ["32.5+math.sin(q.anim_time*90*2)*-3", 0, 0],
					"position": [0, 0.5, -0.25]
				},
				"left_feet": {
					"rotation": ["0-math.sin(q.anim_time*90*2)*-4", 0, 10]
				}
			}
		},
		"animation.simisear.blink": {
			"animation_length": 0.25,
			"bones": {
				"happy": {
					"position": {
						"0.0": [0, 0, 0],
						"0.0417": [0, 0, -1],
						"0.2083": [0, 0, -1],
						"0.25": [0, 0, 0]
					}
				},
				"left_eye": {
					"position": {
						"0.0": [0, 0, 0],
						"0.0417": [0, 0, 1],
						"0.2083": [0, 0, 1],
						"0.25": [0, 0, 0]
					}
				},
				"right_eye": {
					"position": {
						"0.0": [0, 0, 0],
						"0.0417": [0, 0, 1],
						"0.2083": [0, 0, 1],
						"0.25": [0, 0, 0]
					}
				}
			}
		},
		"animation.simisear.faint": {
			"animation_length": 1.8333,
			"bones": {
				"head": {
					"rotation": {
						"0.0": [-17.5, 0, 0],
						"0.25": {
							"pre": [5, 0, 0],
							"post": [5, 0, 0],
							"lerp_mode": "catmullrom"
						},
						"0.375": {
							"post": [-5, 0, 0],
							"lerp_mode": "catmullrom"
						},
						"0.8333": [0, 0, 0]
					}
				},
				"right_arm": {
					"rotation": {
						"0.0": [0, 0, "-25-math.sin(q.anim_time*90*2-0)*-1.5"],
						"0.625": [-33.70382, -43.02808, 33.05574],
						"0.9583": [-36.74861, -4.61212, "26.4187-math.sin(q.anim_time*90*2-0)*-1.5"]
					}
				},
				"right_arm2": {
					"rotation": {
						"0.0": [7.30752, -31.69914, "-14.7231-math.sin(q.anim_time*90*2-0)*-5"],
						"0.5417": [7.31, -31.7, "-14.7231-math.sin(q.anim_time*90*2-0)*-5"],
						"0.625": [-18.06083, -27.4229, "34.296-math.sin(q.anim_time*90*2-0)*-5"],
						"0.9583": [-8.35651, -31.46581, "14.7127-math.sin(q.anim_time*90*2-0)*-5"],
						"1.1667": [-19.26905, -26.62265, "36.9547-math.sin(q.anim_time*90*2-0)*-5"]
					}
				},
				"tail": {
					"rotation": {
						"0.0": ["-45+math.sin(q.anim_time*60*3)*2", 0, 0],
						"1.0": ["-82.5+math.sin(q.anim_time*60*3)*2", 0, 0]
					}
				},
				"tail2": {
					"rotation": {
						"0.0": ["15+math.sin(q.anim_time*60*3)*2", 0, 0],
						"0.875": ["-7.5+math.sin(q.anim_time*60*3)*2", 0, 0],
						"1.0": ["-20+math.sin(q.anim_time*60*3)*2", 0, 0]
					}
				},
				"tail3": {
					"rotation": {
						"0.0": ["15+math.sin(q.anim_time*60*3)*2", 0, 0],
						"0.875": ["-10+math.sin(q.anim_time*60*3)*2", 0, 0],
						"1.0": ["-2.5+math.sin(q.anim_time*60*3)*2", 0, 0]
					}
				},
				"tail4": {
					"rotation": {
						"0.0": ["20+math.sin(q.anim_time*60*3)*3", 0, 0],
						"0.875": ["-2.5+math.sin(q.anim_time*60*3)*3", 0, 0],
						"1.0": ["7.5+math.sin(q.anim_time*60*3)*3", 0, 0],
						"1.5417": ["5+math.sin(q.anim_time*60*3)*3", 0, 0]
					}
				},
				"tail5": {
					"rotation": {
						"0.0": ["17.5+math.sin(q.anim_time*60*3)*3", 0, 0],
						"0.875": ["-10+math.sin(q.anim_time*60*3)*3", 0, 0],
						"1.0": ["2.5+math.sin(q.anim_time*60*3)*3", 0, 0],
						"1.5417": ["12.5+math.sin(q.anim_time*60*3)*3", 0, 0]
					}
				},
				"right_thigh": {
					"rotation": {
						"0.0": ["-25+math.sin(q.anim_time*90*2)*2", 30, 12.5],
						"0.7083": ["-25+math.sin(q.anim_time*90*2)*2", 30, 12.5],
						"0.9167": ["2.5+math.sin(q.anim_time*90*2)*2", 30, 12.5]
					}
				},
				"body": {
					"rotation": {
						"0.5833": [0, 0, 0],
						"1.0": [70, 0, 0],
						"1.0417": [62.5, 0, 0],
						"1.125": [70, 0, 0]
					},
					"position": [0, "-1.75+math.sin(q.anim_time*90*2)*0.3", 3]
				},
				"right_hand": {
					"rotation": [42.5, 0, 0]
				},
				"right_finger": {
					"rotation": [5.84485, -11.0686, -28.06682]
				},
				"right_finger2": {
					"rotation": [-1.31845, -9.91358, 7.61435]
				},
				"right_finger3": {
					"rotation": [0, -12.5, 2.5]
				},
				"right_finger4": {
					"rotation": [0.22839, -17.49513, -2.55916]
				},
				"right_finger5": {
					"rotation": [1.45642, -27.43791, -5.50166]
				},
				"right_leg": {
					"rotation": {
						"0.0": ["32.5+math.sin(q.anim_time*90*2)*-3", 0, 0],
						"0.7083": ["32.5+math.sin(q.anim_time*90*2)*-3", 0, 0],
						"0.9167": ["67.5+math.sin(q.anim_time*90*2)*-3", 0, 0]
					},
					"position": [0, 0.5, -0.75]
				},
				"leg_fur": {
					"rotation": [0, 0, -10]
				},
				"right_feet": {
					"rotation": ["0-math.sin(q.anim_time*90*2)*-4", 0, -10]
				},
				"left_eye": {
					"position": {
						"0.4583": [0, 0, 0],
						"0.5": [0, 0, 1]
					}
				},
				"shock": {
					"position": {
						"0.4583": [0, 0, 0],
						"0.5": [0, 0, -1]
					}
				},
				"open": {
					"position": {
						"0.4583": [0, 0, 0],
						"0.5": [0, 0, -1]
					}
				},
				"head_fur": {
					"position": {
						"0.0": [0, 0, 0],
						"0.0833": [0, 0, 0],
						"0.2917": [0, 0.5, 0]
					}
				}
			}
		},
		"animation.simisear.battle_idle": {
			"loop": true,
			"bones": {
				"torso": {
					"rotation": ["10.5+math.sin(q.anim_time*90*2-0)*-1.5", 0, "math.sin(q.anim_time*90*1-90)*-1"],
					"position": [0, 0, 2.5]
				},
				"head": {
					"rotation": [-5, 0, 0]
				},
				"right_arm": {
					"rotation": [0, 0, "-35-math.sin(q.anim_time*90*2-0)*-1.5"]
				},
				"right_arm2": {
					"rotation": [-27.13424, -46.43864, "50.7502-math.sin(q.anim_time*90*2-0)*-5"],
					"position": [0.25, -0.2, 0.25]
				},
				"tail": {
					"rotation": ["-45+math.sin(q.anim_time*60*3)*2", 0, 0]
				},
				"tail2": {
					"rotation": ["15+math.sin(q.anim_time*60*3)*2", 0, 0]
				},
				"tail3": {
					"rotation": ["15+math.sin(q.anim_time*60*3)*2", 0, 0]
				},
				"tail4": {
					"rotation": ["10+math.sin(q.anim_time*60*3)*3", 0, 0]
				},
				"tail5": {
					"rotation": ["17.5+math.sin(q.anim_time*60*3)*3", 0, 0]
				},
				"right_thigh": {
					"rotation": ["-25+math.sin(q.anim_time*90*2)*2", 30, 12.5]
				},
				"body": {
					"position": [0, "-1.6+math.sin(q.anim_time*90*2)*0.3", 3]
				},
				"right_hand": {
					"rotation": [112.75441, 12.39722, -33.20214],
					"position": [0.7, -0.6, -0.8]
				},
				"right_finger": {
					"rotation": [5.84485, -11.0686, -28.06682]
				},
				"right_finger2": {
					"rotation": [-1.31845, -9.91358, 7.61435]
				},
				"right_finger3": {
					"rotation": [0, -12.5, 2.5]
				},
				"right_finger4": {
					"rotation": [0.22839, -17.49513, -2.55916]
				},
				"right_finger5": {
					"rotation": [1.45642, -27.43791, -5.50166]
				},
				"right_leg": {
					"rotation": ["32.5+math.sin(q.anim_time*90*2)*-3", 0, 0],
					"position": [0, 0.5, -0.25]
				},
				"leg_fur": {
					"rotation": [0, 0, -10]
				},
				"right_feet": {
					"rotation": ["0-math.sin(q.anim_time*90*2)*-4", 0, -10]
				},
				"head_fur": {
					"position": [0, -0.3, 0]
				},
				"left_arm": {
					"rotation": [0, 0, "35+math.sin(q.anim_time*90*2-0)*-1.5"]
				},
				"left_arm2": {
					"rotation": [-27.13424, 46.43864, "-50.7502+math.sin(q.anim_time*90*2-0)*-5"],
					"position": [-0.25, -0.2, 0.25]
				},
				"left_hand": {
					"rotation": [112.75441, -12.39722, 33.20214],
					"position": [-0.7, -0.6, -0.8]
				},
				"left_finger": {
					"rotation": [5.84485, 11.0686, 28.06682]
				},
				"left_finger2": {
					"rotation": [-1.31845, 9.91358, -7.61435]
				},
				"left_finger3": {
					"rotation": [0, 12.5, -2.5]
				},
				"left_finger4": {
					"rotation": [0.22839, 17.49513, 2.55916]
				},
				"left_finger5": {
					"rotation": [1.45642, 27.43791, 5.50166]
				},
				"left_thigh": {
					"rotation": ["-25+math.sin(q.anim_time*90*2)*2", -30, -12.5]
				},
				"left_leg": {
					"rotation": ["32.5+math.sin(q.anim_time*90*2)*-3", 0, 0],
					"position": [0, 0.5, -0.25]
				},
				"left_feet": {
					"rotation": ["0-math.sin(q.anim_time*90*2)*-4", 0, 10]
				}
			}
		},
		"animation.simisear.ground_walk": {
			"loop": true,
			"animation_length": 1,
			"bones": {
				"simisear": {
					"position": [0, 0, "0+math.sin(q.anim_time*90*8+210)*0.2"]
				},
				"body": {
					"position": {
						"0.0": [0, -2.5, 0],
						"0.125": {
							"pre": [0, -1.5, 0],
							"post": [0, -1.5, 0],
							"lerp_mode": "catmullrom"
						},
						"0.25": {
							"post": [0, -1.25, 0],
							"lerp_mode": "catmullrom"
						},
						"0.375": {
							"post": [0, -1, 0],
							"lerp_mode": "catmullrom"
						},
						"0.5": [0, -2, 0],
						"0.625": {
							"pre": [0, -2, 0],
							"post": [0, -2, 0],
							"lerp_mode": "catmullrom"
						},
						"0.75": {
							"post": [0, -1.25, 0],
							"lerp_mode": "catmullrom"
						},
						"0.8333": {
							"post": [0, -1.5, 0],
							"lerp_mode": "catmullrom"
						},
						"1.0": [0, -2.5, 0]
					}
				},
				"torso": {
					"rotation": ["5+math.sin(q.anim_time*90*8+30)*2", "0+math.sin(q.anim_time*90*4+90)*10", "0+math.sin(q.anim_time*90*4+270)*3"],
					"position": [0, "0+math.sin(q.anim_time*90*8+130)*0.3", 1]
				},
				"head": {
					"rotation": ["2.5+math.sin(q.anim_time*90*8-60)*1.5", "0+math.sin(q.anim_time*90*4+0)*5", "0+math.sin(q.anim_time*90*4+0+180)*3"]
				},
				"right_arm": {
					"rotation": [10.08453, "7.3854+math.sin(q.anim_time*90*4-90)*25", "-48.6904+math.sin(q.anim_time*90*4+0)*2.5"]
				},
				"right_arm2": {
					"rotation": [0, "-42.5+math.sin(q.anim_time*90*4-120)*20", 0],
					"position": [0.5, 0, 0.5]
				},
				"right_hand": {
					"rotation": [80, "math.sin(q.anim_time*90*4-150)*2.5", "-22.5+math.sin(q.anim_time*90*4-150)*5"],
					"position": [0.15, -0.34, 0]
				},
				"tail": {
					"rotation": ["-50+math.sin(q.anim_time*90*8-95)*4", "math.sin(q.anim_time*90*4-30)*18", 0]
				},
				"tail2": {
					"rotation": ["20+math.sin(q.anim_time*90*8-95)*4", "math.sin(q.anim_time*90*4-30)*18", 0]
				},
				"tail3": {
					"rotation": ["22.5+math.sin(q.anim_time*90*8-95)*4", "math.sin(q.anim_time*90*4-30)*18", 0]
				},
				"right_thigh": {
					"rotation": {
						"0.0": {
							"post": [36.50677, 8.43184, 4.42536],
							"lerp_mode": "catmullrom"
						},
						"0.1667": {
							"post": [24.86042, 8.76111, 3.97209],
							"lerp_mode": "catmullrom"
						},
						"0.5": {
							"post": [-61.31845, 9.91358, 2.38565],
							"lerp_mode": "catmullrom"
						},
						"0.75": {
							"post": [1.18155, 9.91358, 2.38565],
							"lerp_mode": "catmullrom"
						},
						"1.0": {
							"post": [36.50677, 8.43184, 4.42536],
							"lerp_mode": "catmullrom"
						}
					},
					"position": {
						"0.0": {
							"post": [0, 0.5, 1],
							"lerp_mode": "catmullrom"
						},
						"0.25": {
							"post": [0, 0.75, 0.13],
							"lerp_mode": "catmullrom"
						},
						"0.5": {
							"post": [0, 0, -0.75],
							"lerp_mode": "catmullrom"
						},
						"0.75": {
							"post": [0, 0, 0],
							"lerp_mode": "catmullrom"
						},
						"0.875": {
							"post": [0, 0.75, 0.5],
							"lerp_mode": "catmullrom"
						},
						"1.0": {
							"post": [0, 0.5, 1],
							"lerp_mode": "catmullrom"
						}
					}
				},
				"right_leg": {
					"rotation": {
						"0.0": {
							"post": [15, 0, 0],
							"lerp_mode": "catmullrom"
						},
						"0.1667": {
							"post": [55, 0, 0],
							"lerp_mode": "catmullrom"
						},
						"0.3333": {
							"post": [92.5, 0, 0],
							"lerp_mode": "catmullrom"
						},
						"0.5": {
							"post": [47.5, 0, 0],
							"lerp_mode": "catmullrom"
						},
						"0.75": {
							"post": [0, 0, 0],
							"lerp_mode": "catmullrom"
						},
						"1.0": {
							"post": [15, 0, 0],
							"lerp_mode": "catmullrom"
						}
					},
					"position": [0, 1, -0.5]
				},
				"right_feet": {
					"rotation": {
						"0.0": {
							"post": [-45.4165, -7.26605, 3.29302],
							"lerp_mode": "catmullrom"
						},
						"0.25": {
							"post": [-0.4165, -7.26605, 3.29302],
							"lerp_mode": "catmullrom"
						},
						"0.5": {
							"post": [24.37394, -0.4385, 6.40588],
							"lerp_mode": "catmullrom"
						},
						"0.6667": {
							"post": [11.9438, -2.71435, 5.36826],
							"lerp_mode": "catmullrom"
						},
						"0.8333": {
							"post": [-35.48635, -4.9902, 4.33064],
							"lerp_mode": "catmullrom"
						},
						"1.0": {
							"post": [-45.4165, -7.26605, 3.29302],
							"lerp_mode": "catmullrom"
						}
					}
				},
				"tail4": {
					"rotation": [10, 0, 0]
				},
				"tail5": {
					"rotation": [10, 0, 0]
				},
				"leg_fur": {
					"rotation": {
						"0.0": [-30, 0, 0],
						"0.1667": [-15, 0, 0],
						"0.3333": [5, 0, 0],
						"0.5": [24, 0, 0],
						"0.75": [-10, 0, 0],
						"1.0": [-30, 0, 0]
					}
				}
			}
		},
		"animation.simisear.recoil": {
			"animation_length": 0.7083,
			"bones": {
				"torso": {
					"rotation": {
						"0.0": [0, 0, 0],
						"0.0417": {
							"pre": [2.5, 0, 0],
							"post": [2.5, 0, 0],
							"lerp_mode": "catmullrom"
						},
						"0.1667": {
							"post": [-5, 0, 0],
							"lerp_mode": "catmullrom"
						},
						"0.4583": [0, 0, 0]
					}
				},
				"head": {
					"rotation": {
						"0.0": [0, 0, 0],
						"0.0417": {
							"pre": [5, 0, 0],
							"post": [5, 0, 0],
							"lerp_mode": "catmullrom"
						},
						"0.1667": {
							"post": [-5, 0, 0],
							"lerp_mode": "catmullrom"
						},
						"0.625": [0, 0, 0]
					}
				},
				"shock": {
					"position": {
						"0.0417": [0, 0, 0],
						"0.0833": [0, 0, -1],
						"0.6667": [0, 0, -1],
						"0.7083": [0, 0, 0]
					}
				},
				"open": {
					"position": {
						"0.0": [0, 0, 0],
						"0.0833": [0, 0, -1],
						"0.625": [0, 0, -1],
						"0.6667": [0, 0, 1]
					}
				},
				"left_eye": {
					"position": {
						"0.0": [0, 0, 0],
						"0.0417": [0, 0, 1],
						"0.625": [0, 0, 1],
						"0.6667": [0, 0, 0]
					}
				},
				"right_eye": {
					"position": {
						"0.0": [0, 0, 0],
						"0.0417": [0, 0, 1],
						"0.625": [0, 0, 1],
						"0.6667": [0, 0, 0]
					}
				}
			}
		},
		"animation.simisear.cry": {
			"animation_length": 2.7917,
			"bones": {
				"open": {
					"position": {
						"0.6667": [0, 0, 0],
						"0.7083": {"pre": [0, 0, 0], "post": [0, 0, -1]},
						"1.6667": {"pre": [0, 0, -1], "post": [0, 0, 0]}
					}
				},
				"head": {
					"rotation": {
						"0.0": [0, 0, 0],
						"0.1667": [0, 0, 0],
						"0.6667": [20, 0, 0],
						"0.7083": [-17.5, 0, 0],
						"2.125": [-17.5, 0, 0],
						"2.375": [0, 0, 0]
					}
				},
				"torso": {
					"rotation": {
						"0.0": [0, 0, 0],
						"0.2083": [0, 0, 0],
						"0.625": {
							"pre": [15.5, -8, 0],
							"post": [15.5, -8, 0],
							"lerp_mode": "catmullrom"
						},
						"0.8333": {
							"post": [-13, 0, 0],
							"lerp_mode": "catmullrom"
						},
						"1.9583": {
							"post": [-3, 0, 0],
							"lerp_mode": "catmullrom"
						},
						"2.3333": {
							"post": [0, 0, 0],
							"lerp_mode": "catmullrom"
						},
						"2.7917": [0, 0, 0]
					},
					"position": {
						"0.0": [0, 0, 0],
						"0.2083": [0, 0, 0],
						"0.375": [0, 0, 1],
						"0.4583": [0, -1, 3],
						"0.5417": [0, -1, 3],
						"0.625": [0, 0.33, 3],
						"0.6667": [0, 1, 2],
						"0.7083": [0, 0, 2],
						"0.7917": [0, 0, -2],
						"0.8333": [0, -0.1, -2],
						"0.875": [0, 0.1, -2],
						"0.9167": [0, -0.1, -2],
						"0.9583": [0, 0.2, -2],
						"1.0": [0, -0.4, -2],
						"1.0417": [0, 0.4, -2],
						"1.0833": [0, -0.4, -2],
						"1.125": [0, 0.4, -2],
						"1.1667": [0, -0.4, -2],
						"1.2083": [0, -0.4, -1.75],
						"1.25": [0, 0.4, -1.75],
						"1.2917": [0, -0.4, -1.5],
						"1.3333": [0, 0.4, -1.5],
						"1.375": [0, -0.4, -1.5],
						"1.4167": [0, 0.4, -1.5],
						"1.4583": [0, -0.4, -1.5],
						"1.5": [0, -0.1, -1.5],
						"1.5417": [0, 0.1, -1.5],
						"1.5833": [0, 0, -1.5],
						"2.3333": [0, 0, 0],
						"2.7917": [0, 0, 0]
					}
				},
				"right_arm": {
					"rotation": {
						"0.0": [0, 0, 0],
						"0.4167": {
							"pre": [0, -40, 0],
							"post": [0, -40, 0],
							"lerp_mode": "catmullrom"
						},
						"0.625": {
							"post": [0, 17.5, 0],
							"lerp_mode": "catmullrom"
						},
						"1.5417": {
							"post": [0, 42.5, 0],
							"lerp_mode": "catmullrom"
						},
						"1.9167": [0, 0, 0]
					}
				},
				"right_arm2": {
					"rotation": {
						"0.0": [0, 0, 0],
						"0.4167": {
							"pre": [0, -92.5, 0],
							"post": [0, -92.5, 0],
							"lerp_mode": "catmullrom"
						},
						"0.625": {
							"post": [-55, -75, 0],
							"lerp_mode": "catmullrom"
						},
						"1.5": {
							"post": [-55, -75, 0],
							"lerp_mode": "catmullrom"
						},
						"1.9167": [0, 0, 0]
					}
				},
				"right_finger": {
					"rotation": {
						"0.2917": [0, 0, 0],
						"0.375": [0, 0, -72.5],
						"1.625": [0, 0, -72.5],
						"2.0833": [0, 0, 0]
					}
				},
				"rfinger_paw": {
					"rotation": {
						"0.2917": [0, 0, 0],
						"0.375": [0, -50, 0],
						"1.625": [0, -50, 0],
						"2.0833": [0, 0, 0]
					}
				},
				"arm_fur": {
					"rotation": {
						"0.0": [0, 0, 0],
						"0.7917": [0, 0, 0],
						"0.8333": [0, 0, 1],
						"0.875": [0, 0, -1],
						"0.9167": [0, 0, 2],
						"0.9583": [0, 0, -2],
						"1.0": [0, 0, 3.5],
						"1.0417": [0, 0, -3.5],
						"1.0833": [0, 0, 3.5],
						"1.125": [0, 0, -3.5],
						"1.1667": [0, 0, 3.5],
						"1.2083": [0, 0, -3.5],
						"1.25": [0, 0, 3.5],
						"1.2917": [0, 0, -3.5],
						"1.3333": [0, 0, 3.5],
						"1.375": [0, 0, -3.5],
						"1.4167": [0, 0, 3.5],
						"1.4583": [0, 0, -3.5],
						"1.5": [0, 0, 2.5],
						"1.5417": [0, 0, 1.5],
						"1.5833": [0, 0, 0]
					}
				},
				"arm_fur2": {
					"rotation": {
						"0.0": [0, 0, 0],
						"0.7917": [0, 0, 0],
						"0.8333": [0, 0, -1],
						"0.875": [0, 0, 1],
						"0.9167": [0, 0, -2],
						"0.9583": [0, 0, 2],
						"1.0": [0, 0, -3.5],
						"1.0417": [0, 0, 3.5],
						"1.0833": [0, 0, -3.5],
						"1.125": [0, 0, 3.5],
						"1.1667": [0, 0, -3.5],
						"1.2083": [0, 0, 3.5],
						"1.25": [0, 0, -3.5],
						"1.2917": [0, 0, 3.5],
						"1.3333": [0, 0, -3.5],
						"1.375": [0, 0, 3.5],
						"1.4167": [0, 0, -3.5],
						"1.4583": [0, 0, 3.5],
						"1.5": [0, 0, -2.5],
						"1.5417": [0, 0, 1.5],
						"1.5833": [0, 0, 0]
					}
				},
				"right_thigh": {
					"rotation": {
						"0.6667": [0, 0, 0],
						"0.7917": [0, 12.5, 0],
						"1.625": [0, 22.5, 0],
						"1.7917": [0, 0, 0]
					}
				},
				"left_arm": {
					"rotation": {
						"0.0": [0, 0, 0],
						"0.4167": {
							"pre": [0, 40, 0],
							"post": [0, 40, 0],
							"lerp_mode": "catmullrom"
						},
						"0.625": {
							"post": [0, -17.5, 0],
							"lerp_mode": "catmullrom"
						},
						"1.5417": {
							"post": [0, -42.5, 0],
							"lerp_mode": "catmullrom"
						},
						"1.9167": [0, 0, 0]
					}
				},
				"left_arm2": {
					"rotation": {
						"0.0": [0, 0, 0],
						"0.4167": {
							"pre": [0, 92.5, 0],
							"post": [0, 92.5, 0],
							"lerp_mode": "catmullrom"
						},
						"0.625": {
							"post": [-55, 75, 0],
							"lerp_mode": "catmullrom"
						},
						"1.5": {
							"post": [-55, 75, 0],
							"lerp_mode": "catmullrom"
						},
						"1.9167": [0, 0, 0]
					}
				},
				"left_finger": {
					"rotation": {
						"0.2917": [0, 0, 0],
						"0.375": [0, 0, 72.5],
						"1.625": [0, 0, 72.5],
						"2.0833": [0, 0, 0]
					}
				},
				"lfinger_paw2": {
					"rotation": {
						"0.2917": [0, 0, 0],
						"0.375": [0, 50, 0],
						"1.625": [0, 50, 0],
						"2.0833": [0, 0, 0]
					}
				}
			}
		},
		"animation.simisear.sleep": {
			"loop": true,
			"bones": {
				"body": {
					"rotation": [-77.5, 0, 0]
				},
				"torso": {
					"rotation": [-15, 0, 0],
					"position": [0, 0, -2]
				},
				"head": {
					"rotation": ["math.sin(q.anim_time*90*1-90)*-1", 0, 0],
					"position": [0, 0, -1]
				},
				"eye": {
					"position": [0, 0, 1]
				},
				"sleepy": {
					"position": [0, 0, -2]
				},
				"right_arm": {
					"rotation": [0, 0, -30]
				},
				"right_arm2": {
					"rotation": [169.44065, -54.30595, -167.07286]
				},
				"tail": {
					"rotation": [-159.33501, -4.46375, -16.93839]
				},
				"tail2": {
					"rotation": [0, -17.5, 0]
				},
				"tail3": {
					"rotation": ["35.7778-math.sin(q.anim_time*90*1-90)*-1", 27.36834, -178.50526]
				},
				"right_thigh": {
					"rotation": [-15.72908, 24.30553, 8.22908]
				},
				"right_hand": {
					"rotation": [50, -25, 0]
				},
				"right_finger": {
					"rotation": [17.48614, -18.15489, -45.31509]
				},
				"right_finger2": {
					"rotation": [0.43688, 4.98093, 5.019]
				},
				"right_finger3": {
					"rotation": [0, -2.5, 0]
				},
				"right_finger4": {
					"rotation": [1.31845, -9.91358, -7.61435]
				},
				"right_finger5": {
					"rotation": [3.13388, -17.22575, -10.47479]
				},
				"tail4": {
					"rotation": [42.5, 0, 0]
				},
				"tail5": {
					"rotation": [0, 35, 0]
				},
				"arm_fur": {
					"rotation": [-2.81797, -27.47162, 1.30078],
					"position": [0, 0, -1]
				},
				"left_arm": {
					"rotation": [0, 0, 30]
				},
				"left_arm2": {
					"rotation": [169.44065, 54.30595, 167.07286]
				},
				"left_hand": {
					"rotation": [45, 25, 0]
				},
				"left_thigh": {
					"rotation": [-12.5, 0, 0]
				},
				"sad": {
					"position": [0, 0, -1]
				}
			}
		},
		"animation.simisear.physical": {
			"animation_length": 2
		},
		"animation.simisear.status": {
			"loop": true,
			"bones": {
				"body": {
					"position": [0, "-1.6+math.sin(q.anim_time*90*2)*0.3", 3]
				},
				"torso": {
					"rotation": ["10.5+math.sin(q.anim_time*90*2-0)*-1.5", 0, "math.sin(q.anim_time*90*1-90)*-1"],
					"position": [0, 0, 2.5]
				},
				"head": {
					"rotation": [-5, 0, 0]
				},
				"head_fur": {
					"position": [0, -0.3, 0]
				},
				"right_arm": {
					"rotation": [0, 0, "-35-math.sin(q.anim_time*90*2-0)*-1.5"]
				},
				"right_arm2": {
					"rotation": [-27.13424, -46.43864, "50.7502-math.sin(q.anim_time*90*2-0)*-5"],
					"position": [0.25, -0.2, 0.25]
				},
				"right_hand": {
					"rotation": [112.75441, 12.39722, -33.20214],
					"position": [0.7, -0.6, -0.8]
				},
				"right_finger": {
					"rotation": [5.84485, -11.0686, -28.06682]
				},
				"right_finger2": {
					"rotation": [-1.31845, -9.91358, 7.61435]
				},
				"right_finger3": {
					"rotation": [0, -12.5, 2.5]
				},
				"right_finger4": {
					"rotation": [0.22839, -17.49513, -2.55916]
				},
				"right_finger5": {
					"rotation": [1.45642, -27.43791, -5.50166]
				},
				"tail": {
					"rotation": ["-45+math.sin(q.anim_time*60*3)*2", 0, 0]
				},
				"tail2": {
					"rotation": ["15+math.sin(q.anim_time*60*3)*2", 0, 0]
				},
				"tail3": {
					"rotation": ["15+math.sin(q.anim_time*60*3)*2", 0, 0]
				},
				"tail4": {
					"rotation": ["10+math.sin(q.anim_time*60*3)*3", 0, 0]
				},
				"tail5": {
					"rotation": ["17.5+math.sin(q.anim_time*60*3)*3", 0, 0]
				},
				"right_thigh": {
					"rotation": ["-25+math.sin(q.anim_time*90*2)*2", 30, 12.5]
				},
				"right_leg": {
					"rotation": ["32.5+math.sin(q.anim_time*90*2)*-3", 0, 0],
					"position": [0, 0.5, -0.25]
				},
				"leg_fur": {
					"rotation": [0, 0, -10]
				},
				"right_feet": {
					"rotation": ["0-math.sin(q.anim_time*90*2)*-4", 0, -10]
				},
				"left_arm": {
					"rotation": [0, 0, "35+math.sin(q.anim_time*90*2-0)*-1.5"]
				},
				"left_arm2": {
					"rotation": [-27.13424, 46.43864, "-50.7502+math.sin(q.anim_time*90*2-0)*-5"],
					"position": [-0.25, -0.2, 0.25]
				},
				"left_hand": {
					"rotation": [112.75441, -12.39722, 33.20214],
					"position": [-0.7, -0.6, -0.8]
				},
				"left_finger": {
					"rotation": [5.84485, 11.0686, 28.06682]
				},
				"left_finger2": {
					"rotation": [-1.31845, 9.91358, -7.61435]
				},
				"left_finger3": {
					"rotation": [0, 12.5, -2.5]
				},
				"left_finger4": {
					"rotation": [0.22839, 17.49513, 2.55916]
				},
				"left_finger5": {
					"rotation": [1.45642, 27.43791, 5.50166]
				},
				"left_thigh": {
					"rotation": ["-25+math.sin(q.anim_time*90*2)*2", -30, -12.5]
				},
				"left_leg": {
					"rotation": ["32.5+math.sin(q.anim_time*90*2)*-3", 0, 0],
					"position": [0, 0.5, -0.25]
				},
				"left_feet": {
					"rotation": ["0-math.sin(q.anim_time*90*2)*-4", 0, 10]
				}
			}
		},
		"animation.simisear.new": {
			"loop": true,
			"bones": {
				"close": {
					"position": [0, 0, 1]
				},
				"close2": {
					"position": [0, 0, -1]
				}
			}
		}
	}
}