{
	"format_version": "1.8.0",
	"animations": {
		"animation.vaporeon.ground_idle": {
			"loop": true,
			"bones": {
				"body": {
					"position": [0, -0.7, 0]
				},
				"ear_left": {
					"rotation": ["-20-math.sin(query.anim_time*90*2-230)*1", 0, "0+math.sin(query.anim_time*90*2-80)*1"]
				},
				"ear_left2": {
					"rotation": ["-2.5-math.sin(query.anim_time*90*2-290)*1", 0, 0]
				},
				"ear_right": {
					"rotation": ["-20-math.sin(query.anim_time*90*2-210)*1", 0, "0-math.sin(query.anim_time*90*2-80)*1"]
				},
				"ear_right2": {
					"rotation": ["-2.5-math.sin(query.anim_time*90*2-270)*1", 0, 0]
				},
				"tail": {
					"rotation": [0, 0, 0]
				},
				"tail2": {
					"rotation": ["-4.8089-math.sin(query.anim_time*90*2-100)*2", "1.38955-math.sin(query.anim_time*90*1-0)*8", -1.04339]
				},
				"tail3": {
					"rotation": ["10-math.sin(query.anim_time*90*2-160)*2", "0-math.sin(query.anim_time*90*1-60)*10", 0]
				},
				"front_leg_left": {
					"rotation": [2.5, 0, -2]
				},
				"elbow_left": {
					"rotation": [-10, 0, 0]
				},
				"frontpaw_left": {
					"rotation": [9.99294, 0.32621, -0.47864],
					"position": [0, 0.25, 0]
				},
				"front_leg_right": {
					"rotation": [2.5, 0, 2]
				},
				"elbow_right": {
					"rotation": [-10, 0, 0]
				},
				"frontpaw_right": {
					"rotation": [7.47178, -0.65182, 2.95744],
					"position": [0, 0.25, 0]
				},
				"back_leg_left": {
					"rotation": [3, "0-math.sin(query.anim_time*90*2-0)*1.5", -4]
				},
				"ankle_left": {
					"rotation": [-5, 0, 0]
				},
				"foot_left": {
					"rotation": [1.81784, "-0.733+math.sin(query.anim_time*90*2-0)*1", 3.2994],
					"position": [0, 0.4, 0]
				},
				"back_leg_right": {
					"rotation": [3, "0-math.sin(query.anim_time*90*2-0)*1.5", 4]
				},
				"ankle_right": {
					"rotation": [-5, 0, 0]
				},
				"foot_right": {
					"rotation": [2.47028, "0.9731+math.sin(query.anim_time*90*2-0)*1", "-4.8985+math.sin(query.anim_time*90*2-0)*0.5"],
					"position": ["0+math.sin(query.anim_time*90*2-0)*0.0", 0.45, 0]
				},
				"umbreon": {
					"position": [0, -0.25, 0]
				},
				"torso": {
					"rotation": ["-math.sin(query.anim_time*90*2-80)*1", 0, "0-math.sin(query.anim_time*90*1-80)*2"],
					"position": [0, "0-math.sin(query.anim_time*90*2)*0.3", 0]
				},
				"neck": {
					"rotation": ["0-math.sin(query.anim_time*90*2-140)*1", 0, 0]
				},
				"head_angle": {
					"rotation": ["2.1766-math.sin(query.anim_time*90*2-270)*2", 2.12289, "-1.15078+math.sin(query.anim_time*90*1-80)*3"]
				},
				"ear_left3": {
					"rotation": ["0+math.sin(query.anim_time*90*2-150)*2", 0, 0]
				},
				"ear_right3": {
					"rotation": ["0+math.sin(query.anim_time*90*2-120)*2", 0, 0]
				},
				"tail4": {
					"rotation": ["7.5-math.sin(query.anim_time*90*2-220)*3", "0-math.sin(query.anim_time*90*1-120)*12", 0]
				},
				"frill1_left": {
					"rotation": ["22.5+math.sin(query.anim_time*90*2-50)*3", 0, 0]
				},
				"frill2_left": {
					"rotation": ["-22.5+math.sin(query.anim_time*90*2-70)*3", 0, 0]
				},
				"frill1_right": {
					"rotation": ["22.5+math.sin(query.anim_time*90*2-50)*3", 0, 0]
				},
				"frill2_right": {
					"rotation": ["-22.5+math.sin(query.anim_time*90*2-70)*3", 0, 0]
				},
				"frill_top": {
					"rotation": ["22.5+math.sin(query.anim_time*90*2-50)*3", 0, 0]
				},
				"frill_bottom": {
					"rotation": ["-22.5+math.sin(query.anim_time*90*2-70)*3", 0, 0]
				},
				"fin": {
					"rotation": ["0+math.sin(query.anim_time*90*2-90)*1", 0, 0]
				},
				"tail5": {
					"rotation": [0, "0-math.sin(query.anim_time*90*1-180)*14", 0]
				},
				"tail6": {
					"rotation": [0, "0-math.sin(query.anim_time*90*1-240)*16", 0]
				},
				"tailfin_right": {
					"rotation": [0, 0, "0+math.sin(query.anim_time*90*2-80)*5"]
				},
				"tailfin_left": {
					"rotation": [0, 0, "12.5-math.sin(query.anim_time*90*2-80)*5"]
				}
			}
		},
		"animation.vaporeon.ground_walk": {
			"loop": true,
			"animation_length": 4,
			"bones": {
				"torso": {
					"rotation": ["0+math.sin(query.anim_time*90*6-80)*1", "0+math.sin(query.anim_time*90*3-100)*3", "0-math.sin(query.anim_time*90*3-160)*2"],
					"position": [0, "0-math.sin(query.anim_time*90*6+20)*0.4", 0]
				},
				"torso2": {
					"rotation": [0, "0-math.sin(query.anim_time*90*3-100)*3", "0+math.sin(query.anim_time*90*3-160)*2"]
				},
				"torso3": {
					"rotation": [0, "0-math.sin(query.anim_time*90*3-80)*2", "0+math.sin(query.anim_time*90*3-80)*2"]
				},
				"neck": {
					"rotation": [0, 0, 0]
				},
				"head_angle": {
					"rotation": ["0+math.sin(query.anim_time*90*6-140)*1", "0-math.sin(query.anim_time*90*3-40)*2", "0-math.sin(query.anim_time*90*3-120)*4"]
				},
				"ear_left": {
					"rotation": ["-20-math.sin(query.anim_time*90*6-230)*1", 0, "0+math.sin(query.anim_time*90*6-80)*1"]
				},
				"ear_left2": {
					"rotation": ["-7.5+math.sin(query.anim_time*90*6-260)*1", 0, 0]
				},
				"ear_left3": {
					"rotation": ["-10+math.sin(query.anim_time*90*6-280)*2", 0, 0]
				},
				"ear_right": {
					"rotation": ["-20-math.sin(query.anim_time*90*6-210)*1", 0, "0-math.sin(query.anim_time*90*6-80)*1"]
				},
				"ear_right2": {
					"rotation": ["-7.5+math.sin(query.anim_time*90*6-240)*1", 0, 0]
				},
				"ear_right3": {
					"rotation": ["-10+math.sin(query.anim_time*90*6-260)*2", 0, 0]
				},
				"tail": {
					"rotation": [0, 0, 0]
				},
				"tail2": {
					"rotation": ["-4.8089-math.sin(query.anim_time*90*2-100)*2", "1.38955-math.sin(query.anim_time*90*2-0)*8", -1.04339]
				},
				"tail3": {
					"rotation": ["10-math.sin(query.anim_time*90*2-160)*2", "0-math.sin(query.anim_time*90*2-60)*10", 0]
				},
				"tail4": {
					"rotation": ["7.5-math.sin(query.anim_time*90*2-220)*3", "0-math.sin(query.anim_time*90*2-120)*12", 0]
				},
				"front_leg_left": {
					"rotation": ["2.5+math.sin(q.anim_time*90*3-100)*15", 0, -2],
					"position": [0, "0+math.clamp(-math.sin(q.anim_time*90*3)*1.5,0,1.5)", "0+math.sin(q.anim_time*90*3-80)*0.5"]
				},
				"elbow_left": {
					"rotation": {
						"0.0": {
							"post": [-10, 0, 0],
							"lerp_mode": "catmullrom"
						},
						"0.625": {
							"post": [-10, 0, 0],
							"lerp_mode": "catmullrom"
						},
						"1.0833": {
							"post": [-12.56441, 0, 0],
							"lerp_mode": "catmullrom"
						},
						"1.3333": {
							"post": [-10, 0, 0],
							"lerp_mode": "catmullrom"
						},
						"1.9583": {
							"post": [-10, 0, 0],
							"lerp_mode": "catmullrom"
						},
						"2.4167": {
							"post": [-12.56441, 0, 0],
							"lerp_mode": "catmullrom"
						},
						"2.6667": {
							"post": [-10, 0, 0],
							"lerp_mode": "catmullrom"
						},
						"3.2917": {
							"post": [-10, 0, 0],
							"lerp_mode": "catmullrom"
						},
						"3.75": {
							"post": [-12.56441, 0, 0],
							"lerp_mode": "catmullrom"
						},
						"4.0": {
							"post": [-10, 0, 0],
							"lerp_mode": "catmullrom"
						}
					}
				},
				"frontpaw_left": {
					"rotation": {
						"0.0": {
							"post": [22.5, 0, 2],
							"lerp_mode": "catmullrom"
						},
						"0.625": {
							"post": [-7.5, 0, 2],
							"lerp_mode": "catmullrom"
						},
						"0.9167": {
							"post": [25, 0, 2],
							"lerp_mode": "catmullrom"
						},
						"1.1667": {
							"post": [-1.25, 0, 2],
							"lerp_mode": "catmullrom"
						},
						"1.3333": {
							"post": [22.5, 0, 2],
							"lerp_mode": "catmullrom"
						},
						"1.9583": {
							"post": [-7.5, 0, 2],
							"lerp_mode": "catmullrom"
						},
						"2.25": {
							"post": [25, 0, 2],
							"lerp_mode": "catmullrom"
						},
						"2.5": {
							"post": [-1.25, 0, 2],
							"lerp_mode": "catmullrom"
						},
						"2.6667": {
							"post": [22.5, 0, 2],
							"lerp_mode": "catmullrom"
						},
						"3.2917": {
							"post": [-7.5, 0, 2],
							"lerp_mode": "catmullrom"
						},
						"3.5833": {
							"post": [25, 0, 2],
							"lerp_mode": "catmullrom"
						},
						"3.8333": {
							"post": [-1.25, 0, 2],
							"lerp_mode": "catmullrom"
						},
						"4.0": {
							"post": [22.5, 0, 2],
							"lerp_mode": "catmullrom"
						}
					},
					"position": {
						"0.0": {
							"post": [0, 0, 0],
							"lerp_mode": "catmullrom"
						},
						"0.375": {
							"post": [0, 0.45, 0],
							"lerp_mode": "catmullrom"
						},
						"0.625": {
							"post": [0, 0.35, 0],
							"lerp_mode": "catmullrom"
						},
						"1.3333": {
							"post": [0, 0, 0],
							"lerp_mode": "catmullrom"
						},
						"1.7083": {
							"post": [0, 0.45, 0],
							"lerp_mode": "catmullrom"
						},
						"1.9583": {
							"post": [0, 0.35, 0],
							"lerp_mode": "catmullrom"
						},
						"2.6667": {
							"post": [0, 0, 0],
							"lerp_mode": "catmullrom"
						},
						"3.0417": {
							"post": [0, 0.45, 0],
							"lerp_mode": "catmullrom"
						},
						"3.2917": {
							"post": [0, 0.35, 0],
							"lerp_mode": "catmullrom"
						},
						"4.0": {
							"post": [0, 0, 0],
							"lerp_mode": "catmullrom"
						}
					}
				},
				"front_leg_right": {
					"rotation": ["2.5-math.sin(q.anim_time*90*3-100)*15", 0, 2],
					"position": [0, "0+math.clamp(math.sin(q.anim_time*90*3)*1.5,0,1.5)", "0-math.sin(q.anim_time*90*3-80)*0.5"]
				},
				"elbow_right": {
					"rotation": {
						"0.0": {
							"post": [-10.16, 0, 0],
							"lerp_mode": "catmullrom"
						},
						"0.4167": {
							"post": [-12.56441, 0, 0],
							"lerp_mode": "catmullrom"
						},
						"0.6667": {
							"post": [-10, 0, 0],
							"lerp_mode": "catmullrom"
						},
						"1.2917": {
							"post": [-10, 0, 0],
							"lerp_mode": "catmullrom"
						},
						"1.75": {
							"post": [-12.56441, 0, 0],
							"lerp_mode": "catmullrom"
						},
						"2.0": {
							"post": [-10, 0, 0],
							"lerp_mode": "catmullrom"
						},
						"2.625": {
							"post": [-10, 0, 0],
							"lerp_mode": "catmullrom"
						},
						"3.0833": {
							"post": [-12.56441, 0, 0],
							"lerp_mode": "catmullrom"
						},
						"3.3333": {
							"post": [-10, 0, 0],
							"lerp_mode": "catmullrom"
						},
						"3.9583": {
							"post": [-10, 0, 0],
							"lerp_mode": "catmullrom"
						},
						"4.0": {
							"post": [-10.16, 0, 0],
							"lerp_mode": "catmullrom"
						}
					}
				},
				"frontpaw_right": {
					"rotation": {
						"0.0": {
							"post": [-5.62, 0, -2],
							"lerp_mode": "catmullrom"
						},
						"0.25": {
							"post": [25, 0, -2],
							"lerp_mode": "catmullrom"
						},
						"0.5": {
							"post": [-1.25, 0, -2],
							"lerp_mode": "catmullrom"
						},
						"0.6667": {
							"post": [22.5, 0, -2],
							"lerp_mode": "catmullrom"
						},
						"1.2917": {
							"post": [-7.5, 0, -2],
							"lerp_mode": "catmullrom"
						},
						"1.5833": {
							"post": [25, 0, -2],
							"lerp_mode": "catmullrom"
						},
						"1.8333": {
							"post": [-1.25, 0, -2],
							"lerp_mode": "catmullrom"
						},
						"2.0": {
							"post": [22.5, 0, -2],
							"lerp_mode": "catmullrom"
						},
						"2.625": {
							"post": [-7.5, 0, -2],
							"lerp_mode": "catmullrom"
						},
						"2.9167": {
							"post": [25, 0, -2],
							"lerp_mode": "catmullrom"
						},
						"3.1667": {
							"post": [-1.25, 0, -2],
							"lerp_mode": "catmullrom"
						},
						"3.3333": {
							"post": [22.5, 0, -2],
							"lerp_mode": "catmullrom"
						},
						"4.0": {
							"post": [-5.62, 0, -2],
							"lerp_mode": "catmullrom"
						}
					},
					"position": {
						"0.0": {
							"post": [0, 0.33, 0],
							"lerp_mode": "catmullrom"
						},
						"0.6667": {
							"post": [0, 0, 0],
							"lerp_mode": "catmullrom"
						},
						"1.0417": {
							"post": [0, 0.45, 0],
							"lerp_mode": "catmullrom"
						},
						"1.2917": {
							"post": [0, 0.35, 0],
							"lerp_mode": "catmullrom"
						},
						"2.0": {
							"post": [0, 0, 0],
							"lerp_mode": "catmullrom"
						},
						"2.375": {
							"post": [0, 0.45, 0],
							"lerp_mode": "catmullrom"
						},
						"2.625": {
							"post": [0, 0.35, 0],
							"lerp_mode": "catmullrom"
						},
						"3.3333": {
							"post": [0, 0, 0],
							"lerp_mode": "catmullrom"
						},
						"3.7083": {
							"post": [0, 0.45, 0],
							"lerp_mode": "catmullrom"
						},
						"4.0": {
							"post": [0, 0.33, 0],
							"lerp_mode": "catmullrom"
						}
					}
				},
				"back_leg_left": {
					"rotation": ["0.5+math.sin(q.anim_time*90*3-40)*15", 0, -4],
					"position": [0, "0+math.clamp(-math.sin(q.anim_time*90*3+60)*1.5,0,1.5)", "0+math.sin(q.anim_time*90*3-20)*0.5"]
				},
				"ankle_left": {
					"rotation": {
						"0.0": {
							"post": [-5, 0, 0],
							"lerp_mode": "catmullrom"
						},
						"0.3333": {
							"post": [-5, 0, 0],
							"lerp_mode": "catmullrom"
						},
						"0.625": {
							"post": [0, 0, 0],
							"lerp_mode": "catmullrom"
						},
						"0.9583": {
							"post": [-5, 0, 0],
							"lerp_mode": "catmullrom"
						},
						"1.1667": {
							"post": [0, 0, 0],
							"lerp_mode": "catmullrom"
						},
						"1.3333": {
							"post": [-5, 0, 0],
							"lerp_mode": "catmullrom"
						},
						"1.6667": {
							"post": [-5, 0, 0],
							"lerp_mode": "catmullrom"
						},
						"1.9583": {
							"post": [0, 0, 0],
							"lerp_mode": "catmullrom"
						},
						"2.2917": {
							"post": [-5, 0, 0],
							"lerp_mode": "catmullrom"
						},
						"2.5": {
							"post": [-1, 0, 0],
							"lerp_mode": "catmullrom"
						},
						"2.6667": {
							"post": [-5, 0, 0],
							"lerp_mode": "catmullrom"
						},
						"3.0": {
							"post": [-5, 0, 0],
							"lerp_mode": "catmullrom"
						},
						"3.2917": {
							"post": [0, 0, 0],
							"lerp_mode": "catmullrom"
						},
						"3.625": {
							"post": [-5, 0, 0],
							"lerp_mode": "catmullrom"
						},
						"3.8333": {
							"post": [-1, 0, 0],
							"lerp_mode": "catmullrom"
						},
						"4.0": {
							"post": [-5, 0, 0],
							"lerp_mode": "catmullrom"
						}
					}
				},
				"foot_left": {
					"rotation": {
						"0.0": {
							"post": [14.5, 0, 4],
							"lerp_mode": "catmullrom"
						},
						"0.4583": {
							"post": [-10.5, 0, 4],
							"lerp_mode": "catmullrom"
						},
						"0.7083": {
							"post": [12, 0, 4],
							"lerp_mode": "catmullrom"
						},
						"0.9167": {
							"post": [-1.75, 0, 4],
							"lerp_mode": "catmullrom"
						},
						"1.125": {
							"post": [14.5, 0, 4],
							"lerp_mode": "catmullrom"
						},
						"1.3333": {
							"post": [14.5, 0, 4],
							"lerp_mode": "catmullrom"
						},
						"1.7917": {
							"post": [-10.5, 0, 4],
							"lerp_mode": "catmullrom"
						},
						"2.0417": {
							"post": [12, 0, 4],
							"lerp_mode": "catmullrom"
						},
						"2.25": {
							"post": [-1.75, 0, 4],
							"lerp_mode": "catmullrom"
						},
						"2.4583": {
							"post": [14.5, 0, 4],
							"lerp_mode": "catmullrom"
						},
						"2.6667": {
							"post": [14.5, 0, 4],
							"lerp_mode": "catmullrom"
						},
						"3.125": {
							"post": [-10.5, 0, 4],
							"lerp_mode": "catmullrom"
						},
						"3.375": {
							"post": [12, 0, 4],
							"lerp_mode": "catmullrom"
						},
						"3.5833": {
							"post": [-1.75, 0, 4],
							"lerp_mode": "catmullrom"
						},
						"3.7917": {
							"post": [14.5, 0, 4],
							"lerp_mode": "catmullrom"
						},
						"4.0": {
							"post": [14.5, 0, 4],
							"lerp_mode": "catmullrom"
						}
					},
					"position": {
						"0.0": {
							"post": [0, 0.4, 0],
							"lerp_mode": "catmullrom"
						},
						"0.25": {
							"post": [0, 0.63, -0.16],
							"lerp_mode": "catmullrom"
						},
						"0.4583": {
							"post": [0, 0.45, -0.25],
							"lerp_mode": "catmullrom"
						},
						"1.125": {
							"post": [0, 0.4, 0],
							"lerp_mode": "catmullrom"
						},
						"1.3333": {
							"post": [0, 0.4, 0],
							"lerp_mode": "catmullrom"
						},
						"1.5833": {
							"post": [0, 0.63, -0.16],
							"lerp_mode": "catmullrom"
						},
						"1.7917": {
							"post": [0, 0.45, -0.25],
							"lerp_mode": "catmullrom"
						},
						"2.4583": {
							"post": [0, 0.4, 0],
							"lerp_mode": "catmullrom"
						},
						"2.6667": {
							"post": [0, 0.4, 0],
							"lerp_mode": "catmullrom"
						},
						"2.9167": {
							"post": [0, 0.63, -0.16],
							"lerp_mode": "catmullrom"
						},
						"3.125": {
							"post": [0, 0.45, -0.25],
							"lerp_mode": "catmullrom"
						},
						"3.7917": {
							"post": [0, 0.4, 0],
							"lerp_mode": "catmullrom"
						},
						"4.0": {
							"post": [0, 0.4, 0],
							"lerp_mode": "catmullrom"
						}
					}
				},
				"back_leg_right": {
					"rotation": ["0.5-math.sin(q.anim_time*90*3-40)*15", 0, 4],
					"position": [0, "0+math.clamp(math.sin(q.anim_time*90*3+60)*1.5,0,1.5)", "0-math.sin(q.anim_time*90*3-20)*0.5"]
				},
				"ankle_right": {
					"rotation": {
						"0.0": {
							"post": [-0.21, 0, 0],
							"lerp_mode": "catmullrom"
						},
						"0.2917": {
							"post": [-5, 0, 0],
							"lerp_mode": "catmullrom"
						},
						"0.5": {
							"post": [-1, 0, 0],
							"lerp_mode": "catmullrom"
						},
						"0.6667": {
							"post": [-5, 0, 0],
							"lerp_mode": "catmullrom"
						},
						"1.0": {
							"post": [-5, 0, 0],
							"lerp_mode": "catmullrom"
						},
						"1.2917": {
							"post": [0, 0, 0],
							"lerp_mode": "catmullrom"
						},
						"1.625": {
							"post": [-5, 0, 0],
							"lerp_mode": "catmullrom"
						},
						"1.8333": {
							"post": [-1, 0, 0],
							"lerp_mode": "catmullrom"
						},
						"2.0": {
							"post": [-5, 0, 0],
							"lerp_mode": "catmullrom"
						},
						"2.3333": {
							"post": [-5, 0, 0],
							"lerp_mode": "catmullrom"
						},
						"2.625": {
							"post": [0, 0, 0],
							"lerp_mode": "catmullrom"
						},
						"2.9583": {
							"post": [-5, 0, 0],
							"lerp_mode": "catmullrom"
						},
						"3.1667": {
							"post": [0, 0, 0],
							"lerp_mode": "catmullrom"
						},
						"3.3333": {
							"post": [-5, 0, 0],
							"lerp_mode": "catmullrom"
						},
						"3.6667": {
							"post": [-5, 0, 0],
							"lerp_mode": "catmullrom"
						},
						"3.9583": {
							"post": [0, 0, 0],
							"lerp_mode": "catmullrom"
						},
						"4.0": {
							"post": [-0.21, 0, 0],
							"lerp_mode": "catmullrom"
						}
					}
				},
				"foot_right": {
					"rotation": {
						"0.0": {
							"post": [9.8, 0, -4],
							"lerp_mode": "catmullrom"
						},
						"0.0417": {
							"post": [12, 0, -4],
							"lerp_mode": "catmullrom"
						},
						"0.25": {
							"post": [-1.75, 0, -4],
							"lerp_mode": "catmullrom"
						},
						"0.4583": {
							"post": [14.5, 0, -4],
							"lerp_mode": "catmullrom"
						},
						"0.6667": {
							"post": [14.5, 0, -4],
							"lerp_mode": "catmullrom"
						},
						"1.125": {
							"post": [-10.5, 0, -4],
							"lerp_mode": "catmullrom"
						},
						"1.375": {
							"post": [12, 0, -4],
							"lerp_mode": "catmullrom"
						},
						"1.5833": {
							"post": [-1.75, 0, -4],
							"lerp_mode": "catmullrom"
						},
						"1.7917": {
							"post": [14.5, 0, -4],
							"lerp_mode": "catmullrom"
						},
						"2.0": {
							"post": [14.5, 0, -4],
							"lerp_mode": "catmullrom"
						},
						"2.4583": {
							"post": [-10.5, 0, -4],
							"lerp_mode": "catmullrom"
						},
						"2.7083": {
							"post": [12, 0, -4],
							"lerp_mode": "catmullrom"
						},
						"2.9167": {
							"post": [-1.75, 0, -4],
							"lerp_mode": "catmullrom"
						},
						"3.125": {
							"post": [14.5, 0, -4],
							"lerp_mode": "catmullrom"
						},
						"3.3333": {
							"post": [14.5, 0, -4],
							"lerp_mode": "catmullrom"
						},
						"3.7917": {
							"post": [-10.5, 0, -4],
							"lerp_mode": "catmullrom"
						},
						"4.0": {
							"post": [9.8, 0, -4],
							"lerp_mode": "catmullrom"
						}
					},
					"position": {
						"0.0": {
							"post": [0, 0.42, -0.19],
							"lerp_mode": "catmullrom"
						},
						"0.4583": {
							"post": [0, 0.4, 0],
							"lerp_mode": "catmullrom"
						},
						"0.6667": {
							"post": [0, 0.4, 0],
							"lerp_mode": "catmullrom"
						},
						"0.9167": {
							"post": [0, 0.63, -0.16],
							"lerp_mode": "catmullrom"
						},
						"1.125": {
							"post": [0, 0.45, -0.25],
							"lerp_mode": "catmullrom"
						},
						"1.7917": {
							"post": [0, 0.4, 0],
							"lerp_mode": "catmullrom"
						},
						"2.0": {
							"post": [0, 0.4, 0],
							"lerp_mode": "catmullrom"
						},
						"2.25": {
							"post": [0, 0.63, -0.16],
							"lerp_mode": "catmullrom"
						},
						"2.4583": {
							"post": [0, 0.45, -0.25],
							"lerp_mode": "catmullrom"
						},
						"3.125": {
							"post": [0, 0.4, 0],
							"lerp_mode": "catmullrom"
						},
						"3.3333": {
							"post": [0, 0.4, 0],
							"lerp_mode": "catmullrom"
						},
						"3.5833": {
							"post": [0, 0.63, -0.16],
							"lerp_mode": "catmullrom"
						},
						"3.7917": {
							"post": [0, 0.45, -0.25],
							"lerp_mode": "catmullrom"
						},
						"4.0": {
							"post": [0, 0.42, -0.19],
							"lerp_mode": "catmullrom"
						}
					}
				},
				"body": {
					"position": [0, -1, 0]
				},
				"mane_main": {
					"rotation": [0, "0+math.sin(query.anim_time*90*3-280)*5", 0]
				},
				"manefur": {
					"rotation": ["0-math.sin(query.anim_time*90*6-130)*4", 0, 0]
				},
				"manefur2": {
					"rotation": ["0-math.sin(query.anim_time*90*6-190)*4", 0, 0]
				},
				"manefur3": {
					"rotation": ["0-math.sin(query.anim_time*90*6-190)*8", 0, 0]
				},
				"ear2_right": {
					"rotation": [0, "22.5-math.sin(query.anim_time*90*6-180)*5", 0]
				},
				"ear2_left": {
					"rotation": [0, "-22.5-math.sin(query.anim_time*90*6-180)*5", 0]
				},
				"headfur": {
					"rotation": ["0-math.sin(query.anim_time*90*2-290)*2", 0, 0]
				},
				"headfur2": {
					"rotation": ["0+math.sin(query.anim_time*90*6-150)*4", 0, 0]
				},
				"headfur3": {
					"rotation": ["-15+math.sin(query.anim_time*90*6-260)*6", 0, 0]
				},
				"fur_tail_left1": {
					"rotation": [0, "0+math.sin(query.anim_time*90*3-260)*10", 0]
				},
				"fur_tail_right1": {
					"rotation": [0, "0+math.sin(query.anim_time*90*3-260)*10", 0]
				},
				"fur_tail_top1": {
					"rotation": ["0+math.sin(query.anim_time*90*6-180)*2", 0, 0]
				},
				"fur_tail_bot1": {
					"rotation": ["0+math.sin(query.anim_time*90*6-240)*2", 0, 0]
				},
				"fur_tail_left2": {
					"rotation": [0, "-22.5+math.sin(query.anim_time*90*3-230)*10", 0]
				},
				"fur_tail_right2": {
					"rotation": [0, "22.5+math.sin(query.anim_time*90*3-230)*10", 0]
				},
				"fur_tail_top2": {
					"rotation": ["12.5+math.sin(query.anim_time*90*6-180)*2", 0, 0]
				},
				"fur_tail_bot2": {
					"rotation": ["12.5+math.sin(query.anim_time*90*6-240)*2", 0, 0]
				},
				"fur_tail_left3": {
					"rotation": [0, "0+math.sin(query.anim_time*90*3-200)*10", 0],
					"position": [0, 0, 0]
				},
				"fur_tail_right3": {
					"rotation": [0, "0+math.sin(query.anim_time*90*3-200)*10", 0]
				},
				"fur_tail_top3": {
					"rotation": ["0+math.sin(query.anim_time*90*6-150)*5", 0, 0]
				},
				"fur_tail_bot3": {
					"rotation": ["0+math.sin(query.anim_time*90*6-140)*5", 0, 0]
				},
				"fur_tip_right1": {
					"rotation": [0, "0+math.sin(query.anim_time*90*3-240)*10", 0]
				},
				"fur_tip_top1": {
					"rotation": ["0-math.sin(query.anim_time*90*6-280)*5", 0, 0]
				},
				"fur_tip_left1": {
					"rotation": [0, "0+math.sin(query.anim_time*90*3-240)*10", 0]
				},
				"tail5": {
					"rotation": [0, "0-math.sin(query.anim_time*90*2-180)*14", 0]
				},
				"tail6": {
					"rotation": [0, "0-math.sin(query.anim_time*90*2-240)*16", 0]
				},
				"frill1_left": {
					"rotation": ["22.5+math.sin(query.anim_time*90*6-110)*3", 0, 0]
				},
				"frill2_left": {
					"rotation": ["-22.5+math.sin(query.anim_time*90*6-130)*3", 0, 0]
				},
				"frill1_right": {
					"rotation": ["22.5+math.sin(query.anim_time*90*6-110)*3", 0, 0]
				},
				"frill2_right": {
					"rotation": ["-22.5+math.sin(query.anim_time*90*6-130)*3", 0, 0]
				},
				"frill_top": {
					"rotation": ["22.5+math.sin(query.anim_time*90*6-110)*3", 0, 0]
				},
				"frill_bottom": {
					"rotation": ["-22.5+math.sin(query.anim_time*90*6-130)*3", 0, 0]
				},
				"fin": {
					"rotation": ["0+math.sin(query.anim_time*90*6-130)*1", 0, "0-math.sin(query.anim_time*90*3-240)*3"]
				},
				"tailfin_right": {
					"rotation": [0, 0, "0+math.sin(query.anim_time*90*2-80)*5"]
				},
				"tailfin_left": {
					"rotation": [0, 0, "12.5-math.sin(query.anim_time*90*2-80)*5"]
				},
				"frontleg_left": {
					"rotation": ["2.5+math.sin(q.anim_time*90*3-100)*15", 0, -2],
					"position": [0, "0+math.clamp(-math.sin(q.anim_time*90*3)*1.5,0,1.5)", "0+math.sin(q.anim_time*90*3-80)*0.5"]
				},
				"frontleg_right": {
					"rotation": ["2.5-math.sin(q.anim_time*90*3-100)*15", 0, 2],
					"position": [0, "0+math.clamp(math.sin(q.anim_time*90*3)*1.5,0,1.5)", "0-math.sin(q.anim_time*90*3-80)*0.5"]
				}
			}
		},
		"animation.vaporeon.battle_idle": {
			"loop": true,
			"bones": {
				"body": {
					"position": [0, -3.7, 0]
				},
				"ear_left": {
					"rotation": ["-20-math.sin(query.anim_time*90*2-230)*1", 0, "0+math.sin(query.anim_time*90*2-80)*1"]
				},
				"ear_left2": {
					"rotation": ["-2.5-math.sin(query.anim_time*90*2-290)*1", 0, 0]
				},
				"ear_right": {
					"rotation": ["-20-math.sin(query.anim_time*90*2-210)*1", 0, "0-math.sin(query.anim_time*90*2-80)*1"]
				},
				"ear_right2": {
					"rotation": ["-2.5-math.sin(query.anim_time*90*2-270)*1", 0, 0]
				},
				"tail": {
					"rotation": [12.5, 0, 0]
				},
				"tail2": {
					"rotation": ["-4.8089-math.sin(query.anim_time*90*2-100)*2", "1.38955-math.sin(query.anim_time*90*1-0)*8", -1.04339]
				},
				"tail3": {
					"rotation": ["10-math.sin(query.anim_time*90*2-160)*2", "0-math.sin(query.anim_time*90*1-60)*10", 0]
				},
				"front_leg_left": {
					"rotation": [2.5, 0, -2]
				},
				"elbow_left": {
					"rotation": ["-60-math.sin(query.anim_time*90*2+30)*1.5", 0, 0]
				},
				"frontpaw_left": {
					"rotation": [27.12762, -15.54088, 7.75939],
					"position": [0, "0.5-math.sin(query.anim_time*90*2+30)*0.1", "0-math.sin(query.anim_time*90*2+30)*0.02"]
				},
				"front_leg_right": {
					"rotation": [2.5, 0, 2]
				},
				"elbow_right": {
					"rotation": ["-52.5-math.sin(query.anim_time*90*2+15)*1.5", 0, 0]
				},
				"frontpaw_right": {
					"rotation": [46.88413, 8.53348, -5.55018],
					"position": [0, "0.15-math.sin(query.anim_time*90*2+30)*0.1", "-0.3-math.sin(query.anim_time*90*2+30)*0.02"]
				},
				"back_leg_left": {
					"rotation": ["45.5+math.sin(query.anim_time*90*2-0)*1", "-math.sin(query.anim_time*90*2-0)*1.5", -4],
					"position": [0, 0, 0]
				},
				"ankle_left": {
					"rotation": [-22.5, "0-math.sin(query.anim_time*90*2-0)*1", 0]
				},
				"foot_left": {
					"rotation": [
						"-20.6821619445-math.sin(query.anim_time*90*2-0)*1",
						"-0.733+math.sin(query.anim_time*90*2-0)*1.5",
						"3.2994+math.sin(query.anim_time*90*2-0)*0.4"
					],
					"position": ["0+math.sin(query.anim_time*90*2-0)*0.05", "0.4-math.sin(query.anim_time*90*2-0)*0.08", "0-math.sin(query.anim_time*90*2-0)*0.165"]
				},
				"back_leg_right": {
					"rotation": ["38+math.sin(query.anim_time*90*2-0)*1", "math.sin(query.anim_time*90*2-0)*1.5", 4],
					"position": [0, 0, 0]
				},
				"ankle_right": {
					"rotation": [-40, "0+math.sin(query.anim_time*90*2-0)*1", 0]
				},
				"foot_right": {
					"rotation": ["1.8339-math.sin(query.anim_time*90*2-0)*1", "0.484-math.sin(query.anim_time*90*2-0)*1.5", "-4.1013-math.sin(query.anim_time*90*2-0)*1.2"],
					"position": ["0+math.sin(query.anim_time*90*2-0)*0.01", "0.65-math.sin(query.anim_time*90*2-0)*0.09", "0-math.sin(query.anim_time*90*2-0)*0.13"]
				},
				"umbreon": {
					"position": [0, -0.25, 0]
				},
				"torso": {
					"rotation": ["5-math.sin(query.anim_time*90*2-80)*1", 0, "-math.sin(query.anim_time*90*1-80)*2"],
					"position": [0, "1-math.sin(query.anim_time*90*2)*0.3", 0]
				},
				"neck": {
					"rotation": ["0-math.sin(query.anim_time*90*2-140)*1", 0, 0]
				},
				"head_angle": {
					"rotation": ["-2.8234-math.sin(query.anim_time*90*2-270)*2", 2.12289, "-1.1508+math.sin(query.anim_time*90*1-80)*3"]
				},
				"ear_left3": {
					"rotation": ["0+math.sin(query.anim_time*90*2-150)*2", 0, 0]
				},
				"ear_right3": {
					"rotation": ["0+math.sin(query.anim_time*90*2-120)*2", 0, 0]
				},
				"tail4": {
					"rotation": ["7.5-math.sin(query.anim_time*90*2-220)*3", "0-math.sin(query.anim_time*90*1-120)*12", 0]
				},
				"frill1_left": {
					"rotation": ["22.5+math.sin(query.anim_time*90*2-50)*3", 0, 0]
				},
				"frill2_left": {
					"rotation": ["-22.5+math.sin(query.anim_time*90*2-70)*3", 0, 0]
				},
				"frill1_right": {
					"rotation": ["22.5+math.sin(query.anim_time*90*2-50)*3", 0, 0]
				},
				"frill2_right": {
					"rotation": ["-22.5+math.sin(query.anim_time*90*2-70)*3", 0, 0]
				},
				"frill_top": {
					"rotation": ["22.5+math.sin(query.anim_time*90*2-50)*3", 0, 0]
				},
				"frill_bottom": {
					"rotation": ["-22.5+math.sin(query.anim_time*90*2-70)*3", 0, 0]
				},
				"fin": {
					"rotation": ["0+math.sin(query.anim_time*90*2-90)*1", 0, 0]
				},
				"tail5": {
					"rotation": [0, "0-math.sin(query.anim_time*90*1-180)*14", 0]
				},
				"tail6": {
					"rotation": [0, "0-math.sin(query.anim_time*90*1-240)*16", 0]
				},
				"tailfin_right": {
					"rotation": [0, 0, "0+math.sin(query.anim_time*90*2-80)*5"]
				},
				"tailfin_left": {
					"rotation": [0, 0, "12.5-math.sin(query.anim_time*90*2-80)*5"]
				},
				"frontleg_left": {
					"rotation": ["28.838444018+math.sin(query.anim_time*90*2+30)*1.5", 8.64738, -15.27269]
				},
				"frontleg_right": {
					"rotation": ["4.9244151512+math.sin(query.anim_time*90*2+15)*1.5", -0.86717, 9.96271]
				}
			}
		},
		"animation.vaporeon.blink": {
			"animation_length": 0.1667,
			"bones": {
				"eye_right": {
					"position": {
						"0.0": [0.1, 0, 0.1],
						"0.1667": {"pre": [0.1, 0, 0.1], "post": [0, 0, 0]}
					}
				},
				"eye_left": {
					"position": {
						"0.0": [-0.1, 0, 0.1],
						"0.1667": {"pre": [-0.1, 0, 0.1], "post": [0, 0, 0]}
					}
				},
				"eyelid_right": {
					"position": {
						"0.0": [-0.1, 0, -0.1],
						"0.1667": {"pre": [-0.1, 0, -0.1], "post": [0, 0, 0]}
					}
				},
				"eyelid_left": {
					"position": {
						"0.0": [0.1, 0, -0.1],
						"0.1667": {"pre": [0.1, 0, -0.1], "post": [0, 0, 0]}
					}
				}
			}
		},
		"animation.vaporeon.pose": {
			"loop": true,
			"bones": {
				"ankle_left": {
					"rotation": [-10, 0, 0]
				},
				"foot_left": {
					"rotation": [4.64233, -4.59902, 8.88927]
				},
				"frill_left": {
					"rotation": [0, 0, -22.5]
				},
				"frill1_left": {
					"rotation": [22.5, 0, 0]
				},
				"frill2_left": {
					"rotation": [-22.5, 0, 0]
				},
				"frill_right": {
					"rotation": [0, 0, 22.5]
				},
				"frill1_right": {
					"rotation": [22.5, 0, 0]
				},
				"frill2_right": {
					"rotation": [-22.5, 0, 0]
				},
				"frill_top": {
					"rotation": [22.5, 0, 0]
				},
				"frill_bottom": {
					"rotation": [-22.5, 0, 0]
				},
				"fin": {
					"rotation": [-10, 0, 0]
				},
				"tail": {
					"rotation": [-2.58807, 17.48539, 16.83037]
				},
				"tail2": {
					"rotation": [-25.08377, 4.53051, 2.88249]
				},
				"tail3": {
					"rotation": [17.68664, 9.76061, 7.18558]
				},
				"tail4": {
					"rotation": [32.5, -7.5, 7.5]
				},
				"tail6": {
					"rotation": [15.35952, -17.34551, -2.35666]
				},
				"frontleg_left": {
					"rotation": [40.22735, -32.89858, -8.77064],
					"position": [3, -1, 3]
				},
				"elbow_left": {
					"rotation": [-37.5, 0, 0]
				},
				"neck": {
					"rotation": [2.5, 0, 0]
				},
				"head_angle": {
					"rotation": [10, -30, 20]
				},
				"frontleg_right": {
					"rotation": [-37.72771, -16.40744, 10.65711],
					"position": [3, -1.75, -2]
				},
				"elbow_right": {
					"rotation": [2.5, 0, 0]
				},
				"body": {
					"rotation": [0, 70, 0],
					"position": [0, -1, -3]
				},
				"waist": {
					"rotation": [0, -2.5, 0]
				},
				"torso": {
					"rotation": [12.5, 0, 0]
				},
				"torso2": {
					"rotation": [5.42638, -14.63639, 1.68086]
				},
				"torso3": {
					"rotation": [-11.28773, -18.42031, 2.92945]
				},
				"tail5": {
					"rotation": [35, 0, 0]
				},
				"tailfin_right": {
					"rotation": [0, -12.5, 0]
				},
				"tailfin_left": {
					"rotation": [0, 10, 0]
				},
				"frontpaw_left": {
					"rotation": [3.30638, -14.54607, 0.12666]
				},
				"back_leg_left": {
					"rotation": [0, 0, -12.5]
				},
				"knee_left": {
					"rotation": [5, 0, 0]
				},
				"frontpaw_right": {
					"rotation": [32.18821, 9.23186, -3.86032]
				},
				"back_leg_right": {
					"rotation": [25, 0, 15]
				},
				"knee_right": {
					"rotation": [0, 0, 0]
				},
				"ankle_right": {
					"rotation": [37.5, 0, 0]
				},
				"foot_right": {
					"rotation": [-59.83045, -1.29256, -14.94548]
				}
			}
		},
		"animation.vaporeon.cry": {
			"animation_length": 1.5,
			"bones": {
				"neck": {
					"rotation": {
						"0.0": {
							"post": [0, 0, 0],
							"lerp_mode": "catmullrom"
						},
						"0.0833": {
							"post": [2.5, 0, 0],
							"lerp_mode": "catmullrom"
						},
						"0.25": {
							"post": [-2.5, 0, 0],
							"lerp_mode": "catmullrom"
						},
						"0.5417": {
							"post": [-3.5, 0, 0],
							"lerp_mode": "catmullrom"
						},
						"0.8333": {
							"post": [0, 0, 0],
							"lerp_mode": "catmullrom"
						},
						"1.2917": {
							"post": [0, 0, 0],
							"lerp_mode": "catmullrom"
						}
					}
				},
				"head_angle": {
					"rotation": {
						"0.0": {
							"post": [0, 0, 0],
							"lerp_mode": "catmullrom"
						},
						"0.125": {
							"post": [2.5, 0, 0],
							"lerp_mode": "catmullrom"
						},
						"0.2917": {
							"post": [-2.5, 0, 0],
							"lerp_mode": "catmullrom"
						},
						"0.625": {
							"post": [-3.5, 0, 0],
							"lerp_mode": "catmullrom"
						},
						"0.8333": {
							"post": [0, 0, 0],
							"lerp_mode": "catmullrom"
						},
						"1.375": {
							"post": [0, 0, 0],
							"lerp_mode": "catmullrom"
						}
					}
				},
				"mouth": {
					"position": {
						"0.0": [0, 0, 0],
						"0.125": [0, 0, 0],
						"0.1667": [0, 0, -0.1],
						"0.7083": [0, 0, -0.1],
						"0.75": [0, 0, 0]
					}
				},
				"eyelid_left": {
					"position": {
						"0.0": [0, 0, 0],
						"0.0833": {"pre": [0, 0, 0], "post": [0.1, 0, -0.1]},
						"0.7083": {"pre": [0.1, 0, -0.1], "post": [0, 0, 0]}
					}
				},
				"eyelid_right": {
					"position": {
						"0.0": [0, 0, 0],
						"0.0833": {"pre": [0, 0, 0], "post": [-0.1, 0, -0.1]},
						"0.7083": {"pre": [-0.1, 0, -0.1], "post": [0, 0, 0]}
					}
				},
				"eye_left": {
					"position": {
						"0.0": [0, 0, 0],
						"0.0833": {"pre": [0, 0, 0], "post": [-0.1, 0, 0.1]},
						"0.7083": {"pre": [-0.1, 0, 0.1], "post": [0, 0, 0]}
					}
				},
				"eye_right": {
					"position": {
						"0.0": [0, 0, 0],
						"0.0833": {"pre": [0, 0, 0], "post": [0.1, 0, 0.1]},
						"0.7083": {"pre": [0.1, 0, 0.1], "post": [0, 0, 0]}
					}
				}
			},
			"sound_effects": {
				"0.1667": {
					"effect": "pokemon.vaporeon.cry"
				}
			}
		}
	}
}