{
	"format_version": "1.10.0",
	"particle_effect": {
		"description": {
			"identifier": "cobblemon:dragon_spark",
			"basic_render_parameters": {
				"material": "particles_alpha",
				"texture": "textures/particles/dragon_spark"
			}
		},
		"events": {
			"event_sound": {
				"sound_effect": {
					"event_name": "move.dragonpulse.spark"
				}
			}
		},
		"components": {
			"minecraft:emitter_rate_steady": {
				"spawn_rate": 30,
				"max_particles": 30
			},
			"minecraft:emitter_lifetime_looping": {
				"active_time": 1.2
			},
			"minecraft:emitter_lifetime_events": {
				"creation_event": "event_sound"
			},
			"minecraft:emitter_shape_point": {
				"offset": ["math.random(-0.03,0.03)", "math.random(-0.03,0.03)", -0.3]
			},
			"minecraft:particle_lifetime_expression": {
				"max_lifetime": 0.5
			},
			"minecraft:particle_initial_spin": {
				"rotation": "math.random(0,180)",
				"rotation_rate": "math.random(-75,75)"
			},
			"minecraft:particle_initial_speed": 0.175,
			"minecraft:particle_motion_dynamic": {},
			"minecraft:particle_appearance_billboard": {
				"size": [0.25, 0.25],
				"facing_camera_mode": "rotate_xyz",
				"uv": {
					"texture_width": 63,
					"texture_height": 9,
					"flipbook": {
						"base_UV": [0, 0],
						"size_UV": [9, 9],
						"step_UV": [9, 0],
						"frames_per_second": 20,
						"max_frame": 5
					}
				}
			},
			"minecraft:particle_appearance_tinting": {
				"color": {
					"interpolant": "v.particle_age / v.particle_lifetime",
					"gradient": {
						"0.07": "#FF751BCA",
						"0.39": "#FFAE68EF",
						"0.69": "#FFC090EF",
						"0.88": "#FFC2A0E2"
					}
				}
			}
		}
	}
}