{
	"format_version": "1.8.0",
	"animations": {
		"animation.registeel.ground_idle": {
			"loop": true,
			"bones": {
				"waist": {
					"rotation": [2.5, 0, 0]
				},
				"chest": {
					"rotation": [-2.5, 0, 0]
				},
				"shoulder_left": {
					"rotation": [-17.5, 0, 0]
				},
				"arm_left": {
					"rotation": ["-5+math.sin(q.anim_time*90*1)*5", 0, -15]
				},
				"arm_left2": {
					"rotation": ["-12.5+math.sin(q.anim_time*90*1-30)*15", 0, 0]
				},
				"arm_left3": {
					"rotation": ["-12.5+math.sin(q.anim_time*90*1-90)*15", 0, 0]
				},
				"finger_left_middle2": {
					"rotation": ["12.5-math.sin(q.anim_time*90*1-60)*15", 0, 0]
				},
				"leg_left2": {
					"rotation": [0, -10, 0]
				},
				"leg_right2": {
					"rotation": [0, 10, 0]
				},
				"finger_left_inner": {
					"rotation": ["7.5-math.sin(q.anim_time*90*1-60)*15", 0, 0]
				},
				"finger_left_inner2": {
					"rotation": ["10-math.sin(q.anim_time*90*1-90)*15", 0, 0]
				},
				"finger_left_outer": {
					"rotation": ["5-math.sin(q.anim_time*90*1)*15", 0, 0]
				},
				"finger_left_outer2": {
					"rotation": ["7.5-math.sin(q.anim_time*90*1-30)*15", 0, 0]
				},
				"shoulder_right": {
					"rotation": [-20, 0, 0]
				},
				"arm_right": {
					"rotation": ["-5+math.sin(q.anim_time*90*1-30)*5", 0, 15]
				},
				"arm_right2": {
					"rotation": ["-12.5+math.sin(q.anim_time*90*1-90)*15", 0, 0]
				},
				"arm_right3": {
					"rotation": ["-12.5+math.sin(q.anim_time*90*1-120)*15", 0, 0]
				},
				"finger_right_inner": {
					"rotation": ["7.5-math.sin(q.anim_time*90*1-90)*15", 0, 0]
				},
				"finger_right_inner2": {
					"rotation": ["10-math.sin(q.anim_time*90*1-120)*15", 0, 0]
				},
				"finger_right_middle2": {
					"rotation": ["12.5-math.sin(q.anim_time*90*1-90)*15", 0, 0]
				},
				"finger_right_outer": {
					"rotation": ["5-math.sin(q.anim_time*90*1-30)*15", 0, 0]
				},
				"finger_right_outer2": {
					"rotation": ["7.5-math.sin(q.anim_time*90*1-60)*15", 0, 0]
				},
				"torso": {
					"rotation": ["0-math.sin(q.anim_time*90*1)*2", 0, 0]
				},
				"finger_left_middle": {
					"rotation": ["0-math.sin(q.anim_time*90*1-30)*15", 0, 0]
				},
				"finger_right_middle": {
					"rotation": ["0-math.sin(q.anim_time*90*1-60)*15", 0, 0]
				}
			}
		},
		"animation.registeel.blink": {
			"animation_length": 0.1667,
			"bones": {
				"eyelid_center": {
					"position": {
						"0.0": [0, 0, -0.1],
						"0.125": [0, 0, -0.1],
						"0.1667": [0, 0, 0]
					}
				},
				"eyelid_left": {
					"position": {
						"0.0": [0, 0, -0.1],
						"0.125": [0, 0, -0.1],
						"0.1667": [0, 0, 0]
					}
				},
				"eyelid_left_top": {
					"position": {
						"0.0": [0, 0, -0.1],
						"0.125": [0, 0, -0.1],
						"0.1667": [0, 0, 0]
					}
				},
				"eyelid_left_bottom": {
					"position": {
						"0.0": [0, 0, -0.1],
						"0.125": [0, 0, -0.1],
						"0.1667": [0, 0, 0]
					}
				},
				"eyelid_right": {
					"position": {
						"0.0": [0, 0, -0.1],
						"0.125": [0, 0, -0.1],
						"0.1667": [0, 0, 0]
					}
				},
				"eyelid_right_top": {
					"position": {
						"0.0": [0, 0, -0.1],
						"0.125": [0, 0, -0.1],
						"0.1667": [0, 0, 0]
					}
				},
				"eyelid_right_bottom": {
					"position": {
						"0.0": [0, 0, -0.1],
						"0.125": [0, 0, -0.1],
						"0.1667": [0, 0, 0]
					}
				}
			}
		},
		"animation.registeel.ground_walk": {
			"loop": true,
			"animation_length": 2,
			"bones": {
				"torso": {
					"rotation": [
						"10+Math.cos((query.anim_time) * 90 * 1.5 - 150) * 1",
						"-Math.cos((query.anim_time) * 90 * -2 -140) * 11",
						"0+Math.cos((query.anim_time) * -90 * -2 - 300) * -5"
					],
					"position": {
						"0.0": [0, "1+Math.cos((query.anim_time) * 180 * -2 -90) * 0.9", 0],
						"0.0833": [0, "1+Math.cos((query.anim_time) * 180 * -2 -90) * 0.9", 0],
						"0.125": [0, "0.5+Math.cos((query.anim_time) * 180 * -2 -90) * 0.9", 0],
						"0.1667": [0, "1+Math.cos((query.anim_time) * 180 * -2 -90) * 0.9", 0],
						"0.2083": [0, "0.5+Math.cos((query.anim_time) * 180 * -2 -90) * 0.9", 0],
						"0.25": [0, "1+Math.cos((query.anim_time) * 180 * -2 -90) * 0.9", 0],
						"1.0": [0, "1+Math.cos((query.anim_time) * 180 * -2 -90) * 0.9", 0],
						"1.0417": [0, "0.5+Math.cos((query.anim_time) * 180 * -2 -90) * 0.9", 0],
						"1.0833": [0, "1+Math.cos((query.anim_time) * 180 * -2 -90) * 0.9", 0],
						"1.125": [0, "0.5+Math.cos((query.anim_time) * 180 * -2 -90) * 0.9", 0],
						"1.1667": [0, "1+Math.cos((query.anim_time) * 180 * -2 -90) * 0.9", 0]
					}
				},
				"shoulder_left": {
					"rotation": [-20, 0, 0]
				},
				"arm_left": {
					"rotation": ["-73.0219+math.sin(q.anim_time*90*2)*5", "-72.2349+math.sin(q.anim_time*90*2-30)*10", 53.69429]
				},
				"arm_left2": {
					"rotation": ["+math.sin(q.anim_time*90*2-30)*9", 0, 0]
				},
				"arm_left3": {
					"rotation": ["-2.5+math.sin(q.anim_time*90*2)*7", "0+math.sin(q.anim_time*90*2)*2", 0]
				},
				"finger_left_inner": {
					"rotation": ["0+math.sin(q.anim_time*90*2)*7", 0, 0]
				},
				"finger_left_inner2": {
					"rotation": ["0+math.sin(q.anim_time*90*2-30)*8", 0, 0]
				},
				"finger_left_middle": {
					"rotation": ["0+math.sin(q.anim_time*90*2-30)*7", 0, 0]
				},
				"finger_left_middle2": {
					"rotation": ["0+math.sin(q.anim_time*90*2-60)*8", 0, 0]
				},
				"finger_left_outer": {
					"rotation": ["0+math.sin(q.anim_time*90*2-60)*7", 0, 0]
				},
				"finger_left_outer2": {
					"rotation": ["0+math.sin(q.anim_time*90*2-90)*8", 0, 0]
				},
				"shoulder_right": {
					"rotation": [-20, 0, 0]
				},
				"arm_right": {
					"rotation": ["-73.0219-math.sin(q.anim_time*90*2-30)*5", "72.2349+math.sin(q.anim_time*90*2-30)*10", -53.69429]
				},
				"arm_right2": {
					"rotation": ["-math.sin(q.anim_time*90*2-90)*9", 0, 0]
				},
				"arm_right3": {
					"rotation": ["2.5-math.sin(q.anim_time*90*2-120)*7", "0+math.sin(q.anim_time*90*2-30)*2", 0]
				},
				"finger_right_inner": {
					"rotation": ["0-math.sin(q.anim_time*90*2)*7", 0, 0]
				},
				"finger_right_inner2": {
					"rotation": ["0-math.sin(q.anim_time*90*2-30)*8", 0, 0]
				},
				"finger_right_middle": {
					"rotation": ["0-math.sin(q.anim_time*90*2-30)*7", 0, 0]
				},
				"finger_right_middle2": {
					"rotation": ["0-math.sin(q.anim_time*90*2-60)*8", 0, 0]
				},
				"finger_right_outer": {
					"rotation": ["0-math.sin(q.anim_time*90*2-60)*7", 0, 0]
				},
				"finger_right_outer2": {
					"rotation": ["0-math.sin(q.anim_time*90*2-90)*8", 0, 0]
				},
				"leg_left": {
					"rotation": {
						"0.0": [-30, 0, -3.5],
						"0.1667": [-24.605, 0, -3.5],
						"0.4167": [-10.6309, 0, -3.5],
						"0.6667": [-0.66, 0, -3.5],
						"0.8333": [6.325, 0, -3.5],
						"1.0": [13, 0, -3.5],
						"1.1667": [12.075, 0, -3.5],
						"1.8333": [-27.605, 0, -3.5],
						"2.0": [-30, 0, -3.5]
					},
					"position": {
						"0.0": [0, -0.38, 0],
						"0.1667": [0, -0.75, 1.525],
						"0.4167": [0, 0.33, 1.625],
						"0.6667": [0, 0.6, 1.5],
						"1.0": [0, -0.375, 0],
						"1.3333": {
							"pre": [0, -0.225, -2],
							"post": [0, -0.225, -2],
							"lerp_mode": "catmullrom"
						},
						"1.6667": {
							"post": [0, 1.15, 0],
							"lerp_mode": "catmullrom"
						},
						"1.9167": [0, -0.975, 0],
						"2.0": [0, -0.38, 0]
					}
				},
				"leg_left2": {
					"rotation": {
						"0.0": [25.00196, 0.02205, 2.79379],
						"0.1667": [17.83399, 0.02068, 2.79126],
						"0.4167": [8.75196, 0.02205, 2.79379],
						"0.6667": [-1.8909, 0.02205, 2.79379],
						"1.0": [-2.99804, 0.02205, 2.79379],
						"1.4167": [23.75196, 0.02205, 2.79379],
						"1.8333": [16.07, 0.02, 2.79],
						"2.0": [20.00196, 0.02205, 2.79379]
					}
				},
				"leg_right": {
					"rotation": {
						"0.0": [13, 0, 3.5],
						"0.1667": [12.075, 0, 3.5],
						"0.8333": [-27.605, 0, 3.5],
						"1.0": [-30, 0, 3.5],
						"1.1667": [-24.605, 0, 3.5],
						"1.4167": [-10.6309, 0, 3.5],
						"1.6667": [-0.66, 0, 3.5],
						"1.8333": [6.325, 0, 3.5],
						"2.0": [13, 0, 3.5]
					},
					"position": {
						"0.0": [0, -0.375, 0],
						"0.3333": {
							"pre": [0, 0.775, -2],
							"post": [0, 0.775, -2],
							"lerp_mode": "catmullrom"
						},
						"0.6667": {
							"post": [0, 1.15, 0],
							"lerp_mode": "catmullrom"
						},
						"0.9167": [0, -0.975, 0],
						"1.0": [0, -1.38, 0],
						"1.1667": [0, -0.75, 1.525],
						"1.4167": [0, 0.33, 1.625],
						"1.6667": [0, 0.6, 1.5],
						"2.0": [0, -0.375, 0]
					}
				},
				"leg_right2": {
					"rotation": {
						"0.0": [25.00196, 0.02205, 2.79379],
						"0.1667": [17.83399, 0.02068, 2.79126],
						"0.4167": [8.75196, 0.02205, 2.79379],
						"0.6667": [-1.8909, 0.02205, 2.79379],
						"1.0": [19.50196, 0.02205, 2.79379],
						"1.4167": [23.75196, 0.02205, 2.79379],
						"1.8333": [16.07, 0.02, 2.79],
						"2.0": [20.00196, 0.02205, 2.79379]
					}
				}
			}
		},
		"animation.registeel.walktest": {
			"animation_length": 14.0417,
			"bones": {
				"body": {
					"position": {
						"0.0": [0, 0, 0],
						"10.25": [0, 0, -119]
					}
				}
			}
		},
		"animation.registeel.cry": {
			"animation_length": 3,
			"bones": {
				"torso": {
					"rotation": {
						"0.0": {
							"post": [0, 0, 0],
							"lerp_mode": "catmullrom"
						},
						"0.1667": [-15, 0, 0],
						"0.5": {"pre": [-15, 0, 0], "post": ["-15+math.sin(q.anim_time*90*1)*1", "0+math.sin(q.anim_time*90*0.7+50)*1", "0+Math.cos((query.anim_time-0.2) * 90 * 48) * 1"]},
						"1.6667": [-15, 0, 0],
						"2.25": [-15, 0, 0],
						"2.9583": {
							"pre": [0, 0, 0],
							"post": [0, 0, 0],
							"lerp_mode": "catmullrom"
						}
					},
					"position": {
						"0.4583": [0, 0, 0],
						"0.5": [0, -1, 0],
						"0.5417": [0, 0, 0],
						"0.5833": [0, -1, 0],
						"0.625": [0, 0, 0]
					}
				},
				"eye_center": {
					"position": {
						"0.375": [0, 0, 0],
						"0.4167": {"pre": [0, 0, 0], "post": [0, 0, 0.1]},
						"1.3333": {"pre": [0, 0, 0.1], "post": [0, 0, 0]}
					}
				},
				"eyelid_center": {
					"position": {
						"0.375": [0, 0, 0],
						"0.4167": {"pre": [0, 0, 0], "post": [0, 0, -0.2]},
						"1.3333": {"pre": [0, 0, -0.2], "post": [0, 0, 0]}
					}
				},
				"eye_left": {
					"position": {
						"0.375": [0, 0, 0],
						"0.4167": {"pre": [0, 0, 0], "post": [0, 0, 0.1]},
						"0.7083": {"pre": [0, 0, 0.1], "post": [0, 0, 0]},
						"1.0": {"pre": [0, 0, 0], "post": [0, 0, 0.1]},
						"1.3333": {"pre": [0, 0, 0.1], "post": [0, 0, 0]}
					}
				},
				"eyelid_left": {
					"position": {
						"0.375": [0, 0, 0],
						"0.4167": {"pre": [0, 0, 0], "post": [0, 0, -0.2]},
						"0.7083": {"pre": [0, 0, -0.2], "post": [0, 0, 0]},
						"1.0": {"pre": [0, 0, 0], "post": [0, 0, -0.2]},
						"1.3333": {"pre": [0, 0, -0.2], "post": [0, 0, 0]}
					}
				},
				"eye_left_top": {
					"position": {
						"0.375": [0, 0, 0],
						"0.4167": {"pre": [0, 0, 0], "post": [0, 0, 0.1]},
						"1.0417": {"pre": [0, 0, 0.1], "post": [0, 0, 0]},
						"1.2917": {"pre": [0, 0, 0], "post": [0, 0, 0.1]},
						"1.3333": {"pre": [0, 0, 0.1], "post": [0, 0, 0]}
					}
				},
				"eyelid_left_top": {
					"position": {
						"0.375": [0, 0, 0],
						"0.4167": {"pre": [0, 0, 0], "post": [0, 0, -0.2]},
						"1.0417": {"pre": [0, 0, -0.2], "post": [0, 0, 0]},
						"1.2917": {"pre": [0, 0, 0], "post": [0, 0, -0.2]},
						"1.3333": {"pre": [0, 0, -0.2], "post": [0, 0, 0]}
					}
				},
				"eye_left_bottom": {
					"position": {
						"0.375": [0, 0, 0],
						"0.4167": {"pre": [0, 0, 0], "post": [0, 0, 0.1]},
						"0.75": {"pre": [0, 0, 0.1], "post": [0, 0, 0]},
						"1.0": {"pre": [0, 0, 0], "post": [0, 0, 0.1]},
						"1.3333": {"pre": [0, 0, 0.1], "post": [0, 0, 0]}
					}
				},
				"eyelid_left_bottom": {
					"position": {
						"0.375": [0, 0, 0],
						"0.4167": {"pre": [0, 0, 0], "post": [0, 0, -0.2]},
						"0.75": {"pre": [0, 0, -0.2], "post": [0, 0, 0]},
						"1.0": {"pre": [0, 0, 0], "post": [0, 0, -0.2]},
						"1.3333": {"pre": [0, 0, -0.2], "post": [0, 0, 0]}
					}
				},
				"eye_right": {
					"position": {
						"0.375": [0, 0, 0],
						"0.4167": {"pre": [0, 0, 0], "post": [0, 0, 0.1]},
						"0.5": {"pre": [0, 0, 0.1], "post": [0, 0, 0]},
						"0.7083": {"pre": [0, 0, 0], "post": [0, 0, 0.1]},
						"1.3333": {"pre": [0, 0, 0.1], "post": [0, 0, 0]}
					}
				},
				"eyelid_right": {
					"position": {
						"0.375": [0, 0, 0],
						"0.4167": {"pre": [0, 0, 0], "post": [0, 0, -0.2]},
						"0.5": {"pre": [0, 0, -0.2], "post": [0, 0, 0]},
						"0.7083": {"pre": [0, 0, 0], "post": [0, 0, -0.2]},
						"1.3333": {"pre": [0, 0, -0.2], "post": [0, 0, 0]}
					}
				},
				"eye_right_top": {
					"position": {
						"0.375": [0, 0, 0],
						"0.4167": {"pre": [0, 0, 0], "post": [0, 0, 0.1]},
						"0.4583": {"pre": [0, 0, 0.1], "post": [0, 0, 0]},
						"0.7083": {"pre": [0, 0, 0], "post": [0, 0, 0.1]},
						"1.3333": {"pre": [0, 0, 0.1], "post": [0, 0, 0]}
					}
				},
				"eyelid_right_top": {
					"position": {
						"0.375": [0, 0, 0],
						"0.4167": {"pre": [0, 0, 0], "post": [0, 0, -0.2]},
						"0.4583": {"pre": [0, 0, -0.2], "post": [0, 0, 0]},
						"0.7083": {"pre": [0, 0, 0], "post": [0, 0, -0.2]},
						"1.3333": {"pre": [0, 0, -0.2], "post": [0, 0, 0]}
					}
				},
				"eye_right_bottom": {
					"position": {
						"0.375": [0, 0, 0],
						"0.4167": {"pre": [0, 0, 0], "post": [0, 0, 0.1]},
						"1.0833": {"pre": [0, 0, 0.1], "post": [0, 0, 0]},
						"1.2917": {"pre": [0, 0, 0], "post": [0, 0, 0.1]},
						"1.3333": {"pre": [0, 0, 0.1], "post": [0, 0, 0]}
					}
				},
				"eyelid_right_bottom": {
					"position": {
						"0.375": [0, 0, 0],
						"0.4167": {"pre": [0, 0, 0], "post": [0, 0, -0.2]},
						"1.0833": {"pre": [0, 0, -0.2], "post": [0, 0, 0]},
						"1.2917": {"pre": [0, 0, 0], "post": [0, 0, -0.2]},
						"1.3333": {"pre": [0, 0, -0.2], "post": [0, 0, 0]}
					}
				},
				"arm_left": {
					"rotation": {
						"0.0": [0, 0, 0],
						"0.1667": [-30, 0, 0],
						"2.25": [-30, 0, 0],
						"2.9583": [0, 0, 0]
					}
				},
				"arm_left2": {
					"rotation": {
						"0.0": [0, 0, 0],
						"0.1667": [-30, 0, 0],
						"2.25": [-30, 0, 0],
						"2.9583": [0, 0, 0]
					}
				},
				"arm_left3": {
					"rotation": {
						"0.0": [0, 0, 0],
						"0.1667": [37.5, 0, 0],
						"2.25": [37.5, 0, 0],
						"2.9583": [0, 0, 0]
					}
				},
				"arm_right": {
					"rotation": {
						"0.0": [0, 0, 0],
						"0.1667": [-35, 0, 0],
						"2.25": [-35, 0, 0],
						"2.9583": [0, 0, 0]
					}
				},
				"arm_right2": {
					"rotation": {
						"0.0": [0, 0, 0],
						"0.1667": [-20, 0, 0],
						"2.25": [-20, 0, 0],
						"2.9583": [0, 0, 0]
					}
				},
				"arm_right3": {
					"rotation": {
						"0.0": [0, 0, 0],
						"0.1667": [27.5, 0, 0],
						"2.25": [27.5, 0, 0],
						"2.9583": [0, 0, 0]
					}
				}
			},
			"sound_effects": {
				"0.5": {
					"effect": "pokemon.registeel.cry"
				}
			}
		}
	}
}