{
	"format_version": "1.8.0",
	"animations": {
		"animation.rowlet.ground_idle": {
			"loop": true,
			"bones": {
				"waist": {
					"rotation": ["-2.5+math.cos(q.anim_time*90*2+30)*1", 0, 0],
					"position": [0, "math.sin(q.anim_time*90*2)*0.1", 0]
				},
				"head": {
					"rotation": ["-2.5+math.cos(q.anim_time*90*2-30)*1", 0, 0]
				},
				"bowtie_right2": {
					"rotation": [0, -7.5, 0]
				},
				"bowtie_left2": {
					"rotation": [0, 7.5, 0]
				},
				"foot_right": {
					"rotation": [0, 2.5, 0]
				},
				"foot_left": {
					"rotation": [0, -2.5, 0]
				},
				"wings_open": {
					"scale": [0, 0, 1]
				},
				"wing_folded_right": {
					"rotation": [2.5, 0, 0]
				},
				"wing_folded_left": {
					"rotation": [2.5, 0, 0]
				},
				"tail2": {
					"rotation": ["5+math.cos(q.anim_time*90*2-40)*-4", 0, 0]
				},
				"head_rotate": {
					"rotation": [0, 0, 0],
					"scale": 1
				}
			}
		},
		"animation.rowlet.head_rotate": {
			"animation_length": 1.25,
			"bones": {
				"waist": {
					"rotation": [2.5, 0, 0]
				},
				"head": {
					"rotation": [-2.5, 0, 0]
				},
				"bowtie_right2": {
					"rotation": [0, -7.5, 0]
				},
				"bowtie_left2": {
					"rotation": [0, 7.5, 0]
				},
				"foot_right": {
					"rotation": [0, 2.5, 0]
				},
				"foot_left": {
					"rotation": [0, -2.5, 0]
				},
				"wings_open": {
					"scale": [0, 0, 1]
				},
				"head_rotate": {
					"rotation": {
						"0.0": [0, 0, 0],
						"0.625": [0, 0, 0],
						"0.6667": [0, 0, -19.9299],
						"0.7083": [0, 0, -17.43745],
						"1.1667": [0, 0, -17.43745],
						"1.2083": [0, 0, 5],
						"1.25": [0, 0, 0]
					}
				},
				"eyelid_left": {
					"position": [0, 0, 0]
				},
				"wing_folded_right": {
					"rotation": {
						"0.625": [0, 0, 0],
						"0.6667": [0, 0, 7.5],
						"0.7083": [0, 0, 5],
						"1.1667": [0, 0, 5],
						"1.2083": [0, 0, 2.5],
						"1.25": [0, 0, 0]
					}
				}
			}
		},
		"animation.rowlet.fly_walk": {
			"loop": true,
			"animation_length": 1.75,
			"bones": {
				"body": {
					"rotation": ["16+math.sin(q.anim_time*90*6.86-60)*-2+math.sin(q.anim_time*90*2.28+60)*-4", 0, "math.sin(q.anim_time*90*2.28)*-3"],
					"position": ["math.sin(q.anim_time*90*2.28)*1", "math.sin(q.anim_time*90*6.86-30)*-1.2+math.sin(q.anim_time*90*2.28+90)*-1", 0]
				},
				"waist": {
					"rotation": ["-2.5+math.sin(q.anim_time*90*6.86-90)*-3", 0, 0]
				},
				"head": {
					"rotation": ["-2.5+math.sin(q.anim_time*90*6.86-70)*2", 0, 0]
				},
				"wing_open_right_main": {
					"rotation": {
						"0.0": [90, -5, -17],
						"0.0833": [90, -1.93, 22.9],
						"0.125": {
							"pre": [90, 9.79709, 54.08204],
							"post": [90, 9.79709, 54.08204],
							"lerp_mode": "catmullrom"
						},
						"0.25": {
							"post": [90, 7.10863, 42.34742],
							"lerp_mode": "catmullrom"
						},
						"0.375": {
							"post": [90, -5.38021, -38.62254],
							"lerp_mode": "catmullrom"
						},
						"0.4583": {
							"post": [90, -7.8591, -65.10455],
							"lerp_mode": "catmullrom"
						},
						"0.5": [90, -5.38021, -49.62254],
						"0.5833": [90, -5, -17],
						"0.6667": [90, -1.93, 22.9],
						"0.7083": {
							"pre": [90, 9.79709, 54.08204],
							"post": [90, 9.79709, 54.08204],
							"lerp_mode": "catmullrom"
						},
						"0.8333": {
							"post": [90, 7.10863, 42.34742],
							"lerp_mode": "catmullrom"
						},
						"0.9583": {
							"post": [90, -5.38021, -38.62254],
							"lerp_mode": "catmullrom"
						},
						"1.0417": {
							"post": [90, -7.8591, -65.10455],
							"lerp_mode": "catmullrom"
						},
						"1.0833": [90, -5.38021, -49.62254],
						"1.1667": [90, -5, -17],
						"1.25": [90, -1.93, 22.9],
						"1.2917": {
							"pre": [90, 9.79709, 54.08204],
							"post": [90, 9.79709, 54.08204],
							"lerp_mode": "catmullrom"
						},
						"1.4167": {
							"post": [90, 7.10863, 42.34742],
							"lerp_mode": "catmullrom"
						},
						"1.5417": {
							"post": [90, -5.38021, -38.62254],
							"lerp_mode": "catmullrom"
						},
						"1.625": {
							"post": [90, -7.8591, -65.10455],
							"lerp_mode": "catmullrom"
						},
						"1.6667": [90, -5.38021, -49.62254],
						"1.75": [90, -5, -17]
					},
					"position": {
						"0.0": {
							"post": [0, 0, 0],
							"lerp_mode": "catmullrom"
						},
						"0.0833": {
							"post": [0, 0.25, 0],
							"lerp_mode": "catmullrom"
						},
						"0.25": {
							"post": [0, -0.2, 0],
							"lerp_mode": "catmullrom"
						},
						"0.375": {
							"post": [0, -0.3, 0],
							"lerp_mode": "catmullrom"
						},
						"0.5833": {
							"post": [0, 0, 0],
							"lerp_mode": "catmullrom"
						},
						"0.6667": {
							"post": [0, 0.25, 0],
							"lerp_mode": "catmullrom"
						},
						"0.8333": {
							"post": [0, -0.2, 0],
							"lerp_mode": "catmullrom"
						},
						"0.9583": {
							"post": [0, -0.3, 0],
							"lerp_mode": "catmullrom"
						},
						"1.1667": {
							"post": [0, 0, 0],
							"lerp_mode": "catmullrom"
						},
						"1.25": {
							"post": [0, 0.25, 0],
							"lerp_mode": "catmullrom"
						},
						"1.4167": {
							"post": [0, -0.2, 0],
							"lerp_mode": "catmullrom"
						},
						"1.5417": {
							"post": [0, -0.3, 0],
							"lerp_mode": "catmullrom"
						},
						"1.75": {
							"post": [0, 0, 0],
							"lerp_mode": "catmullrom"
						}
					}
				},
				"wing_open_left_main": {
					"rotation": {
						"0.0": [90, 5, 17],
						"0.0833": [90, 1.93, -22.9],
						"0.125": {
							"pre": [90, -9.79709, -54.08204],
							"post": [90, -9.79709, -54.08204],
							"lerp_mode": "catmullrom"
						},
						"0.25": {
							"post": [90, -7.10863, -42.34742],
							"lerp_mode": "catmullrom"
						},
						"0.375": {
							"post": [90, 5.38021, 38.62254],
							"lerp_mode": "catmullrom"
						},
						"0.4583": {
							"post": [90, 7.8591, 65.10455],
							"lerp_mode": "catmullrom"
						},
						"0.5": [90, 5.38021, 49.62254],
						"0.5833": [90, 5, 17],
						"0.6667": [90, 1.93, -22.9],
						"0.7083": {
							"pre": [90, -9.79709, -54.08204],
							"post": [90, -9.79709, -54.08204],
							"lerp_mode": "catmullrom"
						},
						"0.8333": {
							"post": [90, -7.10863, -42.34742],
							"lerp_mode": "catmullrom"
						},
						"0.9583": {
							"post": [90, 5.38021, 38.62254],
							"lerp_mode": "catmullrom"
						},
						"1.0417": {
							"post": [90, 7.8591, 65.10455],
							"lerp_mode": "catmullrom"
						},
						"1.0833": [90, 5.38021, 49.62254],
						"1.1667": [90, 5, 17],
						"1.25": [90, 1.93, -22.9],
						"1.2917": {
							"pre": [90, -9.79709, -54.08204],
							"post": [90, -9.79709, -54.08204],
							"lerp_mode": "catmullrom"
						},
						"1.4167": {
							"post": [90, -7.10863, -42.34742],
							"lerp_mode": "catmullrom"
						},
						"1.5417": {
							"post": [90, 5.38021, 38.62254],
							"lerp_mode": "catmullrom"
						},
						"1.625": {
							"post": [90, 7.8591, 65.10455],
							"lerp_mode": "catmullrom"
						},
						"1.6667": [90, 5.38021, 49.62254],
						"1.75": [90, 5, 17]
					},
					"position": {
						"0.0": {
							"post": [0, 0, 0],
							"lerp_mode": "catmullrom"
						},
						"0.0833": {
							"post": [0, 0.25, 0],
							"lerp_mode": "catmullrom"
						},
						"0.25": {
							"post": [0, -0.2, 0],
							"lerp_mode": "catmullrom"
						},
						"0.375": {
							"post": [0, -0.3, 0],
							"lerp_mode": "catmullrom"
						},
						"0.5833": {
							"post": [0, 0, 0],
							"lerp_mode": "catmullrom"
						},
						"0.6667": {
							"post": [0, 0.25, 0],
							"lerp_mode": "catmullrom"
						},
						"0.8333": {
							"post": [0, -0.2, 0],
							"lerp_mode": "catmullrom"
						},
						"0.9583": {
							"post": [0, -0.3, 0],
							"lerp_mode": "catmullrom"
						},
						"1.1667": {
							"post": [0, 0, 0],
							"lerp_mode": "catmullrom"
						},
						"1.25": {
							"post": [0, 0.25, 0],
							"lerp_mode": "catmullrom"
						},
						"1.4167": {
							"post": [0, -0.2, 0],
							"lerp_mode": "catmullrom"
						},
						"1.5417": {
							"post": [0, -0.3, 0],
							"lerp_mode": "catmullrom"
						},
						"1.75": {
							"post": [0, 0, 0],
							"lerp_mode": "catmullrom"
						}
					}
				},
				"wings_folded": {
					"scale": [1, 0, 1]
				},
				"tail2": {
					"rotation": ["5+math.sin(q.anim_time*90*6.86+30)*4", 0, 0]
				},
				"leg_right": {
					"rotation": ["15+math.sin(q.anim_time*90*6.86-80)*-5", 0, 0]
				},
				"foot_right": {
					"rotation": ["15+math.sin(q.anim_time*90*6.86-140)*5", 0, -7.5],
					"position": [0, 0.3, 0]
				},
				"toe_front_right": {
					"rotation": ["40+math.sin(q.anim_time*90*6.86-170)*5", 0, 0]
				},
				"toe_front_right2": {
					"rotation": ["40+math.sin(q.anim_time*90*6.86-170)*5", 0, 0]
				},
				"toe_back_right": {
					"rotation": ["-25+math.sin(q.anim_time*90*6.86-180)*-15", 0, 0]
				},
				"leg_left": {
					"rotation": ["15+math.sin(q.anim_time*90*6.86-80)*-5", 0, 0]
				},
				"foot_left": {
					"rotation": ["15+math.sin(q.anim_time*90*6.86-140)*5", 0, 7.5],
					"position": [0, 0.3, 0]
				},
				"toe_front_left": {
					"rotation": ["40+math.sin(q.anim_time*90*6.86-170)*5", 0, 0]
				},
				"toe_front_left2": {
					"rotation": ["40+math.sin(q.anim_time*90*6.86-170)*5", 0, 0]
				},
				"toe_back_left": {
					"rotation": ["-25+math.sin(q.anim_time*90*6.86-180)*-15", 0, 0]
				}
			}
		},
		"animation.rowlet.fly_idle": {
			"loop": true,
			"animation_length": 0.5833,
			"bones": {
				"body": {
					"rotation": ["10+math.sin(q.anim_time*90*6.86-60)*-1", 0, 0],
					"position": [0, "math.sin(q.anim_time*90*6.86-30)*-1.2", "math.sin(q.anim_time*90*6.86-30)*-0.1"]
				},
				"head": {
					"rotation": [0, 0, 0]
				},
				"wing_open_right_main": {
					"rotation": {
						"0.0": [90, -5, -17],
						"0.0833": [90, -1.93, 22.9],
						"0.125": {
							"pre": [90, 9.79709, 54.08204],
							"post": [90, 9.79709, 54.08204],
							"lerp_mode": "catmullrom"
						},
						"0.25": {
							"post": [90, 7.10863, 42.34742],
							"lerp_mode": "catmullrom"
						},
						"0.375": {
							"post": [90, -5.38021, -38.62254],
							"lerp_mode": "catmullrom"
						},
						"0.4583": {
							"post": [90, -7.8591, -65.10455],
							"lerp_mode": "catmullrom"
						},
						"0.5": [90, -5.38021, -49.62254],
						"0.5833": [90, -5, -17]
					},
					"position": {
						"0.0": {
							"post": [0, 0, 0],
							"lerp_mode": "catmullrom"
						},
						"0.0833": {
							"post": [0, 0.25, 0],
							"lerp_mode": "catmullrom"
						},
						"0.25": {
							"post": [0, -0.2, 0],
							"lerp_mode": "catmullrom"
						},
						"0.375": {
							"post": [0, -0.3, 0],
							"lerp_mode": "catmullrom"
						},
						"0.5833": {
							"post": [0, 0, 0],
							"lerp_mode": "catmullrom"
						}
					}
				},
				"wing_open_left_main": {
					"rotation": {
						"0.0": [90, 5, 17],
						"0.0833": [90, 1.93, -22.9],
						"0.125": {
							"pre": [90, -9.79709, -54.08204],
							"post": [90, -9.79709, -54.08204],
							"lerp_mode": "catmullrom"
						},
						"0.25": {
							"post": [90, -7.10863, -42.34742],
							"lerp_mode": "catmullrom"
						},
						"0.375": {
							"post": [90, 5.38021, 38.62254],
							"lerp_mode": "catmullrom"
						},
						"0.4583": {
							"post": [90, 7.8591, 65.10455],
							"lerp_mode": "catmullrom"
						},
						"0.5": [90, 5.38021, 49.62254],
						"0.5833": [90, 5, 17]
					},
					"position": {
						"0.0": {
							"post": [0, 0, 0],
							"lerp_mode": "catmullrom"
						},
						"0.0833": {
							"post": [0, 0.25, 0],
							"lerp_mode": "catmullrom"
						},
						"0.25": {
							"post": [0, -0.2, 0],
							"lerp_mode": "catmullrom"
						},
						"0.375": {
							"post": [0, -0.3, 0],
							"lerp_mode": "catmullrom"
						},
						"0.5833": {
							"post": [0, 0, 0],
							"lerp_mode": "catmullrom"
						}
					}
				},
				"leg_right": {
					"rotation": ["2.5+math.sin(q.anim_time*90*6.86-80)*-2", 0, 0]
				},
				"foot_right": {
					"rotation": ["15+math.sin(q.anim_time*90*6.86-140)*5", 0, -7.5]
				},
				"toe_front_right": {
					"rotation": ["40+math.sin(q.anim_time*90*6.86-170)*5", 0, 0]
				},
				"toe_front_right2": {
					"rotation": ["40+math.sin(q.anim_time*90*6.86-170)*5", 0, 0]
				},
				"toe_back_right": {
					"rotation": ["-25+math.sin(q.anim_time*90*6.86-180)*-15", 0, 0]
				},
				"leg_left": {
					"rotation": ["2.5+math.sin(q.anim_time*90*6.86-80)*-2", 0, 0]
				},
				"foot_left": {
					"rotation": ["15+math.sin(q.anim_time*90*6.86-140)*5", 0, 7.5]
				},
				"toe_front_left": {
					"rotation": ["40+math.sin(q.anim_time*90*6.86-170)*5", 0, 0]
				},
				"toe_front_left2": {
					"rotation": ["40+math.sin(q.anim_time*90*6.86-170)*5", 0, 0]
				},
				"toe_back_left": {
					"rotation": ["-25+math.sin(q.anim_time*90*6.86-180)*-15", 0, 0]
				},
				"waist": {
					"rotation": ["0+math.sin(q.anim_time*90*6.86-90)*-3", 0, 0]
				},
				"wings_folded": {
					"scale": [1, 0, 1]
				},
				"tail2": {
					"rotation": ["-5+math.sin(q.anim_time*90*6.86+30)*10", 0, 0]
				}
			}
		},
		"animation.rowlet.battle_idle": {
			"loop": true,
			"animation_length": 0.5833,
			"bones": {
				"body": {
					"rotation": ["10+math.sin(q.anim_time*90*6.86-60)*-1", 0, 0],
					"position": [0, "math.sin(q.anim_time*90*6.86-30)*-1.2", "math.sin(q.anim_time*90*6.86-30)*-0.1"]
				},
				"head": {
					"rotation": [0, 0, 0]
				},
				"wing_open_right_main": {
					"rotation": {
						"0.0": [90, -5, -17],
						"0.0833": [90, -1.93, 22.9],
						"0.125": {
							"pre": [90, 9.79709, 54.08204],
							"post": [90, 9.79709, 54.08204],
							"lerp_mode": "catmullrom"
						},
						"0.25": {
							"post": [90, 7.10863, 42.34742],
							"lerp_mode": "catmullrom"
						},
						"0.375": {
							"post": [90, -5.38021, -38.62254],
							"lerp_mode": "catmullrom"
						},
						"0.4583": {
							"post": [90, -7.8591, -65.10455],
							"lerp_mode": "catmullrom"
						},
						"0.5": [90, -5.38021, -49.62254],
						"0.5833": [90, -5, -17]
					},
					"position": {
						"0.0": {
							"post": [0, 0, 0],
							"lerp_mode": "catmullrom"
						},
						"0.0833": {
							"post": [0, 0.25, 0],
							"lerp_mode": "catmullrom"
						},
						"0.25": {
							"post": [0, -0.2, 0],
							"lerp_mode": "catmullrom"
						},
						"0.375": {
							"post": [0, -0.3, 0],
							"lerp_mode": "catmullrom"
						},
						"0.5833": {
							"post": [0, 0, 0],
							"lerp_mode": "catmullrom"
						}
					}
				},
				"wing_open_left_main": {
					"rotation": {
						"0.0": [90, 5, 17],
						"0.0833": [90, 1.93, -22.9],
						"0.125": {
							"pre": [90, -9.79709, -54.08204],
							"post": [90, -9.79709, -54.08204],
							"lerp_mode": "catmullrom"
						},
						"0.25": {
							"post": [90, -7.10863, -42.34742],
							"lerp_mode": "catmullrom"
						},
						"0.375": {
							"post": [90, 5.38021, 38.62254],
							"lerp_mode": "catmullrom"
						},
						"0.4583": {
							"post": [90, 7.8591, 65.10455],
							"lerp_mode": "catmullrom"
						},
						"0.5": [90, 5.38021, 49.62254],
						"0.5833": [90, 5, 17]
					},
					"position": {
						"0.0": {
							"post": [0, 0, 0],
							"lerp_mode": "catmullrom"
						},
						"0.0833": {
							"post": [0, 0.25, 0],
							"lerp_mode": "catmullrom"
						},
						"0.25": {
							"post": [0, -0.2, 0],
							"lerp_mode": "catmullrom"
						},
						"0.375": {
							"post": [0, -0.3, 0],
							"lerp_mode": "catmullrom"
						},
						"0.5833": {
							"post": [0, 0, 0],
							"lerp_mode": "catmullrom"
						}
					}
				},
				"leg_right": {
					"rotation": ["2.5+math.sin(q.anim_time*90*6.86-80)*-2", 0, 0]
				},
				"foot_right": {
					"rotation": ["15+math.sin(q.anim_time*90*6.86-140)*5", 0, -7.5]
				},
				"toe_front_right": {
					"rotation": ["40+math.sin(q.anim_time*90*6.86-170)*5", 0, 0]
				},
				"toe_front_right2": {
					"rotation": ["40+math.sin(q.anim_time*90*6.86-170)*5", 0, 0]
				},
				"toe_back_right": {
					"rotation": ["-25+math.sin(q.anim_time*90*6.86-180)*-15", 0, 0]
				},
				"leg_left": {
					"rotation": ["2.5+math.sin(q.anim_time*90*6.86-80)*-2", 0, 0]
				},
				"foot_left": {
					"rotation": ["15+math.sin(q.anim_time*90*6.86-140)*5", 0, 7.5]
				},
				"toe_front_left": {
					"rotation": ["40+math.sin(q.anim_time*90*6.86-170)*5", 0, 0]
				},
				"toe_front_left2": {
					"rotation": ["40+math.sin(q.anim_time*90*6.86-170)*5", 0, 0]
				},
				"toe_back_left": {
					"rotation": ["-25+math.sin(q.anim_time*90*6.86-180)*-15", 0, 0]
				},
				"waist": {
					"rotation": ["0+math.sin(q.anim_time*90*6.86-90)*-3", 0, 0]
				},
				"wings_folded": {
					"scale": [1, 0, 1]
				},
				"tail2": {
					"rotation": ["-5+math.sin(q.anim_time*90*6.86+30)*10", 0, 0]
				},
				"rowlet": {
					"position": [0, 26, 0]
				}
			}
		},
		"animation.rowlet.blink": {
			"animation_length": 0.1667,
			"bones": {
				"eyelid_left": {
					"position": {
						"0.0": [0, 0, -0.1],
						"0.125": [0, 0, -0.1],
						"0.1667": [0, 0, 0]
					}
				},
				"eyelid_right": {
					"position": {
						"0.0": [0, 0, -0.1],
						"0.125": [0, 0, -0.1],
						"0.1667": [0, 0, 0]
					}
				}
			}
		},
		"animation.rowlet.cry": {
			"animation_length": 2,
			"sound_effects":{"0.0":{"effect":"pokemon.rowlet.cry"}},
			"bones": {
				"waist": {
					"rotation": {
						"0.0": [0, 0, 0],
						"0.2083": [-2.5, 0, 0],
						"1.6667": [-2.5, 0, 0],
						"2.0": [0, 0, 0]
					}
				},
				"head": {
					"rotation": [0, 0, 0]
				},
				"jaw": {
					"rotation": {
						"0.0": [0, 0, 0],
						"0.2917": [40, 0, 0],
						"1.7083": [40, 0, 0],
						"2.0": [0, 0, 0]
					}
				}
			}
		},
		"animation.rowlet.ground_walk": {
			"loop": true,
			"animation_length": 1,
			"bones": {
				"waist": {
					"rotation": ["-2.5+math.cos(query.anim_time*720-30)*2", 0, "-math.sin(query.anim_time*360+25)*3"],
					"position": [0, "-0.85+math.cos(query.anim_time*720-45)*0.3", 0]
				},
				"head": {
					"rotation": ["-4.5+math.cos(query.anim_time*720-30)*1", 0, "-math.sin(query.anim_time*360+25)*2"],
					"position": [0, "math.cos(query.anim_time*720-45)*0.2", 0]
				},
				"eyelid_right": {
					"position": [0, 0, -0.1]
				},
				"eyelid_left": {
					"position": [0, 0, -0.1]
				},
				"wings_open": {
					"scale": [0, 0, 1]
				},
				"wing_folded_right": {
					"rotation": [4.83045, -1.29256, "14.9455+math.sin(query.anim_time*720-80)*3.7"]
				},
				"wing_folded_right2": {
					"rotation": [0, 0, "20+math.sin(query.anim_time*720-60)*3.7"]
				},
				"wing_folded_left": {
					"rotation": [4.88206, 1.08089, "-12.4539-math.sin(query.anim_time*720-80)*3.7"]
				},
				"wing_folded_left2": {
					"rotation": [0, 0, "-20-math.sin(query.anim_time*720-60)*3.7"]
				},
				"tail2": {
					"rotation": ["22.5+math.sin(query.anim_time*720-80)*3.7", 0, 0]
				},
				"leg_right": {
					"rotation": ["2.5+math.cos(query.anim_time*360-190)*20", 0, 0],
					"position": [0, "math.clamp((-Math.sin(query.anim_time * 360+160-180)*0.4),0,4)", "(-Math.cos(query.anim_time * 360+160-180)*0.25)"]
				},
				"foot_right": {
					"rotation": {
						"0.0": [12.5, 0, 0],
						"0.0833": [15.56, 0, 0],
						"0.25": [0, 0, 0],
						"0.375": [-16.25, 0, 0],
						"0.5": [-22.5, 0, 0],
						"0.6667": [-13.5, 0, 0],
						"0.75": [-2.5, 0, 0],
						"1.0": [12.5, 0, 0]
					}
				},
				"leg_left": {
					"rotation": ["2.5+math.cos(query.anim_time*360-10)*20", 0, 0],
					"position": [0, "math.clamp((-Math.sin(query.anim_time * 360+160)*0.4),0,4)", "(-Math.cos(query.anim_time * 360+160)*0.25)"]
				},
				"foot_left": {
					"rotation": {
						"0.0": [-22.5, 0, 0],
						"0.1667": {
							"pre": [-1, 0, 0],
							"post": [-1, 0, 0],
							"lerp_mode": "catmullrom"
						},
						"0.25": {
							"post": [11.63, 0, 0],
							"lerp_mode": "catmullrom"
						},
						"0.3333": {
							"post": [7.5, 0, 0],
							"lerp_mode": "catmullrom"
						},
						"0.4167": {
							"post": [5, 0, 0],
							"lerp_mode": "catmullrom"
						},
						"0.5": {
							"post": [12.5, 0, 0],
							"lerp_mode": "catmullrom"
						},
						"0.5833": {
							"post": [15.56, 0, 0],
							"lerp_mode": "catmullrom"
						},
						"0.75": {
							"post": [0, 0, 0],
							"lerp_mode": "catmullrom"
						},
						"0.875": {
							"post": [-16.25, 0, 0],
							"lerp_mode": "catmullrom"
						},
						"1.0": [-22.5, 0, 0]
					}
				}
			}
		},
		"animation.rowlet.sleep": {
			"loop": true,
			"bones": {
				"waist": {
					"position": [0, -3, 0],
					"scale": [1, "1+Math.cos((query.anim_time) * 90 * 1) * 0.03", 1]
				},
				"head": {
					"rotation": ["3.5+Math.cos((query.anim_time) * 90 * 1-90) * -3", 0, 0]
				},
				"eyelid_right": {
					"position": [0, 0, -0.1]
				},
				"eyelid_left": {
					"position": [0, 0, -0.1]
				},
				"jaw": {
					"rotation": ["5+Math.cos((query.anim_time) * 90 * 1-90) * 5", 0, 0]
				},
				"wings_open": {
					"scale": [0, 0, 1]
				},
				"wing_folded_right": {
					"rotation": [-2.5, 0, 0]
				},
				"wing_folded_left": {
					"rotation": [-2.5, 0, 0]
				},
				"tail2": {
					"rotation": ["32.5+Math.cos((query.anim_time) * 90 * 1-90) * -3", 0, 0]
				},
				"snot": {
					"position": [0, 0, -5.05],
					"scale": "1+Math.cos((query.anim_time) * 90 * 1) * 0.2"
				}
			}
		},
		"animation.rowlet.left_shoulder": {
			"loop": true,
			"bones": {
				"waist": {
					"position": [0, -3, 0],
					"scale": [1, "1+Math.cos((query.anim_time) * 90 * 1) * 0.03", 1]
				},
				"head": {
					"rotation": ["3.5+Math.cos((query.anim_time) * 90 * 1-90) * -3", 0, 0]
				},
				"eyelid_right": {
					"position": [0, 0, -0.1]
				},
				"eyelid_left": {
					"position": [0, 0, -0.1]
				},
				"wings_open": {
					"scale": [0, 0, 1]
				},
				"wing_folded_right": {
					"rotation": [-2.5, 0, 0]
				},
				"wing_folded_left": {
					"rotation": [-2.5, 0, 0]
				},
				"tail2": {
					"rotation": ["32.5+Math.cos((query.anim_time) * 90 * 1-90) * -3", 0, 0]
				},
				"rowlet": {
					"position": [5, 0, 0],
					"scale": 0.7
				},
				"jaw": {
					"rotation": ["5+Math.cos((query.anim_time) * 90 * 1-90) * 5", 0, 0]
				}
			}
		},
		"animation.rowlet.right_shoulder": {
			"loop": true,
			"bones": {
				"waist": {
					"position": [0, -3, 0],
					"scale": [1, "1+Math.cos((query.anim_time) * 90 * 1) * 0.03", 1]
				},
				"head": {
					"rotation": ["3.5+Math.cos((query.anim_time) * 90 * 1-90) * -3", 0, 0]
				},
				"eyelid_right": {
					"position": [0, 0, -0.1]
				},
				"eyelid_left": {
					"position": [0, 0, -0.1]
				},
				"wings_open": {
					"scale": [0, 0, 1]
				},
				"wing_folded_right": {
					"rotation": [-2.5, 0, 0]
				},
				"wing_folded_left": {
					"rotation": [-2.5, 0, 0]
				},
				"tail2": {
					"rotation": ["32.5+Math.cos((query.anim_time) * 90 * 1-90) * -3", 0, 0]
				},
				"rowlet": {
					"position": [6, 10, 0],
					"scale": 0.7
				},
				"jaw": {
					"rotation": ["5+Math.cos((query.anim_time) * 90 * 1-90) * 5", 0, 0]
				},
				"snot": {
					"position": [0, 0, 0]
				}
			}
		},
		"animation.rowlet.recoil": {
			"animation_length": 1.4583,
			"bones": {
				"waist": {
					"position": {
						"0.0": {
							"post": [0, 0, 0],
							"lerp_mode": "catmullrom"
						},
						"0.1667": {
							"post": [0, 0, 1],
							"lerp_mode": "catmullrom"
						},
						"0.875": {
							"post": [0, 0, 0],
							"lerp_mode": "catmullrom"
						},
						"1.5": {
							"post": [0, 0, 0],
							"lerp_mode": "catmullrom"
						}
					}
				},
				"head": {
					"rotation": {
						"0.0": {
							"post": [0, 0, 0],
							"lerp_mode": "catmullrom"
						},
						"0.0833": {
							"post": [22.5, 0, 0],
							"lerp_mode": "catmullrom"
						},
						"0.4583": {
							"post": [-7.5, 0, 0],
							"lerp_mode": "catmullrom"
						},
						"1.1667": {
							"post": [15.08, 0, 0],
							"lerp_mode": "catmullrom"
						},
						"1.3333": {
							"post": [0, 0, 0],
							"lerp_mode": "catmullrom"
						},
						"1.5": {
							"post": [0, 0, 0],
							"lerp_mode": "catmullrom"
						}
					}
				},
				"eyelid_right": {
					"position": {
						"0.0": [0, 0, 0],
						"0.0417": [0.25, 0, -0.25],
						"0.5833": [0.25, 0, -0.25],
						"0.625": [0, 0, 0],
						"0.9583": [0, 0, 0],
						"1.0": [0.25, 0, -0.25],
						"1.125": [0.25, 0, -0.25],
						"1.1667": [0, 0, 0],
						"1.25": [0, 0, 0],
						"1.2917": [0.25, 0, -0.25],
						"1.4167": [0.25, 0, -0.25],
						"1.4583": [0, 0, 0]
					}
				},
				"eyelid_left": {
					"position": {
						"0.0": [0, 0, 0],
						"0.0417": [0.25, 0, -0.25],
						"0.5833": [0.25, 0, -0.25],
						"0.625": [0, 0, 0],
						"0.9583": [0, 0, 0],
						"1.0": [0.25, 0, -0.25],
						"1.125": [0.25, 0, -0.25],
						"1.1667": [0, 0, 0],
						"1.25": [0, 0, 0],
						"1.2917": [0.25, 0, -0.25],
						"1.4167": [0.25, 0, -0.25],
						"1.4583": [0, 0, 0]
					}
				}
			}
		}
	}
}