{
	"format_version": "1.8.0",
	"animations": {
		"animation.earthquake.target": {
			"animation_length": 3.0417,
			"bones": {
				"root_part": {
					"rotation": {
						"0.0": ["1*math.sin(q.anim_time*(360/0.25))", "1*math.sin(q.anim_time*(360/0.125)+1)", "2*math.sin(q.anim_time*(360/0.75)+2)"],
						"1.4583": ["1*math.sin(q.anim_time*(360/0.25))", "1*math.sin(q.anim_time*(360/0.125)+1)", "2*math.sin(q.anim_time*(360/0.75)+2)"],
						"1.5": ["4*math.sin(q.anim_time*(360/0.5))", "4*math.sin(q.anim_time*(360/0.25)+1)", "2*math.sin(q.anim_time*(360/0.75)+2)"]
					},
					"position": {
						"0.0": [0, 0, 0],
						"1.5": [0, 0, 0],
						"1.6667": [0, 16, 0],
						"1.75": [0, 0, 0],
						"1.875": [0, 0, 0],
						"2.0417": [0, 16, 0],
						"2.125": [0, 0, 0],
						"2.25": [0, 0, 0],
						"2.4167": [0, 16, 0],
						"2.5": [0, 0, 0]
					}
				}
			},
			"sound_effects": {
				"0.0": {
					"effect": "move.earthquake.actor"
				},
				"1.6667": {
					"effect": "move.earthquake.impact"
				}
			},
			"particle_effects": {
				"0.0": {
					"effect": "earthquake_actor",
					"locator": "root"
				},
				"1.7083": {
					"effect": "earthquake_impact",
					"locator": "target"
				},
				"2.0833": {
					"effect": "earthquake_impact",
					"locator": "target"
				},
				"2.4583": {
					"effect": "earthquake_impact",
					"locator": "target"
				}
			}
		}
	}
}