{
	"format_version": "1.8.0",
	"animations": {
		"animation.kadabra_male.ground_idle": {
			"loop": true,
			"bones": {
				"torso": {
					"rotation": ["-2.5+math.cos((q.anim_time+0.2)*90)*0.8", "math.cos((q.anim_time+0.5)*45)*0.5", "math.cos((q.anim_time+0.8)*45)*0.25"],
					"position": [0, "math.cos((q.anim_time+0.2)*90)*0.15", 0]
				},
				"chest": {
					"rotation": ["5+math.cos((q.anim_time+0.9)*90+30)*0.8", "0+math.cos((q.anim_time+0.5)*45-30)*0.5", "0+math.cos((q.anim_time+0.2)*45+30)*0.5"]
				},
				"arm_right": {
					"rotation": ["0+math.cos((q.anim_time+0.9)*90+30)*1.8", 0, -72.5]
				},
				"arm_right2": {
					"rotation": ["-27.4777+math.cos((q.anim_time+0.9)*90+60)*1.8", -1.15408, -2.21783]
				},
				"hand_right": {
					"rotation": [6.12304, 20.45152, -8.97835]
				},
				"finger_index_right": {
					"rotation": [0, 0, -10]
				},
				"finger_index_right2": {
					"rotation": [0, 0, -57.5]
				},
				"finger_pinky_right": {
					"rotation": [0, 0, -17.5]
				},
				"finger_pinky_right2": {
					"rotation": [0, 0, -67.5]
				},
				"thumb_right": {
					"rotation": [-60, 0, 0]
				},
				"thumb_right2": {
					"rotation": [-10, 0, 0]
				},
				"spoon": {
					"rotation": [5, 0, 0]
				},
				"spoon2": {
					"rotation": [-2.5, 0, 0]
				},
				"arm_left": {
					"rotation": ["0+math.cos((q.anim_time+0.9)*90+30)*1.8", 0, 72.5]
				},
				"arm_left2": {
					"rotation": ["-27.4777+math.cos((q.anim_time+0.9)*90+60)*1.8", 1.15408, 2.21783]
				},
				"hand_left": {
					"rotation": [5.75291, 4.41865, 11.56972]
				},
				"finger_index_left": {
					"rotation": [0, 0, -10]
				},
				"finger_index_left2": {
					"rotation": [0, 0, 20]
				},
				"finger_pinky_left": {
					"rotation": [0, 0, 2.5]
				},
				"finger_pinky_left2": {
					"rotation": [0, 0, 30]
				},
				"thumb_left": {
					"rotation": [-30, 0, 0]
				},
				"thumb_left2": {
					"rotation": [37.5, 0, 0]
				},
				"head": {
					"rotation": ["0+math.cos((q.anim_time+0.5)*90+60)*1.5", "0+math.cos((q.anim_time+0.5)*45-60)*0.5", "-math.cos((q.anim_time+0.8)*45+60)*0.8"]
				},
				"mustache_left": {
					"rotation": [0, "math.cos((q.anim_time+0.1)*90+90)*2", "-(math.cos((q.anim_time+0.8)*90+90)*1)"]
				},
				"mustache_left2": {
					"rotation": [0, "math.cos((q.anim_time+0.1)*90+120)*3", "-(math.cos((q.anim_time+0.8)*90+120)*1)"]
				},
				"mustache_left3": {
					"rotation": [0, "math.cos((q.anim_time+0.5)*90+120)*3", "-(math.cos((q.anim_time+0.8)*90+120)*0.5)"]
				},
				"mustache_right": {
					"rotation": [0, "-math.cos((q.anim_time+0.1)*90+90)*2", "math.cos((q.anim_time+0.8)*90+90)*1"]
				},
				"mustache_right2": {
					"rotation": [0, "-math.cos((q.anim_time+0.1)*90+120)*3", "math.cos((q.anim_time+0.8)*90+120)*1"]
				},
				"mustache_right3": {
					"rotation": [0, "-math.cos((q.anim_time+0.5)*90+120)*3", "math.cos((q.anim_time+0.8)*90+120)*0.5"]
				},
				"tail": {
					"rotation": ["2.5+math.cos((q.anim_time+0.2)*90)*1", "math.cos((q.anim_time+0.8)*45)*5", 0]
				},
				"tail2": {
					"rotation": ["math.cos((q.anim_time+0.2)*90-30)*2", 0, 0]
				},
				"tail3": {
					"rotation": ["math.cos((q.anim_time+0.2)*90-60)*2", 0, 0]
				},
				"tail4": {
					"rotation": ["math.cos((q.anim_time+0.2)*90-60)*2", 0, 0]
				},
				"leg_right": {
					"rotation": ["0+math.cos((q.anim_time+0.2)*90-30)*1", 0, 0],
					"position": ["math.cos((q.anim_time+1.7)*90)*0.1", "math.cos((q.anim_time+0.5)*90-30)*0.08", "math.cos((q.anim_time+1.3)*90)*0.1"],
					"scale": 1
				},
				"leg_right2": {
					"rotation": ["-math.cos((q.anim_time+0.5)*90)*1", 0, 0]
				},
				"foot_right": {
					"rotation": ["1+math.cos((q.anim_time+1.25)*90)*1", 0, 0],
					"position": ["math.cos((q.anim_time+0.5)*90)*0.05", 0, "math.cos((q.anim_time+0.35)*90)*0.05"]
				},
				"leg_left": {
					"rotation": ["0+math.cos((q.anim_time+0.2)*90-30)*1", 0, 0],
					"position": ["-(math.cos((q.anim_time+1.7)*90)*0.1)", "math.cos((q.anim_time+0.5)*90-30)*0.08", "math.cos((q.anim_time+1.3)*90)*0.1"],
					"scale": 1
				},
				"leg_left2": {
					"rotation": ["-math.cos((q.anim_time+0.5)*90)*1", 0, 0]
				},
				"foot_left": {
					"rotation": ["1+math.cos((q.anim_time+1.25)*90)*1", 0, 0],
					"position": ["-(math.cos((q.anim_time+0.5)*90)*0.05)", 0, "math.cos((q.anim_time+0.35)*90)*0.05"]
				}
			}
		},
		"animation.kadabra_male.battle_idle": {
			"loop": true,
			"bones": {
				"head": {
					"rotation": ["-12.5-math.cos((q.anim_time+0.9)*90*2+30)*3", "-math.cos((q.anim_time+0.5)*90-30)*2.5", "-math.cos((q.anim_time+0.2)*90+30)*1.5"]
				},
				"arm_right": {
					"rotation": ["-27.74-math.cos((q.anim_time+0.8)*90*2+30)*2", 32.07091, "-61.332-math.cos((q.anim_time+0.5)*90*2+30)*1"]
				},
				"arm_right2": {
					"rotation": ["-67.5-math.cos((q.anim_time+0.8)*90*2+60)*1", 0, "0-math.cos((q.anim_time+0.5)*90*2+60)*1"]
				},
				"hand_right": {
					"rotation": ["0-math.cos((q.anim_time+0.8)*90*2+90)*3", 37.46963, -37.5]
				},
				"finger_index_right": {
					"rotation": [0, 0, -15]
				},
				"finger_index_right2": {
					"rotation": [0, 0, -70]
				},
				"finger_pinky_right": {
					"rotation": [0, 0, -22.5]
				},
				"finger_pinky_right2": {
					"rotation": [0, 0, -70]
				},
				"thumb_right": {
					"rotation": [-62.49526, -2.49048, -0.21803]
				},
				"thumb_right2": {
					"rotation": [-7.5, 0, 0]
				},
				"spoon": {
					"rotation": [7.5, -5, 0],
					"position": [0, 0.25, 0]
				},
				"spoon2": {
					"rotation": [-2.5, 0, 0]
				},
				"shoulder_left": {
					"rotation": [-4.98107, -0.43523, -4.98107]
				},
				"arm_left": {
					"rotation": ["-21.0045+math.cos((q.anim_time+0.8)*90*2+30)*1", -20.16828, "41.3372+math.cos((q.anim_time+0.8)*90*2+30)*1"]
				},
				"arm_left2": {
					"rotation": ["-69.0135+math.cos((q.anim_time+0.8)*90+60)*1", 0, "5.5937+math.cos((q.anim_time+0.8)*90*2+60)*1"]
				},
				"hand_left": {
					"rotation": [5.2362, "14.0761+math.cos((q.anim_time+0.8)*90*2+90)*4", "20.6469+math.cos((q.anim_time+0.8)*90+90)*4"]
				},
				"finger_index_left": {
					"rotation": [0, 0, "-52.5+math.cos((q.anim_time+0.4)*90*2+120)*10"]
				},
				"finger_index_left2": {
					"rotation": [0, 0, "37.5+math.cos((q.anim_time+0.4)*90*2+150)*5"]
				},
				"finger_pinky_left": {
					"rotation": [0, 0, "-37.5+math.cos((q.anim_time+0.1)*90*2+120)*10"]
				},
				"finger_pinky_left2": {
					"rotation": [0, 0, "47.5+math.cos((q.anim_time+0.1)*90*2+150)*5"]
				},
				"thumb_left": {
					"rotation": ["-62.5+math.cos((q.anim_time+0.9)*90*2+120)*7", 0, 0]
				},
				"thumb_left2": {
					"rotation": ["50+math.cos((q.anim_time+0.9)*90*2+150)*5", 0, 0]
				},
				"torso": {
					"rotation": ["20+math.cos((q.anim_time+0.5)*90*2)*1.5", 0, 0],
					"position": [0, "math.cos((q.anim_time+0.2)*90*2)*0.3", 0]
				},
				"chest": {
					"rotation": ["-2.5+math.cos((q.anim_time+0.8)*90*2+30)*1", "0+math.cos((q.anim_time+0.5)*90-30)*2", "0+math.cos((q.anim_time+0.3)*90+30)*1.5"]
				},
				"mustache_left": {
					"rotation": [0, "-math.cos((q.anim_time+0.5)*90*2+60)*3", "math.cos((q.anim_time+0.8)*90*2+60)*0.5"]
				},
				"mustache_left2": {
					"rotation": [0, "-math.cos((q.anim_time+0.5)*90*2+90)*3", "math.cos((q.anim_time+0.8)*90*2+90)*0.5"]
				},
				"mustache_left3": {
					"rotation": [0, "5-math.cos((q.anim_time+0.5)*90*2+120)*5", "math.cos((q.anim_time+0.8)*90*2+120)*0.5"]
				},
				"mustache_right": {
					"rotation": [0, "math.cos((q.anim_time+0.5)*90*2+60)*3", "-math.cos((q.anim_time+0.8)*90*2+60)*0.5"]
				},
				"mustache_right2": {
					"rotation": [0, "math.cos((q.anim_time+0.5)*90*2+90)*3", "-math.cos((q.anim_time+0.8)*90*2+90)*0.5"]
				},
				"mustache_right3": {
					"rotation": [0, "5+math.cos((q.anim_time+0.5)*90*2+120)*5", "-math.cos((q.anim_time+0.8)*90*2+120)*0.5"]
				},
				"tail": {
					"rotation": ["-math.cos((q.anim_time+0.8)*90*2-30)*5", "math.cos((q.anim_time+0.2)*90-30)*6", "math.cos((q.anim_time+0.8)*90-30)*3"]
				},
				"tail2": {
					"rotation": ["-math.cos((q.anim_time+0.8)*90*2-70)*4", 0, 0]
				},
				"tail3": {
					"rotation": ["-math.cos((q.anim_time+0.8)*90*2-100)*5", "math.cos((q.anim_time+0.9)*90-90)*5", 0]
				},
				"tail4": {
					"rotation": ["-math.cos((q.anim_time+0.8)*90*2-130)*5", "math.cos((q.anim_time+0.5)*90-120)*5", 0]
				},
				"leg_right": {
					"rotation": ["0+math.cos((q.anim_time+0.2)*90*2-30)*1", 0, 0],
					"position": ["-math.cos((q.anim_time+0.5)*90*2-30)*0.1", "math.cos((q.anim_time+0)*90*2-30)*0.1", "-math.cos((q.anim_time+0.45)*90*2-30)*0.1"],
					"scale": 1
				},
				"leg_right2": {
					"rotation": ["math.cos((q.anim_time+0.8)*90*2-30)*1", 0, 0]
				},
				"foot_right": {
					"rotation": ["1-math.cos((q.anim_time+0.34)*90*2)*1", 0, 0],
					"position": [0, "math.cos((q.anim_time+0.5)*90*2)*0.025", "-math.cos((q.anim_time+0.05)*90*2)*0.025"]
				},
				"leg_left": {
					"rotation": ["0+math.cos((q.anim_time+0.2)*90*2-30)*1", 0, 0],
					"position": ["math.cos((q.anim_time+0.5)*90*2-30)*0.1", "math.cos((q.anim_time+0)*90*2-30)*0.1", "-math.cos((q.anim_time+0.45)*90*2-30)*0.1"],
					"scale": 1
				},
				"leg_left2": {
					"rotation": ["math.cos((q.anim_time+0.8)*90*2-30)*1", 0, 0]
				},
				"foot_left": {
					"rotation": ["1-math.cos((q.anim_time+0.34)*90*2)*1", 0, 0],
					"position": [0, "math.cos((q.anim_time+0.5)*90*2)*0.025", "-math.cos((q.anim_time+0.05)*90*2)*0.025"]
				}
			}
		},
		"animation.kadabra_male.ground_walk": {
			"animation_length": 4,
			"loop": true,
			"bones": {
				"torso": {
					"rotation": ["37.5+math.cos((q.anim_time+0.6)*90*4)*3", "math.cos((q.anim_time+0.8)*90*2)*5", "math.cos((q.anim_time+0.7)*90*2)*5"],
					"position": [0, "1+math.cos((q.anim_time+0.4)*90*4)*0.8", -0.5]
				},
				"chest": {
					"rotation": ["-17.5+math.cos((q.anim_time+0.8)*90*4-30)*4", "math.cos((q.anim_time+0.2)*90*2-30)*10", "math.cos((q.anim_time+0.8)*90*2-30)*4"]
				},
				"head": {
					"rotation": ["-12.5+math.cos((q.anim_time+0.5)*90*4-60)*5", "-math.cos((q.anim_time+0.25)*90*2-30)*5", "math.cos((q.anim_time+0.05)*90*2-60)*8"]
				},
				"arm_right": {
					"rotation": ["0.5194-math.cos((q.anim_time+1.3)*90*2-30)*15", "-1.1846+math.cos((q.anim_time+0.4)*90*2-30)*10", -67.61457]
				},
				"arm_left": {
					"rotation": ["-0.5536+math.cos((q.anim_time+1.3)*90*2-30)*9", "-0.648+math.cos((q.anim_time+0.4)*90*2-30)*10", 67.51136]
				},
				"tail": {
					"rotation": ["-37.5+math.cos((q.anim_time+0.35)*90*4-30)*6", "math.sin((q.anim_time+0.8)*90*2)*10", "-math.sin((q.anim_time+0.5)*90*2)*5"]
				},
				"leg_right": {
					"rotation": {
						"0.0": [-2.98264, -34.52251, -2.18681],
						"0.875": [18.66368, -39.80812, 7.28701],
						"1.125": [21.63405, -41.31829, 9.99382],
						"1.625": {
							"pre": [-16.85271, -30.5, 2.53939],
							"post": [-16.85271, -30.5, 2.53939],
							"lerp_mode": "catmullrom"
						},
						"2.0": [-2.98264, -34.52251, -2.18681],
						"2.875": [18.66368, -39.80812, 7.28701],
						"3.125": [21.63405, -41.31829, 9.99382],
						"3.625": {
							"pre": [-16.85271, -30.5, 2.53939],
							"post": [-16.85271, -30.5, 2.53939],
							"lerp_mode": "catmullrom"
						},
						"4.0": [-2.98264, -34.52251, -2.18681]
					},
					"position": {
						"0.0": [0, 0.5, -1.5],
						"0.2917": [0, 1, -1.08],
						"0.5833": {
							"pre": [0, 1.05, -0.25],
							"post": [0, 1.05, -0.25],
							"lerp_mode": "catmullrom"
						},
						"0.875": {
							"post": [0, 0.95, 0.5],
							"lerp_mode": "catmullrom"
						},
						"1.125": [0, 0.9, 1],
						"1.3333": {
							"pre": [0, 1.98, 0.23],
							"post": [0, 1.98, 0.23],
							"lerp_mode": "catmullrom"
						},
						"1.625": [0, 1.16, -1.48],
						"2.0": [0, 0.5, -1.5],
						"2.2917": [0, 1, -1.08],
						"2.5833": {
							"pre": [0, 1.05, -0.25],
							"post": [0, 1.05, -0.25],
							"lerp_mode": "catmullrom"
						},
						"2.875": {
							"post": [0, 0.95, 0.5],
							"lerp_mode": "catmullrom"
						},
						"3.125": [0, 0.9, 1],
						"3.3333": {
							"pre": [0, 1.98, 0.23],
							"post": [0, 1.98, 0.23],
							"lerp_mode": "catmullrom"
						},
						"3.625": [0, 1.16, -1.48],
						"4.0": [0, 0.5, -1.5]
					}
				},
				"leg_right2": {
					"rotation": {
						"0.0": [-30, 0, 0],
						"0.2917": [-19.68, 0, 0],
						"0.875": [-5, 0, 0],
						"1.25": {
							"pre": [6.3, 0, 0],
							"post": [6.3, 0, 0],
							"lerp_mode": "catmullrom"
						},
						"2.0": [-30, 0, 0],
						"2.2917": [-19.68, 0, 0],
						"2.875": [-5, 0, 0],
						"3.25": {
							"pre": [6.3, 0, 0],
							"post": [6.3, 0, 0],
							"lerp_mode": "catmullrom"
						},
						"4.0": [-30, 0, 0]
					}
				},
				"foot_right": {
					"rotation": {
						"0.0": [31, 0, 0],
						"0.2917": [14.5, -0.69, -2.4],
						"0.5833": [2.05779, -1.37657, -4.80723],
						"1.125": {
							"pre": [-8.44794, -5.63907, -11.17387],
							"post": [-8.44794, -5.63907, -11.17387],
							"lerp_mode": "catmullrom"
						},
						"1.5": {
							"post": [28.5, 0, 0],
							"lerp_mode": "catmullrom"
						},
						"1.875": {
							"post": [16, 0, 0],
							"lerp_mode": "catmullrom"
						},
						"2.0": [31, 0, 0],
						"2.2917": [14.5, -0.69, -2.4],
						"2.5833": [2.05779, -1.37657, -4.80723],
						"3.125": {
							"pre": [-8.44794, -5.63907, -11.17387],
							"post": [-8.44794, -5.63907, -11.17387],
							"lerp_mode": "catmullrom"
						},
						"3.5": {
							"post": [28.5, 0, 0],
							"lerp_mode": "catmullrom"
						},
						"3.875": {
							"post": [16, 0, 0],
							"lerp_mode": "catmullrom"
						},
						"4.0": [31, 0, 0]
					},
					"position": {
						"0.0": [0, 0, 0],
						"0.125": [0, 0.1, 0],
						"0.2917": [0, 0, 0],
						"0.75": [0, 0, 0],
						"1.0": [0, -0.35, 0],
						"1.375": [0, 0, 0],
						"2.0": [0, 0, 0],
						"2.125": [0, 0.1, 0],
						"2.2917": [0, 0, 0],
						"2.75": [0, 0, 0],
						"3.0": [0, -0.35, 0],
						"3.375": [0, 0, 0],
						"4.0": [0, 0, 0]
					}
				},
				"toe_outer_right": {
					"rotation": {
						"0.0": [0, 0, 0],
						"0.5": [-2.5, 0, 0],
						"0.75": [-5, 0, 0],
						"1.0": [-10, 0, 0],
						"1.25": [5, 0, 0],
						"1.625": {
							"pre": [27.5, 0, 0],
							"post": [27.5, 0, 0],
							"lerp_mode": "catmullrom"
						},
						"1.875": {
							"post": [2.5, 0, 0],
							"lerp_mode": "catmullrom"
						},
						"2.0": [0, 0, 0],
						"2.5": [-2.5, 0, 0],
						"2.75": [-5, 0, 0],
						"3.0": [-10, 0, 0],
						"3.25": [5, 0, 0],
						"3.625": {
							"pre": [27.5, 0, 0],
							"post": [27.5, 0, 0],
							"lerp_mode": "catmullrom"
						},
						"3.875": {
							"post": [2.5, 0, 0],
							"lerp_mode": "catmullrom"
						},
						"4.0": [0, 0, 0]
					}
				},
				"toe_back_right": {
					"rotation": {
						"0.0": [-1.5, 0, 0],
						"0.5": [-3.5, 0, 0],
						"0.75": [-11.73, 0, 0],
						"1.0": {
							"pre": [-30.33, 0, 0],
							"post": [-30.33, 0, 0],
							"lerp_mode": "catmullrom"
						},
						"1.7083": {
							"post": [-35.33, 0, 0],
							"lerp_mode": "catmullrom"
						},
						"1.875": {
							"post": [8.06, 0, 0],
							"lerp_mode": "catmullrom"
						},
						"2.0": [-1.5, 0, 0],
						"2.5": [-3.5, 0, 0],
						"2.75": {
							"pre": [-11.73, 0, 0],
							"post": [-11.73, 0, 0],
							"lerp_mode": "catmullrom"
						},
						"3.0": {
							"post": [-30.33, 0, 0],
							"lerp_mode": "catmullrom"
						},
						"3.7083": {
							"post": [-35.33, 0, 0],
							"lerp_mode": "catmullrom"
						},
						"3.875": {
							"post": [8.06, 0, 0],
							"lerp_mode": "catmullrom"
						},
						"4.0": [-1.5, 0, 0]
					}
				},
				"mustache_left": {
					"rotation": ["-math.cos((q.anim_time+0.3)*90*2-60)*5", "-math.cos((q.anim_time+0.9)*90*2-60)*5", 0]
				},
				"mustache_left2": {
					"rotation": [0, "math.cos((q.anim_time+0.6)*90*2-90)*5", "-math.cos((q.anim_time+0.8)*90*2-90)*10"]
				},
				"mustache_left3": {
					"rotation": [0, "math.cos((q.anim_time+0.6)*90*2-120)*10", "-math.cos((q.anim_time+0.8)*90*2-120)*10"]
				},
				"mustache_right": {
					"rotation": ["-math.cos((q.anim_time+0.3)*90*2-60)*5", "-math.cos((q.anim_time+0.9)*90*2-60)*5", 0]
				},
				"mustache_right2": {
					"rotation": [0, "-math.cos((q.anim_time+0.6)*90*2-90)*5", "-math.cos((q.anim_time+0.8)*90*2-90)*10"]
				},
				"mustache_right3": {
					"rotation": [0, "-math.cos((q.anim_time+0.6)*90*2-120)*10", "-math.cos((q.anim_time+0.8)*90*2-120)*10"]
				},
				"arm_right2": {
					"rotation": ["-27.4777-math.cos((q.anim_time+1.3)*90*2-60)*15", -1.15408, -2.21783]
				},
				"hand_right": {
					"rotation": ["6.123-math.cos((q.anim_time+1.3)*90*2-90)*8", 20.45152, -8.97835]
				},
				"finger_index_right": {
					"rotation": [0, 0, -15]
				},
				"finger_index_right2": {
					"rotation": [0, 0, -70]
				},
				"finger_pinky_right": {
					"rotation": [0, 0, -22.5]
				},
				"finger_pinky_right2": {
					"rotation": [0, 0, -70]
				},
				"thumb_right": {
					"rotation": [-62.49526, -2.49048, -0.21803]
				},
				"thumb_right2": {
					"rotation": [-7.5, 0, 0]
				},
				"arm_left2": {
					"rotation": ["-27.4777+math.cos((q.anim_time+1.3)*90*2-60)*10", "1.1541+math.cos((q.anim_time+0.2)*90*2-60)*10", 2.21783]
				},
				"hand_left": {
					"rotation": ["5.7529+math.cos((q.anim_time+1.3)*90*2-90)*8", 4.41865, 11.56972]
				},
				"finger_index_left": {
					"rotation": ["math.cos((q.anim_time+0.1)*90*2+120)*10", 0, "-10+math.cos((q.anim_time+0.7)*90*2+120)*12"]
				},
				"finger_index_left2": {
					"rotation": [0, 0, "20+math.cos((q.anim_time+0.7)*90*2+150)*5"]
				},
				"finger_pinky_left": {
					"rotation": ["math.cos((q.anim_time+0.1)*90*2+120)*10", 0, "-10+math.cos((q.anim_time+0.7)*90*2+120)*12"]
				},
				"finger_pinky_left2": {
					"rotation": [0, 0, "30+math.cos((q.anim_time+0.7)*90*2+150)*5"]
				},
				"thumb_left": {
					"rotation": ["-30-math.cos((q.anim_time+0.9)*90*2+120)*10", 0, "math.cos((q.anim_time+0.5)*90*2+120)*10"]
				},
				"thumb_left2": {
					"rotation": ["37.5-math.cos((q.anim_time+0.9)*90*2+150)*8", 0, 0]
				},
				"tail2": {
					"rotation": ["math.cos((q.anim_time+0.35)*90*4-60)*6", 0, 0]
				},
				"tail3": {
					"rotation": ["math.cos((q.anim_time+0.35)*90*4-90)*6", "math.sin((q.anim_time+0.8)*90*2-30)*10", 0]
				},
				"tail4": {
					"rotation": ["math.cos((q.anim_time+0.35)*90*4-120)*6", "math.sin((q.anim_time+0.8)*90*2-50)*10", 0]
				},
				"toe_inner_right": {
					"rotation": {
						"0.0": [0, 0, 0],
						"0.5": [-2.5, 0, 0],
						"0.75": [-5, 0, 0],
						"1.0": [-10, 0, 0],
						"1.25": [5, 0, 0],
						"1.625": {
							"pre": [27.5, 0, 0],
							"post": [27.5, 0, 0],
							"lerp_mode": "catmullrom"
						},
						"1.875": {
							"post": [2.5, 0, 0],
							"lerp_mode": "catmullrom"
						},
						"2.0": [0, 0, 0],
						"2.5": [-2.5, 0, 0],
						"2.75": [-5, 0, 0],
						"3.0": [-10, 0, 0],
						"3.25": [5, 0, 0],
						"3.625": {
							"pre": [27.5, 0, 0],
							"post": [27.5, 0, 0],
							"lerp_mode": "catmullrom"
						},
						"3.875": {
							"post": [2.5, 0, 0],
							"lerp_mode": "catmullrom"
						},
						"4.0": [0, 0, 0]
					}
				},
				"shoulder_right": {
					"rotation": {
						"0.0": [0, "math.cos((q.anim_time+0.5)*90*2-60)*9", 0],
						"2.0": [0, "math.cos((q.anim_time+0.5)*90*2-60)*9", 0]
					}
				},
				"shoulder_left": {
					"rotation": {
						"0.0": [0, "math.cos((q.anim_time+0.5)*90*2-60)*9", 0],
						"2.0": [0, "math.cos((q.anim_time+0.5)*90*2-60)*9", 0]
					}
				},
				"spoon": {
					"rotation": {
						"0.0": [7.5, -5, 0],
						"2.0": [7.5, -5, 0]
					},
					"position": {
						"0.0": [0, 0.25, 0],
						"2.0": [0, 0.25, 0]
					}
				},
				"leg_left": {
					"rotation": {
						"0.0": [20.15, 40.56, -8.64],
						"0.125": [21.63405, 41.31829, -9.99382],
						"0.625": {
							"pre": [-16.85271, 30.5, -2.53939],
							"post": [-16.85271, 30.5, -2.53939],
							"lerp_mode": "catmullrom"
						},
						"1.0": [-2.98264, 34.52251, 2.18681],
						"1.875": [18.66368, 39.80812, -7.28701],
						"2.0": [20.15, 40.56, -8.64],
						"2.125": [21.63405, 41.31829, -9.99382],
						"2.625": {
							"pre": [-16.85271, 30.5, -2.53939],
							"post": [-16.85271, 30.5, -2.53939],
							"lerp_mode": "catmullrom"
						},
						"3.0": [-2.98264, 34.52251, 2.18681],
						"3.875": [18.66368, 39.80812, -7.28701],
						"4.0": [20.15, 40.56, -8.64]
					},
					"position": {
						"0.0": [0, 0.85, 0.85],
						"0.125": [0, 0.9, 1],
						"0.3333": {
							"pre": [0, 1.98, 0.23],
							"post": [0, 1.98, 0.23],
							"lerp_mode": "catmullrom"
						},
						"0.625": [0, 1.16, -1.48],
						"1.0": [0, 0.5, -1.5],
						"1.2917": [0, 1, -1.08],
						"1.5833": {
							"pre": [0, 1.05, -0.25],
							"post": [0, 1.05, -0.25],
							"lerp_mode": "catmullrom"
						},
						"1.875": {
							"post": [0, 0.95, 0.5],
							"lerp_mode": "catmullrom"
						},
						"2.0": [0, 0.85, 0.85],
						"2.125": [0, 0.9, 1],
						"2.3333": {
							"pre": [0, 1.98, 0.23],
							"post": [0, 1.98, 0.23],
							"lerp_mode": "catmullrom"
						},
						"2.625": [0, 1.16, -1.48],
						"3.0": [0, 0.5, -1.5],
						"3.2917": [0, 1, -1.08],
						"3.5833": {
							"pre": [0, 1.05, -0.25],
							"post": [0, 1.05, -0.25],
							"lerp_mode": "catmullrom"
						},
						"3.875": {
							"post": [0, 0.95, 0.5],
							"lerp_mode": "catmullrom"
						},
						"4.0": [0, 0.85, 0.85]
					}
				},
				"leg_left2": {
					"rotation": {
						"0.0": [0.78, 0, 0],
						"0.25": {
							"pre": [6.3, 0, 0],
							"post": [6.3, 0, 0],
							"lerp_mode": "catmullrom"
						},
						"1.0": [-30, 0, 0],
						"1.2917": [-19.68, 0, 0],
						"1.875": [-5, 0, 0],
						"2.0": [0.78, 0, 0],
						"2.25": {
							"pre": [6.3, 0, 0],
							"post": [6.3, 0, 0],
							"lerp_mode": "catmullrom"
						},
						"3.0": [-30, 0, 0],
						"3.2917": [-19.68, 0, 0],
						"3.875": [-5, 0, 0],
						"4.0": [0.78, 0, 0]
					}
				},
				"foot_left": {
					"rotation": {
						"0.0": [-9.3, 5.26, 10.82],
						"0.125": [-8.44794, 5.63907, 11.17387],
						"0.5": {
							"pre": [28.5, 0, 0],
							"post": [28.5, 0, 0],
							"lerp_mode": "catmullrom"
						},
						"0.875": {
							"post": [16, 0, 0],
							"lerp_mode": "catmullrom"
						},
						"1.0": [31, 0, 0],
						"1.2917": [14.5, 0.69, 2.4],
						"1.5833": [2.05779, 1.37657, 4.80723],
						"2.0": [-9.3, 5.26, 10.82],
						"2.125": [-8.44794, 5.63907, 11.17387],
						"2.5": {
							"pre": [28.5, 0, 0],
							"post": [28.5, 0, 0],
							"lerp_mode": "catmullrom"
						},
						"2.875": {
							"post": [16, 0, 0],
							"lerp_mode": "catmullrom"
						},
						"3.0": [31, 0, 0],
						"3.2917": [14.5, 0.69, 2.4],
						"3.5833": [2.05779, 1.37657, 4.80723],
						"4.0": {
							"pre": [-9.3, 5.26, 10.82],
							"post": [-9.3, 5.26, 10.82],
							"lerp_mode": "catmullrom"
						}
					},
					"position": {
						"0.0": [0, -0.35, 0],
						"0.375": [0, 0, 0],
						"1.0": [0, 0, 0],
						"1.125": [0, 0.1, 0],
						"1.2917": [0, 0, 0],
						"1.75": [0, 0, 0],
						"2.0": [0, -0.35, 0],
						"2.375": [0, 0, 0],
						"3.0": [0, 0, 0],
						"3.125": [0, 0.1, 0],
						"3.2917": [0, 0, 0],
						"3.75": [0, 0, 0],
						"4.0": [0, -0.35, 0]
					}
				},
				"toe_outer_left": {
					"rotation": {
						"0.0": [-10, 0, 0],
						"0.25": [5, 0, 0],
						"0.625": {
							"pre": [27.5, 0, 0],
							"post": [27.5, 0, 0],
							"lerp_mode": "catmullrom"
						},
						"0.875": {
							"post": [2.5, 0, 0],
							"lerp_mode": "catmullrom"
						},
						"1.0": [0, 0, 0],
						"1.5": [-2.5, 0, 0],
						"1.75": [-5, 0, 0],
						"2.0": [-10, 0, 0],
						"2.25": [5, 0, 0],
						"2.625": {
							"pre": [27.5, 0, 0],
							"post": [27.5, 0, 0],
							"lerp_mode": "catmullrom"
						},
						"2.875": {
							"post": [2.5, 0, 0],
							"lerp_mode": "catmullrom"
						},
						"3.0": [0, 0, 0],
						"3.5": [-2.5, 0, 0],
						"3.75": [-5, 0, 0],
						"4.0": [-10, 0, 0]
					}
				},
				"toe_inner_left": {
					"rotation": {
						"0.0": [-10, 0, 0],
						"0.25": [5, 0, 0],
						"0.625": {
							"pre": [27.5, 0, 0],
							"post": [27.5, 0, 0],
							"lerp_mode": "catmullrom"
						},
						"0.875": {
							"post": [2.5, 0, 0],
							"lerp_mode": "catmullrom"
						},
						"1.0": [0, 0, 0],
						"1.5": [-2.5, 0, 0],
						"1.75": [-5, 0, 0],
						"2.0": [-10, 0, 0],
						"2.25": [5, 0, 0],
						"2.625": {
							"pre": [27.5, 0, 0],
							"post": [27.5, 0, 0],
							"lerp_mode": "catmullrom"
						},
						"2.875": {
							"post": [2.5, 0, 0],
							"lerp_mode": "catmullrom"
						},
						"3.0": [0, 0, 0],
						"3.5": [-2.5, 0, 0],
						"3.75": [-5, 0, 0],
						"4.0": [-10, 0, 0]
					}
				},
				"toe_back_left": {
					"rotation": {
						"0.0": {
							"post": [-30.33, 0, 0],
							"lerp_mode": "catmullrom"
						},
						"0.7083": {
							"post": [-35.33, 0, 0],
							"lerp_mode": "catmullrom"
						},
						"0.875": [8.06, 0, 0],
						"1.0": [-1.5, 0, 0],
						"1.5": [-3.5, 0, 0],
						"1.75": {
							"pre": [-11.73, 0, 0],
							"post": [-11.73, 0, 0],
							"lerp_mode": "catmullrom"
						},
						"2.0": {
							"post": [-30.33, 0, 0],
							"lerp_mode": "catmullrom"
						},
						"2.7083": {
							"post": [-35.33, 0, 0],
							"lerp_mode": "catmullrom"
						},
						"2.875": [8.06, 0, 0],
						"3.0": [-1.5, 0, 0],
						"3.5": [-3.5, 0, 0],
						"3.75": {
							"pre": [-11.73, 0, 0],
							"post": [-11.73, 0, 0],
							"lerp_mode": "catmullrom"
						},
						"4.0": {
							"post": [-30.33, 0, 0],
							"lerp_mode": "catmullrom"
						}
					}
				},
				"body": {
					"position": {
						"0.0": [0, 0, 0],
						"0.5": [0, 0, 0],
						"1.0": [0.4, 0, 0],
						"1.5": [0.4, 0, 0],
						"2.0": [0, 0, 0],
						"2.5": [0, 0, 0],
						"3.0": [0.4, 0, 0],
						"3.5": [0.4, 0, 0],
						"4.0": [0, 0, 0]
					}
				}
			}
		},
		"animation.kadabra_male.ground_run": {
			"loop": true,
			"bones": {
				"torso": {
					"rotation": ["15-math.cos((q.anim_time+0.5)*90*4)*1", 0, "-math.cos((q.anim_time+0.8)*90*2)*1.5"],
					"position": ["math.cos((q.anim_time+0.2)*90*2)*1", "math.cos((q.anim_time+0.8)*90*4)*1", "math.cos((q.anim_time+0.5)*90*4)*0.5"]
				},
				"chest": {
					"rotation": ["-12.5-math.cos((q.anim_time+0.8)*90*4-30)*1", 0, "-math.cos((q.anim_time+0.8)*90*2-30)*1.5"]
				},
				"arm_right": {
					"rotation": ["-22.5+math.cos((q.anim_time+0)*90*4-30)*4", 27.5, -72.5]
				},
				"arm_right2": {
					"rotation": ["-34.9777+math.cos((q.anim_time+0)*90*4-60)*4", -1.15408, -2.21783]
				},
				"hand_right": {
					"rotation": ["17.0805+math.cos((q.anim_time+0)*90*4-90)*2", 27.63996, -6.63335]
				},
				"finger_index_right": {
					"rotation": [0, 0, -10]
				},
				"finger_index_right2": {
					"rotation": [0, 0, -57.5]
				},
				"finger_pinky_right": {
					"rotation": [0, 0, -17.5]
				},
				"finger_pinky_right2": {
					"rotation": [0, 0, -67.5]
				},
				"thumb_right": {
					"rotation": [-60, 0, 0]
				},
				"thumb_right2": {
					"rotation": [-10, 0, 0]
				},
				"spoon": {
					"rotation": [5, 0, 0]
				},
				"spoon2": {
					"rotation": [-2.5, 0, 0]
				},
				"arm_left": {
					"rotation": ["-22.5+math.cos((q.anim_time+0)*90*4-30)*4", -27.5, 72.5]
				},
				"arm_left2": {
					"rotation": ["-27.4777+math.cos((q.anim_time+0)*90*4-60)*4", 1.15408, 2.21783]
				},
				"hand_left": {
					"rotation": [9.25403, 51.57603, "18.3993+math.cos((q.anim_time+0)*90*4-90)*2"]
				},
				"finger_index_left": {
					"rotation": [0, 0, "-30+math.cos((q.anim_time+0)*90*4-120)*3"]
				},
				"finger_index_left2": {
					"rotation": [0, 0, 20]
				},
				"finger_pinky_left": {
					"rotation": [0, 0, "-30+math.cos((q.anim_time+0)*90*4-120)*3"]
				},
				"finger_pinky_left2": {
					"rotation": [0, 0, 30]
				},
				"thumb_left": {
					"rotation": ["-65+math.cos((q.anim_time+0)*90*4-120)*4", 0, 0]
				},
				"thumb_left2": {
					"rotation": [37.5, 0, 0]
				},
				"body": {
					"position": [0, 6, 0]
				},
				"shoulder_right": {
					"rotation": [0, 0, "7.5+math.cos((q.anim_time+0.8)*90*2-60)*3"]
				},
				"shoulder_left": {
					"rotation": [0, 0, "-7.5+math.cos((q.anim_time+0.8)*90*2-60)*3"]
				},
				"tail": {
					"rotation": ["-math.cos((q.anim_time)*90*4)*5", "-math.cos((q.anim_time+0.6)*90*2)*5", "-math.cos((q.anim_time+0.1)*90*2)*2"]
				},
				"leg_right": {
					"rotation": [
						"51.2056+math.cos((q.anim_time+0.1)*90*4-30)*4",
						"-25.4778+math.cos((q.anim_time+0.5)*90*2-30)*4",
						"20.0521+math.cos((q.anim_time+0.8)*90*2-30)*4"
					],
					"position": ["math.cos((q.anim_time+0.2)*90*2)*1", "math.cos((q.anim_time+0.8)*90*4)*1", "math.cos((q.anim_time+0.5)*90*4)*0.5"]
				},
				"leg_right2": {
					"rotation": ["-17.5+math.cos((q.anim_time+0.2)*90*4-60)*2", 0, 0]
				},
				"foot_right": {
					"rotation": ["32.5+math.cos((q.anim_time+0.2)*90*4-90)*5", 0, 0]
				},
				"toe_outer_right": {
					"rotation": ["22.5+math.cos((q.anim_time+0.2)*90*4-120)*5", 0, 0]
				},
				"toe_inner_right": {
					"rotation": ["22.5+math.cos((q.anim_time+0.2)*90*4-120)*5", 0, 0]
				},
				"toe_back_right": {
					"rotation": ["-30+math.cos((q.anim_time+0.1)*90*4-120)*5", 0, 0]
				},
				"leg_left": {
					"rotation": [
						"51.2056+math.cos((q.anim_time+0.1)*90*4-30)*4",
						"25.4778+math.cos((q.anim_time+0.5)*90*2-30)*4",
						"-20.0521+math.cos((q.anim_time+0.8)*90*2-30)*4"
					],
					"position": ["math.cos((q.anim_time+0.2)*90*2)*1", "math.cos((q.anim_time+0.8)*90*4)*1", "math.cos((q.anim_time+0.5)*90*4)*0.5"]
				},
				"leg_left2": {
					"rotation": ["-17.5+math.cos((q.anim_time+0.2)*90*4-60)*2", 0, 0]
				},
				"foot_left": {
					"rotation": ["32.5+math.cos((q.anim_time+0.2)*90*4-90)*5", 0, 0]
				},
				"toe_outer_left": {
					"rotation": ["22.5+math.cos((q.anim_time+0.2)*90*4-120)*5", 0, 0]
				},
				"toe_inner_left": {
					"rotation": ["22.5+math.cos((q.anim_time+0.2)*90*4-120)*5", 0, 0]
				},
				"toe_back_left": {
					"rotation": ["-30+math.cos((q.anim_time+0.1)*90*4-120)*5", 0, 0]
				},
				"head": {
					"rotation": ["-math.cos((q.anim_time+0.5)*90*4-60)*2", "-math.cos((q.anim_time+0.1)*90*2-60)*3", "-math.cos((q.anim_time+0.6)*90*2-60)*1.5"]
				},
				"mustache_left": {
					"rotation": [0, "-10-math.cos((q.anim_time+0.1)*90*2-30)*3", "math.cos((q.anim_time+0.8)*90*2-30)*2"]
				},
				"mustache_left2": {
					"rotation": [-7.5, "-10-math.cos((q.anim_time+0.1)*90*2-60)*5", "math.cos((q.anim_time+0.8)*90*2-60)*3"]
				},
				"mustache_left3": {
					"rotation": [0, "-10-math.cos((q.anim_time+0.1)*90*2-90)*7", "math.cos((q.anim_time+0.8)*90*2-90)*5"]
				},
				"mustache_right": {
					"rotation": [0, "10-math.cos((q.anim_time+0.1)*90*2-30)*3", "math.cos((q.anim_time+0.8)*90*2-30)*2"]
				},
				"mustache_right2": {
					"rotation": [-7.5, "10-math.cos((q.anim_time+0.1)*90*2-60)*5", "math.cos((q.anim_time+0.8)*90*2-60)*3"]
				},
				"mustache_right3": {
					"rotation": [0, "10-math.cos((q.anim_time+0.1)*90*2-90)*7", "math.cos((q.anim_time+0.8)*90*2-90)*5"]
				},
				"tail2": {
					"rotation": ["-math.cos((q.anim_time)*90*4-40)*2.5", 0, 0]
				},
				"tail3": {
					"rotation": ["-math.cos((q.anim_time)*90*4-80)*5", "0-math.cos((q.anim_time+0.6)*90*2-60)*2.5", 0]
				},
				"tail4": {
					"rotation": ["-math.cos((q.anim_time)*90*4-120)*4", "-math.cos((q.anim_time+0.6)*90*2-90)*3", 0]
				}
			}
		},
		"animation.kadabra_male.wild_sleep": {
			"loop": true,
			"bones": {
				"torso": {
					"rotation": [0, 0, -60],
					"position": [0, -7, 0]
				},
				"chest": {
					"rotation": ["34.8103+math.cos((q.anim_time+0.5)*90)*0.5", -42.50396, "48.3872-math.cos((q.anim_time+0.5)*90)*0.5"],
					"position": [0, 0, 0]
				},
				"head": {
					"rotation": ["-29.4703+math.cos((q.anim_time+0.5)*90-50)*0.5", 14.36495, "23+math.cos((q.anim_time+0.5)*90-50)*0.5"],
					"position": [0, 0, 0]
				},
				"mustache_left": {
					"rotation": [
						"3.4688-math.cos((q.anim_time+0.5)*90-50)*0.5",
						"-2.9487-math.cos((q.anim_time+0.5)*90-50)*0.5",
						"9.5953-math.cos((q.anim_time+0.5)*90-50)*0.5"
					]
				},
				"mustache_left2": {
					"rotation": [0, -2.5, 0]
				},
				"mustache_left3": {
					"rotation": [0, "42.5+math.cos((q.anim_time+0.6)*90-50)*1.5", 0]
				},
				"mustache_right": {
					"rotation": [
						"16.8348-math.cos((q.anim_time+0.5)*90-50)*0.5",
						"23.013-math.cos((q.anim_time+0.5)*90-50)*0.5",
						"-44.618+math.cos((q.anim_time+0.5)*90-50)*0.5"
					]
				},
				"mustache_right2": {
					"rotation": [4.92016, -37.27083, -16.41036]
				},
				"mustache_right3": {
					"rotation": [0, "42.5+math.cos((q.anim_time+0.5)*90-50)*0.5", 0]
				},
				"eyelid_left": {
					"position": [0.1, 0, -0.1]
				},
				"eyelid_right": {
					"position": [-0.1, 0, -0.1]
				},
				"shoulder_right": {
					"rotation": [0, -47.5, 0]
				},
				"arm_right": {
					"rotation": [-78.08826, -5.83595, 8.03557]
				},
				"arm_right2": {
					"rotation": [-19.5623, -4.2453, 28.23218]
				},
				"hand_right": {
					"rotation": [-27.5, 0, 0]
				},
				"finger_index_right": {
					"rotation": [0, 0, 22.5]
				},
				"finger_index_right2": {
					"rotation": [0, 0, 52.5]
				},
				"finger_pinky_right": {
					"rotation": [0, 0, 17.5]
				},
				"finger_pinky_right2": {
					"rotation": [0, 0, 32.5],
					"position": [0, 0.4, 0]
				},
				"thumb_right": {
					"rotation": [-22.5, 0, 0]
				},
				"spoon": {
					"rotation": [-171.11436, 18.85279, -217.41079],
					"position": [-0.5, -0.5, -1]
				},
				"shoulder_left": {
					"rotation": [-360.88045, -9.96156, -347.42327],
					"position": [0, 0, 0]
				},
				"arm_left": {
					"rotation": [53.27106, -73.39347, -65.54877],
					"position": [1, 0, 0]
				},
				"arm_left2": {
					"rotation": ["-63.9194+math.cos((q.anim_time+0.8)*90)*0.5", 0, 0]
				},
				"hand_left": {
					"rotation": [-50.41714, -10.19208, "53.0579+math.cos((q.anim_time+0.9)*90-40)*1"]
				},
				"finger_index_left": {
					"rotation": [0, 0, "-15+math.cos((q.anim_time+0.4)*90/2+120)*3"]
				},
				"finger_index_left2": {
					"rotation": [0, 0, "35+math.cos((q.anim_time+0.4)*90/2+150)*4"]
				},
				"finger_pinky_left": {
					"rotation": [0, 0, "7.5+math.cos((q.anim_time+0.1)*90/2+120)*3"]
				},
				"finger_pinky_left2": {
					"rotation": [0, 0, "30+math.cos((q.anim_time+0.1)*90/2+150)*4"]
				},
				"thumb_left": {
					"rotation": ["-57.5+math.cos((q.anim_time+0.9)*90/2+120)*2", 0, 0]
				},
				"thumb_left2": {
					"rotation": ["50+math.cos((q.anim_time+0.9)*90/2+150)*3", 0, 0]
				},
				"tail": {
					"rotation": [-153.9903, 63.12925, -114.71356],
					"position": [1, -1, 2]
				},
				"tail2": {
					"rotation": ["3.1308+math.cos((q.anim_time+0.5)*90/2)*1", 34.13724, "-0.5994+math.cos((q.anim_time+0.5)*90/2-30)*2"],
					"position": [0, -0.25, 0]
				},
				"tail3": {
					"rotation": ["-26.2451+math.cos((q.anim_time+0.5)*90/2-40)*1", 19.53454, "-22.5325+math.cos((q.anim_time+0.5)*90/2-30)*3"]
				},
				"tail4": {
					"rotation": [-3.26256, "14.7472-math.cos((q.anim_time+0.5)*90/2-70)*2", "4.9525-math.cos((q.anim_time+0.5)*90/2-70)*3"]
				},
				"leg_right": {
					"rotation": [-95.27485, -48.50717, -93.83211],
					"position": [1, -8, 1]
				},
				"toe_outer_right": {
					"rotation": [17.5, -10, 0]
				},
				"toe_inner_right": {
					"rotation": [25, -7.5, 0]
				},
				"leg_left": {
					"rotation": [-47.67781, 47.46407, 96.66146],
					"position": [0, -8, 0]
				},
				"leg_left2": {
					"rotation": [-50, 0, 0]
				},
				"toe_outer_left": {
					"rotation": [55, 10, 0]
				},
				"thumb_right2": {
					"rotation": [52.5, 0, 0]
				},
				"foot_left": {
					"rotation": [27.5, 0, 0]
				},
				"toe_back_right": {
					"rotation": [-12.5, 0, 0]
				},
				"toe_inner_left": {
					"rotation": [32.5, 0, 0]
				},
				"toe_back_left": {
					"rotation": [-35, 0, 0]
				}
			}
		},
		"animation.kadabra_male.sleep": {
			"loop": true,
			"bones": {
				"torso": {
					"rotation": ["-12.6044+math.cos((q.anim_time+0.5)*90)*0.5", 7.32123, -1.63219],
					"position": [0, -8, 0]
				},
				"chest": {
					"rotation": ["-20-math.cos((q.anim_time+0.5)*90+40)*0.5", 0, 0],
					"position": [0, 0, -0.15]
				},
				"head": {
					"rotation": ["-17.25-math.cos((q.anim_time+0.5)*90+80)*0.5", 0, 0],
					"position": [0, 0, -0.1]
				},
				"jaw": {
					"rotation": ["52.5+math.cos((q.anim_time+0.5)*90+30)*2.5", 0, 0]
				},
				"eyelid_left": {
					"position": [0.1, 0, -0.1]
				},
				"eyelid_right": {
					"position": [-0.1, 0, -0.1]
				},
				"shoulder_right": {
					"rotation": [-21.2, 3.73519, 19.0798],
					"position": [2, 0, 0.25]
				},
				"arm_right": {
					"rotation": ["54.6574-math.cos((q.anim_time+0.8)*90)*0.5", 15.7627, -74.75235]
				},
				"arm_right2": {
					"rotation": ["-30+math.cos((q.anim_time+0.8)*90+40)*0.8", 0, 0]
				},
				"hand_right": {
					"rotation": [-115.82683, "53.7458-math.cos((q.anim_time+0.8)*90+80)*1", 238.1421]
				},
				"finger_index_right": {
					"rotation": [12.48848, 0.54094, -2.44081]
				},
				"finger_index_right2": {
					"rotation": [0, 0, -22.5]
				},
				"finger_pinky_right": {
					"rotation": [15, 0, 10]
				},
				"finger_pinky_right2": {
					"rotation": [0, 0, -42.5]
				},
				"thumb_right": {
					"rotation": [-10, 0, 0]
				},
				"thumb_right2": {
					"rotation": [42.5, 0, 0]
				},
				"spoon": {
					"rotation": [-2.30991, 0.95645, 87.48072],
					"position": [-0.5, 0, 1]
				},
				"shoulder_left": {
					"rotation": [7.60865, -8.69164, -19.74242],
					"position": [-2, 0, -0.5]
				},
				"arm_left": {
					"rotation": ["44.6574-math.cos((q.anim_time+0.8)*90)*0.5", -15.7627, 74.75235]
				},
				"arm_left2": {
					"rotation": ["-50+math.cos((q.anim_time+0.8)*90+40)*0.8", 0, 0]
				},
				"hand_left": {
					"rotation": [-129.2522, "-58.1819+math.cos((q.anim_time+0.8)*90+80)*1", -234.0122]
				},
				"finger_index_left": {
					"rotation": [12.48848, -0.54094, 2.44081]
				},
				"finger_index_left2": {
					"rotation": [0, 0, 22.5]
				},
				"finger_pinky_left": {
					"rotation": [15, 0, -10]
				},
				"finger_pinky_left2": {
					"rotation": [0, 0, 42.5]
				},
				"thumb_left": {
					"rotation": [-10, 0, 0]
				},
				"thumb_left2": {
					"rotation": [42.5, 0, 0]
				},
				"tail": {
					"rotation": ["42.6044-math.cos((q.anim_time+0.5)*90)*0.5", -7.32123, -1.63219],
					"position": [0, 2, 1.05]
				},
				"tail2": {
					"rotation": [-17.5, 0, "math.cos((q.anim_time+0.8)*90)*0.5"],
					"position": [0, -2, 0]
				},
				"tail3": {
					"rotation": [5, "math.cos((q.anim_time+0.8)*90+40)*1", 0]
				},
				"leg_right": {
					"rotation": ["-77.7748+math.cos((q.anim_time+0.5)*45)*0.1", -48.50717, -93.83211],
					"position": [0, -8, 0]
				},
				"leg_right2": {
					"rotation": ["-30-math.cos((q.anim_time+0.5)*45-40)*0.15", 0, 0]
				},
				"foot_right": {
					"rotation": [35, 0, 0]
				},
				"toe_outer_right": {
					"rotation": ["33.3812+math.cos((q.anim_time+0.8)*90-80)*0.5", -4.0825, 6.35419]
				},
				"toe_inner_right": {
					"rotation": ["67.5+math.cos((q.anim_time+0.5)*90-80)*0.5", 0, 0]
				},
				"toe_back_right": {
					"rotation": ["-35-math.cos((q.anim_time+0.2)*90-80)*0.5", 0, 0]
				},
				"leg_left": {
					"rotation": ["-105.2748+math.cos((q.anim_time+0.5)*45)*0.1", 48.50717, 93.83211],
					"position": [0, -8, -0.5]
				},
				"leg_left2": {
					"rotation": ["7.5-math.cos((q.anim_time+0.5)*45-40)*0.15", 0, 0]
				},
				"foot_left": {
					"rotation": [32.5, 0, 0]
				},
				"toe_outer_left": {
					"rotation": ["72.7641+math.cos((q.anim_time+0.8)*90-80)*0.5", 11.93433, -3.73384]
				},
				"toe_inner_left": {
					"rotation": ["77.6928+math.cos((q.anim_time+0.5)*90-80)*0.5", -9.76774, 2.15395]
				},
				"toe_back_left": {
					"rotation": ["-77.5-math.cos((q.anim_time+0.2)*90-80)*0.5", 0, 0]
				},
				"tail4": {
					"rotation": [0, "math.cos((q.anim_time+0.8)*90+80)*1", "math.cos((q.anim_time+0.8)*90+80)*0.5"]
				},
				"mustache_left": {
					"rotation": [-5.83912, "-36.8853-math.cos((q.anim_time+0.5)*90+80)*0.5", 16.79041],
					"position": [0, -0.25, 0]
				},
				"mustache_left2": {
					"rotation": [-7.5, -12.5, 0]
				},
				"mustache_left3": {
					"rotation": [0, "2.5-math.cos((q.anim_time+0.5)*90+80)*1", 0]
				},
				"mustache_right": {
					"rotation": [-5.83912, "36.8853+math.cos((q.anim_time+0.5)*90+80)*0.5", -16.79041],
					"position": [0, -0.25, 0]
				},
				"mustache_right2": {
					"rotation": [-7.5, 12.5, 0]
				},
				"mustache_right3": {
					"rotation": [0, "-2.5+math.cos((q.anim_time+0.5)*90+80)*1", 0]
				}
			}
		},
		"animation.kadabra_male.blink": {
			"animation_length": 0.1667,
			"bones": {
				"eyelid_left": {
					"position": {
						"0.0": [0.1, 0, -0.1],
						"0.125": {"pre": [0.1, 0, -0.1], "post": [0.1, 0, -0.1]},
						"0.1667": {"pre": [0.1, 0, -0.1], "post": [0, 0, 0]}
					}
				},
				"eyelid_right": {
					"position": {
						"0.0": [-0.1, 0, -0.1],
						"0.125": {"pre": [-0.1, 0, -0.1], "post": [-0.1, 0, -0.1]},
						"0.1667": {"pre": [-0.1, 0, -0.1], "post": [0, 0, 0]}
					}
				}
			}
		},
		"animation.kadabra_male.cry": {
			"animation_length": 1,
			"bones": {
				"head": {
					"rotation": {
						"0.0": {
							"post": [0, 0, 0],
							"lerp_mode": "catmullrom"
						},
						"0.25": {
							"post": [-7.5, 0, 0],
							"lerp_mode": "catmullrom"
						},
						"0.6667": {
							"post": [-7.5, 0, 0],
							"lerp_mode": "catmullrom"
						},
						"0.9167": {
							"post": [0, 0, 0],
							"lerp_mode": "catmullrom"
						}
					}
				},
				"jaw": {
					"rotation": {
						"0.0": {
							"post": [0, 0, 0],
							"lerp_mode": "catmullrom"
						},
						"0.25": {
							"post": [40, 0, 0],
							"lerp_mode": "catmullrom"
						},
						"0.6667": {
							"post": [40, 0, 0],
							"lerp_mode": "catmullrom"
						},
						"0.9167": {
							"post": [0, 0, 0],
							"lerp_mode": "catmullrom"
						}
					}
				}
			},
			"sound_effects": {
				"0.0": {
					"effect": "pokemon.kadabra.cry"
				}
			}
		},
		"animation.kadabra_male.recoil": {
			"animation_length": 1.5,
			"bones": {
				"torso": {
					"rotation": {
						"0.0": {
							"post": [0, 0, 0],
							"lerp_mode": "catmullrom"
						},
						"0.2083": {
							"post": [-12.5, 0, 0],
							"lerp_mode": "catmullrom"
						},
						"0.5417": {
							"post": [5.5, 0, 0],
							"lerp_mode": "catmullrom"
						},
						"1.125": {
							"post": [-2, 0, 0],
							"lerp_mode": "catmullrom"
						},
						"1.4167": {
							"post": [0, 0, 0],
							"lerp_mode": "catmullrom"
						},
						"1.5": {
							"post": [0, 0, 0],
							"lerp_mode": "catmullrom"
						}
					}
				},
				"chest": {
					"rotation": {
						"0.0": {
							"post": [0, 0, 0],
							"lerp_mode": "catmullrom"
						},
						"0.25": {
							"post": [-11.5, 0, 0],
							"lerp_mode": "catmullrom"
						},
						"0.625": {
							"post": [6, 0, 0],
							"lerp_mode": "catmullrom"
						},
						"1.1667": {
							"post": [-1.44, 0, 0],
							"lerp_mode": "catmullrom"
						},
						"1.4583": {
							"post": [0, 0, 0],
							"lerp_mode": "catmullrom"
						},
						"1.5": {
							"post": [0, 0, 0],
							"lerp_mode": "catmullrom"
						}
					}
				},
				"head": {
					"rotation": {
						"0.0": {
							"post": [0, 0, 0],
							"lerp_mode": "catmullrom"
						},
						"0.0417": {
							"post": [22, 0, 0],
							"lerp_mode": "catmullrom"
						},
						"0.375": {
							"post": [-6.5, 0, 0],
							"lerp_mode": "catmullrom"
						},
						"0.75": {
							"post": [5.5, 0, 0],
							"lerp_mode": "catmullrom"
						},
						"1.1667": {
							"post": [-1.45, 0, 0],
							"lerp_mode": "catmullrom"
						},
						"1.5": {
							"post": [0, 0, 0],
							"lerp_mode": "catmullrom"
						}
					}
				},
				"eyelid_left": {
					"position": {
						"0.0833": [0.1, 0, -0.1],
						"0.25": {"pre": [0.1, 0, -0.1], "post": [0.1, 0, -0.1]},
						"0.2917": {"pre": [0.1, 0, -0.1], "post": [0, 0, 0]}
					}
				},
				"eyelid_right": {
					"position": {
						"0.0833": [-0.1, 0, -0.1],
						"0.25": {"pre": [-0.1, 0, -0.1], "post": [-0.1, 0, -0.1]},
						"0.2917": {"pre": [-0.1, 0, -0.1], "post": [0, 0, 0]}
					}
				},
				"arm_right": {
					"rotation": {
						"0.0": {
							"post": [0, 0, 0],
							"lerp_mode": "catmullrom"
						},
						"0.0833": {
							"post": [22.5, 0, 0],
							"lerp_mode": "catmullrom"
						},
						"0.875": {
							"post": [-2.5, 0, 0],
							"lerp_mode": "catmullrom"
						},
						"1.4167": {
							"post": [0, 0, 0],
							"lerp_mode": "catmullrom"
						},
						"1.5": {
							"post": [0, 0, 0],
							"lerp_mode": "catmullrom"
						}
					}
				},
				"arm_right2": {
					"rotation": {
						"0.0": {
							"post": [0, 0, 0],
							"lerp_mode": "catmullrom"
						},
						"0.125": {
							"post": [-26.38, 0, 0],
							"lerp_mode": "catmullrom"
						},
						"0.9583": {
							"post": [5, 0, 0],
							"lerp_mode": "catmullrom"
						},
						"1.5": {
							"post": [0, 0, 0],
							"lerp_mode": "catmullrom"
						}
					},
					"position": {
						"0.0": [0, 0, 0],
						"0.125": [0, 0, -0.5],
						"0.9583": [0, 0, 0]
					}
				},
				"arm_left": {
					"rotation": {
						"0.0": {
							"post": [0, 0, 0],
							"lerp_mode": "catmullrom"
						},
						"0.0833": {
							"post": [22.5, 0, 0],
							"lerp_mode": "catmullrom"
						},
						"0.875": {
							"post": [-2.5, 0, 0],
							"lerp_mode": "catmullrom"
						},
						"1.4167": {
							"post": [0, 0, 0],
							"lerp_mode": "catmullrom"
						},
						"1.5": {
							"post": [0, 0, 0],
							"lerp_mode": "catmullrom"
						}
					}
				},
				"arm_left2": {
					"rotation": {
						"0.0": {
							"post": [0, 0, 0],
							"lerp_mode": "catmullrom"
						},
						"0.125": {
							"post": [-26.38, 0, 0],
							"lerp_mode": "catmullrom"
						},
						"0.9583": {
							"post": [5, 0, 0],
							"lerp_mode": "catmullrom"
						},
						"1.5": {
							"post": [0, 0, 0],
							"lerp_mode": "catmullrom"
						}
					},
					"position": {
						"0.0": [0, 0, 0],
						"0.125": [0, 0, -0.5],
						"0.9583": [0, 0, 0]
					}
				},
				"tail": {
					"rotation": {
						"0.0": {
							"post": [0, 0, 0],
							"lerp_mode": "catmullrom"
						},
						"0.2917": {
							"post": [15, 0, 0],
							"lerp_mode": "catmullrom"
						},
						"0.75": {
							"post": [-10, 0, 0],
							"lerp_mode": "catmullrom"
						},
						"1.125": {
							"post": [1.8, 0, 0],
							"lerp_mode": "catmullrom"
						},
						"1.375": {
							"post": [0, 0, 0],
							"lerp_mode": "catmullrom"
						},
						"1.5": {
							"post": [0, 0, 0],
							"lerp_mode": "catmullrom"
						}
					}
				},
				"tail2": {
					"rotation": {
						"0.0": {
							"post": [0, 0, 0],
							"lerp_mode": "catmullrom"
						},
						"0.3333": {
							"post": [-5, 0, 0],
							"lerp_mode": "catmullrom"
						},
						"0.7917": {
							"post": [5, 0, 0],
							"lerp_mode": "catmullrom"
						},
						"1.1667": {
							"post": [-0.64, 0, 0],
							"lerp_mode": "catmullrom"
						},
						"1.4167": {
							"post": [0, 0, 0],
							"lerp_mode": "catmullrom"
						},
						"1.5": {
							"post": [0, 0, 0],
							"lerp_mode": "catmullrom"
						}
					}
				},
				"tail3": {
					"rotation": {
						"0.0": {
							"post": [0, 0, 0],
							"lerp_mode": "catmullrom"
						},
						"0.375": {
							"post": [10, 0, 0],
							"lerp_mode": "catmullrom"
						},
						"0.8333": {
							"post": [-5, 0, 0],
							"lerp_mode": "catmullrom"
						},
						"1.2083": {
							"post": [1.84, 0, 0],
							"lerp_mode": "catmullrom"
						},
						"1.4583": {
							"post": [0, 0, 0],
							"lerp_mode": "catmullrom"
						},
						"1.5": {
							"post": [0, 0, 0],
							"lerp_mode": "catmullrom"
						}
					}
				},
				"tail4": {
					"rotation": {
						"0.0": {
							"post": [0, 0, 0],
							"lerp_mode": "catmullrom"
						},
						"0.4167": {
							"post": [10, 0, 0],
							"lerp_mode": "catmullrom"
						},
						"0.9167": {
							"post": [-2.5, 0, 0],
							"lerp_mode": "catmullrom"
						},
						"1.25": {
							"post": [1.32, 0, 0],
							"lerp_mode": "catmullrom"
						},
						"1.5": {
							"post": [0, 0, 0],
							"lerp_mode": "catmullrom"
						}
					}
				},
				"mustache_left": {
					"rotation": {
						"0.0": {
							"post": [0, 0, 0],
							"lerp_mode": "catmullrom"
						},
						"0.0833": {
							"post": [0, -7.5, 0],
							"lerp_mode": "catmullrom"
						},
						"0.25": {
							"post": [-10.13509, 12.73211, -16.01348],
							"lerp_mode": "catmullrom"
						},
						"0.625": {
							"post": [0.29714, -15.60862, -0.09292],
							"lerp_mode": "catmullrom"
						},
						"1.0417": {
							"post": [-4.48511, 2.44171, -3.10212],
							"lerp_mode": "catmullrom"
						},
						"1.4167": {
							"post": [0, 0, 0],
							"lerp_mode": "catmullrom"
						}
					}
				},
				"mustache_left2": {
					"rotation": {
						"0.0": {
							"post": [0, 0, 0],
							"lerp_mode": "catmullrom"
						},
						"0.0833": {
							"post": [2.00307, -14.8687, -7.7614],
							"lerp_mode": "catmullrom"
						},
						"0.2083": {
							"post": [2.18558, 9.76061, 12.68664],
							"lerp_mode": "catmullrom"
						},
						"0.6667": {
							"post": [1.79487, -13.38235, -7.71058],
							"lerp_mode": "catmullrom"
						},
						"1.0833": {
							"post": [0.15286, 3.49666, 2.50467],
							"lerp_mode": "catmullrom"
						},
						"1.4583": {
							"post": [0, 0, 0],
							"lerp_mode": "catmullrom"
						}
					}
				},
				"mustache_left3": {
					"rotation": {
						"0.0": {
							"post": [0, 0, 0],
							"lerp_mode": "catmullrom"
						},
						"0.125": {
							"post": [-2.00307, -14.8687, 7.7614],
							"lerp_mode": "catmullrom"
						},
						"0.25": {
							"post": [-3.61644, 19.6835, -10.62758],
							"lerp_mode": "catmullrom"
						},
						"0.7083": {
							"post": [3.31914, -14.63639, -12.92638],
							"lerp_mode": "catmullrom"
						},
						"1.125": {
							"post": [0.13098, 2.99714, 2.50343],
							"lerp_mode": "catmullrom"
						},
						"1.5": {
							"post": [0, 0, 0],
							"lerp_mode": "catmullrom"
						}
					}
				},
				"mustache_right": {
					"rotation": {
						"0.0": {
							"post": [0, 0, 0],
							"lerp_mode": "catmullrom"
						},
						"0.0833": {
							"post": [0, 7.5, 0],
							"lerp_mode": "catmullrom"
						},
						"0.25": {
							"post": [-10.13509, -12.73211, 16.01348],
							"lerp_mode": "catmullrom"
						},
						"0.625": {
							"post": [0.29714, 15.60862, 0.09292],
							"lerp_mode": "catmullrom"
						},
						"1.0417": {
							"post": [-4.48511, -2.44171, 3.10212],
							"lerp_mode": "catmullrom"
						},
						"1.4167": {
							"post": [0, 0, 0],
							"lerp_mode": "catmullrom"
						}
					}
				},
				"mustache_right2": {
					"rotation": {
						"0.0": {
							"post": [0, 0, 0],
							"lerp_mode": "catmullrom"
						},
						"0.0833": {
							"post": [2.00307, 14.8687, 7.7614],
							"lerp_mode": "catmullrom"
						},
						"0.2083": {
							"post": [2.18558, -9.76061, -12.68664],
							"lerp_mode": "catmullrom"
						},
						"0.6667": {
							"post": [1.79487, 13.38235, 7.71058],
							"lerp_mode": "catmullrom"
						},
						"1.0833": {
							"post": [0.15286, -3.49666, -2.50467],
							"lerp_mode": "catmullrom"
						},
						"1.4583": {
							"post": [0, 0, 0],
							"lerp_mode": "catmullrom"
						}
					}
				},
				"mustache_right3": {
					"rotation": {
						"0.0": {
							"post": [0, 0, 0],
							"lerp_mode": "catmullrom"
						},
						"0.125": {
							"post": [-2.00307, 14.8687, -7.7614],
							"lerp_mode": "catmullrom"
						},
						"0.25": {
							"post": [-3.61644, -19.6835, 10.62758],
							"lerp_mode": "catmullrom"
						},
						"0.7083": {
							"post": [3.31914, 14.63639, 12.92638],
							"lerp_mode": "catmullrom"
						},
						"1.125": {
							"post": [0.13098, -2.99714, -2.50343],
							"lerp_mode": "catmullrom"
						},
						"1.5": {
							"post": [0, 0, 0],
							"lerp_mode": "catmullrom"
						}
					}
				}
			}
		}
	}
}