{
	"format_version": "1.8.0",
	"animations": {
		"animation.regirock.ground_idle": {
			"loop": true,
			"bones": {
				"torso": {
					"rotation": ["2.5+math.sin(q.anim_time*90*1)*1", "math.sin(q.anim_time*90*0.7+50)*1", 0],
					"position": [0, "math.cos(q.anim_time*90*1)*-0.2", 0]
				},
				"shoulder_left": {
					"rotation": [9.99067, 0.43399, "-14.96207+math.sin(q.anim_time*90*1-60)*2"]
				},
				"arm_left": {
					"rotation": [-2.5, 0, 0]
				},
				"arm_left2": {
					"rotation": [-12.49527, 0.21782, "2.4905+math.sin(q.anim_time*90*1-90)*1"]
				},
				"arm_left3": {
					"rotation": ["-7.49527+math.sin(q.anim_time*90*1-120)*1", "0.21782+math.sin(q.anim_time*90*1-140)*-6", "2.4905+math.sin(q.anim_time*90*1-120)*2"]
				},
				"hand_left": {
					"rotation": ["-2.5+Math.sin(query.anim_time * 90*2)", 0, 0]
				},
				"shoulder_right": {
					"rotation": [7.47178, -0.65182, "14.95744-math.sin(q.anim_time*90*1-60)*2"]
				},
				"arm_right": {
					"rotation": [-5, 0, 0]
				},
				"arm_right2": {
					"rotation": [-7.49294, -0.32621, "-2.47864-math.sin(q.anim_time*90*1-90)*1"]
				},
				"arm_right3": {
					"rotation": ["-2.49762-math.sin(q.anim_time*90*1-120)*1", "-0.10901-math.sin(q.anim_time*90*1-140)*-6", "-2.49762-math.sin(q.anim_time*90*1-120)*2"]
				},
				"hand_right": {
					"rotation": [-5, 0, 0]
				},
				"leg_left": {
					"rotation": ["0+math.sin(q.anim_time*90*1+30)*-2", 0, -5],
					"position": ["-(math.sin(q.anim_time*90*1+30)*0.05)", 0, "math.sin(q.anim_time*90*1+30)*0.1"]
				},
				"leg_left2": {
					"rotation": [0, 0, 5]
				},
				"leg_right": {
					"rotation": ["0+math.sin(q.anim_time*90*1+30)*-2", 0, 5],
					"position": ["-(math.sin(q.anim_time*90*1+30)*0.05)", 0, "math.sin(q.anim_time*90*1+30)*0.1"]
				},
				"leg_right2": {
					"rotation": [0, 0, -5]
				},
				"head": {
					"rotation": ["0+math.sin(q.anim_time*90*1-90)*2", 0, 0]
				}
			}
		},
		"animation.regirock.ground_walk": {
			"loop": true,
			"animation_length": 2,
			"bones": {
				"torso": {
					"rotation": [
						"10+Math.cos((query.anim_time) * 90 * 1.5 - 150) * 1",
						"-Math.cos((query.anim_time) * 90 * -2 -140) * 7",
						"0+Math.cos((query.anim_time) * -90 * -2 - 300) * -2.5"
					]
				},
				"shoulder_left": {
					"rotation": ["2.5+Math.cos((query.anim_time) * 90 * 2 + 90) * 6", 0.43399, -14.96207],
					"position": {
						"0.0": [0, 0.3, 0],
						"0.0417": [0, 0, 0],
						"0.0833": [0, 0.3, 0],
						"0.125": [0, 0, 0],
						"0.1667": [0, 0.3, 0],
						"0.2083": [0, 0, 0],
						"0.875": [0, 0, 0],
						"0.9167": [0, 0.3, 0],
						"0.9583": [0, 0, 0],
						"1.0": [0, 0.3, 0],
						"1.0417": [0, 0, 0],
						"1.0833": [0, 0.3, 0],
						"1.125": [0, 0, 0],
						"2.0": [0, 0, 0]
					}
				},
				"arm_left": {
					"rotation": [-12.49527, 0, 0]
				},
				"arm_left2": {
					"rotation": ["-12.49527+Math.cos((query.anim_time) * 90 * -2 + 30) * 12", 0.21782, 2.4905],
					"position": {
						"0.0": [0, 0.3, 0],
						"0.0417": [0, 0, 0],
						"0.0833": [0, 0.3, 0],
						"0.125": [0, 0, 0],
						"0.1667": [0, 0.3, 0],
						"0.2083": [0, 0, 0],
						"0.875": [0, 0, 0],
						"0.9167": [0, 0.3, 0],
						"0.9583": [0, 0, 0],
						"1.0": [0, 0.3, 0],
						"1.0417": [0, 0, 0],
						"1.0833": [0, 0.3, 0],
						"1.125": [0, 0, 0],
						"2.0": [0, 0, 0]
					}
				},
				"arm_left3": {
					"rotation": ["-7.49527+Math.cos((query.anim_time) * 90 * -2 - 30) * 4", 0.21782, 2.4905]
				},
				"hand_left": {
					"rotation": [0, 0, 0],
					"position": {
						"0.0": [0, 0.2, 0],
						"0.0417": [0, 0, 0],
						"0.0833": [0, 0.2, 0],
						"0.125": [0, 0, 0],
						"0.1667": [0, 0.2, 0],
						"0.2083": [0, 0, 0],
						"0.875": [0, 0, 0],
						"0.9167": [0, 0.2, 0],
						"0.9583": [0, 0, 0],
						"1.0": [0, 0.2, 0],
						"1.0417": [0, 0, 0],
						"1.0833": [0, 0.2, 0],
						"1.125": [0, 0, 0],
						"2.0": [0, 0, 0]
					}
				},
				"shoulder_right": {
					"rotation": ["7.47178-Math.cos((query.anim_time) * 90 * 2 + 90) * 6", -0.65182, 14.95744],
					"position": {
						"0.0": [0, 0.3, 0],
						"0.0417": [0, 0, 0],
						"0.0833": [0, 0.3, 0],
						"0.125": [0, 0, 0],
						"0.1667": [0, 0.3, 0],
						"0.2083": [0, 0, 0],
						"0.875": [0, 0, 0],
						"0.9167": [0, 0.3, 0],
						"0.9583": [0, 0, 0],
						"1.0": [0, 0.3, 0],
						"1.0417": [0, 0, 0],
						"1.0833": [0, 0.3, 0],
						"1.125": [0, 0, 0],
						"2.0": [0, 0, 0]
					}
				},
				"arm_right": {
					"rotation": [-5, 0, 0]
				},
				"arm_right2": {
					"rotation": ["-7.49294-Math.cos((query.anim_time) * 90 * -2 + 30) * 12", -0.32621, -2.47864],
					"position": {
						"0.0": [0, 0.3, 0],
						"0.0417": [0, 0, 0],
						"0.0833": [0, 0.3, 0],
						"0.125": [0, 0, 0],
						"0.1667": [0, 0.3, 0],
						"0.2083": [0, 0, 0],
						"0.875": [0, 0, 0],
						"0.9167": [0, 0.3, 0],
						"0.9583": [0, 0, 0],
						"1.0": [0, 0.3, 0],
						"1.0417": [0, 0, 0],
						"1.0833": [0, 0.3, 0],
						"1.125": [0, 0, 0],
						"2.0": [0, 0, 0]
					}
				},
				"arm_right3": {
					"rotation": ["-2.49762_Math.cos((query.anim_time) * 90 * -2 - 30) * 4", -0.10901, -2.49762]
				},
				"hand_right": {
					"rotation": [-5, 0, 0],
					"position": {
						"0.0": [0, 0.2, 0],
						"0.0417": [0, 0, 0],
						"0.0833": [0, 0.2, 0],
						"0.125": [0, 0, 0],
						"0.1667": [0, 0.2, 0],
						"0.2083": [0, 0, 0],
						"0.875": [0, 0, 0],
						"0.9167": [0, 0.2, 0],
						"0.9583": [0, 0, 0],
						"1.0": [0, 0.2, 0],
						"1.0417": [0, 0, 0],
						"1.0833": [0, 0.2, 0],
						"1.125": [0, 0, 0],
						"2.0": [0, 0, 0]
					}
				},
				"leg_left": {
					"rotation": {
						"0.0": [-30, 0, -3.5],
						"0.1667": [-24.605, 0, -3.5],
						"0.4167": [-10.6309, 0, -3.5],
						"0.6667": [-0.66, 0, -3.5],
						"0.8333": [6.325, 0, -3.5],
						"1.0": [13, 0, -3.5],
						"1.1667": [12.075, 0, -3.5],
						"1.8333": [-27.605, 0, -3.5],
						"2.0": [-30, 0, -3.5]
					},
					"position": {
						"0.0": [0, -1.38, 0],
						"0.1667": [0, -0.75, 1.525],
						"0.4167": [0, 0.33, 1.625],
						"0.6667": [0, 0.6, 1.5],
						"1.0": [0, -0.375, 0],
						"1.3333": {
							"pre": [0, 0.775, 0],
							"post": [0, 0.775, 0],
							"lerp_mode": "catmullrom"
						},
						"1.6667": {
							"post": [0, 1.15, 0],
							"lerp_mode": "catmullrom"
						},
						"1.9167": [0, -0.975, 0],
						"2.0": [0, -1.38, 0]
					}
				},
				"leg_left2": {
					"rotation": {
						"0.0": [25.00196, 0.02205, 2.79379],
						"0.1667": [17.83399, 0.02068, 2.79126],
						"0.4167": [8.75196, 0.02205, 2.79379],
						"0.6667": [-1.8909, 0.02205, 2.79379],
						"1.0": [-2.99804, 0.02205, 2.79379],
						"1.4167": [23.75196, 0.02205, 2.79379],
						"1.8333": [16.07, 0.02, 2.79],
						"2.0": [20.00196, 0.02205, 2.79379]
					}
				},
				"leg_right": {
					"rotation": {
						"0.0": [13, 0, 3.5],
						"0.1667": [12.075, 0, 3.5],
						"0.8333": [-27.605, 0, 3.5],
						"1.0": [-30, 0, 3.5],
						"1.1667": [-24.605, 0, 3.5],
						"1.4167": [-10.6309, 0, 3.5],
						"1.6667": [-0.66, 0, 3.5],
						"1.8333": [6.325, 0, 3.5],
						"2.0": [13, 0, 3.5]
					},
					"position": {
						"0.0": [0, -0.375, 0],
						"0.3333": {
							"pre": [0, 0.775, 0],
							"post": [0, 0.775, 0],
							"lerp_mode": "catmullrom"
						},
						"0.6667": {
							"post": [0, 1.15, 0],
							"lerp_mode": "catmullrom"
						},
						"0.9167": [0, -0.975, 0],
						"1.0": [0, -1.38, 0],
						"1.1667": [0, -0.75, 1.525],
						"1.4167": [0, 0.33, 1.625],
						"1.6667": [0, 0.6, 1.5],
						"2.0": [0, -0.375, 0]
					}
				},
				"leg_right2": {
					"rotation": {
						"0.0": [-2.99804, -0.02205, -2.79379],
						"0.4167": [23.75196, -0.02205, -2.79379],
						"0.8333": [21.07, -0.02, -2.79],
						"1.0": [20.00196, -0.02205, -2.79379],
						"1.1667": [17.83399, -0.02068, -2.79126],
						"1.4167": [8.75196, -0.02205, -2.79379],
						"1.6667": [-1.8909, -0.02205, -2.79379],
						"2.0": [-2.99804, -0.02205, -2.79379]
					}
				},
				"body": {
					"position": {
						"0.0": [0, 0, 0],
						"0.0417": [0, -0.5, 0],
						"0.0833": [0, 0, 0],
						"0.125": [0, -0.5, 0],
						"0.1667": [0, 0, 0],
						"0.9167": [0, 0, 0],
						"0.9583": [0, -0.5, 0],
						"1.0": [0, 0, 0],
						"1.0417": [0, -0.5, 0],
						"1.0833": [0, 0, 0]
					},
					"scale": 1
				},
				"head": {
					"rotation": ["0+Math.cos((query.anim_time) * 90 * 2 - 90) * -2", "0+Math.cos((query.anim_time) * 90 * 2 - 20) * 2", 0]
				}
			}
		},
		"animation.regirock.battle_cry": {
			"animation_length": 3,
			"bones": {
				"torso": {
					"rotation": {
						"0.0": [0, 0, 0],
						"0.5833": [-10, 0, 0],
						"0.625": ["-10+math.sin(q.anim_time*90*1)*1", "math.sin(q.anim_time*90*0.7+50)*1", "0+Math.cos((query.anim_time-0.2) * 90 * 48) * 0.5"],
						"1.7917": ["-10+math.sin(q.anim_time*90*1)*1", "math.sin(q.anim_time*90*0.7+50)*1", 0],
						"2.9583": [0, 0, 0]
					},
					"position": {
						"0.0": [0, 0, 0],
						"2.9583": [0, 0, 0]
					}
				},
				"shoulder_left": {
					"rotation": {
						"0.0": [0, 0, 0],
						"0.5833": [32.49067, 0.43, -14.96],
						"0.625": [31.87, 0.43, "-15.35+Math.cos((query.anim_time-0.2) * 90 * 48) * 2"],
						"1.7917": [32.49067, 0.43, "-14.96+math.sin(q.anim_time*90*1-60)*2"],
						"2.9583": [0, 0, 0]
					}
				},
				"arm_left": {
					"rotation": {
						"0.0": [0, 0, 0],
						"2.9583": [0, 0, 0]
					}
				},
				"arm_left2": {
					"rotation": {
						"0.0": [0, 0, 0],
						"0.5833": [-52.49527, 0.21782, 2.4905],
						"1.7917": [-52.49527, 0.21782, 2.4905],
						"2.9583": [0, 0, 0]
					}
				},
				"arm_left3": {
					"rotation": {
						"0.0": [0, 0, 0],
						"0.5": ["-87.6888+math.sin(q.anim_time*90*1-120)*1", "-50.3447+math.sin(q.anim_time*90*1-140)*-6", "96.9343+math.sin(q.anim_time*90*1-120)*2"],
						"1.5": ["-87.6888+math.sin(q.anim_time*90*1-120)*1", "-50.3447+math.sin(q.anim_time*90*1-140)*-6", "96.9343+math.sin(q.anim_time*90*1-120)*2"],
						"2.5": [-7.49527, 0.21782, 2.4905],
						"2.9583": [0, 0, 0]
					}
				},
				"shoulder_right": {
					"rotation": {
						"0.0": [0, 0, 0],
						"0.5833": [22.47178, -0.65182, "14.9574-math.sin(q.anim_time*90*1-60)*2"],
						"0.625": [22.47, -0.65, "14.9574-Math.cos((query.anim_time-0.2) * 90 * 48) * 2"],
						"1.7917": [22.47178, -0.65182, "14.9574-math.sin(q.anim_time*90*1-60)*2"],
						"2.9583": [0, 0, 0]
					}
				},
				"arm_right": {
					"rotation": {
						"0.0": [0, 0, 0],
						"2.9583": [0, 0, 0]
					}
				},
				"arm_right2": {
					"rotation": {
						"0.0": [0, 0, 0],
						"0.5833": [-52.49294, -0.32621, "-2.4786-math.sin(q.anim_time*90*1-90)*1"],
						"1.7917": [-52.49294, -0.32621, "-2.4786-math.sin(q.anim_time*90*1-90)*1"],
						"2.9583": [0, 0, 0]
					}
				},
				"arm_right3": {
					"rotation": {
						"0.0": [0, 0, 0],
						"0.5": ["-87.4717-math.sin(q.anim_time*90*1-120)*1", "64.5785-math.sin(q.anim_time*90*1-140)*-6", "-92.1275-math.sin(q.anim_time*90*1-120)*2"],
						"1.5": ["-87.4717-math.sin(q.anim_time*90*1-120)*1", "64.5785-math.sin(q.anim_time*90*1-140)*-6", "-92.1275-math.sin(q.anim_time*90*1-120)*2"],
						"2.5": [-2.49762, -0.10901, -2.49762],
						"2.9583": [0, 0, 0]
					}
				},
				"leg_left": {
					"rotation": {
						"0.0": [0, 0, 0],
						"2.9583": [0, 0, 0]
					},
					"position": {
						"0.0": [0, 0, 0],
						"2.9583": [0, 0, 0]
					}
				},
				"leg_right": {
					"rotation": {
						"0.0": [0, 0, 0],
						"2.9583": [0, 0, 0]
					},
					"position": {
						"0.0": [0, 0, 0],
						"2.9583": [0, 0, 0]
					}
				},
				"head": {
					"rotation": {
						"0.0": [0, 0, 0],
						"0.5": [5, 0, 0],
						"1.5": [5, 0, 0],
						"2.5": [0, 0, 0],
						"2.9583": [0, 0, 0]
					}
				},
				"eyelid_center": {
					"position": {
						"1.0417": [0, 0, 0],
						"1.0833": [0, 0, -0.1],
						"1.125": [0, 0, -0.1],
						"1.1667": [0, 0, 0]
					}
				},
				"eyelid_left": {
					"position": {
						"1.2083": [0, 0, 0],
						"1.25": [0, 0, -0.1],
						"1.2917": [0, 0, -0.1],
						"1.3333": [0, 0, 0]
					}
				},
				"eyelid_left_top": {
					"position": {
						"1.1667": [0, 0, 0],
						"1.2083": [0, 0, -0.1],
						"1.25": [0, 0, -0.1],
						"1.2917": [0, 0, 0]
					}
				},
				"eyelid_left_bottom": {
					"position": {
						"1.125": [0, 0, 0],
						"1.1667": [0, 0, -0.1],
						"1.2083": [0, 0, -0.1],
						"1.25": [0, 0, 0]
					}
				},
				"eye_right": {
					"position": {
						"0.0": [0, 0, 0],
						"2.9583": [0, 0, 0]
					}
				},
				"eyelid_right": {
					"position": {
						"1.0833": [0, 0, 0],
						"1.125": [0, 0, -0.1],
						"1.1667": [0, 0, -0.1],
						"1.2083": [0, 0, 0]
					}
				},
				"eyelid_right_top": {
					"position": {
						"0.9583": [0, 0, 0],
						"1.0": [0, 0, -0.1],
						"1.0417": [0, 0, -0.1],
						"1.0833": [0, 0, 0]
					}
				},
				"eyelid_right_bottom": {
					"position": {
						"1.0": [0, 0, 0],
						"1.0417": [0, 0, -0.1],
						"1.0833": [0, 0, -0.1],
						"1.125": [0, 0, 0]
					}
				}
			},
			"sound_effects": {
				"0.5417": {
					"effect": "pokemon.regirock.cry"
				}
			}
		},
		"animation.regirock.cry": {
			"animation_length": 3,
			"bones": {
				"torso": {
					"rotation": {
						"0.0": [0, 0, 0],
						"0.5833": [-10, 0, 0],
						"0.625": ["-10+math.sin(q.anim_time*90*1)*1", "math.sin(q.anim_time*90*0.7+50)*1", "0+Math.cos((query.anim_time-0.2) * 90 * 48) * 0.5"],
						"1.7917": ["-10+math.sin(q.anim_time*90*1)*1", "math.sin(q.anim_time*90*0.7+50)*1", 0],
						"2.9583": [0, 0, 0]
					},
					"position": {
						"0.0": [0, 0, 0],
						"2.9583": [0, 0, 0]
					}
				},
				"shoulder_left": {
					"rotation": {
						"0.0": [0, 0, 0],
						"0.5833": [32.49067, 0.43, -14.96],
						"0.625": [31.87, 0.43, "-15.35+Math.cos((query.anim_time-0.2) * 90 * 48) * 2"],
						"1.7917": [32.49067, 0.43, "-14.96+math.sin(q.anim_time*90*1-60)*2"],
						"2.9583": [0, 0, 0]
					}
				},
				"arm_left": {
					"rotation": {
						"0.0": [0, 0, 0],
						"2.9583": [0, 0, 0]
					}
				},
				"arm_left2": {
					"rotation": {
						"0.0": [0, 0, 0],
						"0.5833": [-52.49527, 0.21782, 2.4905],
						"1.7917": [-52.49527, 0.21782, 2.4905],
						"2.9583": [0, 0, 0]
					}
				},
				"arm_left3": {
					"rotation": {
						"0.0": [0, 0, 0],
						"0.5": ["-87.6888+math.sin(q.anim_time*90*1-120)*1", "-50.3447+math.sin(q.anim_time*90*1-140)*-6", "96.9343+math.sin(q.anim_time*90*1-120)*2"],
						"1.5": ["-87.6888+math.sin(q.anim_time*90*1-120)*1", "-50.3447+math.sin(q.anim_time*90*1-140)*-6", "96.9343+math.sin(q.anim_time*90*1-120)*2"],
						"2.5": [-7.49527, 0.21782, 2.4905],
						"2.9583": [0, 0, 0]
					}
				},
				"shoulder_right": {
					"rotation": {
						"0.0": [0, 0, 0],
						"0.5833": [22.47178, -0.65182, "14.9574-math.sin(q.anim_time*90*1-60)*2"],
						"0.625": [22.47, -0.65, "14.9574-Math.cos((query.anim_time-0.2) * 90 * 48) * 2"],
						"1.7917": [22.47178, -0.65182, "14.9574-math.sin(q.anim_time*90*1-60)*2"],
						"2.9583": [0, 0, 0]
					}
				},
				"arm_right": {
					"rotation": {
						"0.0": [0, 0, 0],
						"2.9583": [0, 0, 0]
					}
				},
				"arm_right2": {
					"rotation": {
						"0.0": [0, 0, 0],
						"0.5833": [-52.49294, -0.32621, "-2.4786-math.sin(q.anim_time*90*1-90)*1"],
						"1.7917": [-52.49294, -0.32621, "-2.4786-math.sin(q.anim_time*90*1-90)*1"],
						"2.9583": [0, 0, 0]
					}
				},
				"arm_right3": {
					"rotation": {
						"0.0": [0, 0, 0],
						"0.5": ["-87.4717-math.sin(q.anim_time*90*1-120)*1", "64.5785-math.sin(q.anim_time*90*1-140)*-6", "-92.1275-math.sin(q.anim_time*90*1-120)*2"],
						"1.5": ["-87.4717-math.sin(q.anim_time*90*1-120)*1", "64.5785-math.sin(q.anim_time*90*1-140)*-6", "-92.1275-math.sin(q.anim_time*90*1-120)*2"],
						"2.5": [-2.49762, -0.10901, -2.49762],
						"2.9583": [0, 0, 0]
					}
				},
				"leg_left": {
					"rotation": {
						"0.0": [0, 0, 0],
						"2.9583": [0, 0, 0]
					},
					"position": {
						"0.0": [0, 0, 0],
						"2.9583": [0, 0, 0]
					}
				},
				"leg_right": {
					"rotation": {
						"0.0": [0, 0, 0],
						"2.9583": [0, 0, 0]
					},
					"position": {
						"0.0": [0, 0, 0],
						"2.9583": [0, 0, 0]
					}
				},
				"head": {
					"rotation": {
						"0.0": [0, 0, 0],
						"0.5": [5, 0, 0],
						"1.5": [5, 0, 0],
						"2.5": [0, 0, 0],
						"2.9583": [0, 0, 0]
					}
				},
				"eyelid_center": {
					"position": {
						"1.0417": [0, 0, 0],
						"1.0833": [0, 0, -0.1],
						"1.125": [0, 0, -0.1],
						"1.1667": [0, 0, 0]
					}
				},
				"eyelid_left": {
					"position": {
						"1.2083": [0, 0, 0],
						"1.25": [0, 0, -0.1],
						"1.2917": [0, 0, -0.1],
						"1.3333": [0, 0, 0]
					}
				},
				"eyelid_left_top": {
					"position": {
						"1.1667": [0, 0, 0],
						"1.2083": [0, 0, -0.1],
						"1.25": [0, 0, -0.1],
						"1.2917": [0, 0, 0]
					}
				},
				"eyelid_left_bottom": {
					"position": {
						"1.125": [0, 0, 0],
						"1.1667": [0, 0, -0.1],
						"1.2083": [0, 0, -0.1],
						"1.25": [0, 0, 0]
					}
				},
				"eye_right": {
					"position": {
						"0.0": [0, 0, 0],
						"2.9583": [0, 0, 0]
					}
				},
				"eyelid_right": {
					"position": {
						"1.0833": [0, 0, 0],
						"1.125": [0, 0, -0.1],
						"1.1667": [0, 0, -0.1],
						"1.2083": [0, 0, 0]
					}
				},
				"eyelid_right_top": {
					"position": {
						"0.9583": [0, 0, 0],
						"1.0": [0, 0, -0.1],
						"1.0417": [0, 0, -0.1],
						"1.0833": [0, 0, 0]
					}
				},
				"eyelid_right_bottom": {
					"position": {
						"1.0": [0, 0, 0],
						"1.0417": [0, 0, -0.1],
						"1.0833": [0, 0, -0.1],
						"1.125": [0, 0, 0]
					}
				}
			},
			"sound_effects": {
				"0.5417": {
					"effect": "pokemon.regirock.cry"
				}
			}
		},
		"animation.regirock.status": {
			"animation_length": 3,
			"bones": {
				"torso": {
					"rotation": {
						"0.0": [2.5, 0, 0],
						"0.5833": [-10, 0, 0],
						"0.625": ["-10+math.sin(q.anim_time*90*1)*1", "math.sin(q.anim_time*90*0.7+50)*1", "0+Math.cos((query.anim_time-0.2) * 90 * 48) * 0.5"],
						"1.7917": ["-10+math.sin(q.anim_time*90*1)*1", "math.sin(q.anim_time*90*0.7+50)*1", 0],
						"2.9583": [2.5, 0, 0]
					},
					"position": [0, 0, 0]
				},
				"shoulder_left": {
					"rotation": {
						"0.0": [9.99067, 0.43399, -14.96207],
						"0.5833": [32.49067, 0.43, -14.96],
						"0.625": [31.87, 0.43, "-15.35+Math.cos((query.anim_time-0.2) * 90 * 48) * 2"],
						"1.7917": [32.49067, 0.43, "-14.96+math.sin(q.anim_time*90*1-60)*2"],
						"2.9583": [9.99067, 0.43399, -14.96207]
					}
				},
				"arm_left": {
					"rotation": [-2.5, 0, 0]
				},
				"arm_left2": {
					"rotation": {
						"0.0": [-12.49527, 0.21782, 2.4905],
						"0.5833": [-52.49527, 0.21782, 2.4905],
						"1.7917": [-52.49527, 0.21782, 2.4905],
						"2.9583": [-12.49527, 0.21782, 2.4905]
					}
				},
				"arm_left3": {
					"rotation": {
						"0.0": [-7.49527, 0.21782, 2.4905],
						"0.5": ["-87.6888+math.sin(q.anim_time*90*1-120)*1", "-50.3447+math.sin(q.anim_time*90*1-140)*-6", "96.9343+math.sin(q.anim_time*90*1-120)*2"],
						"1.5": ["-87.6888+math.sin(q.anim_time*90*1-120)*1", "-50.3447+math.sin(q.anim_time*90*1-140)*-6", "96.9343+math.sin(q.anim_time*90*1-120)*2"],
						"2.5": [-7.49527, 0.21782, 2.4905]
					}
				},
				"shoulder_right": {
					"rotation": {
						"0.0": [7.47178, -0.65182, 14.95744],
						"0.5833": [22.47178, -0.65182, "14.9574-math.sin(q.anim_time*90*1-60)*2"],
						"0.625": [22.47, -0.65, "14.9574-Math.cos((query.anim_time-0.2) * 90 * 48) * 2"],
						"1.7917": [22.47178, -0.65182, "14.9574-math.sin(q.anim_time*90*1-60)*2"],
						"2.9583": [7.47178, -0.65182, 14.95744]
					}
				},
				"arm_right": {
					"rotation": [-5, 0, 0]
				},
				"arm_right2": {
					"rotation": {
						"0.0": [-7.49294, -0.32621, -2.47864],
						"0.5833": [-52.49294, -0.32621, "-2.4786-math.sin(q.anim_time*90*1-90)*1"],
						"1.7917": [-52.49294, -0.32621, "-2.4786-math.sin(q.anim_time*90*1-90)*1"],
						"2.9583": [-7.49294, -0.32621, -2.47864]
					}
				},
				"arm_right3": {
					"rotation": {
						"0.0": [-2.49762, -0.10901, -2.49762],
						"0.5": ["-87.4717-math.sin(q.anim_time*90*1-120)*1", "64.5785-math.sin(q.anim_time*90*1-140)*-6", "-92.1275-math.sin(q.anim_time*90*1-120)*2"],
						"1.5": ["-87.4717-math.sin(q.anim_time*90*1-120)*1", "64.5785-math.sin(q.anim_time*90*1-140)*-6", "-92.1275-math.sin(q.anim_time*90*1-120)*2"],
						"2.5": [-2.49762, -0.10901, -2.49762]
					}
				},
				"leg_left": {
					"rotation": [0, 0, -5],
					"position": [0, 0, 0]
				},
				"leg_right": {
					"rotation": [0, 0, 5],
					"position": [0, 0, 0]
				},
				"head": {
					"rotation": {
						"0.0": [0, 0, 0],
						"0.5": [5, 0, 0],
						"1.5": [5, 0, 0],
						"2.5": [0, 0, 0]
					}
				},
				"eyelid_center": {
					"position": {
						"1.0417": [0, 0, 0],
						"1.0833": [0, 0, -0.1],
						"1.125": [0, 0, -0.1],
						"1.1667": [0, 0, 0]
					}
				},
				"eyelid_left": {
					"position": {
						"1.2083": [0, 0, 0],
						"1.25": [0, 0, -0.1],
						"1.2917": [0, 0, -0.1],
						"1.3333": [0, 0, 0]
					}
				},
				"eyelid_left_top": {
					"position": {
						"1.1667": [0, 0, 0],
						"1.2083": [0, 0, -0.1],
						"1.25": [0, 0, -0.1],
						"1.2917": [0, 0, 0]
					}
				},
				"eyelid_left_bottom": {
					"position": {
						"1.125": [0, 0, 0],
						"1.1667": [0, 0, -0.1],
						"1.2083": [0, 0, -0.1],
						"1.25": [0, 0, 0]
					}
				},
				"eye_right": {
					"position": [0, 0, 0]
				},
				"eyelid_right": {
					"position": {
						"1.0833": [0, 0, 0],
						"1.125": [0, 0, -0.1],
						"1.1667": [0, 0, -0.1],
						"1.2083": [0, 0, 0]
					}
				},
				"eyelid_right_top": {
					"position": {
						"0.9583": [0, 0, 0],
						"1.0": [0, 0, -0.1],
						"1.0417": [0, 0, -0.1],
						"1.0833": [0, 0, 0]
					}
				},
				"eyelid_right_bottom": {
					"position": {
						"1.0": [0, 0, 0],
						"1.0417": [0, 0, -0.1],
						"1.0833": [0, 0, -0.1],
						"1.125": [0, 0, 0]
					}
				}
			}
		},
		"animation.regirock.faint": {
			"animation_length": 3,
			"bones": {
				"torso": {
					"rotation": {
						"0.0": [2.5, 0, 0],
						"0.25": ["-17.5+math.sin(q.anim_time*90*1)*1", "math.sin(q.anim_time*90*0.7+50)*1", "0+Math.cos((query.anim_time-0.2) * 90 * 48) * 0.5"],
						"1.0": [-22.5, 0, 0],
						"1.7083": [-22.5, 0, 0],
						"3.0": [15, 0, 0]
					},
					"position": [0, 0, 0]
				},
				"shoulder_left": {
					"rotation": {
						"0.0": [9.99067, 0.43399, -14.96207],
						"0.25": [34.71305, 4.72405, -21.12162],
						"0.2917": [34.71, 4.72, "-21.12+Math.cos((query.anim_time-0.2) * 90 * 48) * 2"],
						"0.75": [34.71, 4.72, "-21.69+Math.cos((query.anim_time-0.2) * 90 * 48) * 2"],
						"1.0": [34.71305, 4.72405, -21.12162],
						"1.7083": [34.71305, 4.72405, -21.12162],
						"3.0": [-15.28695, 4.72405, -21.12162]
					}
				},
				"arm_left": {
					"rotation": [-2.5, 0, 0]
				},
				"arm_left2": {
					"rotation": {
						"0.0": [-12.49527, 0.21782, 2.4905],
						"1.0": [-12.49527, 0.21782, 2.4905],
						"1.7083": [-12.49527, 0.21782, 2.4905],
						"3.0": [-4.99527, 0.21782, 2.4905]
					}
				},
				"arm_left3": {
					"rotation": {
						"0.0": [-7.49527, 0.21782, 2.4905],
						"1.0": [-7.49527, 0.21782, 2.4905],
						"1.7083": [-7.49527, 0.21782, 2.4905],
						"3.0": [7.50473, 0.21782, 2.4905]
					}
				},
				"hand_left": {
					"rotation": [-2.5, 0, 0]
				},
				"shoulder_right": {
					"rotation": {
						"0.0": [7.47178, -0.65182, 14.95744],
						"0.25": [24.70649, -3.80608, 21.76792],
						"0.2917": [24.71, -3.81, "21.77-Math.cos((query.anim_time-0.2) * 90 * 48) * 2"],
						"0.75": [24.70649, -3.80608, "21.7679210357-Math.cos((query.anim_time-0.2) * 90 * 48) * 2"],
						"1.0": [24.70649, -3.80608, 21.76792],
						"1.7083": [24.70649, -3.80608, 21.76792],
						"3.0": [-22.79351, -3.80608, 21.76792]
					}
				},
				"arm_right": {
					"rotation": [-5, 0, 0]
				},
				"arm_right2": {
					"rotation": {
						"0.0": [-7.49294, -0.32621, -2.47864],
						"1.0": [-7.49294, -0.32621, -2.47864],
						"1.7083": [-7.49294, -0.32621, -2.47864],
						"3.0": [5.00706, -0.32621, -2.47864]
					}
				},
				"arm_right3": {
					"rotation": {
						"0.0": [-2.49762, -0.10901, -2.49762],
						"1.0": [-2.49762, -0.10901, -2.49762],
						"1.7083": [-2.49762, -0.10901, -2.49762],
						"3.0": [7.50238, -0.10901, -2.49762]
					}
				},
				"hand_right": {
					"rotation": [-5, 0, 0]
				},
				"leg_left": {
					"rotation": [0, 0, -5],
					"position": [0, 0, 0]
				},
				"leg_left2": {
					"rotation": [0, 0, 5]
				},
				"leg_right": {
					"rotation": {
						"0.0": [0, 0, 5],
						"0.25": [-17.5, 0, 5],
						"1.0": [-17.5, 0, 5],
						"1.7083": [-17.5, 0, 5],
						"2.0": [0, 0, 5]
					},
					"position": [0, 0, 0]
				},
				"leg_right2": {
					"rotation": {
						"0.0": [0, 0, -5],
						"0.25": [12.5, 0, -5],
						"1.0": [12.5, 0, -5],
						"1.7083": [12.5, 0, -5],
						"2.0": [0, 0, -5]
					}
				},
				"head": {
					"rotation": {
						"0.0": [0, 0, 0],
						"0.25": [-15, 0, 0],
						"0.4583": [-17.5, 0, 0],
						"1.0": [-17.5, 0, 0],
						"1.7083": [-17.5, 0, 0],
						"3.0": [5, 0, 0]
					}
				},
				"eyelid_center": {
					"position": {
						"0.0": [0, 0, 0],
						"0.25": [0, 0, 0],
						"0.4167": [0, 0, 0],
						"0.4583": [0, 0, -0.1],
						"0.5833": [0, 0, -0.1],
						"0.625": [0, 0, 0],
						"0.75": [0, 0, 0],
						"0.7917": [0, 0, -0.1],
						"0.875": [0, 0, -0.1],
						"0.9167": [0, 0, 0],
						"1.0": [0, 0, 0],
						"1.7083": [0, 0, 0],
						"1.75": [0, 0, -0.1]
					}
				},
				"eyelid_left": {
					"position": {
						"0.0": [0, 0, 0],
						"0.25": [0, 0, 0],
						"0.4167": [0, 0, 0],
						"0.4583": [0, 0, -0.1],
						"0.5833": [0, 0, -0.1],
						"0.625": [0, 0, 0],
						"0.75": [0, 0, 0],
						"0.7917": [0, 0, -0.1],
						"0.875": [0, 0, -0.1],
						"0.9167": [0, 0, 0],
						"1.0": [0, 0, 0],
						"1.7083": [0, 0, 0],
						"1.75": [0, 0, -0.1]
					}
				},
				"eyelid_left_top": {
					"position": {
						"0.0": [0, 0, 0],
						"0.25": [0, 0, 0],
						"0.4167": [0, 0, 0],
						"0.4583": [0, 0, -0.1],
						"0.5833": [0, 0, -0.1],
						"0.625": [0, 0, 0],
						"0.75": [0, 0, 0],
						"0.7917": [0, 0, -0.1],
						"0.875": [0, 0, -0.1],
						"0.9167": [0, 0, 0],
						"1.0": [0, 0, 0],
						"1.7083": [0, 0, 0],
						"1.75": [0, 0, -0.1]
					}
				},
				"eyelid_left_bottom": {
					"position": {
						"0.0": [0, 0, 0],
						"0.25": [0, 0, 0],
						"0.4167": [0, 0, 0],
						"0.4583": [0, 0, -0.1],
						"0.5833": [0, 0, -0.1],
						"0.625": [0, 0, 0],
						"0.75": [0, 0, 0],
						"0.7917": [0, 0, -0.1],
						"0.875": [0, 0, -0.1],
						"0.9167": [0, 0, 0],
						"1.0": [0, 0, 0],
						"1.7083": [0, 0, 0],
						"1.75": [0, 0, -0.1]
					}
				},
				"eyelid_right": {
					"position": {
						"0.0": [0, 0, 0],
						"0.25": [0, 0, 0],
						"0.4167": [0, 0, 0],
						"0.4583": [0, 0, -0.1],
						"0.5833": [0, 0, -0.1],
						"0.625": [0, 0, 0],
						"0.75": [0, 0, 0],
						"0.7917": [0, 0, -0.1],
						"0.875": [0, 0, -0.1],
						"0.9167": [0, 0, 0],
						"1.0": [0, 0, 0],
						"1.7083": [0, 0, 0],
						"1.75": [0, 0, -0.1]
					}
				},
				"eyelid_right_top": {
					"position": {
						"0.0": [0, 0, 0],
						"0.25": [0, 0, 0],
						"0.4167": [0, 0, 0],
						"0.4583": [0, 0, -0.1],
						"0.5833": [0, 0, -0.1],
						"0.625": [0, 0, 0],
						"0.75": [0, 0, 0],
						"0.7917": [0, 0, -0.1],
						"0.875": [0, 0, -0.1],
						"0.9167": [0, 0, 0],
						"1.0": [0, 0, 0],
						"1.7083": [0, 0, 0],
						"1.75": [0, 0, -0.1]
					}
				},
				"eyelid_right_bottom": {
					"position": {
						"0.0": [0, 0, 0],
						"0.25": [0, 0, 0],
						"0.4167": [0, 0, 0],
						"0.4583": [0, 0, -0.1],
						"0.5833": [0, 0, -0.1],
						"0.625": [0, 0, 0],
						"0.75": [0, 0, 0],
						"0.7917": [0, 0, -0.1],
						"0.875": [0, 0, -0.1],
						"0.9167": [0, 0, 0],
						"1.0": [0, 0, 0],
						"1.7083": [0, 0, 0],
						"1.75": [0, 0, -0.1]
					}
				}
			}
		},
		"animation.regirock.blink": {
			"animation_length": 0.1667,
			"bones": {
				"eyelid_center": {
					"position": {
						"0.0": [0, 0, -0.1],
						"0.125": [0, 0, -0.1],
						"0.1667": [0, 0, 0]
					}
				},
				"eyelid_left": {
					"position": {
						"0.0": [0, 0, -0.1],
						"0.125": [0, 0, -0.1],
						"0.1667": [0, 0, 0]
					}
				},
				"eyelid_left_top": {
					"position": {
						"0.0": [0, 0, -0.1],
						"0.125": [0, 0, -0.1],
						"0.1667": [0, 0, 0]
					}
				},
				"eyelid_left_bottom": {
					"position": {
						"0.0": [0, 0, -0.1],
						"0.125": [0, 0, -0.1],
						"0.1667": [0, 0, 0]
					}
				},
				"eyelid_right": {
					"position": {
						"0.0": [0, 0, -0.1],
						"0.125": [0, 0, -0.1],
						"0.1667": [0, 0, 0]
					}
				},
				"eyelid_right_top": {
					"position": {
						"0.0": [0, 0, -0.1],
						"0.125": [0, 0, -0.1],
						"0.1667": [0, 0, 0]
					}
				},
				"eyelid_right_bottom": {
					"position": {
						"0.0": [0, 0, -0.1],
						"0.125": [0, 0, -0.1],
						"0.1667": [0, 0, 0]
					}
				}
			}
		},
		"animation.regirock.recoil": {
			"animation_length": 1,
			"bones": {
				"torso": {
					"rotation": {
						"0.0": [0, 0, 0],
						"0.0417": [0, 0, 0],
						"0.1667": {
							"pre": [-7.5, 0, 0],
							"post": [-7.5, 0, 0],
							"lerp_mode": "catmullrom"
						},
						"0.75": {
							"post": [-7.5, 0, 0],
							"lerp_mode": "catmullrom"
						},
						"1.0": [0, 0, 0]
					}
				},
				"shoulder_left": {
					"rotation": {
						"0.0": [0, 0, 0],
						"0.0417": {
							"pre": [9.99067, 0.43399, -14.96207],
							"post": [9.99067, 0.43399, -14.96207],
							"lerp_mode": "catmullrom"
						},
						"0.1667": {
							"post": [22.49067, 0.43399, -14.96207],
							"lerp_mode": "catmullrom"
						},
						"0.75": {
							"post": [22.49067, 0.43399, -14.96207],
							"lerp_mode": "catmullrom"
						},
						"1.0": [0, 0, 0]
					}
				},
				"arm_left": {
					"rotation": {
						"0.0": [0, 0, 0],
						"0.0417": [-2.5, 0, 0],
						"1.0": [0, 0, 0]
					}
				},
				"arm_left2": {
					"rotation": {
						"0.0": [0, 0, 0],
						"0.0417": [0, 0, 0],
						"0.1667": {
							"pre": [-19.99527, 0.21782, 2.4905],
							"post": [-19.99527, 0.21782, 2.4905],
							"lerp_mode": "catmullrom"
						},
						"0.75": {
							"post": [-19.99527, 0.21782, 2.4905],
							"lerp_mode": "catmullrom"
						},
						"1.0": [0, 0, 0]
					}
				},
				"arm_left3": {
					"rotation": {
						"0.0": [0, 0, 0],
						"0.0417": [-7.49527, 0.21782, 2.4905],
						"0.1667": [-14.99527, 0.21782, 2.4905],
						"0.75": [-14.99527, 0.21782, 2.4905],
						"1.0": [0, 0, 0]
					}
				},
				"shoulder_right": {
					"rotation": {
						"0.0": [0, 0, 0],
						"0.0417": {
							"pre": [7.47178, -0.65182, 14.95744],
							"post": [7.47178, -0.65182, 14.95744],
							"lerp_mode": "catmullrom"
						},
						"0.1667": {
							"post": [14.97178, -0.65182, 14.95744],
							"lerp_mode": "catmullrom"
						},
						"0.75": {
							"post": [14.97178, -0.65182, 14.95744],
							"lerp_mode": "catmullrom"
						},
						"1.0": [0, 0, 0]
					}
				},
				"arm_right": {
					"rotation": {
						"0.0": [0, 0, 0],
						"0.0417": [-5, 0, 0],
						"1.0": [0, 0, 0]
					}
				},
				"arm_right2": {
					"rotation": {
						"0.0": [0, 0, 0],
						"0.0417": [0, 0, 0],
						"0.1667": {
							"pre": [-17.49294, -0.32621, -2.47864],
							"post": [-17.49294, -0.32621, -2.47864],
							"lerp_mode": "catmullrom"
						},
						"0.75": {
							"post": [-17.49294, -0.32621, -2.47864],
							"lerp_mode": "catmullrom"
						},
						"1.0": [0, 0, 0]
					}
				},
				"arm_right3": {
					"rotation": {
						"0.0": [0, 0, 0],
						"0.0417": [-2.49762, -0.10901, -2.49762],
						"0.1667": [-9.99762, -0.10901, -2.49762],
						"0.75": [-9.99762, -0.10901, -2.49762],
						"1.0": [0, 0, 0]
					}
				},
				"head": {
					"rotation": {
						"0.0": [0, 0, 0],
						"0.0417": [0, 0, 0],
						"0.1667": {
							"pre": [-12.5, 0, 0],
							"post": [-12.5, 0, 0],
							"lerp_mode": "catmullrom"
						},
						"0.75": {
							"post": [-12.5, 0, 0],
							"lerp_mode": "catmullrom"
						},
						"1.0": [0, 0, 0]
					}
				}
			}
		},
		"animation.regirock.sleep": {
			"loop": true,
			"bones": {
				"torso": {
					"rotation": ["2.5+math.sin(q.anim_time*90*0.5)*1", "math.sin(q.anim_time*90*0.7+50)*1", 0],
					"position": [0, "math.cos(q.anim_time*90*0.5)*-0.2", 0]
				},
				"shoulder_left": {
					"rotation": [9.99067, 0.43399, "-14.96207+math.sin(q.anim_time*90*0.5-60)*1"]
				},
				"arm_left": {
					"rotation": [-2.5, 0, 0]
				},
				"arm_left2": {
					"rotation": [-12.49527, 0.21782, "2.4905+math.sin(q.anim_time*90*0.5-90)*1"]
				},
				"arm_left3": {
					"rotation": ["-7.49527+math.sin(q.anim_time*90*0.5-120)*1", "0.21782+math.sin(q.anim_time*90*0.5-140)*-6", "2.4905+math.sin(q.anim_time*90*0.5-120)*2"]
				},
				"hand_left": {
					"rotation": ["-2.5+Math.sin(query.anim_time * 90*1)", 0, 0]
				},
				"shoulder_right": {
					"rotation": [7.47178, -0.65182, "14.95744-math.sin(q.anim_time*90*0.5-60)*2"]
				},
				"arm_right": {
					"rotation": [-5, 0, 0]
				},
				"arm_right2": {
					"rotation": [-7.49294, -0.32621, "-2.47864-math.sin(q.anim_time*90*0.5-90)*1"]
				},
				"arm_right3": {
					"rotation": [
						"-2.49762-math.sin(q.anim_time*90*0.5-120)*1",
						"-0.10901-math.sin(q.anim_time*90*0.5-140)*-6",
						"-2.49762-math.sin(q.anim_time*90*0.5-120)*2"
					]
				},
				"hand_right": {
					"rotation": ["-5+Math.sin(query.anim_time * 90*1)", 0, 0]
				},
				"leg_left": {
					"rotation": ["0+math.sin(q.anim_time*90*1+30)*-2", 0, -5],
					"position": ["-(math.sin(q.anim_time*90*1+30)*0.05)", 0, "math.sin(q.anim_time*90*1+30)*0.1"]
				},
				"leg_left2": {
					"rotation": [0, 0, 5]
				},
				"leg_right": {
					"rotation": ["0+math.sin(q.anim_time*90*1+30)*-2", 0, 5],
					"position": ["-(math.sin(q.anim_time*90*1+30)*0.05)", 0, "math.sin(q.anim_time*90*1+30)*0.1"]
				},
				"leg_right2": {
					"rotation": [0, 0, -5]
				},
				"head": {
					"rotation": ["0+math.sin(q.anim_time*90*0.5-90)*2", 0, 0]
				},
				"eye_center": {
					"position": [0, 0, 0.1]
				},
				"eyelid_center": {
					"position": [0, 0, -0.2]
				},
				"eye_left": {
					"position": [0, 0, 0.1]
				},
				"eyelid_left": {
					"position": [0, 0, -0.2]
				},
				"eye_left_top": {
					"position": [0, 0, 0.1]
				},
				"eyelid_left_top": {
					"position": [0, 0, -0.2]
				},
				"eye_left_bottom": {
					"position": [0, 0, 0.1]
				},
				"eyelid_left_bottom": {
					"position": [0, 0, -0.2]
				},
				"eye_right": {
					"position": [0, 0, 0.1]
				},
				"eyelid_right": {
					"position": [0, 0, -0.2]
				},
				"eye_right_top": {
					"position": [0, 0, 0.1]
				},
				"eyelid_right_top": {
					"position": [0, 0, -0.2]
				},
				"eye_right_bottom": {
					"position": [0, 0, 0.1]
				},
				"eyelid_right_bottom": {
					"position": [0, 0, -0.2]
				}
			}
		}
	}
}