{
	"format_version": "1.8.0",
	"animations": {
		"animation.honchkrow.ground_idle": {
			"loop": true,
			"bones": {
				"body": {
					"position": [0, "-0.5+Math.cos((query.anim_time) * 90 * 2) * 0.4", "0+Math.cos((query.anim_time) * 90 * 2) * 0.5"]
				},
				"tail2": {
					"rotation": ["20+Math.cos((query.anim_time) * 90 * 2 - 90) * 3", 0, 0]
				},
				"leg_right": {
					"rotation": ["13+Math.cos((query.anim_time) * 90 * 2) * -12", 0, 0]
				},
				"leg_right2": {
					"rotation": ["-20+Math.cos((query.anim_time) * 90 * 2) * 20", 0, 0]
				},
				"foot_right": {
					"rotation": ["7.5+Math.cos((query.anim_time) * 90 * 2) * -8", 0, 0]
				},
				"plumage3": {
					"rotation": ["10+Math.cos((query.anim_time) * 90 * 2 - 90) * -6", 0, 0]
				},
				"plumage4": {
					"rotation": ["5+Math.cos((query.anim_time) * 90 * 2 - 180) * -6", 0, 0]
				},
				"seat_1_locator": {
					"rotation": ["-32.5+Math.cos((query.anim_time) * 90 * 2) * 2", 0, 0]
				},
				"torso": {
					"rotation": ["0+Math.cos((query.anim_time) * 90 * 2 - 90) * -2", 0, 0]
				},
				"tail3": {
					"rotation": ["0+Math.cos((query.anim_time) * 90 * 2 - 150) * 3", 0, 0]
				},
				"torso2": {
					"rotation": ["0+Math.cos((query.anim_time) * 90 * 2 - 150) * 2", 0, 0]
				},
				"head_angle": {
					"rotation": ["0+Math.cos((query.anim_time) * 90 * 2) * 2", 0, 0]
				},
				"leg_left": {
					"rotation": ["13+Math.cos((query.anim_time) * 90 * 2) * -12", 0, 0]
				},
				"leg_left2": {
					"rotation": ["-20+Math.cos((query.anim_time) * 90 * 2) * 20", 0, 0]
				},
				"foot_left": {
					"rotation": ["7.5+Math.cos((query.anim_time) * 90 * 2) * -8", 0, 0]
				},
				"wings_open": {
					"scale": 0
				}
			}
		},
		"animation.honchkrow.ground_walk": {
			"loop": true,
			"animation_length": 0.75,
			"bones": {
				"body": {
					"position": [0, -0.1, 0.5]
				},
				"tail2": {
					"rotation": ["20+Math.cos((query.anim_time) * 90 * 16/3 * 2 - 90) * -4", 0, 0]
				},
				"leg_right": {
					"rotation": {
						"0.0": [43.5, 10, 0],
						"0.1667": [20.295, 10, 0],
						"0.25": [14.4, 10, 0],
						"0.375": [13.5, 10, 0],
						"0.75": [43.5, 10, 0]
					},
					"position": {
						"0.0": [-0.5, -1, 2],
						"0.125": [-0.5, 1.795, 0.92],
						"0.1667": [-0.5, 2.415, 0.56],
						"0.2083": [-0.5, 2.555, 0.2],
						"0.2917": [-0.5, 2.09, -0.395],
						"0.375": [-0.5, 0, -1],
						"0.75": [-0.5, -1, 2]
					}
				},
				"leg_right2": {
					"rotation": {
						"0.0": [-22.5, 0, 0],
						"0.1667": [-56.55, 0, 0],
						"0.2083": [-49.965, 0, 0],
						"0.375": [-12.5, 0, 0],
						"0.75": [-22.5, 0, 0]
					}
				},
				"foot_right": {
					"rotation": {
						"0.0": [-21, 0, 0],
						"0.0833": {
							"pre": [32.51, 0, 0],
							"post": [32.51, 0, 0],
							"lerp_mode": "catmullrom"
						},
						"0.1667": {
							"post": [44.735, 0, 0],
							"lerp_mode": "catmullrom"
						},
						"0.25": {
							"post": [38.815, 0, 0],
							"lerp_mode": "catmullrom"
						},
						"0.2917": {
							"post": [25.61, 0, 0],
							"lerp_mode": "catmullrom"
						},
						"0.375": [-0.5, 0, 0],
						"0.75": [-21, 0, 0]
					}
				},
				"plumage3": {
					"rotation": ["10+Math.cos((query.anim_time) * 90 * 16/3 * 2 - 120) * -7", 0, 0]
				},
				"plumage4": {
					"rotation": ["11+Math.cos((query.anim_time) * 90 * 16/3 * 2 - 200) * -12", 0, 0]
				},
				"seat_1_locator": {
					"rotation": ["-30+Math.cos((query.anim_time) * 90 * 16/3 * 2 - 90) * 1", 0, 0]
				},
				"torso": {
					"rotation": ["0+Math.cos((query.anim_time) * 90 * 16/3 * 2 - 90) * 2", 0, 0],
					"position": [0, "0+Math.cos((query.anim_time) * 90 * 16/3 * 2) * -0.4", "0+Math.cos((query.anim_time) * 90 * 16/3 * 2 - 45) * -0.5"]
				},
				"tail3": {
					"rotation": ["-2.598076211+Math.cos((query.anim_time) * 90 * 16/3 * 2 - 150) * -4", 0, 0]
				},
				"torso2": {
					"rotation": ["-1.732050808+Math.cos((query.anim_time) * 90 * 16/3 * 2 - 90) * -4", 0, 0],
					"position": [0, 0, 0]
				},
				"head_angle": {
					"rotation": ["2+Math.cos((query.anim_time) * 90 * 16/3 * 2 + 90) * -2", 0, 0]
				},
				"toe_back_right": {
					"rotation": {
						"0.0": [0, 0, 0],
						"0.0833": [0, 0, 0],
						"0.375": [0, 0, 0],
						"0.75": [0, 0, 0]
					}
				},
				"toe_inner_right": {
					"rotation": {
						"0.0": [0, 0, 0],
						"0.1667": [22.5, 0, 0],
						"0.375": [0, 0, 0],
						"0.75": [0, 0, 0]
					}
				},
				"toe_middle_right": {
					"rotation": {
						"0.0": [0, 0, 0],
						"0.1667": [22.5, 0, 0],
						"0.375": [0, 0, 0],
						"0.75": [0, 0, 0]
					}
				},
				"toe_outer_right": {
					"rotation": {
						"0.0": [0, 0, 0],
						"0.1667": [22.5, 0, 0],
						"0.375": [0, 0, 0],
						"0.75": [0, 0, 0]
					}
				},
				"leg_left": {
					"rotation": {
						"0.0": [13.5, -10, 0],
						"0.375": [43.5, -10, 0],
						"0.5417": [20.295, -10, 0],
						"0.625": [14.4, -10, 0],
						"0.75": [13.5, -10, 0]
					},
					"position": {
						"0.0": [0.5, 0, -1],
						"0.375": [0.5, -1, 2],
						"0.5": [0.5, 1.795, 0.92],
						"0.5417": [0.5, 2.415, 0.56],
						"0.5833": [0.5, 2.555, 0.2],
						"0.6667": [0.5, 2.09, -0.395],
						"0.75": [0.5, 0, -1]
					}
				},
				"leg_left2": {
					"rotation": {
						"0.0": [-12.5, 0, 0],
						"0.375": [-22.5, 0, 0],
						"0.5417": [-56.55, 0, 0],
						"0.5833": [-49.965, 0, 0],
						"0.75": [-12.5, 0, 0]
					}
				},
				"foot_left": {
					"rotation": {
						"0.0": [-0.5, 0, 0],
						"0.375": [-21, 0, 0],
						"0.4583": {
							"pre": [32.51, 0, 0],
							"post": [32.51, 0, 0],
							"lerp_mode": "catmullrom"
						},
						"0.5417": {
							"post": [44.735, 0, 0],
							"lerp_mode": "catmullrom"
						},
						"0.625": {
							"post": [38.815, 0, 0],
							"lerp_mode": "catmullrom"
						},
						"0.6667": {
							"post": [25.61, 0, 0],
							"lerp_mode": "catmullrom"
						},
						"0.75": [-0.5, 0, 0]
					}
				},
				"toe_back_left": {
					"rotation": {
						"0.4583": [0, 0, 0],
						"0.75": [0, 0, 0]
					}
				},
				"toe_inner_left": {
					"rotation": {
						"0.375": [0, 0, 0],
						"0.5417": [22.5, 0, 0],
						"0.75": [0, 0, 0]
					}
				},
				"toe_middle_left": {
					"rotation": {
						"0.375": [0, 0, 0],
						"0.5417": [22.5, 0, 0],
						"0.75": [0, 0, 0]
					}
				},
				"toe_outer_left": {
					"rotation": {
						"0.375": [0, 0, 0],
						"0.5417": [22.5, 0, 0],
						"0.75": [0, 0, 0]
					}
				},
				"wings_open": {
					"scale": 0
				}
			}
		},
		"animation.honchkrow.air_idle": {
			"loop": true,
			"animation_length": 1.25,
			"bones": {
				"body": {
					"rotation": [5, 0, 0],
					"position": [0, "0+Math.cos((query.anim_time) * 90 * 16/5 - 45) * -3", 0]
				},
				"tail2": {
					"rotation": ["37.5+Math.cos((query.anim_time) * 90 * 16/5 - 125) * -7", 0, 0]
				},
				"head_angle": {
					"rotation": ["-5+Math.cos((query.anim_time) * 90 * 16/5 + 45) * -2", 0, 0]
				},
				"plumage": {
					"rotation": [-5, 0, 0]
				},
				"leg_right": {
					"rotation": ["32.5+Math.cos((query.anim_time) * 90 * 16/5 - 125) * -7", 7.5, 7.5]
				},
				"leg_right2": {
					"rotation": [-60, 0, 0]
				},
				"toe_back_right": {
					"rotation": [-50, 0, 0]
				},
				"toe_middle_right": {
					"rotation": [40, 0, 0]
				},
				"toe_outer_right": {
					"rotation": [45, 0, 0]
				},
				"claw_back_right": {
					"rotation": [-30, 0, 0]
				},
				"toe_outer_right2": {
					"rotation": [55, 0, 0]
				},
				"toe_middle_right2": {
					"rotation": [55, 0, 0]
				},
				"toe_inner_right": {
					"rotation": [45, 0, 0]
				},
				"toe_inner_right2": {
					"rotation": [55, 0, 0]
				},
				"leg_left": {
					"rotation": ["32.5+Math.cos((query.anim_time) * 90 * 16/5 - 125) * -7", -7.5, -7.5]
				},
				"leg_left2": {
					"rotation": [-60, 0, 0]
				},
				"toe_back_left": {
					"rotation": [-50, 0, 0]
				},
				"claw_back_left": {
					"rotation": [-30, 0, 0]
				},
				"toe_inner_left": {
					"rotation": [45, 0, 0]
				},
				"toe_inner_left2": {
					"rotation": [55, 0, 0]
				},
				"toe_middle_left": {
					"rotation": [40, 0, 0]
				},
				"toe_middle_left2": {
					"rotation": [55, 0, 0]
				},
				"toe_outer_left": {
					"rotation": [45, 0, 0]
				},
				"toe_outer_left2": {
					"rotation": [55, 0, 0]
				},
				"wings_closed": {
					"rotation": [10, 0, 0],
					"scale": 0
				},
				"wing_closed_right": {
					"rotation": [0, 47.5, 90]
				},
				"wing_closed_right2": {
					"rotation": [-20, 0, 0]
				},
				"wing_closed_left": {
					"rotation": [0, -47.5, -90]
				},
				"wing_closed_left2": {
					"rotation": [-20, 0, 0]
				},
				"wings_open": {
					"rotation": [10, 0, 0]
				},
				"seat_1_locator": {
					"rotation": [-37.5, 0, 0]
				},
				"torso": {
					"rotation": ["0+Math.cos((query.anim_time) * 90 * 16/5 - 45) * -4", 0, 0]
				},
				"tail3": {
					"rotation": ["0+Math.cos((query.anim_time) * 90 * 16/5 - 205) * -7", 0, 0]
				},
				"torso2": {
					"rotation": ["0+Math.cos((query.anim_time) * 90 * 16/5 - 15) * 3", 0, 0]
				},
				"wing_open_right": {
					"rotation": {
						"0.0": [-47.725, 18.35, 60.525],
						"0.125": [-44.45, 13.7, 66.405],
						"0.3333": {
							"pre": [-31.2, -3.125, 49.45],
							"post": [-31.2, -3.125, 49.45],
							"lerp_mode": "catmullrom"
						},
						"0.4583": {
							"post": [-24.375, -4.5, 12.205],
							"lerp_mode": "catmullrom"
						},
						"0.625": {
							"post": [-23.5, -5.2, -26.425],
							"lerp_mode": "catmullrom"
						},
						"0.75": {
							"post": [-22.45, -5.45, -33.5],
							"lerp_mode": "catmullrom"
						},
						"0.875": {
							"post": [-25.55, -5.625, -31.78],
							"lerp_mode": "catmullrom"
						},
						"1.0417": {
							"post": [-35.76, 9.245, -20.325],
							"lerp_mode": "catmullrom"
						},
						"1.125": {
							"post": [-44.225, 15.925, 7.04],
							"lerp_mode": "catmullrom"
						},
						"1.25": [-47.725, 18.35, 60.525]
					}
				},
				"feathers_inner_right": {
					"rotation": {
						"0.0": [0, 0, 0],
						"0.3333": {
							"pre": [18.8, 4.425, 0],
							"post": [18.8, 4.425, 0],
							"lerp_mode": "catmullrom"
						},
						"0.625": {
							"post": [20.3, 3.775, 0],
							"lerp_mode": "catmullrom"
						},
						"0.8333": {
							"post": [2.875, 2.05, 0],
							"lerp_mode": "catmullrom"
						},
						"1.0417": {
							"post": [-16.225, 0, 0],
							"lerp_mode": "catmullrom"
						},
						"1.25": [0, 0, 0]
					}
				},
				"wing_open_right2": {
					"rotation": {
						"0.0": [0, 30.55, 0],
						"0.125": [0, 8.725, 0],
						"0.2083": {
							"pre": [0, 0.445, 0],
							"post": [0, 0.445, 0],
							"lerp_mode": "catmullrom"
						},
						"0.3333": {
							"post": [0, -6.055, 0],
							"lerp_mode": "catmullrom"
						},
						"0.4167": {
							"post": [0, -13.075, 0],
							"lerp_mode": "catmullrom"
						},
						"0.4583": {
							"post": [0, -13.025, 0],
							"lerp_mode": "catmullrom"
						},
						"0.625": {
							"post": [0, -11.34, 0],
							"lerp_mode": "catmullrom"
						},
						"0.6667": {
							"post": [0, -6.85, 0],
							"lerp_mode": "catmullrom"
						},
						"0.75": {
							"post": [0, -0.555, 0],
							"lerp_mode": "catmullrom"
						},
						"0.8333": {
							"post": [0, 11.175, 0],
							"lerp_mode": "catmullrom"
						},
						"0.875": {
							"post": [0, 21.565, 0],
							"lerp_mode": "catmullrom"
						},
						"0.9583": {
							"post": [0, 29.775, 0],
							"lerp_mode": "catmullrom"
						},
						"1.0417": {
							"post": [0, 35.03, 0],
							"lerp_mode": "catmullrom"
						},
						"1.0833": [0, 37.025, 0],
						"1.1667": [0, 35.09, 0],
						"1.25": [0, 30.55, 0]
					}
				},
				"feathers_middle_right": {
					"rotation": {
						"0.0": [0, 0, 0],
						"0.3333": {
							"pre": [16.05, 7.5, 0],
							"post": [16.05, 7.5, 0],
							"lerp_mode": "catmullrom"
						},
						"0.625": {
							"post": [20, 0, 0],
							"lerp_mode": "catmullrom"
						},
						"0.8333": {
							"post": [12.15, 0, 0],
							"lerp_mode": "catmullrom"
						},
						"1.0417": {
							"post": [-25, 0, 0],
							"lerp_mode": "catmullrom"
						},
						"1.25": [0, 0, 0]
					}
				},
				"wing_open_right3": {
					"rotation": {
						"0.0": [0, 40.7, -41.95],
						"0.125": {
							"pre": [0, 6.525, 7.1],
							"post": [0, 6.525, 7.1],
							"lerp_mode": "catmullrom"
						},
						"0.3333": {
							"post": [0, 1.175, 34.405],
							"lerp_mode": "catmullrom"
						},
						"0.5417": {
							"post": [0, -0.1, 25.15],
							"lerp_mode": "catmullrom"
						},
						"0.6667": {
							"post": [0, -0.37, -11.715],
							"lerp_mode": "catmullrom"
						},
						"0.8333": {
							"post": [0, 1.65, -34.225],
							"lerp_mode": "catmullrom"
						},
						"0.875": {
							"post": [0, 7.375, -40.675],
							"lerp_mode": "catmullrom"
						},
						"1.0417": {
							"post": [0, 24.46, -44.455],
							"lerp_mode": "catmullrom"
						},
						"1.25": [0, 40.7, -41.95]
					}
				},
				"feathers_end_right": {
					"rotation": {
						"0.0": [0, 0, 0],
						"0.3333": {
							"pre": [16.05, 0, 0],
							"post": [16.05, 0, 0],
							"lerp_mode": "catmullrom"
						},
						"0.625": {
							"post": [20, 0, 0],
							"lerp_mode": "catmullrom"
						},
						"0.8333": {
							"post": [12.15, 0, 0],
							"lerp_mode": "catmullrom"
						},
						"1.0417": {
							"post": [-25, 0, 0],
							"lerp_mode": "catmullrom"
						},
						"1.25": [0, 0, 0]
					}
				},
				"feathers_end_right2": {
					"rotation": {
						"0.0": [0, 32.5, -30],
						"0.3333": {
							"pre": [0, 2.75, 32.5],
							"post": [0, 2.75, 32.5],
							"lerp_mode": "catmullrom"
						},
						"0.4583": {
							"post": [0, 0.13, 36.27],
							"lerp_mode": "catmullrom"
						},
						"0.75": {
							"post": [0, 0, 22.14],
							"lerp_mode": "catmullrom"
						},
						"1.0417": [0, 5.675, -37.5],
						"1.25": [0, 32.5, -30]
					}
				},
				"wing_open_left": {
					"rotation": {
						"0.0": [-47.725, -18.35, -60.525],
						"0.125": [-44.45, -13.7, -66.405],
						"0.3333": {
							"pre": [-31.2, 3.125, -49.45],
							"post": [-31.2, 3.125, -49.45],
							"lerp_mode": "catmullrom"
						},
						"0.4583": {
							"post": [-24.375, 4.5, -12.205],
							"lerp_mode": "catmullrom"
						},
						"0.625": {
							"post": [-23.5, 5.2, 26.425],
							"lerp_mode": "catmullrom"
						},
						"0.75": {
							"post": [-22.45, 5.45, 33.5],
							"lerp_mode": "catmullrom"
						},
						"0.875": {
							"post": [-25.55, 5.625, 31.78],
							"lerp_mode": "catmullrom"
						},
						"1.0417": {
							"post": [-35.76, -9.245, 20.325],
							"lerp_mode": "catmullrom"
						},
						"1.125": {
							"post": [-44.225, -15.925, -7.04],
							"lerp_mode": "catmullrom"
						},
						"1.25": [-47.725, -18.35, -60.525]
					}
				},
				"feathers_inner_left": {
					"rotation": {
						"0.0": [0, 0, 0],
						"0.3333": {
							"pre": [18.8, -4.425, 0],
							"post": [18.8, -4.425, 0],
							"lerp_mode": "catmullrom"
						},
						"0.625": {
							"post": [20.3, -3.775, 0],
							"lerp_mode": "catmullrom"
						},
						"0.8333": {
							"post": [2.875, -2.05, 0],
							"lerp_mode": "catmullrom"
						},
						"1.0417": {
							"post": [-16.225, 0, 0],
							"lerp_mode": "catmullrom"
						},
						"1.25": [0, 0, 0]
					}
				},
				"wing_open_left2": {
					"rotation": {
						"0.0": [0, -30.55, 0],
						"0.125": [0, -8.725, 0],
						"0.2083": {
							"pre": [0, -0.445, 0],
							"post": [0, -0.445, 0],
							"lerp_mode": "catmullrom"
						},
						"0.3333": {
							"post": [0, 6.055, 0],
							"lerp_mode": "catmullrom"
						},
						"0.4167": {
							"post": [0, 13.075, 0],
							"lerp_mode": "catmullrom"
						},
						"0.4583": {
							"post": [0, 13.025, 0],
							"lerp_mode": "catmullrom"
						},
						"0.625": {
							"post": [0, 11.34, 0],
							"lerp_mode": "catmullrom"
						},
						"0.6667": {
							"post": [0, 6.85, 0],
							"lerp_mode": "catmullrom"
						},
						"0.75": {
							"post": [0, 0.555, 0],
							"lerp_mode": "catmullrom"
						},
						"0.8333": {
							"post": [0, -11.175, 0],
							"lerp_mode": "catmullrom"
						},
						"0.875": {
							"post": [0, -21.565, 0],
							"lerp_mode": "catmullrom"
						},
						"0.9583": {
							"post": [0, -29.775, 0],
							"lerp_mode": "catmullrom"
						},
						"1.0417": {
							"post": [0, -35.03, 0],
							"lerp_mode": "catmullrom"
						},
						"1.0833": [0, -37.025, 0],
						"1.1667": [0, -35.09, 0],
						"1.25": [0, -30.55, 0]
					}
				},
				"feathers_middle_left": {
					"rotation": {
						"0.0": [0, 0, 0],
						"0.3333": {
							"pre": [16.05, -7.5, 0],
							"post": [16.05, -7.5, 0],
							"lerp_mode": "catmullrom"
						},
						"0.625": {
							"post": [20, 0, 0],
							"lerp_mode": "catmullrom"
						},
						"0.8333": {
							"post": [12.15, 0, 0],
							"lerp_mode": "catmullrom"
						},
						"1.0417": {
							"post": [-25, 0, 0],
							"lerp_mode": "catmullrom"
						},
						"1.25": [0, 0, 0]
					}
				},
				"wing_open_left3": {
					"rotation": {
						"0.0": [0, -40.7, 41.95],
						"0.125": {
							"pre": [0, -6.525, -7.1],
							"post": [0, -6.525, -7.1],
							"lerp_mode": "catmullrom"
						},
						"0.3333": {
							"post": [0, -1.175, -34.405],
							"lerp_mode": "catmullrom"
						},
						"0.5417": {
							"post": [0, 0.1, -25.15],
							"lerp_mode": "catmullrom"
						},
						"0.6667": {
							"post": [0, 0.37, 11.715],
							"lerp_mode": "catmullrom"
						},
						"0.8333": {
							"post": [0, -1.65, 34.225],
							"lerp_mode": "catmullrom"
						},
						"0.875": {
							"post": [0, -7.375, 40.675],
							"lerp_mode": "catmullrom"
						},
						"1.0417": {
							"post": [0, -24.46, 44.455],
							"lerp_mode": "catmullrom"
						},
						"1.25": [0, -40.7, 41.95]
					}
				},
				"feathers_end_left": {
					"rotation": {
						"0.0": [0, 0, 0],
						"0.3333": {
							"pre": [16.05, 0, 0],
							"post": [16.05, 0, 0],
							"lerp_mode": "catmullrom"
						},
						"0.625": {
							"post": [20, 0, 0],
							"lerp_mode": "catmullrom"
						},
						"0.8333": {
							"post": [12.15, 0, 0],
							"lerp_mode": "catmullrom"
						},
						"1.0417": {
							"post": [-25, 0, 0],
							"lerp_mode": "catmullrom"
						},
						"1.25": [0, 0, 0]
					}
				},
				"feathers_end_left2": {
					"rotation": {
						"0.0": [0, -32.5, 30],
						"0.3333": {
							"pre": [0, -2.75, -32.5],
							"post": [0, -2.75, -32.5],
							"lerp_mode": "catmullrom"
						},
						"0.4583": {
							"post": [0, -0.13, -36.27],
							"lerp_mode": "catmullrom"
						},
						"0.75": {
							"post": [0, 0, -22.14],
							"lerp_mode": "catmullrom"
						},
						"1.0417": [0, -5.675, 37.5],
						"1.25": [0, -32.5, 30]
					}
				},
				"plumage3": {
					"rotation": ["0+Math.cos((query.anim_time) * 90 * 16/5 - 155) * -7", 0, 0]
				},
				"plumage4": {
					"rotation": ["0+Math.cos((query.anim_time) * 90 * 16/5 - 245) * -7", 0, 0]
				}
			}
		},
		"animation.honchkrow.air_fly": {
			"loop": true,
			"animation_length": 0.75,
			"bones": {
				"body": {
					"rotation": [35, 0, 0],
					"position": [0, "0+Math.cos((query.anim_time) * 90 * 16/3 - 45) * -3.5", "0+Math.cos((query.anim_time) * 90 * 16/3) * -1"]
				},
				"tail2": {
					"rotation": ["37.5+Math.cos((query.anim_time) * 90 * 16/3 - 135) * -6", 0, 0]
				},
				"head_angle": {
					"rotation": ["-20+Math.cos((query.anim_time) * 90 * 16/3 - 45) * 4", 0, 0]
				},
				"plumage": {
					"rotation": ["-5+Math.cos((query.anim_time) * 90 * 16/3 - 45) * 2", 0, 0]
				},
				"leg_right": {
					"rotation": ["32.5+Math.cos((query.anim_time) * 90 * 16/3 - 135) * -6", 12.5, 10]
				},
				"leg_right2": {
					"rotation": [-60, 0, 0]
				},
				"toe_back_right": {
					"rotation": [-50, 0, 0]
				},
				"toe_middle_right": {
					"rotation": [40, 0, 0]
				},
				"toe_outer_right": {
					"rotation": [45, 0, 0]
				},
				"claw_back_right": {
					"rotation": [-30, 0, 0]
				},
				"toe_outer_right2": {
					"rotation": [55, 0, 0]
				},
				"toe_middle_right2": {
					"rotation": [55, 0, 0]
				},
				"toe_inner_right": {
					"rotation": [45, 0, 0]
				},
				"toe_inner_right2": {
					"rotation": [55, 0, 0]
				},
				"leg_left": {
					"rotation": ["32.5+Math.cos((query.anim_time) * 90 * 16/3 - 135) * -6", -12.5, -10]
				},
				"leg_left2": {
					"rotation": [-60, 0, 0]
				},
				"toe_back_left": {
					"rotation": [-50, 0, 0]
				},
				"claw_back_left": {
					"rotation": [-30, 0, 0]
				},
				"toe_inner_left": {
					"rotation": [45, 0, 0]
				},
				"toe_inner_left2": {
					"rotation": [55, 0, 0]
				},
				"toe_middle_left": {
					"rotation": [40, 0, 0]
				},
				"toe_middle_left2": {
					"rotation": [55, 0, 0]
				},
				"toe_outer_left": {
					"rotation": [45, 0, 0]
				},
				"toe_outer_left2": {
					"rotation": [55, 0, 0]
				},
				"wing_closed_right": {
					"rotation": [0, 47.5, 90]
				},
				"wing_closed_right2": {
					"rotation": [-20, 0, 0]
				},
				"wing_closed_left": {
					"rotation": [0, -47.5, -90]
				},
				"wing_closed_left2": {
					"rotation": [-20, 0, 0]
				},
				"torso": {
					"rotation": ["0+Math.cos((query.anim_time) * 90 * 16/3 - 45) * -8", 0, 0]
				},
				"tail3": {
					"rotation": ["0+Math.cos((query.anim_time) * 90 * 16/3 - 205) * -10", 0, 0]
				},
				"torso2": {
					"rotation": ["0+Math.cos((query.anim_time) * 90 * 16/3 - 45) * 3", 0, 0]
				},
				"wing_open_right": {
					"rotation": {
						"0.0": [-40.725, 18.35, 60.525],
						"0.0417": [-37.45, 13.7, 66.405],
						"0.0833": {
							"pre": [-32.1, 4.875, 66.835],
							"post": [-32.1, 4.875, 66.835],
							"lerp_mode": "catmullrom"
						},
						"0.1667": {
							"post": [-24.2, -3.125, 49.45],
							"lerp_mode": "catmullrom"
						},
						"0.2917": {
							"post": [-17.375, -4.5, -0.795],
							"lerp_mode": "catmullrom"
						},
						"0.375": {
							"post": [-16.5, -5.2, -26.425],
							"lerp_mode": "catmullrom"
						},
						"0.4583": {
							"post": [-15.45, -5.45, -33.5],
							"lerp_mode": "catmullrom"
						},
						"0.5417": {
							"post": [-18.55, -5.625, -31.78],
							"lerp_mode": "catmullrom"
						},
						"0.625": {
							"post": [-28.76, 9.245, -20.325],
							"lerp_mode": "catmullrom"
						},
						"0.6667": {
							"post": [-37.225, 15.925, 7.04],
							"lerp_mode": "catmullrom"
						},
						"0.75": [-40.725, 18.35, 60.525]
					}
				},
				"feathers_inner_right": {
					"rotation": {
						"0.0": [-9.475, 0, 0],
						"0.1667": {
							"pre": [18.8, 4.425, 0],
							"post": [18.8, 4.425, 0],
							"lerp_mode": "catmullrom"
						},
						"0.375": {
							"post": [20.3, 3.775, 0],
							"lerp_mode": "catmullrom"
						},
						"0.5": {
							"post": [2.875, 2.05, 0],
							"lerp_mode": "catmullrom"
						},
						"0.625": {
							"post": [-16.225, 0, 0],
							"lerp_mode": "catmullrom"
						},
						"0.75": [-9.475, 0, 0]
					}
				},
				"wing_open_right2": {
					"rotation": {
						"0.0": [0, 30.55, 0],
						"0.0417": [0, 20.92, 0],
						"0.0833": [0, 8.725, 0],
						"0.125": {
							"pre": [0, 0.445, 0],
							"post": [0, 0.445, 0],
							"lerp_mode": "catmullrom"
						},
						"0.1667": {
							"post": [0, -6.055, 0],
							"lerp_mode": "catmullrom"
						},
						"0.25": {
							"post": [0, -13.075, 0],
							"lerp_mode": "catmullrom"
						},
						"0.2917": {
							"post": [0, -13.025, 0],
							"lerp_mode": "catmullrom"
						},
						"0.375": {
							"post": [0, -11.34, 0],
							"lerp_mode": "catmullrom"
						},
						"0.4167": {
							"post": [0, -6.85, 0],
							"lerp_mode": "catmullrom"
						},
						"0.4583": {
							"post": [0, -0.555, 0],
							"lerp_mode": "catmullrom"
						},
						"0.5": {
							"post": [0, 11.175, 0],
							"lerp_mode": "catmullrom"
						},
						"0.5417": {
							"post": [0, 21.565, 0],
							"lerp_mode": "catmullrom"
						},
						"0.5833": {
							"post": [0, 29.775, 0],
							"lerp_mode": "catmullrom"
						},
						"0.625": {
							"post": [0, 35.03, 0],
							"lerp_mode": "catmullrom"
						},
						"0.6667": [0, 37.025, 0],
						"0.7083": [0, 35.09, 0],
						"0.75": [0, 30.55, 0]
					}
				},
				"feathers_middle_right": {
					"rotation": {
						"0.0": [-14.55, 0, 0],
						"0.1667": {
							"pre": [16.05, 7.5, 0],
							"post": [16.05, 7.5, 0],
							"lerp_mode": "catmullrom"
						},
						"0.375": {
							"post": [20, 0, 0],
							"lerp_mode": "catmullrom"
						},
						"0.5": {
							"post": [12.15, 0, 0],
							"lerp_mode": "catmullrom"
						},
						"0.625": {
							"post": [-25, 0, 0],
							"lerp_mode": "catmullrom"
						},
						"0.75": [-14.55, 0, 0]
					}
				},
				"wing_open_right3": {
					"rotation": {
						"0.0": [0, 40.7, -41.95],
						"0.0417": [0, 24.025, -17.49],
						"0.0833": {
							"pre": [0, 6.525, 7.1],
							"post": [0, 6.525, 7.1],
							"lerp_mode": "catmullrom"
						},
						"0.2083": {
							"post": [0, 1.175, 34.405],
							"lerp_mode": "catmullrom"
						},
						"0.3333": {
							"post": [0, -0.1, 25.15],
							"lerp_mode": "catmullrom"
						},
						"0.4167": {
							"post": [0, -0.37, -11.715],
							"lerp_mode": "catmullrom"
						},
						"0.5": {
							"post": [0, 1.65, -34.225],
							"lerp_mode": "catmullrom"
						},
						"0.5417": {
							"post": [0, 7.375, -40.675],
							"lerp_mode": "catmullrom"
						},
						"0.625": {
							"post": [0, 24.46, -44.455],
							"lerp_mode": "catmullrom"
						},
						"0.75": [0, 40.7, -41.95]
					}
				},
				"feathers_end_right": {
					"rotation": {
						"0.0": [0, 0, 0],
						"0.1667": {
							"pre": [16.05, 0, 0],
							"post": [16.05, 0, 0],
							"lerp_mode": "catmullrom"
						},
						"0.375": {
							"post": [20, 0, 0],
							"lerp_mode": "catmullrom"
						},
						"0.5": {
							"post": [12.15, 0, 0],
							"lerp_mode": "catmullrom"
						},
						"0.625": {
							"post": [-25, 0, 0],
							"lerp_mode": "catmullrom"
						},
						"0.75": [0, 0, 0]
					}
				},
				"feathers_end_right2": {
					"rotation": {
						"0.0": [0, 32.5, -30],
						"0.2083": {
							"pre": [0, 2.75, 32.5],
							"post": [0, 2.75, 32.5],
							"lerp_mode": "catmullrom"
						},
						"0.2917": {
							"post": [0, 0.13, 36.27],
							"lerp_mode": "catmullrom"
						},
						"0.4583": {
							"post": [0, 0, 22.14],
							"lerp_mode": "catmullrom"
						},
						"0.5833": [0, 5.675, -37.5],
						"0.625": [0, 5.675, -37.5],
						"0.75": [0, 32.5, -30]
					}
				},
				"wing_open_left": {
					"rotation": {
						"0.0": [-40.725, -18.35, -60.525],
						"0.0417": [-37.45, -13.7, -66.405],
						"0.0833": {
							"pre": [-32.1, -4.875, -66.835],
							"post": [-32.1, -4.875, -66.835],
							"lerp_mode": "catmullrom"
						},
						"0.1667": {
							"post": [-24.2, 3.125, -49.45],
							"lerp_mode": "catmullrom"
						},
						"0.2917": {
							"post": [-17.375, 4.5, 0.795],
							"lerp_mode": "catmullrom"
						},
						"0.375": {
							"post": [-16.5, 5.2, 26.425],
							"lerp_mode": "catmullrom"
						},
						"0.4583": {
							"post": [-15.45, 5.45, 33.5],
							"lerp_mode": "catmullrom"
						},
						"0.5417": {
							"post": [-18.55, 5.625, 31.78],
							"lerp_mode": "catmullrom"
						},
						"0.625": {
							"post": [-28.76, -9.245, 20.325],
							"lerp_mode": "catmullrom"
						},
						"0.6667": {
							"post": [-37.225, -15.925, -7.04],
							"lerp_mode": "catmullrom"
						},
						"0.75": [-40.725, -18.35, -60.525]
					}
				},
				"feathers_inner_left": {
					"rotation": {
						"0.0": [0, 0, 0],
						"0.1667": {
							"pre": [18.8, -4.425, 0],
							"post": [18.8, -4.425, 0],
							"lerp_mode": "catmullrom"
						},
						"0.375": {
							"post": [20.3, -3.775, 0],
							"lerp_mode": "catmullrom"
						},
						"0.5": {
							"post": [2.875, -2.05, 0],
							"lerp_mode": "catmullrom"
						},
						"0.625": {
							"post": [-16.225, 0, 0],
							"lerp_mode": "catmullrom"
						},
						"0.75": [0, 0, 0]
					}
				},
				"wing_open_left2": {
					"rotation": {
						"0.0": [0, -30.55, 0],
						"0.0417": [0, -20.92, 0],
						"0.0833": [0, -8.725, 0],
						"0.125": {
							"pre": [0, -0.445, 0],
							"post": [0, -0.445, 0],
							"lerp_mode": "catmullrom"
						},
						"0.1667": {
							"post": [0, 6.055, 0],
							"lerp_mode": "catmullrom"
						},
						"0.25": {
							"post": [0, 13.075, 0],
							"lerp_mode": "catmullrom"
						},
						"0.2917": {
							"post": [0, 13.025, 0],
							"lerp_mode": "catmullrom"
						},
						"0.375": {
							"post": [0, 11.34, 0],
							"lerp_mode": "catmullrom"
						},
						"0.4167": {
							"post": [0, 6.85, 0],
							"lerp_mode": "catmullrom"
						},
						"0.4583": {
							"post": [0, 0.555, 0],
							"lerp_mode": "catmullrom"
						},
						"0.5": {
							"post": [0, -11.175, 0],
							"lerp_mode": "catmullrom"
						},
						"0.5417": {
							"post": [0, -21.565, 0],
							"lerp_mode": "catmullrom"
						},
						"0.5833": {
							"post": [0, -29.775, 0],
							"lerp_mode": "catmullrom"
						},
						"0.625": {
							"post": [0, -35.03, 0],
							"lerp_mode": "catmullrom"
						},
						"0.6667": [0, -37.025, 0],
						"0.7083": [0, -35.09, 0],
						"0.75": [0, -30.55, 0]
					}
				},
				"feathers_middle_left": {
					"rotation": {
						"0.0": [0, 0, 0],
						"0.1667": {
							"pre": [16.05, -7.5, 0],
							"post": [16.05, -7.5, 0],
							"lerp_mode": "catmullrom"
						},
						"0.375": {
							"post": [20, 0, 0],
							"lerp_mode": "catmullrom"
						},
						"0.5": {
							"post": [12.15, 0, 0],
							"lerp_mode": "catmullrom"
						},
						"0.625": {
							"post": [-25, 0, 0],
							"lerp_mode": "catmullrom"
						},
						"0.75": [0, 0, 0]
					}
				},
				"wing_open_left3": {
					"rotation": {
						"0.0": [0, -40.7, 41.95],
						"0.0417": [0, -24.025, 17.49],
						"0.0833": {
							"pre": [0, -6.525, -7.1],
							"post": [0, -6.525, -7.1],
							"lerp_mode": "catmullrom"
						},
						"0.2083": {
							"post": [0, -1.175, -34.405],
							"lerp_mode": "catmullrom"
						},
						"0.3333": {
							"post": [0, 0.1, -25.15],
							"lerp_mode": "catmullrom"
						},
						"0.4167": {
							"post": [0, 0.37, 11.715],
							"lerp_mode": "catmullrom"
						},
						"0.5": {
							"post": [0, -1.65, 34.225],
							"lerp_mode": "catmullrom"
						},
						"0.5417": {
							"post": [0, -7.375, 40.675],
							"lerp_mode": "catmullrom"
						},
						"0.625": {
							"post": [0, -24.46, 44.455],
							"lerp_mode": "catmullrom"
						},
						"0.75": [0, -40.7, 41.95]
					}
				},
				"feathers_end_left": {
					"rotation": {
						"0.0": [0, 0, 0],
						"0.1667": {
							"pre": [16.05, 0, 0],
							"post": [16.05, 0, 0],
							"lerp_mode": "catmullrom"
						},
						"0.375": {
							"post": [20, 0, 0],
							"lerp_mode": "catmullrom"
						},
						"0.5": {
							"post": [12.15, 0, 0],
							"lerp_mode": "catmullrom"
						},
						"0.625": {
							"post": [-25, 0, 0],
							"lerp_mode": "catmullrom"
						},
						"0.75": [0, 0, 0]
					}
				},
				"feathers_end_left2": {
					"rotation": {
						"0.0": [0, -32.5, 30],
						"0.2083": {
							"pre": [0, -2.75, -32.5],
							"post": [0, -2.75, -32.5],
							"lerp_mode": "catmullrom"
						},
						"0.2917": {
							"post": [0, -0.13, -36.27],
							"lerp_mode": "catmullrom"
						},
						"0.4583": {
							"post": [0, 0, -22.14],
							"lerp_mode": "catmullrom"
						},
						"0.625": [0, -5.675, 37.5],
						"0.75": [0, -32.5, 30]
					}
				},
				"plumage2": {
					"rotation": ["0+Math.cos((query.anim_time) * 90 * 16/3 - 105) * -3", 0, 0]
				},
				"plumage3": {
					"rotation": ["0+Math.cos((query.anim_time) * 90 * 16/3 - 165) * -10", 0, 0]
				},
				"plumage4": {
					"rotation": ["0+Math.cos((query.anim_time) * 90 * 16/3 - 225) * -20", 0, 0]
				},
				"hat": {
					"rotation": ["0+Math.cos((query.anim_time) * 90 * 16/3 - 135) * -2", 0, 0]
				},
				"seat_1_locator": {
					"rotation": ["-65+Math.cos((query.anim_time) * 90 * 16/3 - 45) * 3", 0, 0]
				},
				"wings_closed": {
					"scale": 0
				}
			}
		},
		"animation.honchkrow.ride_air_fly": {
			"loop": true,
			"bones": {
				"body": {
					"rotation": ["q.r.pitch_change(0)*-5", 0, 0]
				},
				"tail2": {
					"rotation": ["q.r.pitch_change(4)*10", "q.r.yaw_change(4)*-15", 0]
				},
				"tail3": {
					"rotation": ["q.r.pitch_change(4)*20", "q.r.yaw_change(4)*-15", 0]
				},
				"torso2": {
					"rotation": ["q.r.pitch_change(0)*-20", 0, "q.r.yaw_change(0)*-15"]
				},
				"head_angle": {
					"rotation": ["q.r.pitch_change(0)*-10", "q.r.yaw_change(0)*10", "q.r.yaw_change(0)*6"]
				},
				"leg_right2": {
					"rotation": ["q.r.pitch_change(4)*-10", 0, 0]
				},
				"leg_left2": {
					"rotation": ["q.r.pitch_change(4)*-10", 0, 0]
				}
			}
		},
		"animation.honchkrow.hold_item": {
			"loop": true,
			"bones": {
				"jaw": {
					"rotation": [22.5, 0, 0]
				}
			}
		},
		"animation.honchkrow.blink": {
			"animation_length": 0.1667,
			"bones": {
				"eyelid_right": {
					"position": {
						"0.0": [-0.1, 0, -0.1],
						"0.125": {"pre": [-0.1, 0, -0.1], "post": [-0.1, 0, -0.1]},
						"0.1667": {"pre": [-0.1, 0, -0.1], "post": [0, 0, 0]}
					}
				},
				"eyelid_left": {
					"position": {
						"0.0": [0.1, 0, -0.1],
						"0.125": {"pre": [0.1, 0, -0.1], "post": [0.1, 0, -0.1]},
						"0.1667": {"pre": [0.1, 0, -0.1], "post": [0, 0, 0]}
					}
				}
			}
		}
	}
}