{
	"format_version": "1.8.0",
	"animations": {
		"animation.unfezant_female.cry": {
			"animation_length": 1.5,
			"bones": {
				"neck": {
					"rotation": {
						"0.0": {
							"post": [0, 0, 0],
							"lerp_mode": "catmullrom"
						},
						"0.1667": {
							"post": [5, 0, 0],
							"lerp_mode": "catmullrom"
						},
						"0.4167": {
							"post": [-10, 0, 0],
							"lerp_mode": "catmullrom"
						},
						"0.75": {
							"post": [5, 0, 0],
							"lerp_mode": "catmullrom"
						},
						"0.9167": {
							"post": [0, 0, 0],
							"lerp_mode": "catmullrom"
						},
						"1.1667": {
							"post": [0, 0, 0],
							"lerp_mode": "catmullrom"
						},
						"1.5": [0, 0, 0]
					}
				},
				"head_angle": {
					"rotation": {
						"0.0": {
							"post": [0, 0, 0],
							"lerp_mode": "catmullrom"
						},
						"0.25": {
							"post": [12.5, 0, 0],
							"lerp_mode": "catmullrom"
						},
						"0.5": {
							"post": [-20, 0, 0],
							"lerp_mode": "catmullrom"
						},
						"0.8333": {
							"post": [12.5, 0, 0],
							"lerp_mode": "catmullrom"
						},
						"1.0": {
							"post": [-17.5, 0, 0],
							"lerp_mode": "catmullrom"
						},
						"1.5": [0, 0, 0]
					},
					"position": {
						"0.0": {
							"post": [0, 0, 0],
							"lerp_mode": "catmullrom"
						},
						"0.25": {
							"post": [0, 0, -0.5],
							"lerp_mode": "catmullrom"
						},
						"0.5": {
							"post": [0, 0, 0.5],
							"lerp_mode": "catmullrom"
						},
						"0.8333": {
							"post": [0, 0, -0.5],
							"lerp_mode": "catmullrom"
						},
						"1.0": {
							"post": [0, 0, 0.5],
							"lerp_mode": "catmullrom"
						},
						"1.5": [0, 0, 0]
					}
				},
				"jaw": {
					"rotation": {
						"0.1667": {
							"pre": [0, 0, 0],
							"post": [0, 0, 0],
							"lerp_mode": "catmullrom"
						},
						"0.4167": {
							"post": [77.5, 0, 0],
							"lerp_mode": "catmullrom"
						},
						"0.75": {
							"post": [47.5, 0, 0],
							"lerp_mode": "catmullrom"
						},
						"0.9167": {
							"post": [77.5, 0, 0],
							"lerp_mode": "catmullrom"
						},
						"1.25": [0, 0, 0]
					}
				},
				"torso": {
					"rotation": {
						"0.0": {
							"post": [0, 0, 0],
							"lerp_mode": "catmullrom"
						},
						"0.25": {
							"post": [2, 0, 0],
							"lerp_mode": "catmullrom"
						},
						"0.5": {
							"post": [-5, 0, 0],
							"lerp_mode": "catmullrom"
						},
						"0.8333": {
							"post": [-5, 0, 0],
							"lerp_mode": "catmullrom"
						},
						"1.25": [0, 0, 0]
					}
				}
			},
			"sound_effects": {
				"0.1667": {
					"effect": "pokemon.unfezant.cry"
				}
			}
		},
		"animation.unfezant_female.blink": {
			"animation_length": 0.1667,
			"bones": {
				"eyelid_left": {
					"position": {
						"0.0": [0.1, 0, 0],
						"0.125": {"pre": [0.1, 0, 0], "post": [0, 0, 0]}
					}
				},
				"eyelid_unamused_left": {
					"position": {
						"0.0": [-0.1, 0, 0],
						"0.125": {"pre": [-0.1, 0, 0], "post": [0, 0, 0]}
					}
				},
				"eyelid_right": {
					"position": {
						"0.0": [-0.1, 0, 0],
						"0.125": {"pre": [-0.1, 0, 0], "post": [0, 0, 0]}
					}
				},
				"eyelid_unamused_right": {
					"position": {
						"0.0": [0.1, 0, 0],
						"0.125": {"pre": [0.1, 0, 0], "post": [0, 0, 0]}
					}
				}
			}
		},
		"animation.unfezant_female.ground_idle": {
			"loop": true,
			"bones": {
				"hairstrand": {
					"rotation": [7.5, 0, 12.5]
				},
				"hairstrand2": {
					"rotation": [-17.5, 0, 0]
				},
				"tail2": {
					"rotation": ["12.5+math.sin(q.anim_time*90*1.5-130)*2", 0, 0]
				},
				"neck": {
					"rotation": ["2.5+math.sin(q.anim_time*90*1.5-70)*-1.5", 0, 0]
				},
				"head_angle": {
					"rotation": ["6+math.sin(q.anim_time*90*1.5-70)*4", 0, 0]
				},
				"head_ai": {
					"rotation": [0, 0, 0]
				},
				"jaw": {
					"rotation": [0, 0, 0]
				},
				"hair": {
					"rotation": ["+math.sin(q.anim_time*90*1.5-160)*-4", 0, 0]
				},
				"tail": {
					"rotation": ["10+math.sin(q.anim_time*90*1.5-70)*1", 0, 0]
				},
				"tail3": {
					"rotation": ["-7.5+math.sin(q.anim_time*90*1.5-160)*3", 0, 0]
				},
				"neck2": {
					"rotation": ["-8+math.sin(q.anim_time*90*1.5-70)*-2", 0, 0]
				},
				"wings_open": {
					"scale": 0
				},
				"torso": {
					"rotation": ["math.sin(q.anim_time*90*1.5-45)*2", 0, 0],
					"position": [0, "-0.08+math.sin(q.anim_time*90*1.5-70)*-0.08", 0]
				},
				"chest": {
					"rotation": ["math.sin(q.anim_time*90*1.5-45)*-1", 0, 0]
				},
				"wing_open_left": {
					"rotation": [16.36139, -63.49939, 69.49444],
					"position": [0, -4.1, 0.5]
				},
				"wing_open_left2": {
					"rotation": [0, -32.5, 0]
				},
				"wing_open_left3": {
					"rotation": [0, -42.5, 0]
				},
				"wing_open_left4": {
					"rotation": [0, -17.5, 0]
				},
				"wing_open_right": {
					"rotation": [16.36139, 63.49939, -69.49444],
					"position": [0, -4.1, 0.5]
				},
				"wing_open_right2": {
					"rotation": [0, 32.5, 0]
				},
				"wing_open_right3": {
					"rotation": [0, 42.5, 0]
				},
				"wing_open_right4": {
					"rotation": [0, 17.5, 0]
				},
				"leg_left": {
					"rotation": ["2.5012+math.sin(q.anim_time*90*1.5-70)*2.5", -7.49997, -0.01984],
					"position": [0, "-0.08+math.sin(q.anim_time*90*1.5-70)*-0.08", 0]
				},
				"leg_left2": {
					"rotation": ["-5+math.sin(q.anim_time*90*1.5-70)*-5", 0, 0]
				},
				"foot_left": {
					"rotation": ["2.5+math.sin(q.anim_time*90*1.5-70)*2.5", 0, 0]
				},
				"leg_right": {
					"rotation": ["2.5012+math.sin(q.anim_time*90*1.5-70)*2.5", 7.49997, 0.01984],
					"position": [0, "-0.08+math.sin(q.anim_time*90*1.5-70)*-0.08", 0]
				},
				"leg_right2": {
					"rotation": ["-5+math.sin(q.anim_time*90*1.5-70)*-5", 0, 0]
				},
				"foot_right": {
					"rotation": ["2.5+math.sin(q.anim_time*90*1.5-70)*2.5", 0, 0]
				}
			}
		},
		"animation.unfezant_female.battle_idle": {
			"loop": true,
			"bones": {
				"hairstrand": {
					"rotation": [7.5, 0, 12.5]
				},
				"hairstrand2": {
					"rotation": [-17.5, 0, 0]
				},
				"tail2": {
					"rotation": ["12.5+math.sin(q.anim_time*90*1.5-130)*2", 0, 0]
				},
				"neck": {
					"rotation": ["5+math.sin(q.anim_time*90*1.5-70)*-1.5", 0, 0]
				},
				"head_angle": {
					"rotation": ["11+math.sin(q.anim_time*90*1.5-70)*4", 0, 0]
				},
				"head_ai": {
					"rotation": [0, 0, 0]
				},
				"jaw": {
					"rotation": [0, 0, 0]
				},
				"hair": {
					"rotation": ["math.sin(q.anim_time*90*1.5-160)*-4", 0, 0]
				},
				"tail": {
					"rotation": ["-5+math.sin(q.anim_time*90*1.5-70)*1", 0, 0]
				},
				"tail3": {
					"rotation": ["-7.5+math.sin(q.anim_time*90*1.5-160)*3", 0, 0]
				},
				"neck2": {
					"rotation": ["-25.5+math.sin(q.anim_time*90*1.5-70)*-2", 0, 0]
				},
				"wings_open": {
					"scale": 0
				},
				"torso": {
					"rotation": ["12.5+math.sin(q.anim_time*90*1.5-45)*2", 0, 0],
					"position": [0, "-0.08+math.sin(q.anim_time*90*1.5-70)*-0.08", 0]
				},
				"chest": {
					"rotation": ["1+math.sin(q.anim_time*90*1.5-45)*-1", 0, 0]
				},
				"wing_closed_left": {
					"rotation": [0.0272, 7.38607, -8.69651]
				},
				"wing_closed_right": {
					"rotation": [0.0272, -7.38607, 8.69651]
				},
				"wing_open_left": {
					"rotation": [16.36139, -63.49939, 69.49444],
					"position": [0, -4.1, 0.5]
				},
				"wing_open_left2": {
					"rotation": [0, -32.5, 0]
				},
				"wing_open_left3": {
					"rotation": [0, -42.5, 0]
				},
				"wing_open_left4": {
					"rotation": [0, -17.5, 0]
				},
				"wing_open_right": {
					"rotation": [16.36139, 63.49939, -69.49444],
					"position": [0, -4.1, 0.5]
				},
				"wing_open_right2": {
					"rotation": [0, 32.5, 0]
				},
				"wing_open_right3": {
					"rotation": [0, 42.5, 0]
				},
				"wing_open_right4": {
					"rotation": [0, 17.5, 0]
				},
				"leg_left": {
					"rotation": ["2.5012+math.sin(q.anim_time*90*1.5-70)*2.5", -7.49997, -0.01984],
					"position": [0, "-0.08+math.sin(q.anim_time*90*1.5-70)*-0.08", 0]
				},
				"leg_left2": {
					"rotation": ["-5+math.sin(q.anim_time*90*1.5-70)*-5", 0, 0]
				},
				"foot_left": {
					"rotation": ["2.5+math.sin(q.anim_time*90*1.5-70)*2.5", 0, 0]
				},
				"leg_right": {
					"rotation": ["2.5012+math.sin(q.anim_time*90*1.5-70)*2.5", 7.49997, 0.01984],
					"position": [0, "-0.08+math.sin(q.anim_time*90*1.5-70)*-0.08", 0]
				},
				"leg_right2": {
					"rotation": ["-5+math.sin(q.anim_time*90*1.5-70)*-5", 0, 0]
				},
				"foot_right": {
					"rotation": ["2.5+math.sin(q.anim_time*90*1.5-70)*2.5", 0, 0]
				}
			}
		},
		"animation.unfezant_female.ground_walk": {
			"loop": true,
			"animation_length": 1,
			"bones": {
				"torso": {
					"rotation": ["0+math.sin(q.anim_time*90*8-135)*4", "0+math.sin(q.anim_time*90*4-90)*4", 0],
					"position": [0, "0+math.sin(q.anim_time*90*8-90)*0.5", 0]
				},
				"chest": {
					"rotation": ["0+math.sin(q.anim_time*90*8-135)*-2", "0+math.sin(q.anim_time*90*4-90)*-2", 0]
				},
				"neck": {
					"rotation": ["0+math.sin(q.anim_time*90*8-135)*-5", "0+math.sin(q.anim_time*90*4-90)*-2", 0]
				},
				"neck_feathers": {
					"rotation": ["0+math.sin(q.anim_time*90*8-135)*-3", 0, 0]
				},
				"neck2": {
					"rotation": ["0+math.sin(q.anim_time*90*8-135)*-2", 0, 0]
				},
				"head_angle": {
					"rotation": ["0+math.sin(q.anim_time*90*8-135)*4", 0, 0]
				},
				"jaw": {
					"rotation": [0, 0, 0]
				},
				"wing_closed_left": {
					"rotation": ["0+math.sin(q.anim_time*90*8-165)*2", 0, 0]
				},
				"wing_closed_right": {
					"rotation": ["0+math.sin(q.anim_time*90*8-165)*2", 0, 0]
				},
				"wings_open": {
					"scale": 0
				},
				"wing_open_left": {
					"rotation": [16.36139, -63.49939, 69.49444],
					"position": [0, -4.1, 0.5]
				},
				"wing_open_left2": {
					"rotation": [0, -32.5, 0]
				},
				"wing_open_left3": {
					"rotation": [0, -42.5, 0]
				},
				"wing_open_left4": {
					"rotation": [0, -17.5, 0]
				},
				"wing_open_right": {
					"rotation": [16.36139, 63.49939, -69.49444],
					"position": [0, -4.1, 0.5]
				},
				"wing_open_right2": {
					"rotation": [0, 32.5, 0]
				},
				"wing_open_right3": {
					"rotation": [0, 42.5, 0]
				},
				"wing_open_right4": {
					"rotation": [0, 17.5, 0]
				},
				"tail": {
					"rotation": ["0+math.sin(q.anim_time*90*8-165)*2", 0, 0]
				},
				"tail2": {
					"rotation": ["12.5+math.sin(q.anim_time*90*8-225)*2", 0, 0]
				},
				"tail3": {
					"rotation": ["0+math.sin(q.anim_time*90*8-255)*3", 0, 0]
				},
				"leg_left": {
					"rotation": {
						"0.0": {
							"post": [30, 0, 0],
							"lerp_mode": "catmullrom"
						},
						"0.125": {
							"post": [34.58, 0, 0],
							"lerp_mode": "catmullrom"
						},
						"0.25": {
							"post": [11.25, 0, 0],
							"lerp_mode": "catmullrom"
						},
						"0.5": [-22.5, 0, 0],
						"1.0": [30, 0, 0]
					},
					"position": {
						"0.0": {
							"post": [0, -0.8, 0],
							"lerp_mode": "catmullrom"
						},
						"0.25": {
							"post": [0, 0.2, 0],
							"lerp_mode": "catmullrom"
						},
						"0.5": [0, -1.3, 0],
						"0.625": [0, -0.6, 0],
						"0.75": [0, -0.28, 0],
						"0.875": [0, -0.4, 0],
						"1.0": [0, -0.8, 0]
					}
				},
				"leg_left2": {
					"rotation": {
						"0.0": {
							"post": [-20, 0, 0],
							"lerp_mode": "catmullrom"
						},
						"0.25": {
							"post": [-51.25, 0, 0],
							"lerp_mode": "catmullrom"
						},
						"0.5": [-7.5, 0, 0],
						"1.0": [-20, 0, 0]
					}
				},
				"foot_left": {
					"rotation": {
						"0.0": {
							"post": [-10, 0, 0],
							"lerp_mode": "catmullrom"
						},
						"0.125": {
							"post": [30.63, 0, 0],
							"lerp_mode": "catmullrom"
						},
						"0.25": {
							"post": [61.25, 0, 0],
							"lerp_mode": "catmullrom"
						},
						"0.375": {
							"post": [45, 0, 0],
							"lerp_mode": "catmullrom"
						},
						"0.5": [30, 0, 0],
						"1.0": [-10, 0, 0]
					}
				},
				"toe_inner_left": {
					"rotation": {
						"0.0": [0, 0, 0],
						"0.125": {
							"pre": [-7.5, 0, 0],
							"post": [-7.5, 0, 0],
							"lerp_mode": "catmullrom"
						},
						"0.25": {
							"post": [12.5, 0, 0],
							"lerp_mode": "catmullrom"
						},
						"0.5": {
							"post": [0, 0, 0],
							"lerp_mode": "catmullrom"
						}
					}
				},
				"toe_middle_left": {
					"rotation": {
						"0.0": [0, 0, 0],
						"0.125": {
							"pre": [-10, 0, 0],
							"post": [-10, 0, 0],
							"lerp_mode": "catmullrom"
						},
						"0.25": {
							"post": [12.5, 0, 0],
							"lerp_mode": "catmullrom"
						},
						"0.5": {
							"post": [2.5, 0, 0],
							"lerp_mode": "catmullrom"
						}
					}
				},
				"toe_outer_left": {
					"rotation": {
						"0.0": [0, 0, 0],
						"0.125": {
							"pre": [-12.5, 0, 0],
							"post": [-12.5, 0, 0],
							"lerp_mode": "catmullrom"
						},
						"0.25": {
							"post": [25, 0, 0],
							"lerp_mode": "catmullrom"
						},
						"0.5": {
							"post": [0, 0, 0],
							"lerp_mode": "catmullrom"
						}
					}
				},
				"leg_right": {
					"rotation": {
						"0.0": [-22.5, 0, 0],
						"0.5": [30, 0, 0],
						"0.625": {
							"pre": [36.02, 0, 0],
							"post": [36.02, 0, 0],
							"lerp_mode": "catmullrom"
						},
						"0.75": {
							"post": [11.25, 0, 0],
							"lerp_mode": "catmullrom"
						},
						"1.0": {
							"post": [-22.5, 0, 0],
							"lerp_mode": "catmullrom"
						}
					},
					"position": {
						"0.0": [0, -1.3, 0],
						"0.125": [0, -0.6, 0],
						"0.25": [0, -0.21, 0],
						"0.375": [0, -0.4, 0],
						"0.5": [0, -0.8, 0],
						"0.75": {
							"pre": [0, 0.2, 0],
							"post": [0, 0.2, 0],
							"lerp_mode": "catmullrom"
						},
						"1.0": {
							"post": [0, -1.3, 0],
							"lerp_mode": "catmullrom"
						}
					}
				},
				"leg_right2": {
					"rotation": {
						"0.0": [-7.5, 0, 0],
						"0.5": [-20, 0, 0],
						"0.75": {
							"pre": [-51.25, 0, 0],
							"post": [-51.25, 0, 0],
							"lerp_mode": "catmullrom"
						},
						"1.0": {
							"post": [-7.5, 0, 0],
							"lerp_mode": "catmullrom"
						}
					}
				},
				"foot_right": {
					"rotation": {
						"0.0": [30, 0, 0],
						"0.5": [-10, 0, 0],
						"0.625": {
							"pre": [30.63, 0, 0],
							"post": [30.63, 0, 0],
							"lerp_mode": "catmullrom"
						},
						"0.75": {
							"post": [61.25, 0, 0],
							"lerp_mode": "catmullrom"
						},
						"0.875": {
							"post": [42.5, 0, 0],
							"lerp_mode": "catmullrom"
						},
						"1.0": {
							"post": [30, 0, 0],
							"lerp_mode": "catmullrom"
						}
					}
				},
				"toe_inner_right": {
					"rotation": {
						"0.5": [0, 0, 0],
						"0.625": {
							"pre": [-12.5, 0, 0],
							"post": [-12.5, 0, 0],
							"lerp_mode": "catmullrom"
						},
						"0.75": {
							"post": [25, 0, 0],
							"lerp_mode": "catmullrom"
						},
						"1.0": {
							"post": [0, 0, 0],
							"lerp_mode": "catmullrom"
						}
					}
				},
				"toe_middle_right": {
					"rotation": {
						"0.5": [0, 0, 0],
						"0.625": {
							"pre": [-12.5, 0, 0],
							"post": [-12.5, 0, 0],
							"lerp_mode": "catmullrom"
						},
						"0.75": {
							"post": [25, 0, 0],
							"lerp_mode": "catmullrom"
						},
						"1.0": {
							"post": [0, 0, 0],
							"lerp_mode": "catmullrom"
						}
					}
				},
				"toe_outer_right": {
					"rotation": {
						"0.5": [0, 0, 0],
						"0.625": {
							"pre": [-12.5, 0, 0],
							"post": [-12.5, 0, 0],
							"lerp_mode": "catmullrom"
						},
						"0.75": {
							"post": [25, 0, 0],
							"lerp_mode": "catmullrom"
						},
						"1.0": {
							"post": [0, 0, 0],
							"lerp_mode": "catmullrom"
						}
					}
				},
				"hair": {
					"rotation": ["math.sin(q.anim_time*90*8-225)*-5", 0, 0]
				},
				"locator_seat_1": {
					"rotation": ["0+math.sin(q.anim_time*90*8-135)*-4", "0+math.sin(q.anim_time*90*4-90)*-4", 0]
				}
			}
		},
		"animation.unfezant_female.ground_run": {
			"loop": true,
			"animation_length": 0.5833,
			"bones": {
				"torso": {
					"rotation": ["20+math.sin(q.anim_time*90*8/0.58-0)*4", 0, "math.sin(q.anim_time*90*4/0.58)*4"],
					"position": [0, "math.sin(q.anim_time*90*8/0.58-90)*1", "1+math.sin(q.anim_time*90*8/0.58-135)*-0.5"]
				},
				"chest": {
					"rotation": ["5+math.sin(q.anim_time*90*8/0.58-0)*-4", 0, 0]
				},
				"neck": {
					"rotation": ["22.5+math.sin(q.anim_time*90*8/0.58)*-3", 0, "0+math.sin(q.anim_time*90*4/0.58-0)*-2"]
				},
				"neck2": {
					"rotation": ["-22.5+math.sin(q.anim_time*90*8/0.58)*-2", 0, "math.sin(q.anim_time*90*4/0.58-0)*-2"]
				},
				"head_angle": {
					"rotation": ["-25+math.sin(q.anim_time*90*8/0.58)*3", 0, 0]
				},
				"wing_closed_left": {
					"rotation": ["7.5+math.sin(q.anim_time*90*8/0.58)*-4", 20, "-7.5+math.sin(q.anim_time*90*8/0.58)*4"]
				},
				"wing_closed_left2": {
					"rotation": [-10, 0, 0]
				},
				"wing_closed_right": {
					"rotation": ["7.5+math.sin(q.anim_time*90*8/0.58)*-4", -22.5, "12.5+math.sin(q.anim_time*90*8/0.58)*-4"]
				},
				"wing_closed_right2": {
					"rotation": [-5, 0, 0]
				},
				"wings_open": {
					"scale": 0
				},
				"wing_open_left": {
					"rotation": [16.36139, -63.49939, 69.49444],
					"position": [0, -4.1, 0.5]
				},
				"wing_open_left2": {
					"rotation": [0, -32.5, 0]
				},
				"wing_open_left3": {
					"rotation": [0, -42.5, 0]
				},
				"wing_open_left4": {
					"rotation": [0, -17.5, 0]
				},
				"wing_open_right": {
					"rotation": [16.36139, 63.49939, -69.49444],
					"position": [0, -4.1, 0.5]
				},
				"wing_open_right2": {
					"rotation": [0, 32.5, 0]
				},
				"wing_open_right3": {
					"rotation": [0, 42.5, 0]
				},
				"wing_open_right4": {
					"rotation": [0, 17.5, 0]
				},
				"tail": {
					"rotation": [7.5, 0, 0]
				},
				"tail2": {
					"rotation": ["-10+math.sin(q.anim_time*90*8/0.58-150)*10", 0, 0]
				},
				"tail3": {
					"rotation": ["0+math.sin(q.anim_time*90*8/0.58-180)*4", 0, 0]
				},
				"leg_left": {
					"rotation": {
						"0.0": {
							"post": [70.46, 0, 0],
							"lerp_mode": "catmullrom"
						},
						"0.125": {
							"post": [68.66, 0, 0],
							"lerp_mode": "catmullrom"
						},
						"0.2917": {
							"post": [-2.5, 0, 0],
							"lerp_mode": "catmullrom"
						},
						"0.375": [5, 0, 0],
						"0.4167": [15, 0, 0],
						"0.5": {
							"pre": [55, 0, 0],
							"post": [55, 0, 0],
							"lerp_mode": "catmullrom"
						},
						"0.5833": {
							"post": [70.46, 0, 0],
							"lerp_mode": "catmullrom"
						}
					},
					"position": {
						"0.0": {
							"post": [0, 0.25, 1.16],
							"lerp_mode": "catmullrom"
						},
						"0.125": {
							"post": [0, 1.4, -0.29],
							"lerp_mode": "catmullrom"
						},
						"0.25": {
							"post": [0, -1.03, -1.85],
							"lerp_mode": "catmullrom"
						},
						"0.2917": {
							"post": [0, -2.3, -2],
							"lerp_mode": "catmullrom"
						},
						"0.375": [0, -0.21, 0.37],
						"0.4167": [0, 0.34, 1],
						"0.5": {
							"pre": [0, 1, 1.5],
							"post": [0, 1, 1.5],
							"lerp_mode": "catmullrom"
						},
						"0.5833": {
							"post": [0, 0.25, 1.16],
							"lerp_mode": "catmullrom"
						}
					}
				},
				"leg_left2": {
					"rotation": {
						"0.0": {
							"post": [-19.44, 0, 0],
							"lerp_mode": "catmullrom"
						},
						"0.1667": {
							"post": [-108.74, 0, 0],
							"lerp_mode": "catmullrom"
						},
						"0.2917": {
							"post": [-45, 0, 0],
							"lerp_mode": "catmullrom"
						},
						"0.375": [2.5, 0, 0],
						"0.4167": [12.5, 0, 0],
						"0.5": {
							"pre": [12.5, 0, 0],
							"post": [12.5, 0, 0],
							"lerp_mode": "catmullrom"
						},
						"0.5833": {
							"post": [-19.44, 0, 0],
							"lerp_mode": "catmullrom"
						}
					}
				},
				"foot_left": {
					"rotation": {
						"0.0": {
							"post": [33.02, 0, 0],
							"lerp_mode": "catmullrom"
						},
						"0.125": {
							"post": [66.89, 0, 0],
							"lerp_mode": "catmullrom"
						},
						"0.25": {
							"post": [79.5, 0, 0],
							"lerp_mode": "catmullrom"
						},
						"0.3333": [24.5, 0, 0],
						"0.375": [9.5, 0, 0],
						"0.5": {
							"pre": [39.5, 0, 0],
							"post": [39.5, 0, 0],
							"lerp_mode": "catmullrom"
						},
						"0.5833": {
							"post": [33.02, 0, 0],
							"lerp_mode": "catmullrom"
						}
					},
					"position": {
						"0.0": [0, 0, 0],
						"0.25": [0, 0, -1.3],
						"0.3333": [0, 0, 0],
						"0.5833": [0, 0, 0]
					}
				},
				"toe_inner_left": {
					"rotation": {
						"0.0": {
							"post": [53.12, 0, 0],
							"lerp_mode": "catmullrom"
						},
						"0.0417": {
							"post": [50, 0, 0],
							"lerp_mode": "catmullrom"
						},
						"0.125": {
							"post": [54.02, 0, 0],
							"lerp_mode": "catmullrom"
						},
						"0.25": {
							"post": [-17.5, 0, 0],
							"lerp_mode": "catmullrom"
						},
						"0.3333": [0, 0, 0],
						"0.375": [-27.5, 0, 0],
						"0.4167": [-34.37, 0, 0],
						"0.5": {
							"pre": [50, 0, 0],
							"post": [50, 0, 0],
							"lerp_mode": "catmullrom"
						},
						"0.5833": {
							"post": [53.12, 0, 0],
							"lerp_mode": "catmullrom"
						}
					}
				},
				"toe_middle_left": {
					"rotation": {
						"0.0": {
							"post": [53.12, 0, 0],
							"lerp_mode": "catmullrom"
						},
						"0.0417": {
							"post": [50, 0, 0],
							"lerp_mode": "catmullrom"
						},
						"0.125": {
							"post": [54.02, 0, 0],
							"lerp_mode": "catmullrom"
						},
						"0.25": {
							"post": [-17.5, 0, 0],
							"lerp_mode": "catmullrom"
						},
						"0.3333": [0, 0, 0],
						"0.375": [-27.5, 0, 0],
						"0.4167": [-34.37, 0, 0],
						"0.5": {
							"pre": [50, 0, 0],
							"post": [50, 0, 0],
							"lerp_mode": "catmullrom"
						},
						"0.5833": {
							"post": [53.12, 0, 0],
							"lerp_mode": "catmullrom"
						}
					}
				},
				"toe_outer_left": {
					"rotation": {
						"0.0": {
							"post": [53.12, 0, 0],
							"lerp_mode": "catmullrom"
						},
						"0.0417": {
							"post": [50, 0, 0],
							"lerp_mode": "catmullrom"
						},
						"0.125": {
							"post": [54.02, 0, 0],
							"lerp_mode": "catmullrom"
						},
						"0.25": {
							"post": [-17.5, 0, 0],
							"lerp_mode": "catmullrom"
						},
						"0.3333": [0, 0, 0],
						"0.375": [-27.5, 0, 0],
						"0.4167": [-34.37, 0, 0],
						"0.5": {
							"pre": [50, 0, 0],
							"post": [50, 0, 0],
							"lerp_mode": "catmullrom"
						},
						"0.5833": {
							"post": [53.12, 0, 0],
							"lerp_mode": "catmullrom"
						}
					}
				},
				"leg_right": {
					"rotation": {
						"0.0": {
							"post": [-2.5, 0, 0],
							"lerp_mode": "catmullrom"
						},
						"0.0833": [15, 0, 0],
						"0.125": [20, 0, 0],
						"0.2083": {
							"pre": [55, 0, 0],
							"post": [55, 0, 0],
							"lerp_mode": "catmullrom"
						},
						"0.2917": {
							"post": [70.46, 0, 0],
							"lerp_mode": "catmullrom"
						},
						"0.4167": {
							"post": [68.66, 0, 0],
							"lerp_mode": "catmullrom"
						},
						"0.5833": {
							"post": [-2.5, 0, 0],
							"lerp_mode": "catmullrom"
						}
					},
					"position": {
						"0.0": {
							"post": [0, -2.3, -2],
							"lerp_mode": "catmullrom"
						},
						"0.0833": [0, -0.21, 0.37],
						"0.125": [0, 0.34, 1],
						"0.2083": {
							"pre": [0, 1, 1.5],
							"post": [0, 1, 1.5],
							"lerp_mode": "catmullrom"
						},
						"0.2917": {
							"post": [0, 0.25, 1.16],
							"lerp_mode": "catmullrom"
						},
						"0.4167": {
							"post": [0, 1.4, -0.29],
							"lerp_mode": "catmullrom"
						},
						"0.5417": {
							"post": [0, -1.03, -1.85],
							"lerp_mode": "catmullrom"
						},
						"0.5833": {
							"post": [0, -2.3, -2],
							"lerp_mode": "catmullrom"
						}
					}
				},
				"leg_right2": {
					"rotation": {
						"0.0": {
							"post": [-45, 0, 0],
							"lerp_mode": "catmullrom"
						},
						"0.0833": [2.5, 0, 0],
						"0.125": [12.5, 0, 0],
						"0.2083": {
							"pre": [12.5, 0, 0],
							"post": [12.5, 0, 0],
							"lerp_mode": "catmullrom"
						},
						"0.2917": {
							"post": [-19.44, 0, 0],
							"lerp_mode": "catmullrom"
						},
						"0.4583": {
							"post": [-108.74, 0, 0],
							"lerp_mode": "catmullrom"
						},
						"0.5833": {
							"post": [-45, 0, 0],
							"lerp_mode": "catmullrom"
						}
					}
				},
				"foot_right": {
					"rotation": {
						"0.0": {
							"post": [59.5, 0, 0],
							"lerp_mode": "catmullrom"
						},
						"0.0833": [7, 0, 0],
						"0.125": [2, 0, 0],
						"0.2083": {
							"pre": [39.5, 0, 0],
							"post": [39.5, 0, 0],
							"lerp_mode": "catmullrom"
						},
						"0.2917": {
							"post": [8.02, 0, 0],
							"lerp_mode": "catmullrom"
						},
						"0.3333": {
							"post": [-3, 0, 0],
							"lerp_mode": "catmullrom"
						},
						"0.5833": {
							"post": [59.5, 0, 0],
							"lerp_mode": "catmullrom"
						}
					}
				},
				"toe_inner_right": {
					"rotation": {
						"0.0": {
							"post": [-7.5, 0, 0],
							"lerp_mode": "catmullrom"
						},
						"0.0833": [-15, 0, 0],
						"0.125": [-22.5, 0, 0],
						"0.2083": {
							"pre": [35, 0, 0],
							"post": [35, 0, 0],
							"lerp_mode": "catmullrom"
						},
						"0.2917": {
							"post": [37.8, 0, 0],
							"lerp_mode": "catmullrom"
						},
						"0.3333": {
							"post": [35, 0, 0],
							"lerp_mode": "catmullrom"
						},
						"0.4583": {
							"post": [35, 0, 0],
							"lerp_mode": "catmullrom"
						},
						"0.5833": {
							"post": [-7.5, 0, 0],
							"lerp_mode": "catmullrom"
						}
					}
				},
				"toe_middle_right": {
					"rotation": {
						"0.0": {
							"post": [-5, 0, 0],
							"lerp_mode": "catmullrom"
						},
						"0.0833": [-15, 0, 0],
						"0.125": [-27.5, 0, 0],
						"0.2083": {
							"pre": [35, 0, 0],
							"post": [35, 0, 0],
							"lerp_mode": "catmullrom"
						},
						"0.2917": {
							"post": [37.85, 0, 0],
							"lerp_mode": "catmullrom"
						},
						"0.3333": {
							"post": [35, 0, 0],
							"lerp_mode": "catmullrom"
						},
						"0.4583": {
							"post": [35, 0, 0],
							"lerp_mode": "catmullrom"
						},
						"0.5833": {
							"post": [-5, 0, 0],
							"lerp_mode": "catmullrom"
						}
					}
				},
				"toe_outer_right": {
					"rotation": {
						"0.0": {
							"post": [-10, 0, 0],
							"lerp_mode": "catmullrom"
						},
						"0.0833": [-20, 0, 0],
						"0.125": [-27.5, 0, 0],
						"0.1667": [-34.37, 0, 0],
						"0.2083": {
							"pre": [50, 0, 0],
							"post": [50, 0, 0],
							"lerp_mode": "catmullrom"
						},
						"0.2917": {
							"post": [53.12, 0, 0],
							"lerp_mode": "catmullrom"
						},
						"0.3333": {
							"post": [50, 0, 0],
							"lerp_mode": "catmullrom"
						},
						"0.4583": {
							"post": [50, 0, 0],
							"lerp_mode": "catmullrom"
						},
						"0.5833": {
							"post": [-10, 0, 0],
							"lerp_mode": "catmullrom"
						}
					}
				},
				"hair": {
					"rotation": ["math.sin(q.anim_time*90*8/0.58-160)*15", 0, 0]
				},
				"locator_seat_1": {
					"rotation": ["-7.5+math.sin(q.anim_time*90*8/0.58-135)*4", 0, "0+math.sin(q.anim_time*90*4/0.58)*-6"]
				}
			}
		},
		"animation.unfezant_female.walkspeed_test": {
			"loop": true,
			"bones": {
				"unfezant": {
					"position": [0, 0, "16-q.anim_time*90*0.145"]
				}
			}
		},
		"animation.unfezant_female.runspeed_test": {
			"loop": true,
			"bones": {
				"unfezant": {
					"position": [0, 0, "16-q.anim_time*90*1.35"]
				}
			}
		},
		"animation.unfezant_female.air_idle": {
			"loop": true,
			"animation_length": 1,
			"bones": {
				"body": {
					"rotation": {
						"0.0": {
							"post": [0, 0, 0],
							"lerp_mode": "catmullrom"
						},
						"0.375": {
							"post": [2, 0, 0],
							"lerp_mode": "catmullrom"
						},
						"0.75": {
							"post": [0, 0, 0],
							"lerp_mode": "catmullrom"
						},
						"1.0": {
							"post": [0, 0, 0],
							"lerp_mode": "catmullrom"
						}
					},
					"position": {
						"0.0": {
							"post": [0, "0+math.sin(q.anim_time*90*4-140)*3", 0],
							"lerp_mode": "catmullrom"
						}
					}
				},
				"torso": {
					"rotation": ["-12.5+math.sin(q.anim_time*90*4-90)*5", 0, 0]
				},
				"chest": {
					"rotation": ["5+math.sin(q.anim_time*90*4-90)*-10", 0, 0]
				},
				"neck": {
					"rotation": ["5+math.sin(q.anim_time*90*4-90)*-4", 0, 0]
				},
				"neck_feathers": {
					"rotation": ["0+math.sin(q.anim_time*90*4-300)*-10", 0, 0]
				},
				"neck2": {
					"rotation": ["0+math.sin(q.anim_time*90*4-90)*8", 0, 0]
				},
				"head_ai": {
					"rotation": [12.5, 0, 0],
					"position": [0, -1, -1]
				},
				"head_angle": {
					"rotation": ["0+math.sin(q.anim_time*90*4-90)*5", 0, 0]
				},
				"wings_closed": {
					"scale": 0
				},
				"wing_closed_left": {
					"rotation": {
						"0.0": {
							"post": [-117.5, 0, -165],
							"lerp_mode": "catmullrom"
						},
						"0.375": {
							"post": [-34.79493, 5.34037, -4.36],
							"lerp_mode": "catmullrom"
						},
						"1.0": {
							"post": [-117.5, 0, -165],
							"lerp_mode": "catmullrom"
						}
					}
				},
				"wing_closed_right": {
					"rotation": {
						"0.0": {
							"post": [65.06, -175.04, -6.48],
							"lerp_mode": "catmullrom"
						},
						"0.375": {
							"post": [-39.94497, -22.53727, -6.4844],
							"lerp_mode": "catmullrom"
						},
						"1.0": {
							"post": [65.06, -175.04, -6.48],
							"lerp_mode": "catmullrom"
						}
					}
				},
				"wing_open_left": {
					"rotation": {
						"0.0": {
							"post": [-17.43012, 54.36469, -74.15166],
							"lerp_mode": "catmullrom"
						},
						"0.1667": {
							"post": [27.96631, 35.61579, -14.53275],
							"lerp_mode": "catmullrom"
						},
						"0.375": {
							"post": [19.49091, 9.40432, 68.81606],
							"lerp_mode": "catmullrom"
						},
						"0.7083": {
							"post": [-11.51179, 33.47836, -7.73602],
							"lerp_mode": "catmullrom"
						},
						"1.0": {
							"post": [-17.43012, 54.36469, -74.15166],
							"lerp_mode": "catmullrom"
						}
					},
					"position": {
						"0.0": {
							"post": [0, 2, 0],
							"lerp_mode": "catmullrom"
						},
						"0.375": {
							"post": [0, -1, 0],
							"lerp_mode": "catmullrom"
						},
						"1.0": {
							"post": [0, 2, 0],
							"lerp_mode": "catmullrom"
						}
					}
				},
				"wing_open_left2": {
					"rotation": {
						"0.0": {
							"post": [-0.6574, -15.4713, 5.04292],
							"lerp_mode": "catmullrom"
						},
						"0.0833": {
							"post": [1.63219, -15.32123, -12.60443],
							"lerp_mode": "catmullrom"
						},
						"0.25": {
							"post": [2.65634, -14.61961, -21.86221],
							"lerp_mode": "catmullrom"
						},
						"0.4583": {
							"post": [-2.88419, -14.92618, 22.67458],
							"lerp_mode": "catmullrom"
						},
						"0.7083": {
							"post": [-3.59848, -14.67887, 28.75771],
							"lerp_mode": "catmullrom"
						},
						"1.0": {
							"post": [-0.6574, -15.4713, 5.04292],
							"lerp_mode": "catmullrom"
						}
					}
				},
				"wing_open_left3": {
					"rotation": {
						"0.0": {
							"post": [0, -32, 20],
							"lerp_mode": "catmullrom"
						},
						"0.25": {
							"post": [0, -32, -20],
							"lerp_mode": "catmullrom"
						},
						"0.5833": {
							"post": [0, -32, 12.5],
							"lerp_mode": "catmullrom"
						},
						"1.0": {
							"post": [0, -32, 20],
							"lerp_mode": "catmullrom"
						}
					}
				},
				"wing_open_left4": {
					"rotation": {
						"0.0": {
							"post": [-0.85553, -2.34914, 20.01754],
							"lerp_mode": "catmullrom"
						},
						"0.1667": {
							"post": [5.65566, -7.82558, -16.01932],
							"lerp_mode": "catmullrom"
						},
						"0.3333": {
							"post": [-3.90801, -10.36781, -32.52769],
							"lerp_mode": "catmullrom"
						},
						"0.7083": {
							"post": [-5.62952, -0.89596, 31.13858],
							"lerp_mode": "catmullrom"
						},
						"1.0": {
							"post": [-0.85553, -2.34914, 20.01754],
							"lerp_mode": "catmullrom"
						}
					}
				},
				"wing_open_right": {
					"rotation": {
						"0.0": {
							"post": [-17.43012, -54.36469, 74.15166],
							"lerp_mode": "catmullrom"
						},
						"0.1667": {
							"post": [27.96631, -35.61579, 14.53275],
							"lerp_mode": "catmullrom"
						},
						"0.375": {
							"post": [19.49091, -9.40432, -68.81606],
							"lerp_mode": "catmullrom"
						},
						"0.7083": {
							"post": [-11.51179, -33.47836, 7.73602],
							"lerp_mode": "catmullrom"
						},
						"1.0": {
							"post": [-17.43012, -54.36469, 74.15166],
							"lerp_mode": "catmullrom"
						}
					},
					"position": {
						"0.0": {
							"post": [0, 2, 0],
							"lerp_mode": "catmullrom"
						},
						"0.375": {
							"post": [0, -1, 0],
							"lerp_mode": "catmullrom"
						},
						"1.0": {
							"post": [0, 2, 0],
							"lerp_mode": "catmullrom"
						}
					}
				},
				"wing_open_right2": {
					"rotation": {
						"0.0": {
							"post": [-0.6574, 15.4713, -5.04292],
							"lerp_mode": "catmullrom"
						},
						"0.0833": {
							"post": [1.63219, 15.32123, 12.60443],
							"lerp_mode": "catmullrom"
						},
						"0.25": {
							"post": [2.65634, 14.61961, 21.86221],
							"lerp_mode": "catmullrom"
						},
						"0.4583": {
							"post": [-2.88419, 14.92618, -22.67458],
							"lerp_mode": "catmullrom"
						},
						"0.7083": {
							"post": [-3.59848, 14.67887, -28.75771],
							"lerp_mode": "catmullrom"
						},
						"1.0": {
							"post": [-0.6574, 15.4713, -5.04292],
							"lerp_mode": "catmullrom"
						}
					}
				},
				"wing_open_right3": {
					"rotation": {
						"0.0": {
							"post": [0, 32, -20],
							"lerp_mode": "catmullrom"
						},
						"0.25": {
							"post": [0, 32, 20],
							"lerp_mode": "catmullrom"
						},
						"0.5833": {
							"post": [0, 32, -12.5],
							"lerp_mode": "catmullrom"
						},
						"1.0": {
							"post": [0, 32, -20],
							"lerp_mode": "catmullrom"
						}
					}
				},
				"wing_open_right4": {
					"rotation": {
						"0.0": {
							"post": [-0.85553, 2.34914, -20.01754],
							"lerp_mode": "catmullrom"
						},
						"0.1667": {
							"post": [5.65566, 7.82558, 16.01932],
							"lerp_mode": "catmullrom"
						},
						"0.3333": {
							"post": [-3.90801, 10.36781, 32.52769],
							"lerp_mode": "catmullrom"
						},
						"0.7083": {
							"post": [-5.62952, 0.89596, -31.13858],
							"lerp_mode": "catmullrom"
						},
						"1.0": {
							"post": [-0.85553, 2.34914, -20.01754],
							"lerp_mode": "catmullrom"
						}
					}
				},
				"tail": {
					"rotation": [0, 0, 0]
				},
				"tail2": {
					"rotation": {
						"0.0": {
							"post": ["12+math.sin(q.anim_time*90*4-260)*15", 0, 0],
							"lerp_mode": "catmullrom"
						}
					}
				},
				"tail3": {
					"rotation": ["0+math.sin(q.anim_time*90*4-290)*5", 0, 0]
				},
				"leg_left": {
					"rotation": ["20.2836+math.sin(q.anim_time*90*4-50)*3", -9.39129, -3.45118]
				},
				"leg_left2": {
					"rotation": ["-65+math.sin(q.anim_time*90*4-70)*3", 0, 0]
				},
				"foot_left": {
					"rotation": ["math.sin(q.anim_time*90*4-1150)*5", 0, 0]
				},
				"toe_back_left": {
					"rotation": ["-42.5+math.sin(q.anim_time*90*4-90)*-8", 0, 0]
				},
				"claw_back_left": {
					"rotation": [-32.5, 0, 0]
				},
				"toe_inner_left": {
					"rotation": ["55+math.sin(q.anim_time*90*4-90)*8", 0, 0]
				},
				"claw_inner_left": {
					"rotation": [35, 0, 0]
				},
				"toe_middle_left": {
					"rotation": ["37.5+math.sin(q.anim_time*90*4-90)*8", 0, 0]
				},
				"claw_middle_left": {
					"rotation": [35, 0, 0]
				},
				"toe_outer_left": {
					"rotation": ["57.5+math.sin(q.anim_time*90*4-90)*8", 0, 0]
				},
				"claw_outer_left": {
					"rotation": [32.5, 0, 0]
				},
				"leg_right": {
					"rotation": {
						"0.0": {
							"post": ["17.8981+math.sin(q.anim_time*90*4-40)*3", 11.91276, 3.81397],
							"lerp_mode": "catmullrom"
						}
					}
				},
				"leg_right2": {
					"rotation": ["-50+math.sin(q.anim_time*90*4-70)*3", 0, 0]
				},
				"foot_right": {
					"rotation": ["math.sin(q.anim_time*90*4-110)*5", 0, 0]
				},
				"toe_back_right": {
					"rotation": ["-47.5+math.sin(q.anim_time*90*4-90)*-8", 0, 0]
				},
				"claw_back_right": {
					"rotation": [-25, 0, 0]
				},
				"toe_inner_right": {
					"rotation": ["30+math.sin(q.anim_time*90*4-90)*8", 0, 0]
				},
				"claw_inner_right": {
					"rotation": [20, 0, 0]
				},
				"toe_middle_right": {
					"rotation": ["25+math.sin(q.anim_time*90*4-90)*8", 0, 0]
				},
				"claw_middle_right": {
					"rotation": [35, 0, 0]
				},
				"toe_outer_right": {
					"rotation": ["35+math.sin(q.anim_time*90*4-90)*8", 0, 0]
				},
				"claw_outer_right": {
					"rotation": [32.5, 0, 0]
				},
				"hair": {
					"rotation": ["0+math.sin(q.anim_time*90*4-250)*12", 0, 0]
				},
				"locator_seat_1": {
					"rotation": ["0+math.sin(q.anim_time*90*4-90)*-7.5", 0, 0]
				}
			},
			"sound_effects": {
				"0.0": {
					"effect": "animation.plumage.wing_flap.medium"
				}
			}
		},
		"animation.unfezant_female.air_fly": {
			"loop": true,
			"animation_length": 1,
			"bones": {
				"body": {
					"rotation": {
						"0.0": {
							"post": [25, 0, 0],
							"lerp_mode": "catmullrom"
						}
					},
					"position": {
						"0.0": {
							"post": [0, "0+math.sin(q.anim_time*90*4-140)*3", 0],
							"lerp_mode": "catmullrom"
						}
					}
				},
				"torso": {
					"rotation": ["-20+math.sin(q.anim_time*90*4-90)*-3", 0, 0]
				},
				"chest": {
					"rotation": ["15+math.sin(q.anim_time*90*4-90)*6", 0, 0]
				},
				"neck": {
					"rotation": ["12.5+math.sin(q.anim_time*90*4-90)*1", 0, 0]
				},
				"neck_feathers": {
					"rotation": ["0+math.sin(q.anim_time*90*4-320)*-5", 0, 0]
				},
				"neck2": {
					"rotation": ["-5+math.sin(q.anim_time*90*4-90)*1", 0, 0]
				},
				"head": {
					"rotation": [-12.5, 0, 0]
				},
				"head_ai": {
					"rotation": [12.5, 0, 0],
					"position": [0, -1, -1]
				},
				"head_angle": {
					"rotation": ["-25+math.sin(q.anim_time*90*4-90)*-3", 0, 0]
				},
				"wings_closed": {
					"scale": 0
				},
				"wing_closed_left": {
					"rotation": {
						"0.0": {
							"post": [-117.5, 0, -165],
							"lerp_mode": "catmullrom"
						},
						"0.375": {
							"post": [-34.79493, 5.34037, -4.36],
							"lerp_mode": "catmullrom"
						},
						"1.0": {
							"post": [-117.5, 0, -165],
							"lerp_mode": "catmullrom"
						}
					}
				},
				"wing_closed_right": {
					"rotation": {
						"0.0": {
							"post": [65.06, -175.04, -6.48],
							"lerp_mode": "catmullrom"
						},
						"0.375": {
							"post": [-39.94497, -22.53727, -6.4844],
							"lerp_mode": "catmullrom"
						},
						"1.0": {
							"post": [65.06, -175.04, -6.48],
							"lerp_mode": "catmullrom"
						}
					}
				},
				"wing_open_left": {
					"rotation": {
						"0.0": [5.06988, 43.36469, -74.15166],
						"0.0417": [11.18, 43.31, -69.06],
						"0.1667": {
							"pre": [40.65185, 13.01889, -19.978],
							"post": [40.65185, 13.01889, -19.978],
							"lerp_mode": "catmullrom"
						},
						"0.375": {
							"post": [25.93093, -29.40534, 55.75819],
							"lerp_mode": "catmullrom"
						},
						"1.0": {
							"post": [5.06988, 43.36469, -74.15166],
							"lerp_mode": "catmullrom"
						}
					},
					"position": {
						"0.0": {
							"post": [0, 2, 0],
							"lerp_mode": "catmullrom"
						},
						"0.375": {
							"post": [0, -2.4, 3],
							"lerp_mode": "catmullrom"
						},
						"1.0": {
							"post": [0, 2, 0],
							"lerp_mode": "catmullrom"
						}
					}
				},
				"wing_open_left2": {
					"rotation": {
						"0.0": {
							"post": [-0.6574, -7.4713, 5.04292],
							"lerp_mode": "catmullrom"
						},
						"0.0833": {
							"post": [1.63219, -7.32123, -12.60443],
							"lerp_mode": "catmullrom"
						},
						"0.25": {
							"post": [2.65634, -6.61961, -21.86221],
							"lerp_mode": "catmullrom"
						},
						"0.4583": {
							"post": [-2.88419, -6.92618, 22.67458],
							"lerp_mode": "catmullrom"
						},
						"0.7083": {
							"post": [-3.59848, -6.67887, 28.75771],
							"lerp_mode": "catmullrom"
						},
						"1.0": {
							"post": [-0.6574, -7.4713, 5.04292],
							"lerp_mode": "catmullrom"
						}
					}
				},
				"wing_open_left3": {
					"rotation": {
						"0.0": {
							"post": [0, -18, 20],
							"lerp_mode": "catmullrom"
						},
						"0.25": {
							"post": [0, -18, -20],
							"lerp_mode": "catmullrom"
						},
						"0.5833": {
							"post": [0, -18, 12.5],
							"lerp_mode": "catmullrom"
						},
						"1.0": {
							"post": [0, -18, 20],
							"lerp_mode": "catmullrom"
						}
					}
				},
				"wing_open_left4": {
					"rotation": {
						"0.0": {
							"post": [-0.85553, -2.34914, 20.01754],
							"lerp_mode": "catmullrom"
						},
						"0.1667": {
							"post": [5.65566, -7.82558, -16.01932],
							"lerp_mode": "catmullrom"
						},
						"0.3333": {
							"post": [-3.90801, -10.36781, -32.52769],
							"lerp_mode": "catmullrom"
						},
						"0.7083": {
							"post": [-5.62952, -0.89596, 31.13858],
							"lerp_mode": "catmullrom"
						},
						"1.0": {
							"post": [-0.85553, -2.34914, 20.01754],
							"lerp_mode": "catmullrom"
						}
					}
				},
				"wing_open_right": {
					"rotation": {
						"0.0": [5.06988, -43.36469, 74.15166],
						"0.0417": [11.18, -43.31, 69.06],
						"0.1667": {
							"pre": [40.65185, -13.01889, 19.978],
							"post": [40.65185, -13.01889, 19.978],
							"lerp_mode": "catmullrom"
						},
						"0.375": {
							"post": [25.93093, 29.40534, -55.75819],
							"lerp_mode": "catmullrom"
						},
						"1.0": {
							"post": [5.06988, -43.36469, 74.15166],
							"lerp_mode": "catmullrom"
						}
					},
					"position": {
						"0.0": {
							"post": [0, 2, 0],
							"lerp_mode": "catmullrom"
						},
						"0.375": {
							"post": [0, -2.4, 3],
							"lerp_mode": "catmullrom"
						},
						"1.0": {
							"post": [0, 2, 0],
							"lerp_mode": "catmullrom"
						}
					}
				},
				"wing_open_right2": {
					"rotation": {
						"0.0": {
							"post": [-0.6574, 7.4713, -5.04292],
							"lerp_mode": "catmullrom"
						},
						"0.0833": {
							"post": [1.63219, 7.32123, 12.60443],
							"lerp_mode": "catmullrom"
						},
						"0.25": {
							"post": [2.65634, 6.61961, 21.86221],
							"lerp_mode": "catmullrom"
						},
						"0.4583": {
							"post": [-2.88419, 6.92618, -22.67458],
							"lerp_mode": "catmullrom"
						},
						"0.7083": {
							"post": [-3.59848, 6.67887, -28.75771],
							"lerp_mode": "catmullrom"
						},
						"1.0": {
							"post": [-0.6574, 7.4713, -5.04292],
							"lerp_mode": "catmullrom"
						}
					}
				},
				"wing_open_right3": {
					"rotation": {
						"0.0": {
							"post": [0, 18, -20],
							"lerp_mode": "catmullrom"
						},
						"0.25": {
							"post": [0, 18, 20],
							"lerp_mode": "catmullrom"
						},
						"0.5833": {
							"post": [0, 18, -12.5],
							"lerp_mode": "catmullrom"
						},
						"1.0": {
							"post": [0, 18, -20],
							"lerp_mode": "catmullrom"
						}
					}
				},
				"wing_open_right4": {
					"rotation": {
						"0.0": {
							"post": [-0.85553, 2.34914, -20.01754],
							"lerp_mode": "catmullrom"
						},
						"0.1667": {
							"post": [5.65566, 7.82558, 16.01932],
							"lerp_mode": "catmullrom"
						},
						"0.3333": {
							"post": [-3.90801, 10.36781, 32.52769],
							"lerp_mode": "catmullrom"
						},
						"0.7083": {
							"post": [-5.62952, 0.89596, -31.13858],
							"lerp_mode": "catmullrom"
						},
						"1.0": {
							"post": [-0.85553, 2.34914, -20.01754],
							"lerp_mode": "catmullrom"
						}
					}
				},
				"tail": {
					"rotation": [-20, 0, 0]
				},
				"tail2": {
					"rotation": {
						"0.0": {
							"post": ["-8+math.sin(q.anim_time*90*4-280)*8", 0, 0],
							"lerp_mode": "catmullrom"
						}
					}
				},
				"tail3": {
					"rotation": ["0+math.sin(q.anim_time*90*4-320)*4", 0, 0]
				},
				"leg_left": {
					"rotation": ["42.7836+math.sin(q.anim_time*90*4-10)*-3", -9.39129, -3.45118]
				},
				"leg_left2": {
					"rotation": ["-15+math.sin(q.anim_time*90*4-30)*-3", 0, 0]
				},
				"foot_left": {
					"rotation": ["52.5+math.sin(q.anim_time*90*4-70)*-5", 0, 0]
				},
				"toe_back_left": {
					"rotation": ["-42.5+math.sin(q.anim_time*90*4-90)*-8", 0, 0]
				},
				"claw_back_left": {
					"rotation": [-32.5, 0, 0]
				},
				"toe_inner_left": {
					"rotation": ["55+math.sin(q.anim_time*90*4-90)*8", 0, 0]
				},
				"claw_inner_left": {
					"rotation": [35, 0, 0]
				},
				"toe_middle_left": {
					"rotation": ["37.5+math.sin(q.anim_time*90*4-90)*8", 0, 0]
				},
				"claw_middle_left": {
					"rotation": [35, 0, 0]
				},
				"toe_outer_left": {
					"rotation": ["57.5+math.sin(q.anim_time*90*4-90)*8", 0, 0]
				},
				"claw_outer_left": {
					"rotation": [32.5, 0, 0]
				},
				"leg_right": {
					"rotation": {
						"0.0": {
							"post": ["32.8981+math.sin(q.anim_time*90*4-10)*-3", 11.91276, 3.81397],
							"lerp_mode": "catmullrom"
						}
					}
				},
				"leg_right2": {
					"rotation": ["5+math.sin(q.anim_time*90*4-30)*-3", 0, 0]
				},
				"foot_right": {
					"rotation": ["57.5+math.sin(q.anim_time*90*4-70)*-5", 0, 0]
				},
				"toe_back_right": {
					"rotation": ["-47.5+math.sin(q.anim_time*90*4-90)*-8", 0, 0]
				},
				"claw_back_right": {
					"rotation": [-25, 0, 0]
				},
				"toe_inner_right": {
					"rotation": ["30+math.sin(q.anim_time*90*4-90)*8", 0, 0]
				},
				"claw_inner_right": {
					"rotation": [20, 0, 0]
				},
				"toe_middle_right": {
					"rotation": ["25+math.sin(q.anim_time*90*4-90)*8", 0, 0]
				},
				"claw_middle_right": {
					"rotation": [35, 0, 0]
				},
				"toe_outer_right": {
					"rotation": ["35+math.sin(q.anim_time*90*4-90)*8", 0, 0]
				},
				"claw_outer_right": {
					"rotation": [32.5, 0, 0]
				},
				"hair": {
					"rotation": ["0+math.sin(q.anim_time*90*4-250)*6", 0, 0]
				},
				"locator_seat_1": {
					"rotation": ["0+math.sin(q.anim_time*90*4-90)*6", 0, 0]
				}
			},
			"sound_effects": {
				"0.0": {
					"effect": "animation.plumage.wing_flap.medium"
				}
			}
		},
		"animation.unfezant_female.air_glide": {
			"loop": true,
			"bones": {
				"tail2": {
					"rotation": {
						"0.0": {
							"post": ["-20.5+math.sin(q.anim_time*90*1-180)*4+math.sin(q.anim_time*90*15-90)*0.5", 0, 0],
							"lerp_mode": "catmullrom"
						}
					}
				},
				"neck": {
					"rotation": ["15+math.sin(q.anim_time*90*1-60)*-2", 0, 0],
					"position": [0, 1, 0]
				},
				"head_angle": {
					"rotation": ["-50+math.sin(q.anim_time*90*1-90)*4", 0, 0]
				},
				"head_ai": {
					"rotation": [12.5, 0, 0],
					"position": [0, -1, -1]
				},
				"tail": {
					"rotation": [-10, 0, 0]
				},
				"tail3": {
					"rotation": ["math.sin(q.anim_time*90*15-150)*1", 0, 0]
				},
				"neck2": {
					"rotation": ["2.5+math.sin(q.anim_time*90*1-90)*-2", 0, 0]
				},
				"body": {
					"rotation": {
						"0.0": {
							"post": ["25+math.sin(q.anim_time*90*1-60)*1.5", 0, "0+math.sin(q.anim_time*90*0.5-30)*-2"],
							"lerp_mode": "catmullrom"
						}
					},
					"position": {
						"0.0": {
							"post": ["0+math.sin(q.anim_time*90*0.5)*1", "0+math.sin(q.anim_time*90*1)*1.5", 0],
							"lerp_mode": "catmullrom"
						}
					}
				},
				"torso": {
					"rotation": [-20, 0, 0]
				},
				"chest": {
					"rotation": [30, 0, 0]
				},
				"neck_feathers": {
					"rotation": ["-2+math.sin(q.anim_time*90*20)*2", 0, 0]
				},
				"head": {
					"rotation": [-12.5, 0, 0]
				},
				"wings_closed": {
					"scale": 0
				},
				"wing_closed_left": {
					"rotation": [-97.10408, 0.47191, -89.99671]
				},
				"wing_closed_right": {
					"rotation": [-97.50238, -2.60901, 92.49762]
				},
				"wing_open_left": {
					"rotation": ["0.0627+math.sin(q.anim_time*90*1-60)*-5+math.sin(q.anim_time*90*15)*0.75", 19.49124, "-4.989+math.sin(q.anim_time*90*1)*4"]
				},
				"wing_open_left2": {
					"rotation": ["0+math.sin(q.anim_time*90*1-60)*-5", -7.5, "0+math.sin(q.anim_time*90*1-60)*4"]
				},
				"wing_open_left3": {
					"rotation": [-2.47887, -24.83886, "8.1984+math.sin(q.anim_time*90*1-120)*4"]
				},
				"wing_open_left4": {
					"rotation": [-0.21803, -2.49048, "5.0047392446+math.sin(q.anim_time*90*1-180)*4"]
				},
				"wing_open_right": {
					"rotation": ["0.0627+math.sin(q.anim_time*90*1-60)*-5+math.sin(q.anim_time*90*15)*0.75", -19.49124, "4.989+math.sin(q.anim_time*90*1)*-4"]
				},
				"wing_open_right2": {
					"rotation": ["0+math.sin(q.anim_time*90*1-60)*-5", 7.5, "0+math.sin(q.anim_time*90*1-60)*-4"]
				},
				"wing_open_right3": {
					"rotation": [-2.47887, 24.83886, "-8.1984+math.sin(q.anim_time*90*1-120)*-4"]
				},
				"wing_open_right4": {
					"rotation": [-0.21803, 2.49048, "-5.0047392446+math.sin(q.anim_time*90*1-180)*-4"]
				},
				"leg_left": {
					"rotation": [57.97831, -7.27383, -4.79449]
				},
				"leg_left2": {
					"rotation": ["-15+math.sin(q.anim_time*90*1-170)*8", 0, 0]
				},
				"foot_left": {
					"rotation": [52.5, 0, 0]
				},
				"toe_back_left": {
					"rotation": [-42.5, 0, 0]
				},
				"claw_back_left": {
					"rotation": [-32.5, 0, 0]
				},
				"toe_inner_left": {
					"rotation": [72.5, 0, 0]
				},
				"claw_inner_left": {
					"rotation": [35, 0, 0]
				},
				"toe_middle_left": {
					"rotation": [62.5, 0, 0]
				},
				"claw_middle_left": {
					"rotation": [35, 0, 0]
				},
				"toe_outer_left": {
					"rotation": [72.5, 0, 0]
				},
				"claw_outer_left": {
					"rotation": [32.5, 0, 0]
				},
				"leg_right": {
					"rotation": {
						"0.0": {
							"post": [46.02185, 8.33253, 7.36007],
							"lerp_mode": "catmullrom"
						}
					}
				},
				"leg_right2": {
					"rotation": ["5+math.sin(q.anim_time*90*1-180)*8", 0, 0]
				},
				"foot_right": {
					"rotation": [57.5, 0, 0]
				},
				"toe_back_right": {
					"rotation": [-47.5, 0, 0]
				},
				"claw_back_right": {
					"rotation": [-25, 0, 0]
				},
				"toe_inner_right": {
					"rotation": [50, 0, 0]
				},
				"claw_inner_right": {
					"rotation": [20, 0, 0]
				},
				"toe_middle_right": {
					"rotation": [45, 0, 0]
				},
				"claw_middle_right": {
					"rotation": [35, 0, 0]
				},
				"toe_outer_right": {
					"rotation": [52.5, 0, 0]
				},
				"claw_outer_right": {
					"rotation": [32.5, 0, 0]
				},
				"hair": {
					"rotation": ["math.sin(q.anim_time*90*15)*2", 0, 0]
				}
			}
		},
		"animation.unfezant_female.ride_ground_run": {
			"loop": true,
			"bones": {
				"torso": {
					"rotation": ["0.1235291605*q.r.yaw_change(0)", "5*q.r.yaw_change(0)", "-7.5*q.r.yaw_change(0)"]
				},
				"chest": {
					"rotation": [0, "3.5*q.r.yaw_change(0)", 0]
				},
				"neck": {
					"rotation": ["-0.0735821028*q.r.yaw_change(0)", "8.0365108347*q.r.yaw_change(0)", "-0.3016724232*q.r.yaw_change(0)"]
				},
				"neck2": {
					"rotation": ["0.3303190966*q.r.yaw_change(0)", "4.4681862027*q.r.yaw_change(0)", "-4.2031823174*q.r.yaw_change(0)"]
				},
				"head_angle": {
					"rotation": ["-0.1647059707*q.r.yaw_change(0)", "2.5923158631*q.r.yaw_change(0)", "3.4605930004*q.r.yaw_change(0)"]
				}
			}
		},
		"animation.unfezant_female.ride_air_fly": {
			"loop": true,
			"bones": {
				"torso": {
					"rotation": [0, 0, "q.r.yaw_change(0)*-5"]
				},
				"chest": {
					"rotation": [0, "q.r.yaw_change(0)*7.5", 0]
				},
				"neck": {
					"rotation": ["q.r.yaw_change(0)*-0.6951593909+q.r.pitch_change(0)*-10", "q.r.yaw_change(0)*13.7546877411", "q.r.yaw_change(0)*-3.374809064"]
				},
				"neck2": {
					"rotation": ["q.r.yaw_change(0)*-0.422589585+q.r.pitch_change(0)*-10", "q.r.yaw_change(0)*4.6761479749", "q.r.yaw_change(0)*-5.0073601069"]
				},
				"head_angle": {
					"rotation": ["0+q.r.pitch_change(0)*-10", "q.r.yaw_change(0)*15", 0]
				},
				"tail2": {
					"rotation": ["0+q.r.pitch_change(0)*10", "q.r.yaw_change(0)*-10", 0]
				},
				"tail3": {
					"rotation": ["0+q.r.pitch_change(0)*10", "q.r.yaw_change(0)*-7.5", 0]
				}
			}
		},
		"animation.unfezant_female.ride_air_glide": {
			"loop": true,
			"bones": {
				"torso": {
					"rotation": [0, 0, "q.r.yaw_change(0)*-5"]
				},
				"chest": {
					"rotation": [0, "q.r.yaw_change(0)*7.5", 0]
				},
				"neck": {
					"rotation": ["q.r.yaw_change(0)*-0.6951593909+q.r.pitch_change(0)*-10", "q.r.yaw_change(0)*13.7546877411", "q.r.yaw_change(0)*-3.374809064"]
				},
				"neck2": {
					"rotation": ["q.r.yaw_change(0)*-0.422589585+q.r.pitch_change(0)*-10", "q.r.yaw_change(0)*4.6761479749", "q.r.yaw_change(0)*-5.0073601069"]
				},
				"head_angle": {
					"rotation": ["0+q.r.pitch_change(0)*-10", "q.r.yaw_change(0)*15", 0]
				},
				"wing_open_left": {
					"rotation": ["q.r.yaw_change(0)*5", 0, "q.r.yaw_change(0)*-15"]
				},
				"wing_open_right": {
					"rotation": ["q.r.yaw_change(0)*-5", 0, "q.r.yaw_change(0)*-15"]
				},
				"tail2": {
					"rotation": ["0+q.r.pitch_change(0)*10", "q.r.yaw_change(0)*-10", 0]
				},
				"tail3": {
					"rotation": ["0+q.r.pitch_change(0)*10", "q.r.yaw_change(0)*-7.5", 0]
				}
			}
		},
		"animation.unfezant_female.ride_dive": {
			"loop": true,
			"bones": {
				"body": {
					"rotation": ["q.r.dive(0)*5+q.r.dive(0)*3*math.sin(q.anim_time*90*1-60)", 0, 0],
					"position": [0, "q.r.dive(0)*0.1*math.cos(q.anim_time*90*24-90)+q.r.dive(0)*1.5*math.sin(q.anim_time*90*1)", 0]
				},
				"neck": {
					"rotation": ["q.r.dive(0)*17.5", 0, 0]
				},
				"head_angle": {
					"rotation": ["q.r.dive(0)*-22.5", 0, 0]
				},
				"wing_open_left": {
					"rotation": ["q.r.dive(0)*-4.4366583075+q.r.pitch_change(0)*-10", "q.r.dive(0)*-41.7697893639", "q.r.dive(0)*27.6530575454"]
				},
				"wing_open_left2": {
					"rotation": [0, "q.r.dive(0)*-22.5", 0]
				},
				"wing_open_left3": {
					"rotation": [0, "q.r.dive(0)*-20", 0]
				},
				"wing_open_left4": {
					"rotation": [0, "q.r.dive(0)*-10", 0]
				},
				"wing_open_right": {
					"rotation": ["q.r.dive(0)*-1.3905347104+q.r.pitch_change(0)*-10", "q.r.dive(0)*47.4695915214", "q.r.dive(0)*-17.4237923681"]
				},
				"wing_open_right2": {
					"rotation": [0, "q.r.dive(0)*17.5", 0]
				},
				"wing_open_right3": {
					"rotation": [0, "q.r.dive(0)*15", 0]
				},
				"wing_open_right4": {
					"rotation": [0, "q.r.dive(0)*15", 0]
				},
				"tail2": {
					"rotation": ["q.r.dive(0)*-5", 0, 0]
				},
				"leg_left": {
					"rotation": ["q.r.dive(0)*7.7599362468", "q.r.dive(0)*4.5471844012", "q.r.dive(0)*-2.0959351239"]
				},
				"leg_right": {
					"rotation": ["q.r.dive(0)*8.0241715296", "q.r.dive(0)*-4.0025294116", "q.r.dive(0)*3.042713459"]
				}
			}
		},
		"animation.unfezant_female.recoil": {
			"animation_length": 1.5,
			"bones": {
				"neck": {
					"rotation": {
						"0.0": {
							"post": [0, 0, 0],
							"lerp_mode": "catmullrom"
						},
						"0.0833": {
							"post": [29.60418, -14.2053, -8.93374],
							"lerp_mode": "catmullrom"
						},
						"0.25": {
							"post": [-10, 0, 0],
							"lerp_mode": "catmullrom"
						},
						"0.6667": {
							"post": [0, 0, 0],
							"lerp_mode": "catmullrom"
						},
						"1.1667": {
							"post": [0, 0, 0],
							"lerp_mode": "catmullrom"
						}
					}
				},
				"head_angle": {
					"rotation": {
						"0.0": {
							"post": [0, 0, 0],
							"lerp_mode": "catmullrom"
						},
						"0.1667": {
							"post": [22.5, 0, 0],
							"lerp_mode": "catmullrom"
						},
						"0.3333": {
							"post": [-20, 0, 0],
							"lerp_mode": "catmullrom"
						},
						"0.75": {
							"post": [7.5, 0, 0],
							"lerp_mode": "catmullrom"
						},
						"1.1667": {
							"post": [0, 0, 0],
							"lerp_mode": "catmullrom"
						}
					},
					"position": {
						"0.0": {
							"post": [0, 0, 0],
							"lerp_mode": "catmullrom"
						},
						"0.1667": {
							"post": [0, 0, -1],
							"lerp_mode": "catmullrom"
						},
						"0.3333": {
							"post": [0, 0, 1],
							"lerp_mode": "catmullrom"
						},
						"0.75": {
							"post": [0, 0, 0],
							"lerp_mode": "catmullrom"
						},
						"1.1667": {
							"post": [0, 0, 0],
							"lerp_mode": "catmullrom"
						}
					}
				},
				"head_ai": {
					"rotation": {
						"0.0": {
							"post": [0, 0, 0],
							"lerp_mode": "catmullrom"
						},
						"0.1667": {
							"post": [22.5, 0, 0],
							"lerp_mode": "catmullrom"
						},
						"0.3333": {
							"post": [-20, 0, 0],
							"lerp_mode": "catmullrom"
						},
						"0.75": {
							"post": [7.5, 0, 0],
							"lerp_mode": "catmullrom"
						},
						"1.1667": {
							"post": [0, 0, 0],
							"lerp_mode": "catmullrom"
						}
					},
					"position": {
						"0.0": {
							"post": [0, 0, 0],
							"lerp_mode": "catmullrom"
						},
						"0.1667": {
							"post": [0, 0, -1],
							"lerp_mode": "catmullrom"
						},
						"0.3333": {
							"post": [0, 0, 1],
							"lerp_mode": "catmullrom"
						},
						"0.75": {
							"post": [0, 0, 0],
							"lerp_mode": "catmullrom"
						},
						"1.1667": {
							"post": [0, 0, 0],
							"lerp_mode": "catmullrom"
						}
					}
				},
				"jaw": {
					"rotation": {
						"0.1667": [0, 0, 0],
						"0.3333": [72.5, 0, 0],
						"0.5833": [72.5, 0, 0],
						"0.75": [0, 0, 0]
					}
				},
				"torso": {
					"rotation": {
						"0.0": {
							"post": [0, 0, 0],
							"lerp_mode": "catmullrom"
						},
						"0.0833": {
							"post": [-22.60882, 3.68425, -3.38262],
							"lerp_mode": "catmullrom"
						},
						"0.25": {
							"post": [-15.68528, 9.18229, -8.51814],
							"lerp_mode": "catmullrom"
						},
						"0.5": {
							"post": [0, 0, 0],
							"lerp_mode": "catmullrom"
						},
						"1.0": {
							"post": [0, 0, 0],
							"lerp_mode": "catmullrom"
						}
					}
				},
				"eyelid_left": {
					"position": {
						"0.0": [0, 0, 0],
						"0.0833": {"pre": [0, 0, 0], "post": [0.1, 0, 0]},
						"0.3333": {"pre": [0.1, 0, 0], "post": [0, 0, 0]},
						"1.0": {"pre": [0, 0, 0], "post": [0.1, 0, 0]},
						"1.0833": {"pre": [0.1, 0, 0], "post": [0, 0, 0]}
					}
				},
				"eyelid_unamused_left": {
					"position": {
						"0.0": [0, 0, 0],
						"0.0833": {"pre": [0, 0, 0], "post": [-0.1, 0, 0]},
						"0.3333": {"pre": [-0.1, 0, 0], "post": [0, 0, 0]},
						"1.0": {"pre": [0, 0, 0], "post": [-0.1, 0, 0]},
						"1.0833": {"pre": [-0.1, 0, 0], "post": [0, 0, 0]}
					}
				},
				"eyelid_right": {
					"position": {
						"0.0": [0, 0, 0],
						"0.0833": {"pre": [0, 0, 0], "post": [-0.1, 0, 0]},
						"0.3333": {"pre": [-0.1, 0, 0], "post": [0, 0, 0]},
						"1.0": {"pre": [0, 0, 0], "post": [-0.1, 0, 0]},
						"1.0833": {"pre": [-0.1, 0, 0], "post": [0, 0, 0]}
					}
				},
				"eyelid_unamused_right": {
					"position": {
						"0.0": [0, 0, 0],
						"0.0833": {"pre": [0, 0, 0], "post": [0.1, 0, 0]},
						"0.3333": {"pre": [0.1, 0, 0], "post": [0, 0, 0]},
						"1.0": {"pre": [0, 0, 0], "post": [0.1, 0, 0]},
						"1.0833": {"pre": [0.1, 0, 0], "post": [0, 0, 0]}
					}
				},
				"hair": {
					"rotation": {
						"0.0": [0, 0, 0],
						"0.0417": {
							"pre": [-10, 0, 0],
							"post": [-10, 0, 0],
							"lerp_mode": "catmullrom"
						},
						"0.2083": {
							"post": [17.5, 0, 0],
							"lerp_mode": "catmullrom"
						},
						"0.5": {
							"post": [-12.5, 0, 0],
							"lerp_mode": "catmullrom"
						},
						"1.0": {
							"post": [17.5, 0, 0],
							"lerp_mode": "catmullrom"
						},
						"1.2917": [0, 0, 0]
					}
				},
				"wing_closed_left": {
					"rotation": {
						"0.0": [0, 0, 0],
						"0.0833": {
							"pre": [-5, 0, 0],
							"post": [-5, 0, 0],
							"lerp_mode": "catmullrom"
						},
						"0.2083": {
							"post": [9.59489, 12.97084, 4.16223],
							"lerp_mode": "catmullrom"
						},
						"0.625": {
							"post": [0, 0, 0],
							"lerp_mode": "catmullrom"
						},
						"1.0": {
							"post": [0, 0, 0],
							"lerp_mode": "catmullrom"
						}
					}
				},
				"wing_closed_right": {
					"rotation": {
						"0.0": [0, 0, 0],
						"0.0833": {
							"pre": [-5, 0, 0],
							"post": [-5, 0, 0],
							"lerp_mode": "catmullrom"
						},
						"0.2083": {
							"post": [9.59489, -12.97084, -4.16223],
							"lerp_mode": "catmullrom"
						},
						"0.625": {
							"post": [0, 0, 0],
							"lerp_mode": "catmullrom"
						},
						"1.0": {
							"post": [0, 0, 0],
							"lerp_mode": "catmullrom"
						}
					}
				}
			}
		},
		"animation.unfezant_female.sleep": {
			"loop": true,
			"animation_length": 4,
			"bones": {
				"tail2": {
					"rotation": [2.5, 0, 0]
				},
				"neck": {
					"rotation": [-1.62486, -10.49366, 16.44373],
					"position": [0, 1.1, -0.3]
				},
				"head_angle": {
					"rotation": [-54.52938, 11.051, -29.45876],
					"position": [0, -1.8, 0]
				},
				"jaw": {
					"rotation": {
						"0.5": {
							"pre": [20, 0, 0],
							"post": [20, 0, 0],
							"lerp_mode": "catmullrom"
						},
						"1.0417": {
							"post": [43.15, 0, 0],
							"lerp_mode": "catmullrom"
						},
						"1.6667": {
							"post": ["45+math.sin(q.anim_time*90*40)*0.5", 0, 0],
							"lerp_mode": "catmullrom"
						},
						"2.1667": {
							"post": ["45+math.sin(q.anim_time*90*40)*0.5", 0, 0],
							"lerp_mode": "catmullrom"
						},
						"2.7083": {
							"post": [39.13, 0, 0],
							"lerp_mode": "catmullrom"
						},
						"3.5417": {
							"post": [20, 0, 0],
							"lerp_mode": "catmullrom"
						}
					}
				},
				"tail": {
					"rotation": [-22.5, 0, 0]
				},
				"tail3": {
					"rotation": [-7.5, 0, 0]
				},
				"neck2": {
					"rotation": [-53.65974, 0.20541, -28.43165],
					"position": [0, -1.2, -0.3]
				},
				"wings_open": {
					"scale": 0
				},
				"body": {
					"position": [0, 0.45, 0]
				},
				"torso": {
					"rotation": ["5+math.sin(q.anim_time*90*1-90)*-1", 0, 0],
					"position": [0, "-8+math.sin(q.anim_time*90*1-90)*0.2", 1]
				},
				"chest": {
					"rotation": ["20+math.sin(q.anim_time*90*1-150)*-1", 0, 0]
				},
				"eyelid_left": {
					"position": [0.1, 0, 0]
				},
				"eyelid_right": {
					"position": [-0.1, 0, 0]
				},
				"wing_closed_left": {
					"rotation": [-20, 0, 0]
				},
				"wing_closed_right": {
					"rotation": [-22.5, 0, 0]
				},
				"leg_left": {
					"rotation": [52.5, 0, 0],
					"position": [0, -3.1, 0]
				},
				"leg_left2": {
					"rotation": [-77.5, 0, 0]
				},
				"foot_left": {
					"rotation": [25, 0, 0]
				},
				"leg_right": {
					"rotation": [52.5, 0, 0],
					"position": [0, -3.1, 0]
				},
				"leg_right2": {
					"rotation": [-75, 0, 0]
				},
				"foot_right": {
					"rotation": [22.5, 0, 0]
				}
			}
		},
		"animation.unfezant_female.unamused": {
			"loop": true
		},
		"animation.unfezant_female.angry": {
			"loop": true,
			"bones": {
				"eyelid_unamused_left": {
					"position": [-0.1, 0, 0]
				},
				"eyelid_mad_left": {
					"position": [0.1, 0, 0]
				},
				"eyelid_unamused_right": {
					"position": [0.1, 0, 0]
				},
				"eyelid_mad_right": {
					"position": [-0.1, 0, 0]
				}
			}
		},
		"animation.unfezant_female.sad": {
			"loop": true,
			"bones": {
				"eyelid_unamused_left": {
					"position": [-0.1, 0, 0]
				},
				"eyelid_sad_left": {
					"position": [0.1, 0, 0]
				},
				"eyelid_unamused_right": {
					"position": [0.1, 0, 0]
				},
				"eyelid_sad_right": {
					"position": [-0.1, 0, 0]
				}
			}
		},
		"animation.unfezant_female.happy": {
			"loop": true,
			"bones": {
				"eyelid_unamused_left": {
					"position": [-0.1, 0, 0]
				},
				"eyelid_happy_left": {
					"position": [0.1, 0, 0]
				},
				"eyelid_unamused_right": {
					"position": [0.1, 0, 0]
				},
				"eyelid_happy_right": {
					"position": [-0.1, 0, 0]
				}
			}
		},
		"animation.unfezant_female.wangs": {
			"loop": true,
			"bones": {
				"wing_open_left": {
					"rotation": [0, 22.5, 0]
				},
				"wing_open_left2": {
					"rotation": [0, -15, 0]
				},
				"wing_open_left3": {
					"rotation": [0, -32.5, 0]
				},
				"wing_open_left4": {
					"rotation": [0, -2.5, 0]
				},
				"wing_open_right": {
					"rotation": [0, -22.5, 0]
				},
				"wing_open_right2": {
					"rotation": [0, 15, 0]
				},
				"wing_open_right3": {
					"rotation": [0, 32.5, 0]
				},
				"wing_open_right4": {
					"rotation": [0, 2.5, 0]
				}
			}
		},
		"animation.unfezant_female.wangs2": {
			"loop": true,
			"bones": {
				"wing_open_left": {
					"rotation": [0, 22.5, 0]
				},
				"wing_open_left2": {
					"rotation": [0, -7.5, 0]
				},
				"wing_open_left3": {
					"rotation": [0, 0, 0]
				},
				"wing_open_left4": {
					"rotation": [0, -2.5, 0]
				},
				"wing_open_right": {
					"rotation": [0, -22.5, 0]
				},
				"wing_open_right2": {
					"rotation": [0, 15, 0]
				},
				"wing_open_right3": {
					"rotation": [0, 32.5, 0]
				},
				"wing_open_right4": {
					"rotation": [0, 2.5, 0]
				}
			}
		},
		"animation.unfezant_female.wangs3": {
			"loop": true,
			"bones": {
				"wing_open_left": {
					"rotation": [0, 47.5, 0]
				},
				"wing_open_left2": {
					"rotation": [0, -32.5, 0]
				},
				"wing_open_left3": {
					"rotation": [0, -42.5, 0]
				},
				"wing_open_left4": {
					"rotation": [0, -17.5, 0]
				},
				"wing_open_right": {
					"rotation": [0, -22.5, 0]
				},
				"wing_open_right2": {
					"rotation": [0, 15, 0]
				},
				"wing_open_right3": {
					"rotation": [0, 32.5, 0]
				},
				"wing_open_right4": {
					"rotation": [0, 2.5, 0]
				}
			}
		}
	}
}