{
	"format_version": "1.8.0",
	"animations": {
		"animation.braviary.ground_idle": {
			"loop": true,
			"bones": {
				"torso": {
					"rotation": ["-25-math.sin(q.anim_time*90*2-90)", 0, "-math.sin(q.anim_time*90)"],
					"position": [0, "-1-math.sin(q.anim_time*90*2)/4", 1]
				},
				"tail": {
					"rotation": ["2.5+math.sin(q.anim_time*90*2-60)*4", 0, 0],
					"position": [0, 0.75, 0]
				},
				"tail_feathers": {
					"rotation": [17.5, 0, 0]
				},
				"torso2": {
					"rotation": ["-22.5-math.sin(q.anim_time*90*2-90)", 0, 0]
				},
				"wing_closed_left2": {
					"rotation": ["13.3806-math.sin(q.anim_time*90*2-90)*2", -16.91761, -4.5789]
				},
				"wing_closed_left3": {
					"rotation": ["12.5-math.sin(q.anim_time*90*2-120)*3", 0, 0],
					"position": [0, 0.5, 0]
				},
				"neck1": {
					"rotation": ["2.5+math.sin(q.anim_time*90*2-60)*4", 0, "math.sin(q.anim_time*90)"]
				},
				"neck2": {
					"rotation": ["-7.5-math.sin(q.anim_time*90*2-60)*4", 0, 0]
				},
				"head": {
					"rotation": [25, 0, 0]
				},
				"hair2": {
					"rotation": ["-2.5+math.sin(q.anim_time*90*2-180)*3", 0, 0]
				},
				"hair3": {
					"rotation": ["-15+math.sin(q.anim_time*90*2-210)*3", 0, 0]
				},
				"thigh_left": {
					"rotation": ["math.sin(q.anim_time*90*2-30)*4", -12.5, 0],
					"position": ["math.sin(q.anim_time*90*2-30)/12", "-math.sin(q.anim_time*90*2-30)/6", "-2-math.sin(q.anim_time*90*2-30)/2"]
				},
				"thigh_right": {
					"rotation": ["math.sin(q.anim_time*90*2-30)*4", 12.5, 0],
					"position": ["-(math.sin(q.anim_time*90*2-30)/12)", "-math.sin(q.anim_time*90*2-30)/6", "-2-math.sin(q.anim_time*90*2-30)/2"]
				},
				"tail_fluff": {
					"rotation": ["17.5+math.sin(q.anim_time*90*2-150)*4", 0, 0]
				},
				"wing_closed_left": {
					"rotation": ["-math.sin(q.anim_time*90*2-30)", 2.5, 0],
					"position": [0.04533, 0, 0.25709]
				},
				"wing_closed_right": {
					"rotation": ["-math.sin(q.anim_time*90*2-30)", -2.5, 0],
					"position": [-0.04533, 0, 0.25709]
				},
				"wing_closed_right2": {
					"rotation": ["13.3806-math.sin(q.anim_time*90*2-90)*2", 16.91761, 4.5789]
				},
				"wing_closed_right3": {
					"rotation": ["12.5-math.sin(q.anim_time*90*2-120)*3", 0, 0],
					"position": [0, 0.5, 0]
				},
				"wing_open_left": {
					"rotation": [87.5, -77.5, 0],
					"position": [1, -5, 0],
					"scale": 0
				},
				"wing_open_left2": {
					"rotation": [0, -12.5, 7.5]
				},
				"wing_open_left3": {
					"rotation": [0, -22.5, 0],
					"scale": 1
				},
				"wing_open_left4": {
					"rotation": [0, -5, 0]
				},
				"wing_open_right": {
					"rotation": [87.5, 77.5, 0],
					"position": [-1, -5, 0],
					"scale": 0
				},
				"wing_open_right2": {
					"rotation": [0, 12.5, -7.5]
				},
				"wing_open_right3": {
					"rotation": [0, 22.5, 0]
				},
				"wing_open_right4": {
					"rotation": [0, 5, 0]
				},
				"tail_feather_outer_left": {
					"rotation": ["math.sin(q.anim_time*90*2-150)*1", -22.5, 0]
				},
				"tail_feather_outer_right": {
					"rotation": ["math.sin(q.anim_time*90*2-150)*1", 22.5, 0]
				},
				"tail_feather_inner_left": {
					"rotation": ["2.5+math.sin(q.anim_time*90*2-180)*1", -2.5, 0]
				},
				"tail_feather_inner_right": {
					"rotation": ["2.5+math.sin(q.anim_time*90*2-180)*1", 5, 2.5]
				},
				"wing_closed_left1": {
					"rotation": ["-math.sin(q.anim_time*90*2-60)", 0, 0]
				},
				"wing_closed_right1": {
					"rotation": ["-math.sin(q.anim_time*90*2-60)", 0, 0]
				},
				"head_angle": {
					"rotation": ["15+math.sin(q.anim_time*90*2-60)*2", 0, 0]
				},
				"head_crest_top": {
					"rotation": ["7.5+math.sin(q.anim_time*90*2-210)*3", 0, 0]
				},
				"head_crest_top2": {
					"rotation": ["math.sin(q.anim_time*90*2-270)*3", 0, 0]
				},
				"head_feather_right": {
					"rotation": ["5+math.sin(q.anim_time*90*2-180)*3", 0, 0]
				},
				"head_feather_right2": {
					"rotation": ["math.sin(q.anim_time*90*2-240)*3", 0, 0]
				},
				"head_feather_right3": {
					"rotation": [0, "-7.5-math.sin(q.anim_time*90*2-210)*3", 0]
				},
				"head_feather_right4": {
					"rotation": [0, "-math.sin(q.anim_time*90*2-210)*3", 0]
				},
				"head_feather_left": {
					"rotation": ["5+math.sin(q.anim_time*90*2-180)*3", 0, 0]
				},
				"head_feather_left2": {
					"rotation": ["math.sin(q.anim_time*90*2-240)*3", 0, 0]
				},
				"head_feather_left3": {
					"rotation": [0, "7.5+math.sin(q.anim_time*90*2-180)*3", 0]
				},
				"head_feather_left4": {
					"rotation": [0, "math.sin(q.anim_time*90*2-210)*3", 0]
				},
				"hair": {
					"rotation": ["math.sin(q.anim_time*90*2-150)*2", 0, 0]
				},
				"hair_tuft_top2": {
					"rotation": ["math.sin(q.anim_time*90*2-210)*3", 0, 0]
				},
				"hair_tuft_top3": {
					"rotation": ["math.sin(q.anim_time*90*2-240)*3", 0, 0]
				},
				"hair_tuft_top4": {
					"rotation": ["math.sin(q.anim_time*90*2-270)*3", 0, 0]
				},
				"hair_tuft_top5": {
					"rotation": ["math.sin(q.anim_time*90*2-210)*4", 0, 0]
				},
				"hair_tuft_left2": {
					"rotation": [0, 0, "-(math.sin(q.anim_time*90*2-210)*4)"]
				},
				"hair_tuft_left3": {
					"rotation": [0, 0, "-(math.sin(q.anim_time*90*2-240)*4)"]
				},
				"hair_tuft_left4": {
					"rotation": [0, 0, "-(math.sin(q.anim_time*90*2-270)*4)"]
				},
				"hair_tuft_right2": {
					"rotation": [0, 0, "math.sin(q.anim_time*90*2-210)*4"]
				},
				"hair_tuft_right3": {
					"rotation": [0, 0, "math.sin(q.anim_time*90*2-240)*4"]
				},
				"hair_tuft_right4": {
					"rotation": [0, 0, "math.sin(q.anim_time*90*2-270)*4"]
				},
				"hair_tuft_top6": {
					"rotation": ["math.sin(q.anim_time*90*2-240)*4", 0, 0]
				},
				"hair_tuft_left5": {
					"rotation": [0, 0, "-(math.sin(q.anim_time*90*2-210)*4)"]
				},
				"hair_tuft_right5": {
					"rotation": [0, 0, "math.sin(q.anim_time*90*2-210)*4"]
				},
				"hair_tuft_back": {
					"rotation": ["math.sin(q.anim_time*90*2-240)*8", 0, 0]
				},
				"leg_left": {
					"rotation": ["-math.sin(q.anim_time*90*2-30)*4", 0, 0]
				},
				"leg_right": {
					"rotation": ["-math.sin(q.anim_time*90*2-30)*4", 0, 0]
				},
				"locator_seat_1": {
					"rotation": [47.5, 0, 0],
					"position": [0, 1, 0]
				}
			}
		},
		"animation.braviary.ground_walk": {
			"loop": true,
			"animation_length": 1.5,
			"bones": {
				"torso": {
					"rotation": {
						"0.0": [-5, "-math.sin(q.anim_time*90*8/3-90)*5", "math.sin(q.anim_time*90*8/3-90)*6"],
						"0.125": {
							"pre": [1.5, "-math.sin(q.anim_time*90*8/3-90)*5", "math.sin(q.anim_time*90*8/3-90)*6"],
							"post": [1.5, "-math.sin(q.anim_time*90*8/3-90)*5", "math.sin(q.anim_time*90*8/3-90)*6"],
							"lerp_mode": "catmullrom"
						},
						"0.2917": {
							"post": [3, "-math.sin(q.anim_time*90*8/3-90)*5", "math.sin(q.anim_time*90*8/3-90)*6"],
							"lerp_mode": "catmullrom"
						},
						"0.75": [-5, "-math.sin(q.anim_time*90*8/3-90)*5", "math.sin(q.anim_time*90*8/3-90)*6"],
						"0.875": {
							"pre": [1.5, "-math.sin(q.anim_time*90*8/3-90)*5", "math.sin(q.anim_time*90*8/3-90)*6"],
							"post": [1.5, "-math.sin(q.anim_time*90*8/3-90)*5", "math.sin(q.anim_time*90*8/3-90)*6"],
							"lerp_mode": "catmullrom"
						},
						"1.0417": {
							"post": [3, "-math.sin(q.anim_time*90*8/3-90)*5", "math.sin(q.anim_time*90*8/3-90)*6"],
							"lerp_mode": "catmullrom"
						},
						"1.5": [-5, "-math.sin(q.anim_time*90*8/3-90)*5", "math.sin(q.anim_time*90*8/3-90)*6"]
					},
					"position": {
						"0.0": [0, 0.5, 0],
						"0.1667": {
							"pre": [0, -1, 0],
							"post": [0, -1, 0],
							"lerp_mode": "catmullrom"
						},
						"0.3333": {
							"post": [0, 0, 0],
							"lerp_mode": "catmullrom"
						},
						"0.5417": {
							"post": [0, 0.5, 0],
							"lerp_mode": "catmullrom"
						},
						"0.75": [0, 0.5, 0],
						"0.9167": {
							"pre": [0, -1, 0],
							"post": [0, -1, 0],
							"lerp_mode": "catmullrom"
						},
						"1.0833": {
							"post": [0, 0, 0],
							"lerp_mode": "catmullrom"
						},
						"1.5": [0, 0.5, 0]
					}
				},
				"tail": {
					"rotation": [-0.9641, "math.sin(q.anim_time*90*8/3-60)*6", 0],
					"position": [0, 0.75, 0]
				},
				"tail_feathers": {
					"rotation": [17.5, 0, 0]
				},
				"torso2": {
					"rotation": {
						"0.0": [-17.5, "math.sin(q.anim_time*90*8/3-90)*4", "-math.sin(q.anim_time*90*8/3-60)*4"],
						"0.2083": {
							"pre": [-10, "math.sin(q.anim_time*90*8/3-90)*4", "-math.sin(q.anim_time*90*8/3-60)*4"],
							"post": [-10, "math.sin(q.anim_time*90*8/3-90)*4", "-math.sin(q.anim_time*90*8/3-60)*4"],
							"lerp_mode": "catmullrom"
						},
						"0.375": {
							"post": [-10, "math.sin(q.anim_time*90*8/3-90)*4", "-math.sin(q.anim_time*90*8/3-60)*4"],
							"lerp_mode": "catmullrom"
						},
						"0.75": [-17.5, "math.sin(q.anim_time*90*8/3-90)*4", "-math.sin(q.anim_time*90*8/3-60)*4"],
						"0.9583": {
							"pre": [-10, "math.sin(q.anim_time*90*8/3-90)*4", "-math.sin(q.anim_time*90*8/3-60)*4"],
							"post": [-10, "math.sin(q.anim_time*90*8/3-90)*4", "-math.sin(q.anim_time*90*8/3-60)*4"],
							"lerp_mode": "catmullrom"
						},
						"1.125": {
							"post": [-10, "math.sin(q.anim_time*90*8/3-90)*4", "-math.sin(q.anim_time*90*8/3-60)*4"],
							"lerp_mode": "catmullrom"
						},
						"1.5": [-17.5, "math.sin(q.anim_time*90*8/3-90)*4", "-math.sin(q.anim_time*90*8/3-60)*4"]
					}
				},
				"wing_closed_left2": {
					"rotation": {
						"0.0": [9.5, -10, 0],
						"0.2917": {
							"pre": [9.82083, -12.32417, -2.11772],
							"post": [9.82083, -12.32417, -2.11772],
							"lerp_mode": "catmullrom"
						},
						"0.75": [9.5, -10, 0],
						"1.0417": {
							"pre": [9.82083, -12.32417, -2.11772],
							"post": [9.82083, -12.32417, -2.11772],
							"lerp_mode": "catmullrom"
						},
						"1.5": [9.5, -10, 0]
					},
					"position": {
						"0.0": [0, 0, 0],
						"0.2917": {
							"pre": [-0.2, 0, 0],
							"post": [-0.2, 0, 0],
							"lerp_mode": "catmullrom"
						},
						"0.75": [0, 0, 0],
						"1.0417": {
							"pre": [-0.2, 0, 0],
							"post": [-0.2, 0, 0],
							"lerp_mode": "catmullrom"
						},
						"1.5": [0, 0, 0]
					}
				},
				"wing_closed_left3": {
					"rotation": {
						"0.0": [15.09808, 0, 0],
						"0.75": [15.09808, 0, 0],
						"1.5": [15.09808, 0, 0]
					},
					"position": {
						"0.0": [0, 0.5, 0],
						"0.75": [0, 0.5, 0],
						"1.5": [0, 0.5, 0]
					}
				},
				"neck1": {
					"rotation": {
						"0.0": [2.5, 0, "-math.sin(q.anim_time*90*8/3-90)*2"],
						"0.25": {
							"pre": [-25, 0, "-math.sin(q.anim_time*90*8/3-90)*2"],
							"post": [-25, 0, "-math.sin(q.anim_time*90*8/3-90)*2"],
							"lerp_mode": "catmullrom"
						},
						"0.75": [2.5, 0, "-math.sin(q.anim_time*90*8/3-90)*2"],
						"1.0": {
							"pre": [-25, 0, "-math.sin(q.anim_time*90*8/3-90)*2"],
							"post": [-25, 0, "-math.sin(q.anim_time*90*8/3-90)*2"],
							"lerp_mode": "catmullrom"
						},
						"1.5": [2.5, 0, "-math.sin(q.anim_time*90*8/3-90)*2"]
					},
					"position": [0, -1, 0]
				},
				"neck2": {
					"rotation": [-14.75, 0, 0]
				},
				"head": {
					"rotation": {
						"0.0": [17.5, 0, "-math.sin(q.anim_time*90*8/3)*2"],
						"0.2083": {
							"pre": [27.5, 0, "-math.sin(q.anim_time*90*8/3)*2"],
							"post": [27.5, 0, "-math.sin(q.anim_time*90*8/3)*2"],
							"lerp_mode": "catmullrom"
						},
						"0.75": [17.5, 0, "-math.sin(q.anim_time*90*8/3)*2"],
						"0.9583": {
							"pre": [27.5, 0, "-math.sin(q.anim_time*90*8/3)*2"],
							"post": [27.5, 0, "-math.sin(q.anim_time*90*8/3)*2"],
							"lerp_mode": "catmullrom"
						},
						"1.5": [17.5, 0, "-math.sin(q.anim_time*90*8/3)*2"]
					}
				},
				"hair2": {
					"rotation": {
						"0.0": [-2.5, 0, 0],
						"0.125": {
							"pre": [0, 0, 0],
							"post": [0, 0, 0],
							"lerp_mode": "catmullrom"
						},
						"0.2917": {
							"post": [-8.24, 0, 0],
							"lerp_mode": "catmullrom"
						},
						"0.5417": {
							"post": [2.16, 0, 0],
							"lerp_mode": "catmullrom"
						},
						"0.75": [-2.5, 0, 0],
						"0.875": {
							"pre": [-5, 0, 0],
							"post": [-5, 0, 0],
							"lerp_mode": "catmullrom"
						},
						"1.0417": {
							"post": [-8.24, 0, 0],
							"lerp_mode": "catmullrom"
						},
						"1.2917": {
							"post": [2.16, 0, 0],
							"lerp_mode": "catmullrom"
						},
						"1.5": [-2.5, 0, 0]
					}
				},
				"hair3": {
					"rotation": {
						"0.0": [-13.5, 0, 0],
						"0.125": {
							"pre": [-3.5, 0, 0],
							"post": [-3.5, 0, 0],
							"lerp_mode": "catmullrom"
						},
						"0.3333": {
							"post": [5.13, 0, 0],
							"lerp_mode": "catmullrom"
						},
						"0.5833": {
							"post": [-3.94, 0, 0],
							"lerp_mode": "catmullrom"
						},
						"0.75": [-13.5, 0, 0],
						"0.875": {
							"pre": [-3.5, 0, 0],
							"post": [-3.5, 0, 0],
							"lerp_mode": "catmullrom"
						},
						"1.0833": {
							"post": [5.13, 0, 0],
							"lerp_mode": "catmullrom"
						},
						"1.3333": {
							"post": [-3.94, 0, 0],
							"lerp_mode": "catmullrom"
						},
						"1.5": [-13.5, 0, 0]
					}
				},
				"thigh_left": {
					"rotation": {
						"0.0": [-37, -0.4, 0],
						"0.1667": [-24.5, -0.4, 0],
						"0.625": [18, -0.4, 0],
						"0.75": [19.64, -0.4, 0],
						"0.875": {
							"pre": [12.125, -2.9, 2.5],
							"post": [12.125, -2.9, 2.5],
							"lerp_mode": "catmullrom"
						},
						"1.0833": {
							"post": [-18.67361, -4.9, 4.5],
							"lerp_mode": "catmullrom"
						},
						"1.3333": {
							"post": [-41.52359, -3, 3.4],
							"lerp_mode": "catmullrom"
						},
						"1.5": [-37, -0.4, 0]
					},
					"position": {
						"0.0": [-0.04167, -2.41667, -4],
						"0.1667": [-0.04167, -1.36667, -3],
						"0.4167": [-0.04, -1.41, -1.33],
						"0.625": [-0.04167, -2.16667, 0],
						"0.75": [-0.04, -1.72, 0.06],
						"0.9167": {
							"pre": [-0.04, -0.92, -0.32],
							"post": [-0.04, -0.92, -0.32],
							"lerp_mode": "catmullrom"
						},
						"1.3333": {
							"post": [-0.04, -0.68, -2.29],
							"lerp_mode": "catmullrom"
						},
						"1.5": [-0.04167, -2.41667, -4]
					}
				},
				"tail_fluff": {
					"rotation": {
						"0.0": [15.5, 0, 0],
						"0.1667": {
							"pre": [30.5, 0, 0],
							"post": [30.5, 0, 0],
							"lerp_mode": "catmullrom"
						},
						"0.4167": {
							"post": [30.5, 0, 0],
							"lerp_mode": "catmullrom"
						},
						"0.75": [15.5, 0, 0],
						"0.9167": {
							"pre": [30.5, 0, 0],
							"post": [30.5, 0, 0],
							"lerp_mode": "catmullrom"
						},
						"1.1667": {
							"post": [30.5, 0, 0],
							"lerp_mode": "catmullrom"
						},
						"1.5": [15.5, 0, 0]
					}
				},
				"wing_closed_left": {
					"rotation": {
						"0.0": [-16.71373, 29.43129, -27.72063],
						"0.2083": {
							"pre": [-16.77873, 16.75466, -27.45904],
							"post": [-16.77873, 16.75466, -27.45904],
							"lerp_mode": "catmullrom"
						},
						"0.75": [-16.71373, 29.43129, -27.72063],
						"0.9583": {
							"pre": [-16.77873, 16.75466, -27.45904],
							"post": [-16.77873, 16.75466, -27.45904],
							"lerp_mode": "catmullrom"
						},
						"1.5": [-16.71373, 29.43129, -27.72063]
					},
					"position": {
						"0.0": [0.89533, 1, 0.25709],
						"0.75": [0.89533, 1, 0.25709],
						"1.5": [0.89533, 1, 0.25709]
					}
				},
				"wing_closed_right": {
					"rotation": {
						"0.0": [-16.71373, -29.43129, 27.72063],
						"0.2083": {
							"pre": [-16.77873, -16.75466, 27.45904],
							"post": [-16.77873, -16.75466, 27.45904],
							"lerp_mode": "catmullrom"
						},
						"0.75": [-16.71373, -29.43129, 27.72063],
						"0.9583": {
							"pre": [-16.77873, -16.75466, 27.45904],
							"post": [-16.77873, -16.75466, 27.45904],
							"lerp_mode": "catmullrom"
						},
						"1.5": [-16.71373, -29.43129, 27.72063]
					},
					"position": {
						"0.0": [-0.89533, 1, 0.25709],
						"0.75": [-0.89533, 1, 0.25709],
						"1.5": [-0.89533, 1, 0.25709]
					}
				},
				"wing_closed_right2": {
					"rotation": {
						"0.0": [9.5, 10, 0],
						"0.2917": {
							"pre": [9.82083, 12.32417, 2.11772],
							"post": [9.82083, 12.32417, 2.11772],
							"lerp_mode": "catmullrom"
						},
						"0.75": [9.5, 10, 0],
						"1.0417": {
							"pre": [9.82083, 12.32417, 2.11772],
							"post": [9.82083, 12.32417, 2.11772],
							"lerp_mode": "catmullrom"
						},
						"1.5": [9.5, 10, 0]
					},
					"position": {
						"0.0": [0, 0, 0],
						"0.2917": {
							"pre": [0.2, 0, 0],
							"post": [0.2, 0, 0],
							"lerp_mode": "catmullrom"
						},
						"0.75": [0, 0, 0],
						"1.0417": {
							"pre": [0.2, 0, 0],
							"post": [0.2, 0, 0],
							"lerp_mode": "catmullrom"
						},
						"1.5": [0, 0, 0]
					}
				},
				"wing_closed_right3": {
					"rotation": {
						"0.0": [15.09808, 0, 0],
						"0.75": [15.09808, 0, 0],
						"1.5": [15.09808, 0, 0]
					},
					"position": {
						"0.0": [0, 0.5, 0],
						"0.75": [0, 0.5, 0],
						"1.5": [0, 0.5, 0]
					}
				},
				"wing_open_left": {
					"rotation": [87.5, -77.5, 0],
					"position": [1, -5, 0],
					"scale": 0
				},
				"wing_open_left2": {
					"rotation": [0, -12.5, 7.5]
				},
				"wing_open_left3": {
					"rotation": [0, -22.5, 0],
					"scale": 1
				},
				"wing_open_left4": {
					"rotation": [0, -5, 0]
				},
				"wing_open_right": {
					"rotation": [87.5, 77.5, 0],
					"position": [-1, -5, 0],
					"scale": 0
				},
				"wing_open_right2": {
					"rotation": [0, 12.5, -7.5]
				},
				"wing_open_right3": {
					"rotation": [0, 22.5, 0]
				},
				"wing_open_right4": {
					"rotation": [0, 5, 0]
				},
				"tail_feather_outer_left": {
					"rotation": [-2, -22.5, 0]
				},
				"tail_feather_outer_right": {
					"rotation": [-2, 22.5, 0]
				},
				"tail_feather_inner_left": {
					"rotation": [0, -5, -2.5]
				},
				"tail_feather_inner_right": {
					"rotation": [1.2, 5, 2.5]
				},
				"wing_closed_left1": {
					"rotation": {
						"0.0": [9.49873, -27.34723, -2.45824],
						"0.2083": {
							"pre": [8.42935, -14.99818, -0.2426],
							"post": [8.42935, -14.99818, -0.2426],
							"lerp_mode": "catmullrom"
						},
						"0.75": [9.49873, -27.34723, -2.45824],
						"0.9583": {
							"pre": [8.42935, -14.99818, -0.2426],
							"post": [8.42935, -14.99818, -0.2426],
							"lerp_mode": "catmullrom"
						},
						"1.5": [9.49873, -27.34723, -2.45824]
					},
					"position": {
						"0.0": [0, 0, 0],
						"0.75": [0, 0, 0],
						"1.5": [0, 0, 0]
					}
				},
				"wing_closed_right1": {
					"rotation": {
						"0.0": [9.49873, 27.34723, 2.45824],
						"0.2083": {
							"pre": [8.42935, 14.99818, 0.2426],
							"post": [8.42935, 14.99818, 0.2426],
							"lerp_mode": "catmullrom"
						},
						"0.75": [9.49873, 27.34723, 2.45824],
						"0.9583": {
							"pre": [8.42935, 14.99818, 0.2426],
							"post": [8.42935, 14.99818, 0.2426],
							"lerp_mode": "catmullrom"
						},
						"1.5": [9.49873, 27.34723, 2.45824]
					},
					"position": {
						"0.0": [0, 0, 0],
						"0.75": [0, 0, 0],
						"1.5": [0, 0, 0]
					}
				},
				"head_crest_top": {
					"rotation": {
						"0.0": [9, 0, 0],
						"0.25": {
							"pre": [21.5, 0, 0],
							"post": [21.5, 0, 0],
							"lerp_mode": "catmullrom"
						},
						"0.75": [9, 0, 0],
						"1.0": {
							"pre": [21.5, 0, 0],
							"post": [21.5, 0, 0],
							"lerp_mode": "catmullrom"
						},
						"1.5": [9, 0, 0]
					}
				},
				"head_crest_top2": {
					"rotation": {
						"0.0": [3, 0, 0],
						"0.1667": {
							"pre": [-14.5, 0, 0],
							"post": [-14.5, 0, 0],
							"lerp_mode": "catmullrom"
						},
						"0.4583": {
							"post": [-4.5, 0, 0],
							"lerp_mode": "catmullrom"
						},
						"0.75": [3, 0, 0],
						"0.9167": {
							"pre": [-14.5, 0, 0],
							"post": [-14.5, 0, 0],
							"lerp_mode": "catmullrom"
						},
						"1.2083": {
							"post": [-4.5, 0, 0],
							"lerp_mode": "catmullrom"
						},
						"1.5": [3, 0, 0]
					}
				},
				"head_feather_right": {
					"rotation": {
						"0.0": [5, 0, 0],
						"0.25": {
							"pre": [14.63697, 5.40592, -5.62224],
							"post": [14.63697, 5.40592, -5.62224],
							"lerp_mode": "catmullrom"
						},
						"0.75": [5, 0, 0],
						"1.0": {
							"pre": [14.63697, 5.40592, -5.62224],
							"post": [14.63697, 5.40592, -5.62224],
							"lerp_mode": "catmullrom"
						},
						"1.5": [5, 0, 0]
					}
				},
				"head_feather_right2": {
					"rotation": {
						"0.0": [2.59808, 0, 0],
						"0.1667": {
							"pre": [-12.4, 0, 0],
							"post": [-12.4, 0, 0],
							"lerp_mode": "catmullrom"
						},
						"0.4583": {
							"post": [0.1, 0, 0],
							"lerp_mode": "catmullrom"
						},
						"0.75": [2.59808, 0, 0],
						"0.9167": {
							"pre": [-12.4, 0, 0],
							"post": [-12.4, 0, 0],
							"lerp_mode": "catmullrom"
						},
						"1.2083": {
							"post": [0.1, 0, 0],
							"lerp_mode": "catmullrom"
						},
						"1.5": [2.59808, 0, 0]
					}
				},
				"head_feather_right3": {
					"rotation": {
						"0.0": [0, 0, 0],
						"0.125": {
							"pre": [5, -13.75, 0],
							"post": [5, -13.75, 0],
							"lerp_mode": "catmullrom"
						},
						"0.25": {
							"post": [-10, -17.5, 0],
							"lerp_mode": "catmullrom"
						},
						"0.75": [0, 0, 0],
						"0.875": {
							"pre": [5, -13.75, 0],
							"post": [5, -13.75, 0],
							"lerp_mode": "catmullrom"
						},
						"1.0": {
							"post": [-10, -17.5, 0],
							"lerp_mode": "catmullrom"
						},
						"1.5": [0, 0, 0]
					}
				},
				"head_feather_right4": {
					"rotation": {
						"0.0": [0, -1.5, 0],
						"0.125": {
							"pre": [5.23, -1.75, 3.54],
							"post": [5.23, -1.75, 3.54],
							"lerp_mode": "catmullrom"
						},
						"0.3333": {
							"post": [-15.07037, -2.2812, 11.1819],
							"lerp_mode": "catmullrom"
						},
						"0.75": [0, -1.5, 0],
						"0.875": {
							"pre": [5.23, -1.75, 3.54],
							"post": [5.23, -1.75, 3.54],
							"lerp_mode": "catmullrom"
						},
						"1.0833": {
							"post": [-15.07037, -2.2812, 11.1819],
							"lerp_mode": "catmullrom"
						},
						"1.5": [0, -1.5, 0]
					}
				},
				"head_feather_left": {
					"rotation": {
						"0.0": [5, 0, 0],
						"0.25": {
							"pre": [14.63697, -5.40592, 5.62224],
							"post": [14.63697, -5.40592, 5.62224],
							"lerp_mode": "catmullrom"
						},
						"0.75": [5, 0, 0],
						"1.0": {
							"pre": [14.63697, -5.40592, 5.62224],
							"post": [14.63697, -5.40592, 5.62224],
							"lerp_mode": "catmullrom"
						},
						"1.5": [5, 0, 0]
					}
				},
				"head_feather_left2": {
					"rotation": {
						"0.0": [2.59808, 0, 0],
						"0.1667": {
							"pre": [-12.4, 0, 0],
							"post": [-12.4, 0, 0],
							"lerp_mode": "catmullrom"
						},
						"0.4583": {
							"post": [0.1, 0, 0],
							"lerp_mode": "catmullrom"
						},
						"0.75": [2.59808, 0, 0],
						"0.9167": {
							"pre": [-12.4, 0, 0],
							"post": [-12.4, 0, 0],
							"lerp_mode": "catmullrom"
						},
						"1.2083": {
							"post": [0.1, 0, 0],
							"lerp_mode": "catmullrom"
						},
						"1.5": [2.59808, 0, 0]
					}
				},
				"head_feather_left3": {
					"rotation": {
						"0.0": [0, 0, 0],
						"0.125": {
							"pre": [5, 4.65, 0],
							"post": [5, 4.65, 0],
							"lerp_mode": "catmullrom"
						},
						"0.2917": {
							"post": [-10, 6.4, 0],
							"lerp_mode": "catmullrom"
						},
						"0.75": [0, 0, 0],
						"0.875": {
							"pre": [5, 4.65, 0],
							"post": [5, 4.65, 0],
							"lerp_mode": "catmullrom"
						},
						"1.0417": {
							"post": [-10, 6.4, 0],
							"lerp_mode": "catmullrom"
						},
						"1.5": [0, 0, 0]
					}
				},
				"head_feather_left4": {
					"rotation": {
						"0.0": [0, 1.5, 0],
						"0.3333": {
							"pre": [-15.07037, 2.2812, -11.1819],
							"post": [-15.07037, 2.2812, -11.1819],
							"lerp_mode": "catmullrom"
						},
						"0.75": [0, 1.5, 0],
						"1.0833": {
							"pre": [-15.07037, 2.2812, -11.1819],
							"post": [-15.07037, 2.2812, -11.1819],
							"lerp_mode": "catmullrom"
						},
						"1.5": [0, 1.5, 0]
					}
				},
				"hair": {
					"rotation": {
						"0.0": [-1, 0, 0],
						"0.1667": {
							"pre": [-1, 0, 0],
							"post": [-1, 0, 0],
							"lerp_mode": "catmullrom"
						},
						"0.75": [-1, 0, 0],
						"0.9167": {
							"pre": [-1, 0, 0],
							"post": [-1, 0, 0],
							"lerp_mode": "catmullrom"
						},
						"1.5": [-1, 0, 0]
					}
				},
				"hair_tuft_top2": {
					"rotation": [1.5, 0, 0]
				},
				"hair_tuft_top3": {
					"rotation": [2.59808, 0, 0]
				},
				"hair_tuft_top4": {
					"rotation": [3, 0, 0]
				},
				"hair_tuft_top5": {
					"rotation": [2, 0, 0]
				},
				"hair_tuft_left2": {
					"rotation": [0, 0, -2]
				},
				"hair_tuft_left3": {
					"rotation": [0, 0, -3.4641]
				},
				"hair_tuft_left4": {
					"rotation": [0, 0, -4]
				},
				"hair_tuft_right2": {
					"rotation": [0, 0, 2]
				},
				"hair_tuft_right3": {
					"rotation": [0, 0, 3.4641]
				},
				"hair_tuft_right4": {
					"rotation": [0, 0, 4]
				},
				"hair_tuft_top6": {
					"rotation": [3.4641, 0, 0]
				},
				"hair_tuft_left5": {
					"rotation": [0, 0, -2]
				},
				"hair_tuft_right5": {
					"rotation": [0, 0, 2]
				},
				"hair_tuft_back": {
					"rotation": {
						"0.0": [6.9282, 0, 0],
						"0.1667": {
							"pre": [-10.57, 0, 0],
							"post": [-10.57, 0, 0],
							"lerp_mode": "catmullrom"
						},
						"0.4167": {
							"post": [14.43, 0, 0],
							"lerp_mode": "catmullrom"
						},
						"0.75": [6.9282, 0, 0],
						"0.9167": {
							"pre": [-10.57, 0, 0],
							"post": [-10.57, 0, 0],
							"lerp_mode": "catmullrom"
						},
						"1.1667": {
							"post": [14.43, 0, 0],
							"lerp_mode": "catmullrom"
						},
						"1.5": [6.9282, 0, 0]
					}
				},
				"leg_left": {
					"rotation": {
						"0.0": [14.5, 0, 0],
						"0.1667": [2, 0, 0],
						"0.625": [-40.5, 0, 0],
						"0.75": [-46.75, 0, 0],
						"0.9167": {
							"pre": [-43.62, 0, 0],
							"post": [-43.62, 0, 0],
							"lerp_mode": "catmullrom"
						},
						"1.3333": {
							"post": [-5.67, 0, 0],
							"lerp_mode": "catmullrom"
						},
						"1.5": [14.5, 0, 0]
					},
					"position": {
						"0.0": [0, 0.5, 0],
						"0.1667": [0, 0, 0],
						"0.625": [0, 0, 0],
						"0.75": [0, 0.32, 0],
						"0.9167": {
							"pre": [0, 0.8, 0],
							"post": [0, 0.8, 0],
							"lerp_mode": "catmullrom"
						},
						"1.0417": {
							"post": [0, 1, 0],
							"lerp_mode": "catmullrom"
						},
						"1.3333": {
							"post": [0, 0.8, 0],
							"lerp_mode": "catmullrom"
						},
						"1.5": [0, 0.5, 0]
					}
				},
				"foot_left": {
					"rotation": {
						"0.0": [22.5, 0, 0],
						"0.1667": [22.5, 0, 0],
						"0.625": [22.5, 0, 0],
						"0.75": [25.11, 0, 0],
						"0.9167": {
							"pre": [30, 0, 0],
							"post": [30, 0, 0],
							"lerp_mode": "catmullrom"
						},
						"1.1667": {
							"post": [39.02, 0, 0],
							"lerp_mode": "catmullrom"
						},
						"1.2917": {
							"post": [36.85, 0, 0],
							"lerp_mode": "catmullrom"
						},
						"1.4167": {
							"post": [37.79, 0, 0],
							"lerp_mode": "catmullrom"
						},
						"1.5": [22.5, 0, 0]
					},
					"position": {
						"0.0": [0, 1.25, -0.5],
						"0.2917": [0, 0.75, -0.5],
						"0.625": [0, 0.25, -0.5],
						"0.75": [0, 0.34, -0.55],
						"1.2917": {
							"pre": [0, 1.12, -0.8],
							"post": [0, 1.12, -0.8],
							"lerp_mode": "catmullrom"
						},
						"1.5": [0, 1.25, -0.5]
					}
				},
				"toe_middle_left": {
					"rotation": {
						"0.0": [0, 0, 0],
						"0.1667": [0, 0, 0],
						"0.625": [0, 0, 0],
						"0.75": [6.17, 0, 0],
						"0.9167": {
							"pre": [15, 0, 0],
							"post": [15, 0, 0],
							"lerp_mode": "catmullrom"
						},
						"1.1667": {
							"post": [15, 0, 0],
							"lerp_mode": "catmullrom"
						},
						"1.2917": {
							"post": [25.19, 0, 0],
							"lerp_mode": "catmullrom"
						},
						"1.4167": {
							"post": [5.08, 0, 0],
							"lerp_mode": "catmullrom"
						},
						"1.5": [0, 0, 0]
					}
				},
				"toe_middle_left2": {
					"rotation": {
						"0.0": [0, 0, 0],
						"0.1667": [0, 0, 0],
						"0.625": [0, 0, 0],
						"0.75": [15.42, 0, 0],
						"0.9167": {
							"pre": [37.5, 0, 0],
							"post": [37.5, 0, 0],
							"lerp_mode": "catmullrom"
						},
						"1.1667": {
							"post": [37.5, 0, 0],
							"lerp_mode": "catmullrom"
						},
						"1.2917": {
							"post": [16.66, 0, 0],
							"lerp_mode": "catmullrom"
						},
						"1.5": [0, 0, 0]
					},
					"position": {
						"0.0": [0, 0, 0],
						"0.1667": [0, 0, 0],
						"0.625": [0, 0, 0],
						"0.75": [0, 0.16, 0],
						"0.9167": {
							"pre": [0, 0.4, 0],
							"post": [0, 0.4, 0],
							"lerp_mode": "catmullrom"
						},
						"1.1667": {
							"post": [0, 0.4, 0],
							"lerp_mode": "catmullrom"
						},
						"1.5": [0, 0, 0]
					}
				},
				"talon_middle_left": {
					"rotation": {
						"0.0": [0, 0, 0],
						"0.625": [0, 0, 0],
						"0.75": [0, 0, 0],
						"1.5": [0, 0, 0]
					}
				},
				"toe_inner_left": {
					"rotation": {
						"0.0": [0, 0, 0],
						"0.1667": [0, 0, 0],
						"0.625": [0, 0, 0],
						"0.75": [5.14, -3.08, 0],
						"0.9167": {
							"pre": [12.5, -7.5, 0],
							"post": [12.5, -7.5, 0],
							"lerp_mode": "catmullrom"
						},
						"1.1667": {
							"post": [12.5, -7.5, 0],
							"lerp_mode": "catmullrom"
						},
						"1.2917": {
							"post": [21.82, -7.5, 0],
							"lerp_mode": "catmullrom"
						},
						"1.4167": {
							"post": [3.73, -5, 0],
							"lerp_mode": "catmullrom"
						},
						"1.5": [0, 0, 0]
					}
				},
				"toe_inner_left2": {
					"rotation": {
						"0.0": [0, 0, 0],
						"0.1667": [0, 0, 0],
						"0.625": [0, 0, 0],
						"0.75": [16.44, 0, 0],
						"0.9167": {
							"pre": [40, 0, 0],
							"post": [40, 0, 0],
							"lerp_mode": "catmullrom"
						},
						"1.1667": {
							"post": [40, 0, 0],
							"lerp_mode": "catmullrom"
						},
						"1.2917": {
							"post": [17.78, 0, 0],
							"lerp_mode": "catmullrom"
						},
						"1.5": [0, 0, 0]
					},
					"position": {
						"0.0": [0, 0, 0],
						"0.1667": [0, 0, 0],
						"0.625": [0, 0, 0],
						"0.75": [0, 0.21, 0.1],
						"0.9167": {
							"pre": [0, 0.5, 0.25],
							"post": [0, 0.5, 0.25],
							"lerp_mode": "catmullrom"
						},
						"1.1667": {
							"post": [0, 0.5, 0.25],
							"lerp_mode": "catmullrom"
						},
						"1.5": [0, 0, 0]
					}
				},
				"talon_inner_left": {
					"rotation": {
						"0.0": [0, 0, 0],
						"0.625": [0, 0, 0],
						"0.75": [0, 0, 0],
						"1.5": [0, 0, 0]
					}
				},
				"toe_outer_left": {
					"rotation": {
						"0.0": [0, 0, 0],
						"0.1667": [0, 0, 0],
						"0.625": [0, 0, 0],
						"0.75": [5.14, 4.37, 0],
						"0.9167": {
							"pre": [12.5, 10, 0],
							"post": [12.5, 10, 0],
							"lerp_mode": "catmullrom"
						},
						"1.1667": {
							"post": [12.5, 5, 0],
							"lerp_mode": "catmullrom"
						},
						"1.2917": {
							"post": [21.82, 7.5, 0],
							"lerp_mode": "catmullrom"
						},
						"1.4167": {
							"post": [3.73, 5, 0],
							"lerp_mode": "catmullrom"
						},
						"1.5": [0, 0, 0]
					}
				},
				"toe_outer_left2": {
					"rotation": {
						"0.0": [0, 0, 0],
						"0.1667": [0, 0, 0],
						"0.625": [0, 0, 0],
						"0.75": [16.44, 0, 0],
						"0.9167": {
							"pre": [40, 0, 0],
							"post": [40, 0, 0],
							"lerp_mode": "catmullrom"
						},
						"1.1667": {
							"post": [40, 0, 0],
							"lerp_mode": "catmullrom"
						},
						"1.2917": {
							"post": [17.94, 0, 0],
							"lerp_mode": "catmullrom"
						},
						"1.5": [0, 0, 0]
					},
					"position": {
						"0.0": [0, 0, 0],
						"0.1667": [0, 0, 0],
						"0.625": [0, 0, 0],
						"0.75": [0, 0.21, 0.1],
						"0.9167": {
							"pre": [0, 0.5, 0.25],
							"post": [0, 0.5, 0.25],
							"lerp_mode": "catmullrom"
						},
						"1.1667": {
							"post": [0, 0.5, 0.25],
							"lerp_mode": "catmullrom"
						},
						"1.5": [0, 0, 0]
					}
				},
				"talon_outer_left": {
					"rotation": {
						"0.0": [0, 0, 0],
						"0.625": [0, 0, 0],
						"0.75": [0, 0, 0],
						"1.5": [0, 0, 0]
					}
				},
				"toe_back_left": {
					"rotation": {
						"0.0": [0, 0, 0],
						"0.1667": [0, 0, 0],
						"0.625": [0, 0, 0],
						"0.75": [-25.56, 0, 0],
						"0.9167": {
							"pre": [-55, 0, 0],
							"post": [-55, 0, 0],
							"lerp_mode": "catmullrom"
						},
						"1.3333": {
							"post": [1.3, 0, 0],
							"lerp_mode": "catmullrom"
						},
						"1.5": [0, 0, 0]
					}
				},
				"head_feather_right5": {
					"rotation": {
						"0.0": [0, 0, 0],
						"0.3333": {
							"pre": [6.47498, 3.5621, 3.60497],
							"post": [6.47498, 3.5621, 3.60497],
							"lerp_mode": "catmullrom"
						},
						"0.75": [0, 0, 0],
						"1.0833": {
							"pre": [6.47498, 3.5621, 3.60497],
							"post": [6.47498, 3.5621, 3.60497],
							"lerp_mode": "catmullrom"
						},
						"1.5": [0, 0, 0]
					}
				},
				"head_feather_left5": {
					"rotation": {
						"0.0": [0, 0, 0],
						"0.3333": {
							"pre": [6.47498, -3.5621, -3.60497],
							"post": [6.47498, -3.5621, -3.60497],
							"lerp_mode": "catmullrom"
						},
						"0.75": [0, 0, 0],
						"1.0833": {
							"pre": [6.47498, -3.5621, -3.60497],
							"post": [6.47498, -3.5621, -3.60497],
							"lerp_mode": "catmullrom"
						},
						"1.5": [0, 0, 0]
					}
				},
				"thigh_right": {
					"rotation": {
						"0.0": [19.64, 0.4, 0],
						"0.125": {
							"pre": [12.125, 2.9, -2.5],
							"post": [12.125, 2.9, -2.5],
							"lerp_mode": "catmullrom"
						},
						"0.3333": {
							"post": [-18.67361, 4.9, -4.5],
							"lerp_mode": "catmullrom"
						},
						"0.5833": {
							"post": [-41.52359, 3, -3.4],
							"lerp_mode": "catmullrom"
						},
						"0.75": [-37, 0.4, 0],
						"0.9167": [-24.5, 0.4, 0],
						"1.375": [18, 0.4, 0],
						"1.5": [19.64, 0.4, 0]
					},
					"position": {
						"0.0": [0.04, -1.72, 0.06],
						"0.1667": {
							"pre": [0.04, -0.92, -0.32],
							"post": [0.04, -0.92, -0.32],
							"lerp_mode": "catmullrom"
						},
						"0.5833": {
							"post": [0.04, -0.68, -2.29],
							"lerp_mode": "catmullrom"
						},
						"0.75": [0.04167, -2.41667, -4],
						"0.9167": [0.04167, -1.36667, -3],
						"1.1667": [0.04, -1.41, -1.33],
						"1.375": [0.04167, -2.16667, 0],
						"1.5": [0.04, -1.72, 0.06]
					}
				},
				"leg_right": {
					"rotation": {
						"0.0": [-46.75, 0, 0],
						"0.1667": {
							"pre": [-43.62, 0, 0],
							"post": [-43.62, 0, 0],
							"lerp_mode": "catmullrom"
						},
						"0.5833": {
							"post": [-5.67, 0, 0],
							"lerp_mode": "catmullrom"
						},
						"0.75": [14.5, 0, 0],
						"0.9167": [2, 0, 0],
						"1.375": [-40.5, 0, 0],
						"1.5": [-46.75, 0, 0]
					},
					"position": {
						"0.0": [0, 0.32, 0],
						"0.1667": {
							"pre": [0, 0.8, 0],
							"post": [0, 0.8, 0],
							"lerp_mode": "catmullrom"
						},
						"0.2917": {
							"post": [0, 1, 0],
							"lerp_mode": "catmullrom"
						},
						"0.5833": {
							"post": [0, 0.8, 0],
							"lerp_mode": "catmullrom"
						},
						"0.75": [0, 0.5, 0],
						"0.9167": [0, 0, 0],
						"1.375": [0, 0, 0],
						"1.5": [0, 0.32, 0]
					}
				},
				"foot_right": {
					"rotation": {
						"0.0": [25.11, 0, 0],
						"0.1667": {
							"pre": [30, 0, 0],
							"post": [30, 0, 0],
							"lerp_mode": "catmullrom"
						},
						"0.4167": {
							"post": [39.02, 0, 0],
							"lerp_mode": "catmullrom"
						},
						"0.5417": {
							"post": [36.85, 0, 0],
							"lerp_mode": "catmullrom"
						},
						"0.6667": {
							"post": [37.79, 0, 0],
							"lerp_mode": "catmullrom"
						},
						"0.75": [22.5, 0, 0],
						"0.9167": [22.5, 0, 0],
						"1.375": [22.5, 0, 0],
						"1.5": [25.11, 0, 0]
					},
					"position": {
						"0.0": [0, 0.34, -0.55],
						"0.5417": {
							"pre": [0, 1.12, -0.8],
							"post": [0, 1.12, -0.8],
							"lerp_mode": "catmullrom"
						},
						"0.75": [0, 1.25, -0.5],
						"1.0417": [0, 0.75, -0.5],
						"1.375": [0, 0.25, -0.5],
						"1.5": [0, 0.34, -0.55]
					}
				},
				"toe_middle_right": {
					"rotation": {
						"0.0": [6.17, 0, 0],
						"0.1667": {
							"pre": [15, 0, 0],
							"post": [15, 0, 0],
							"lerp_mode": "catmullrom"
						},
						"0.4167": {
							"post": [15, 0, 0],
							"lerp_mode": "catmullrom"
						},
						"0.5417": {
							"post": [25.19, 0, 0],
							"lerp_mode": "catmullrom"
						},
						"0.6667": {
							"post": [5.08, 0, 0],
							"lerp_mode": "catmullrom"
						},
						"0.75": [0, 0, 0],
						"0.9167": [0, 0, 0],
						"1.375": [0, 0, 0],
						"1.5": [6.17, 0, 0]
					}
				},
				"toe_middle_right2": {
					"rotation": {
						"0.0": [15.42, 0, 0],
						"0.1667": {
							"pre": [37.5, 0, 0],
							"post": [37.5, 0, 0],
							"lerp_mode": "catmullrom"
						},
						"0.4167": {
							"post": [37.5, 0, 0],
							"lerp_mode": "catmullrom"
						},
						"0.5417": {
							"post": [16.66, 0, 0],
							"lerp_mode": "catmullrom"
						},
						"0.75": [0, 0, 0],
						"0.9167": [0, 0, 0],
						"1.375": [0, 0, 0],
						"1.5": [15.42, 0, 0]
					},
					"position": {
						"0.0": [0, 0.16, 0],
						"0.1667": {
							"pre": [0, 0.4, 0],
							"post": [0, 0.4, 0],
							"lerp_mode": "catmullrom"
						},
						"0.4167": {
							"post": [0, 0.4, 0],
							"lerp_mode": "catmullrom"
						},
						"0.75": [0, 0, 0],
						"0.9167": [0, 0, 0],
						"1.375": [0, 0, 0],
						"1.5": [0, 0.16, 0]
					}
				},
				"toe_inner_right": {
					"rotation": {
						"0.0": [5.14, 3.08, 0],
						"0.1667": {
							"pre": [12.5, 7.5, 0],
							"post": [12.5, 7.5, 0],
							"lerp_mode": "catmullrom"
						},
						"0.4167": {
							"post": [12.5, 7.5, 0],
							"lerp_mode": "catmullrom"
						},
						"0.5417": {
							"post": [21.82, 7.5, 0],
							"lerp_mode": "catmullrom"
						},
						"0.6667": {
							"post": [3.73, 5, 0],
							"lerp_mode": "catmullrom"
						},
						"0.75": [0, 0, 0],
						"0.9167": [0, 0, 0],
						"1.375": [0, 0, 0],
						"1.5": [5.14, 3.08, 0]
					}
				},
				"toe_inner_right2": {
					"rotation": {
						"0.0": [16.44, 0, 0],
						"0.1667": {
							"pre": [40, 0, 0],
							"post": [40, 0, 0],
							"lerp_mode": "catmullrom"
						},
						"0.4167": {
							"post": [40, 0, 0],
							"lerp_mode": "catmullrom"
						},
						"0.5417": {
							"post": [17.78, 0, 0],
							"lerp_mode": "catmullrom"
						},
						"0.75": [0, 0, 0],
						"0.9167": [0, 0, 0],
						"1.375": [0, 0, 0],
						"1.5": [16.44, 0, 0]
					},
					"position": {
						"0.0": [0, 0.21, 0.1],
						"0.1667": {
							"pre": [0, 0.5, 0.25],
							"post": [0, 0.5, 0.25],
							"lerp_mode": "catmullrom"
						},
						"0.4167": {
							"post": [0, 0.5, 0.25],
							"lerp_mode": "catmullrom"
						},
						"0.75": [0, 0, 0],
						"0.9167": [0, 0, 0],
						"1.375": [0, 0, 0],
						"1.5": [0, 0.21, 0.1]
					}
				},
				"toe_outer_right": {
					"rotation": {
						"0.0": [5.14, -4.37, 0],
						"0.1667": {
							"pre": [12.5, -10, 0],
							"post": [12.5, -10, 0],
							"lerp_mode": "catmullrom"
						},
						"0.4167": {
							"post": [12.5, -5, 0],
							"lerp_mode": "catmullrom"
						},
						"0.5417": {
							"post": [21.82, -7.5, 0],
							"lerp_mode": "catmullrom"
						},
						"0.6667": {
							"post": [3.73, -5, 0],
							"lerp_mode": "catmullrom"
						},
						"0.75": [0, 0, 0],
						"0.9167": [0, 0, 0],
						"1.375": [0, 0, 0],
						"1.5": [5.14, -4.37, 0]
					}
				},
				"toe_outer_right2": {
					"rotation": {
						"0.0": [16.44, 0, 0],
						"0.1667": {
							"pre": [40, 0, 0],
							"post": [40, 0, 0],
							"lerp_mode": "catmullrom"
						},
						"0.4167": {
							"post": [40, 0, 0],
							"lerp_mode": "catmullrom"
						},
						"0.5417": {
							"post": [17.94, 0, 0],
							"lerp_mode": "catmullrom"
						},
						"0.75": [0, 0, 0],
						"0.9167": [0, 0, 0],
						"1.375": [0, 0, 0],
						"1.5": [16.44, 0, 0]
					},
					"position": {
						"0.0": [0, 0.21, 0.1],
						"0.1667": {
							"pre": [0, 0.5, 0.25],
							"post": [0, 0.5, 0.25],
							"lerp_mode": "catmullrom"
						},
						"0.4167": {
							"post": [0, 0.5, 0.25],
							"lerp_mode": "catmullrom"
						},
						"0.75": [0, 0, 0],
						"0.9167": [0, 0, 0],
						"1.375": [0, 0, 0],
						"1.5": [0, 0.21, 0.1]
					}
				},
				"toe_back_right": {
					"rotation": {
						"0.0": [-25.56, 0, 0],
						"0.1667": {
							"pre": [-55, 0, 0],
							"post": [-55, 0, 0],
							"lerp_mode": "catmullrom"
						},
						"0.5833": {
							"post": [1.3, 0, 0],
							"lerp_mode": "catmullrom"
						},
						"0.75": [0, 0, 0],
						"0.9167": [0, 0, 0],
						"1.375": [0, 0, 0],
						"1.5": [-25.56, 0, 0]
					}
				},
				"talon_middle_right": {
					"rotation": {
						"0.0": [0, 0, 0],
						"0.75": [0, 0, 0],
						"1.375": [0, 0, 0],
						"1.5": [0, 0, 0]
					}
				},
				"talon_inner_right": {
					"rotation": {
						"0.0": [0, 0, 0],
						"0.75": [0, 0, 0],
						"1.375": [0, 0, 0],
						"1.5": [0, 0, 0]
					}
				},
				"talon_outer_right": {
					"rotation": {
						"0.0": [0, 0, 0],
						"0.75": [0, 0, 0],
						"1.375": [0, 0, 0],
						"1.5": [0, 0, 0]
					}
				},
				"locator_seat_1": {
					"rotation": {
						"0.0": {
							"post": [20, 0, 2.5],
							"lerp_mode": "catmullrom"
						},
						"0.25": {
							"post": [5, 0, 2.5],
							"lerp_mode": "catmullrom"
						},
						"0.75": {
							"post": [20, 0, -2.5],
							"lerp_mode": "catmullrom"
						},
						"1.0": {
							"post": [5, 0, -2.5],
							"lerp_mode": "catmullrom"
						},
						"1.5": {
							"post": [20, 0, 2.5],
							"lerp_mode": "catmullrom"
						}
					},
					"position": {
						"0.0": {
							"post": [0, 0, 0],
							"lerp_mode": "catmullrom"
						},
						"0.25": {
							"post": [0, 0, 0.5],
							"lerp_mode": "catmullrom"
						},
						"0.75": {
							"post": [0, 0, 0],
							"lerp_mode": "catmullrom"
						},
						"1.0": {
							"post": [0, 0, 0.5],
							"lerp_mode": "catmullrom"
						},
						"1.5": {
							"post": [0, 0, 0],
							"lerp_mode": "catmullrom"
						}
					}
				}
			}
		},
		"animation.braviary.air_idle": {
			"loop": true,
			"bones": {
				"wing_open_left": {
					"rotation": [
						"8.0174+math.sin(q.anim_time*90*3-30)*16",
						"28.5526-math.clamp((math.sin(q.anim_time*90*3-60)*16),0,90)",
						"16.965+math.sin(q.anim_time*90*3)*48"
					],
					"position": [0, "-math.sin(q.anim_time*90*3-30)", 0]
				},
				"wing_open_left2": {
					"rotation": [0, "-37.5-math.min((math.sin(q.anim_time*90*3-60)*24),90)", "math.sin(q.anim_time*90*3-30)*12"]
				},
				"wing_open_left3": {
					"rotation": [0, "20+math.clamp((math.sin(q.anim_time*90*3-60)*36),0,90)", "math.sin(q.anim_time*90*3-60)*24"],
					"position": ["math.clamp((math.sin(q.anim_time*90*3-60)*-2),-5,0)", 0, 0]
				},
				"wing_open_right": {
					"rotation": [
						"8.0174+math.sin(q.anim_time*90*3-30)*16",
						"-28.5526+math.clamp((math.sin(q.anim_time*90*3-60)*16),0,90)",
						"-16.965-math.sin(q.anim_time*90*3)*48"
					],
					"position": [0, "-math.sin(q.anim_time*90*3-30)", 0]
				},
				"wing_open_right2": {
					"rotation": [0, "37.5+math.min((math.sin(q.anim_time*90*3-60)*24),90)", "-(math.sin(q.anim_time*90*3-30)*12)"]
				},
				"wing_open_right3": {
					"rotation": [0, "-20-math.clamp((math.sin(q.anim_time*90*3-60)*36),0,90)", "-(math.sin(q.anim_time*90*3-60)*24)"],
					"position": ["-math.clamp((math.sin(q.anim_time*90*3-60)*-2),-5,0)", 0, 0]
				},
				"torso": {
					"rotation": ["-42.5-math.sin(q.anim_time*90*3-90)*2", 0, 0]
				},
				"tail_fluff": {
					"rotation": [30, 0, 0]
				},
				"wing_closed_left": {
					"rotation": [-90, -16, -97],
					"position": [3, 0, 2],
					"scale": 0
				},
				"wing_closed_right": {
					"rotation": [-90, 16, 97],
					"position": [-3, 0, 2],
					"scale": 0
				},
				"neck2": {
					"rotation": ["22.5+math.sin(q.anim_time*90*3-150)*4", 0, 0]
				},
				"thigh_left": {
					"rotation": ["5+math.sin(q.anim_time*90*3-90)*4", 0, "5+math.sin(q.anim_time*90*1.5)*4"],
					"position": [0.2, "0.25+math.sin(q.anim_time*90*3-150)/2", -2.25]
				},
				"foot_left": {
					"rotation": ["32.5+math.sin(q.anim_time*90*3-30)*12", 0, 0],
					"position": [0, 0, -0.25]
				},
				"toe_middle_left": {
					"rotation": ["20+math.sin(q.anim_time*90*3)*8", 0, 0]
				},
				"toe_middle_left2": {
					"rotation": ["15+math.sin(q.anim_time*90*3-110)*8", 0, 0]
				},
				"toe_inner_left": {
					"rotation": ["25+math.sin(q.anim_time*90*3)*8", -7.5, -5]
				},
				"toe_inner_left2": {
					"rotation": ["15+math.sin(q.anim_time*90*3-90)*8", 0, 0]
				},
				"toe_outer_left": {
					"rotation": ["27.5+math.sin(q.anim_time*90*3)*8", 7.5, 5]
				},
				"toe_outer_left2": {
					"rotation": ["15+math.sin(q.anim_time*90*3-130)*8", 0, 0]
				},
				"toe_back_left": {
					"rotation": [-40, 0, 0],
					"position": [0, -0.75, 0]
				},
				"thigh_right": {
					"rotation": ["5+math.sin(q.anim_time*90*3-90)*4", 0, "-5+math.sin(q.anim_time*90*1.5)*4"],
					"position": [-0.7, "0.5+math.sin(q.anim_time*90*3-150)/2", -2.25]
				},
				"foot_right": {
					"rotation": ["47.5+math.sin(q.anim_time*90*3-60)*12", 0, 0],
					"position": [0, 0, -0.25]
				},
				"toe_middle_right": {
					"rotation": ["20+math.sin(q.anim_time*90*3-30)*8", 0, 0]
				},
				"toe_middle_right2": {
					"rotation": ["15+math.sin(q.anim_time*90*3-20)*8", 0, 0]
				},
				"toe_inner_right": {
					"rotation": ["25+math.sin(q.anim_time*90*3-30)*8", 7.5, 5]
				},
				"toe_inner_right2": {
					"rotation": ["15+math.sin(q.anim_time*90*3-10)*8", 0, 0]
				},
				"toe_outer_right": {
					"rotation": ["27.5+math.sin(q.anim_time*90*3-30)*8", -10, -5]
				},
				"toe_outer_right2": {
					"rotation": ["15+math.sin(q.anim_time*90*3)*8", 0, 0]
				},
				"toe_back_right": {
					"rotation": [-40, 0, 0],
					"position": [0, -0.75, 0]
				},
				"tail_feather_outer_left": {
					"rotation": ["20-math.sin(q.anim_time*90*3-30)*2", 0, 0]
				},
				"tail_feather_outer_right": {
					"rotation": ["20-math.sin(q.anim_time*90*3-30)*2", 2.5, 0]
				},
				"tail_feather_inner_left": {
					"rotation": ["20-math.sin(q.anim_time*90*3-30)*2", -1.5, 0]
				},
				"tail_feather_inner_right": {
					"rotation": ["20-math.sin(q.anim_time*90*3-30)*2", 2.5, 0]
				},
				"body": {
					"rotation": [0, 0, "math.sin(q.anim_time*90*1.5)"],
					"position": ["math.sin(q.anim_time*90*1.5-90)", "math.sin(q.anim_time*90*3-90)*2", 0]
				},
				"tail": {
					"rotation": ["17.5+math.sin(q.anim_time*90*3-120)*4", 0, 0],
					"position": [0, 1.75, -0.25]
				},
				"torso2": {
					"rotation": ["-17.5-math.sin(q.anim_time*90*3-120)*2", 0, 0]
				},
				"wings_open": {
					"rotation": [35, 0, 0],
					"position": [0, 3.25, -1.25]
				},
				"feathers_left": {
					"rotation": ["-math.sin(q.anim_time*90*3-90)*24", "math.clamp((math.sin(q.anim_time*90*3-60)*36),0,90)", 0],
					"position": ["math.clamp((math.sin(q.anim_time*90*3-60)*2),0,2)", 0, "-math.clamp((math.sin(q.anim_time*90*3-60)*1),0,1)"]
				},
				"feathers_left2": {
					"rotation": ["-math.sin(q.anim_time*90*3-90)*12", 0, 0]
				},
				"feathers_left3": {
					"rotation": ["-math.sin(q.anim_time*90*3-90)*16", 0, 0]
				},
				"feathers_left6": {
					"rotation": ["-math.sin(q.anim_time*90*3-120)*48", 0, 0]
				},
				"wing_open_left4": {
					"rotation": [0, 0, "math.sin(q.anim_time*90*3-90)*24"]
				},
				"feathers_left4": {
					"rotation": [0, 0, "math.sin(q.anim_time*90*3-90)*18"]
				},
				"feathers_left5": {
					"rotation": [0, 0, "math.sin(q.anim_time*90*3-90)*24"]
				},
				"feathers_right": {
					"rotation": ["-math.sin(q.anim_time*90*3-90)*24", "-(math.clamp((math.sin(q.anim_time*90*3-60)*36),0,90))", 0],
					"position": ["-(math.clamp((math.sin(q.anim_time*90*3-60)*2),0,2))", 0, "-math.clamp((math.sin(q.anim_time*90*3-60)*1),0,1)"]
				},
				"feathers_right2": {
					"rotation": ["-math.sin(q.anim_time*90*3-90)*12", 0, 0]
				},
				"feathers_right3": {
					"rotation": ["-math.sin(q.anim_time*90*3-90)*16", 0, 0]
				},
				"feathers_right6": {
					"rotation": ["-math.sin(q.anim_time*90*3-120)*48", 0, 0]
				},
				"wing_open_right4": {
					"rotation": [0, 0, "-(math.sin(q.anim_time*90*3-90)*24)"]
				},
				"feathers_right4": {
					"rotation": [0, 0, "-(math.sin(q.anim_time*90*3-90)*18)"]
				},
				"feathers_right5": {
					"rotation": [0, 0, "-(math.sin(q.anim_time*90*3-90)*24)"]
				},
				"neck1": {
					"rotation": ["15+math.sin(q.anim_time*90*3-120)*4", 0, 0],
					"position": [0, -0.5, 0]
				},
				"head": {
					"rotation": ["10-math.sin(q.anim_time*90*3-150)*4", 0, "-math.sin(q.anim_time*90*3/2)"]
				},
				"head_crest_top": {
					"rotation": ["-math.sin(q.anim_time*90*3-30)*4", 0, 0]
				},
				"head_crest_top2": {
					"rotation": ["7.5-math.sin(q.anim_time*90*3-120)*5", 0, 0]
				},
				"head_feather_right": {
					"rotation": ["5-math.sin(q.anim_time*90*3-30)*4", 0, 0]
				},
				"head_feather_right2": {
					"rotation": ["2.5-math.sin(q.anim_time*90*3-120)*5", 0, 0]
				},
				"head_feather_left": {
					"rotation": ["5-math.sin(q.anim_time*90*3-30)*4", 0, 0]
				},
				"head_feather_left2": {
					"rotation": ["2.5-math.sin(q.anim_time*90*3-120)*5", 0, 0]
				},
				"hair": {
					"rotation": ["-math.sin(q.anim_time*90*3-30)*3", 0, 0]
				},
				"hair2": {
					"rotation": ["-math.sin(q.anim_time*90*3-60)*5", 0, 0]
				},
				"hair3": {
					"rotation": ["-math.sin(q.anim_time*90*3-90)*8", 0, 0]
				},
				"hair_tuft_back": {
					"rotation": ["-math.sin(q.anim_time*90*3-120)*16", 0, 0]
				},
				"leg_left": {
					"rotation": ["-17.5-math.sin(q.anim_time*90*3-30)*8", 0, 0]
				},
				"leg_right": {
					"rotation": ["-37.5-math.sin(q.anim_time*90*3-90)*8", 0, 0],
					"position": [0, 0.75, 0]
				},
				"head_feather_right3": {
					"rotation": [0, "-12.5+math.sin(q.anim_time*90*3-30)*4", 0]
				},
				"head_feather_right4": {
					"rotation": [0, "math.sin(q.anim_time*90*3-30)*4", "-math.sin(q.anim_time*90*3-30)*4"]
				},
				"head_feather_right5": {
					"rotation": ["math.sin(q.anim_time*90*3-30)*4", 0, "-(math.sin(q.anim_time*90*3-30)*4)"]
				},
				"head_feather_left3": {
					"rotation": [0, "12.5-math.sin(q.anim_time*90*3-30)*4", 0]
				},
				"head_feather_left4": {
					"rotation": [0, "math.sin(q.anim_time*90*3-30)*4", "math.sin(q.anim_time*90*3-30)*4"]
				},
				"head_feather_left5": {
					"rotation": ["math.sin(q.anim_time*90*3-30)*4", 0, "math.sin(q.anim_time*90*3-30)*4"]
				},
				"locator_seat_1": {
					"rotation": ["60-math.sin(q.anim_time*90*3-120)*-5", 0, 0],
					"position": [0, 0, -1]
				}
			}
		},
		"animation.braviary.air_fly": {
			"loop": true,
			"bones": {
				"wing_open_left": {
					"rotation": [
						"6.6577+math.sin(q.anim_time*90*4-30)*16",
						"28.5237-math.clamp((math.sin(q.anim_time*90*4-90)*16),0,90)",
						"14.1194+math.sin(q.anim_time*90*4)*48"
					],
					"position": [0, "-math.sin(q.anim_time*90*4-30)", 0]
				},
				"wing_open_left2": {
					"rotation": [0, "-47.5-math.min((math.sin(q.anim_time*90*4-90)*32),90)", "math.sin(q.anim_time*90*4-30)*12"]
				},
				"wing_open_left3": {
					"rotation": [0, "20+math.clamp((math.sin(q.anim_time*90*4-90)*48),0,90)", "math.sin(q.anim_time*90*4-60)*24"],
					"position": ["math.clamp((math.sin(q.anim_time*90*4-90)*-2),-5,0)", 0, 0]
				},
				"wing_open_right": {
					"rotation": [
						"6.6577+math.sin(q.anim_time*90*4-30)*16",
						"-28.5237+math.clamp((math.sin(q.anim_time*90*4-90)*16),0,90)",
						"-14.1194-math.sin(q.anim_time*90*4)*48"
					],
					"position": [0, "-math.sin(q.anim_time*90*4-30)", 0]
				},
				"wing_open_right2": {
					"rotation": [0, "47.5+math.min((math.sin(q.anim_time*90*4-90)*32),90)", "-(math.sin(q.anim_time*90*4-30)*12)"]
				},
				"wing_open_right3": {
					"rotation": [0, "-20-math.clamp((math.sin(q.anim_time*90*4-90)*48),0,90)", "-(math.sin(q.anim_time*90*4-60)*24)"],
					"position": ["-(math.clamp((math.sin(q.anim_time*90*4-90)*-2),-5,0))", 0, 0]
				},
				"torso": {
					"rotation": ["-math.sin(q.anim_time*90*4-90)", 0, 0]
				},
				"tail_fluff": {
					"rotation": ["15+math.sin(q.anim_time*90*4-210)*8", 0, 0]
				},
				"wing_closed_left": {
					"rotation": [-90, -16, -97],
					"position": [3, 0, 2],
					"scale": 0
				},
				"wing_closed_right": {
					"rotation": [-90, 16, 97],
					"position": [-3, 0, 2],
					"scale": 0
				},
				"neck2": {
					"rotation": ["-5-math.sin(q.anim_time*90*4-180)*12", 0, 0]
				},
				"thigh_left": {
					"rotation": ["60+math.sin(q.anim_time*90*4-60)*2", -5, 0],
					"position": [0.25, 0.5, -1.75]
				},
				"foot_left": {
					"rotation": ["30+math.sin(q.anim_time*90*4-120)*4", 0, 0]
				},
				"toe_middle_left": {
					"rotation": [35, 0, 0]
				},
				"toe_middle_left2": {
					"rotation": [15, 0, 0]
				},
				"toe_inner_left": {
					"rotation": [42.5, 0, -5]
				},
				"toe_inner_left2": {
					"rotation": [15, 0, 0]
				},
				"toe_outer_left": {
					"rotation": [45, 0, 5]
				},
				"toe_outer_left2": {
					"rotation": [15, 0, 0]
				},
				"toe_back_left": {
					"rotation": [-107.5, 0, 0],
					"position": [0, -1.5, -1.25]
				},
				"thigh_right": {
					"rotation": ["60+math.sin(q.anim_time*90*4-60)*2", 5, 0],
					"position": [-0.5, 0.5, -1.75]
				},
				"foot_right": {
					"rotation": ["45+math.sin(q.anim_time*90*4-150)*4", 0, 0],
					"position": [0, 1, 0]
				},
				"toe_middle_right": {
					"rotation": [35, 0, 0]
				},
				"toe_middle_right2": {
					"rotation": [15, 0, 0]
				},
				"toe_inner_right": {
					"rotation": [40, 0, 5]
				},
				"toe_inner_right2": {
					"rotation": [15, 0, 0]
				},
				"toe_outer_right": {
					"rotation": [42.5, 0, -5]
				},
				"toe_outer_right2": {
					"rotation": [15, 0, 0]
				},
				"toe_back_right": {
					"rotation": [-107.5, 0, 0],
					"position": [0, -1.5, -1.25]
				},
				"tail": {
					"rotation": ["25+math.sin(q.anim_time*90*4-150)*2", 0, 0]
				},
				"tail_feathers": {
					"rotation": [5, 0, 0]
				},
				"leg_left": {
					"rotation": ["2.5-math.sin(q.anim_time*90*4-90)*4", 0, 0]
				},
				"leg_right": {
					"rotation": ["-17.5-math.sin(q.anim_time*90*4-90)*4", 0, 0]
				},
				"body": {
					"rotation": [0, 0, "-math.sin(q.anim_time*90-90)*2"],
					"position": ["math.sin(q.anim_time*90)", "math.sin(q.anim_time*90*4-60)", 0]
				},
				"tail_feather_outer_left": {
					"rotation": ["math.sin(q.anim_time*90*4-180)", 0, 0]
				},
				"tail_feather_outer_right": {
					"rotation": ["math.sin(q.anim_time*90*4-180)", 0, 0]
				},
				"tail_feather_inner_left": {
					"rotation": ["math.sin(q.anim_time*90*4-180)", 0, 0]
				},
				"tail_feather_inner_right": {
					"rotation": ["math.sin(q.anim_time*90*4-180)", 0, 0]
				},
				"torso2": {
					"rotation": ["-10-math.sin(q.anim_time*90*4-120)", 0, 0]
				},
				"wings_open": {
					"rotation": [5, 0, 0]
				},
				"feathers_left": {
					"rotation": ["-math.sin(q.anim_time*90*4-90)*24", "math.clamp((math.sin(q.anim_time*90*4-90)*48),0,90)", 0]
				},
				"feathers_left2": {
					"rotation": ["-math.sin(q.anim_time*90*4-90)*12", 0, 0]
				},
				"feathers_left3": {
					"rotation": ["-math.sin(q.anim_time*90*4-90)*16", 0, 0]
				},
				"feathers_left6": {
					"rotation": ["-math.sin(q.anim_time*90*4-120)*48", 0, 0]
				},
				"wing_open_left4": {
					"rotation": [0, 0, "math.sin(q.anim_time*90*4-90)*24"]
				},
				"feathers_left4": {
					"rotation": [0, 0, "math.sin(q.anim_time*90*4-90)*18"]
				},
				"feathers_left5": {
					"rotation": [0, 0, "math.sin(q.anim_time*90*4-90)*24"]
				},
				"feathers_right": {
					"rotation": ["-math.sin(q.anim_time*90*4-90)*24", "-(math.clamp((math.sin(q.anim_time*90*4-90)*48),0,90))", 0]
				},
				"feathers_right2": {
					"rotation": ["-math.sin(q.anim_time*90*4-90)*12", 0, 0]
				},
				"feathers_right3": {
					"rotation": ["-math.sin(q.anim_time*90*4-90)*16", 0, 0]
				},
				"feathers_right6": {
					"rotation": ["-math.sin(q.anim_time*90*4-120)*48", 0, 0]
				},
				"wing_open_right4": {
					"rotation": [0, 0, "-(math.sin(q.anim_time*90*4-90)*24)"]
				},
				"feathers_right4": {
					"rotation": [0, 0, "-(math.sin(q.anim_time*90*4-90)*18)"]
				},
				"feathers_right5": {
					"rotation": [0, 0, "-(math.sin(q.anim_time*90*4-90)*24)"]
				},
				"neck1": {
					"rotation": ["7.5+math.sin(q.anim_time*90*4-150)*6", 0, "math.sin(q.anim_time*90-90)*2"],
					"position": [0, -0.5, 0]
				},
				"head_crest_top": {
					"rotation": ["2.5-math.sin(q.anim_time*90*4-30)*6", 0, 0]
				},
				"head_crest_top2": {
					"rotation": ["7.5-math.sin(q.anim_time*90*4-150)*7", 0, 0]
				},
				"head_feather_right": {
					"rotation": ["7.5-math.sin(q.anim_time*90*4-30)*6", 2.5, 0]
				},
				"head_feather_right2": {
					"rotation": ["-math.sin(q.anim_time*90*4-150)*7", 0, 0]
				},
				"head_feather_right3": {
					"rotation": [0, "math.sin(q.anim_time*90*4-30)*6", 0]
				},
				"head_feather_right4": {
					"rotation": [0, "-(math.sin(q.anim_time*90*4-30)*4)", "-(math.sin(q.anim_time*90*4-30)*4)"]
				},
				"head_feather_right5": {
					"rotation": [0, "math.sin(q.anim_time*90*4-30)*4", "-(math.sin(q.anim_time*90*4-30)*4)"]
				},
				"head_feather_left": {
					"rotation": ["7.5-math.sin(q.anim_time*90*4-30)*6", -2.5, 0]
				},
				"head_feather_left2": {
					"rotation": ["-math.sin(q.anim_time*90*4-150)*7", 0, 0]
				},
				"head_feather_left3": {
					"rotation": [0, "-math.sin(q.anim_time*90*4-30)*6", 0]
				},
				"head_feather_left4": {
					"rotation": [0, "math.sin(q.anim_time*90*4-30)*4", "math.sin(q.anim_time*90*4-30)*4"]
				},
				"head_feather_left5": {
					"rotation": [0, "-math.sin(q.anim_time*90*4-30)*4", "math.sin(q.anim_time*90*4-30)*4"]
				},
				"hair": {
					"rotation": ["math.sin(q.anim_time*90*4-120)*2", 0, 0]
				},
				"hair2": {
					"rotation": ["7.5+math.sin(q.anim_time*90*4-150)*3", 0, 0]
				},
				"hair3": {
					"rotation": ["5-math.sin(q.anim_time*90*4-180)*4", 0, 0]
				},
				"hair_tuft_back": {
					"rotation": ["math.sin(q.anim_time*90*4-210)*8", 0, 0]
				},
				"head": {
					"rotation": ["math.sin(q.anim_time*90*4-180)*8", 0, 0]
				},
				"locator_seat_1": {
					"rotation": ["10-math.sin(q.anim_time*90*4-120)*-2", 0, 0],
					"position": [0, 0, 2]
				}
			}
		},
		"animation.braviary.air_glide": {
			"loop": true,
			"bones": {
				"wing_open_left": {
					"rotation": [0, 27.5, 0]
				},
				"wing_open_left2": {
					"rotation": [0, -20, 0]
				},
				"wing_open_left3": {
					"rotation": [0, 20, 0]
				},
				"wing_open_right": {
					"rotation": [0, -27.5, 0]
				},
				"wing_open_right2": {
					"rotation": [0, 20, 0]
				},
				"wing_open_right3": {
					"rotation": [0, -20, 0]
				},
				"tail_fluff": {
					"rotation": ["15+math.sin(q.anim_time*90*32-90)*3", 0, 0]
				},
				"wing_closed_left": {
					"rotation": [-90, -16, -97],
					"position": [3, 0, 2],
					"scale": 0
				},
				"wing_closed_right": {
					"rotation": [-90, 16, 97],
					"position": [-3, 0, 2],
					"scale": 0
				},
				"neck2": {
					"rotation": [-5, 0, 0]
				},
				"thigh_left": {
					"rotation": ["60-math.sin(q.anim_time*90*20-30)/4", -5, 0],
					"position": [0.25, 0.5, -1.75]
				},
				"foot_left": {
					"rotation": ["30-math.sin(q.anim_time*90*20-150)", 0, 0]
				},
				"toe_middle_left": {
					"rotation": [35, 0, 0]
				},
				"toe_middle_left2": {
					"rotation": [15, 0, 0]
				},
				"toe_inner_left": {
					"rotation": [45, 0, -5]
				},
				"toe_inner_left2": {
					"rotation": [15, 0, 0]
				},
				"toe_outer_left": {
					"rotation": [42.5, 0, 5]
				},
				"toe_outer_left2": {
					"rotation": [15, 0, 0]
				},
				"toe_back_left": {
					"rotation": [-107.5, 0, 0],
					"position": [0, -1.5, -1.25]
				},
				"thigh_right": {
					"rotation": ["67.5-math.sin(q.anim_time*90*20)/4", 5, 0],
					"position": [-0.25, -0.5, -2.75]
				},
				"foot_right": {
					"rotation": ["30-math.sin(q.anim_time*90*20-120)", 0, 0]
				},
				"toe_middle_right": {
					"rotation": [35, 0, 0]
				},
				"toe_middle_right2": {
					"rotation": [15, 0, 0]
				},
				"toe_inner_right": {
					"rotation": [40, 0, 5]
				},
				"toe_inner_right2": {
					"rotation": [15, 0, 0]
				},
				"toe_outer_right": {
					"rotation": [40, 0, -5]
				},
				"toe_outer_right2": {
					"rotation": [15, 0, 0]
				},
				"toe_back_right": {
					"rotation": [-107.5, 0, 0],
					"position": [0, -1.5, -1.25]
				},
				"tail": {
					"rotation": [25, 0, 0]
				},
				"tail_feathers": {
					"rotation": [5, 0, 0]
				},
				"leg_left": {
					"rotation": ["2.5-math.sin(q.anim_time*90*20-90)/2", 0, 0]
				},
				"leg_right": {
					"rotation": ["-15-math.sin(q.anim_time*90*20-60)/2", 0, 0]
				},
				"body": {
					"rotation": [0, 0, "-math.sin(q.anim_time*90-90)*2"],
					"position": ["math.sin(q.anim_time*90)", "math.sin(q.anim_time*90/2-90)", 0]
				},
				"tail_feather_outer_left": {
					"rotation": ["math.sin(q.anim_time*90*32)/2", 0, 0]
				},
				"tail_feather_outer_right": {
					"rotation": ["math.sin(q.anim_time*90*32-60)/2", 0, 0]
				},
				"tail_feather_inner_left": {
					"rotation": ["math.sin(q.anim_time*90*32-60)/2", 0, 0]
				},
				"tail_feather_inner_right": {
					"rotation": ["math.sin(q.anim_time*90*32)/2", 0, 0]
				},
				"wings_open": {
					"rotation": [0, 0, "math.sin(q.anim_time*90-150)*2"]
				},
				"feathers_left": {
					"rotation": ["math.sin(q.anim_time*90*32)", 0, 0]
				},
				"feathers_left2": {
					"rotation": ["math.sin(q.anim_time*90*32-60)", 0, 0]
				},
				"feathers_left3": {
					"rotation": ["math.sin(q.anim_time*90*32-90)/2", 0, 0]
				},
				"feathers_left6": {
					"rotation": ["math.sin(q.anim_time*90*32-150)*2", 0, 0]
				},
				"feathers_left4": {
					"rotation": [0, 0, "-math.sin(q.anim_time*90*32-90)/2"]
				},
				"feathers_left5": {
					"rotation": [0, 0, "-math.sin(q.anim_time*90*32-150)*2"]
				},
				"feathers_right": {
					"rotation": ["math.sin(q.anim_time*90*32)", 0, 0]
				},
				"feathers_right2": {
					"rotation": ["math.sin(q.anim_time*90*32-60)", 0, 0]
				},
				"feathers_right3": {
					"rotation": ["math.sin(q.anim_time*90*32-90)/2", 0, 0]
				},
				"feathers_right6": {
					"rotation": ["math.sin(q.anim_time*90*32-150)*2", 0, 0]
				},
				"feathers_right4": {
					"rotation": [0, 0, "NaN-math.sin(q.anim_time*90*32-90)/2"]
				},
				"feathers_right5": {
					"rotation": [0, 0, "NaN-math.sin(q.anim_time*90*32-150)*2"]
				},
				"neck1": {
					"rotation": [0, 0, "math.sin(q.anim_time*90-90)*2"],
					"position": [0, -0.5, 0]
				},
				"head_crest_top": {
					"rotation": ["2.5+math.sin(q.anim_time*90*32)", 0, 0]
				},
				"head_crest_top2": {
					"rotation": ["math.sin(q.anim_time*90*32-90)*2", 0, 0]
				},
				"head_feather_right": {
					"rotation": ["5+math.sin(q.anim_time*90*32-30)", 0, 0]
				},
				"head_feather_right2": {
					"rotation": ["math.sin(q.anim_time*90*32-120)*2", 0, 0]
				},
				"head_feather_right3": {
					"rotation": [0, "-math.sin(q.anim_time*90*32)", 0]
				},
				"head_feather_right4": {
					"rotation": [0, "math.sin(q.anim_time*90*32-30)", "math.sin(q.anim_time*90*32-30)"]
				},
				"head_feather_right5": {
					"rotation": [0, "math.sin(q.anim_time*90*32-90)", "math.sin(q.anim_time*90*32-90)"]
				},
				"head_feather_left": {
					"rotation": ["5+math.sin(q.anim_time*90*32-30)", 0, 0]
				},
				"head_feather_left2": {
					"rotation": ["math.sin(q.anim_time*90*32-120)*2", 0, 0]
				},
				"head_feather_left3": {
					"rotation": [0, "math.sin(q.anim_time*90*32)", 0]
				},
				"head_feather_left4": {
					"rotation": [0, "-math.sin(q.anim_time*90*32-30)", "-math.sin(q.anim_time*90*32-30)"]
				},
				"head_feather_left5": {
					"rotation": [0, "-math.sin(q.anim_time*90*32-90)", "-math.sin(q.anim_time*90*32-90)"]
				},
				"hair": {
					"rotation": ["5-math.sin(q.anim_time*90*32)/2", 0, 0]
				},
				"hair2": {
					"rotation": ["-math.sin(q.anim_time*90*32-30)", 0, 0]
				},
				"hair3": {
					"rotation": ["math.sin(q.anim_time*90*32-90)*2", 0, 0]
				},
				"hair_tuft_back": {
					"rotation": ["-math.sin(q.anim_time*90*32-60)*4", 0, 0]
				},
				"torso2": {
					"rotation": [0, 0, 0]
				},
				"locator_seat_1": {
					"rotation": [0, 0, "math.sin(q.anim_time*90-120)*3"]
				}
			}
		},
		"animation.braviary.ride_ground_walk": {
			"loop": true,
			"bones": {
				"tail": {
					"rotation": [0, "q.r.yaw_change(0)*-10", 0],
					"position": [0, 0, "-math.abs(q.r.yaw_change(0)*0.5)"]
				},
				"neck1": {
					"rotation": [0, "q.r.yaw_change(0)*20", 0]
				},
				"torso": {
					"rotation": [0, 0, "q.r.yaw_change(0)*-2"]
				},
				"wing_closed_left": {
					"rotation": ["q.r.yaw_change(0)*-5", 0, 0]
				},
				"wing_closed_right": {
					"rotation": ["q.r.yaw_change(0)*5", 0, 0]
				},
				"locator_seat_1": {
					"rotation": [0, "q.r.yaw_change(0)*15", "q.r.yaw_change(0)*8"]
				}
			}
		},
		"animation.braviary.ride_air_fly": {
			"loop": true,
			"bones": {
				"body": {
					"rotation": [0, 0, "q.r.yaw_change*-10"]
				},
				"tail": {
					"rotation": [0, "q.r.yaw_change*-20", 0]
				},
				"tail_feather_outer_left": {
					"rotation": ["q.r.pitch_change(0)*20", 0, 0]
				},
				"tail_feather_outer_right": {
					"rotation": ["q.r.pitch_change(0)*20", 0, 0]
				},
				"tail_feather_inner_left": {
					"rotation": ["math.clamp((q.r.pitch_change(0)*20),-18,20)", 0, 0]
				},
				"tail_feather_inner_right": {
					"rotation": ["math.clamp((q.r.pitch_change(0)*20),-18,20)", 0, 0]
				},
				"tail_fluff": {
					"rotation": ["q.r.pitch_change(0)*20", 0, 0]
				},
				"torso2": {
					"rotation": ["q.r.pitch_change(0)*-5", 0, 0]
				},
				"neck1": {
					"rotation": ["q.r.pitch_change(0)*-20", "q.r.yaw_change(0)*20", 0]
				},
				"neck2": {
					"rotation": ["q.r.pitch_change(0)*-10", 0, 0]
				},
				"hair": {
					"rotation": ["math.clamp((q.r.pitch_change(0)*10),0,10)", 0, 0]
				},
				"thigh_left": {
					"rotation": [0, "q.r.yaw_change*-10", 0]
				},
				"thigh_right": {
					"rotation": [0, "q.r.yaw_change*-10", 0]
				},
				"wing_open_left": {
					"rotation": ["q.r.pitch_change(0)*20", 0, 0],
					"position": [0, "math.clamp((q.r.pitch_change(0)*-1),-1,0)", 0]
				},
				"wing_open_right": {
					"rotation": ["q.r.pitch_change(0)*20", 0, 0],
					"position": [0, "math.clamp((q.r.pitch_change(0)*-1),-1,0)", 0]
				},
				"head_crest_top": {
					"rotation": ["math.clamp((q.r.pitch_change(0)*5),0,5)", 0, 0]
				},
				"head_feather_right": {
					"rotation": ["math.clamp((q.r.pitch_change(0)*5),0,5)", "math.clamp((q.r.pitch_change(0)*10),10,0)", 0]
				},
				"head_feather_left": {
					"rotation": ["math.clamp((q.r.pitch_change(0)*5),0,5)", "math.clamp((q.r.pitch_change(0)*-10),-10,0)", 0]
				},
				"tail_feathers": {
					"rotation": [0, "q.r.yaw_change*5", "q.r.yaw_change*5"]
				},
				"locator_seat_1": {
					"rotation": [0, "q.r.yaw_change(0)*10", "q.r.yaw_change(0)*5"]
				}
			}
		},
		"animation.braviary.ride_air_glide": {
			"loop": true,
			"bones": {
				"body": {
					"rotation": [0, 0, "q.r.yaw_change*-10"]
				},
				"tail": {
					"rotation": [0, "q.r.yaw_change*-20", 0]
				},
				"tail_feather_outer_left": {
					"rotation": ["q.r.pitch_change(0)*20", 0, 0]
				},
				"tail_feather_outer_right": {
					"rotation": ["q.r.pitch_change(0)*20", 0, 0]
				},
				"tail_feather_inner_left": {
					"rotation": ["math.clamp((q.r.pitch_change(0)*20),-18,20)", 0, 0]
				},
				"tail_feather_inner_right": {
					"rotation": ["math.clamp((q.r.pitch_change(0)*20),-18,20)", 0, 0]
				},
				"tail_fluff": {
					"rotation": ["q.r.pitch_change(0)*20", 0, 0]
				},
				"torso2": {
					"rotation": ["q.r.pitch_change(0)*-5", 0, 0]
				},
				"neck1": {
					"rotation": ["q.r.pitch_change(0)*-20", "q.r.yaw_change(0)*20", 0]
				},
				"neck2": {
					"rotation": ["q.r.pitch_change(0)*-10", 0, 0]
				},
				"hair": {
					"rotation": ["math.clamp((q.r.pitch_change(0)*10),0,10)", 0, 0]
				},
				"thigh_left": {
					"rotation": [0, "q.r.yaw_change*-10", 0]
				},
				"thigh_right": {
					"rotation": [0, "q.r.yaw_change*-10", 0]
				},
				"feathers_left": {
					"rotation": ["q.r.pitch_change(0)*10", 0, 0]
				},
				"feathers_left2": {
					"rotation": ["q.r.pitch_change(0)*10", 0, 0]
				},
				"feathers_left3": {
					"rotation": ["q.r.pitch_change(0)*10+math.abs(-q.r.yaw_change(0)*5)", 0, "q.r.pitch_change(0)*5"]
				},
				"feathers_left4": {
					"rotation": [0, 0, "q.r.pitch_change(0)*-10-math.abs(q.r.yaw_change(0)*5)"]
				},
				"feathers_right": {
					"rotation": ["q.r.pitch_change(0)*10", 0, 0]
				},
				"feathers_right2": {
					"rotation": ["q.r.pitch_change(0)*10", 0, 0]
				},
				"feathers_right3": {
					"rotation": ["q.r.pitch_change(0)*10+math.abs(q.r.yaw_change(0)*5)", 0, "-(q.r.pitch_change(0)*5))"]
				},
				"feathers_right4": {
					"rotation": [0, 0, "-(q.r.pitch_change(0))*-10+math.abs(q.r.yaw_change(0)*5))"]
				},
				"head_crest_top": {
					"rotation": ["math.clamp((q.r.pitch_change(0)*5),0,5)", 0, 0]
				},
				"head_feather_right": {
					"rotation": ["math.clamp((q.r.pitch_change(0)*5),0,5)", "math.clamp((q.r.pitch_change(0)*10),10,0)", 0]
				},
				"head_feather_left": {
					"rotation": ["math.clamp((q.r.pitch_change(0)*5),0,5)", "math.clamp((q.r.pitch_change(0)*-10),-10,0)", 0]
				},
				"tail_feathers": {
					"rotation": [0, "q.r.yaw_change*5", "q.r.yaw_change*5"]
				},
				"wing_open_left3": {
					"rotation": [0, 0, "-math.abs(q.r.yaw_change(0)*5)"]
				},
				"feathers_left6": {
					"rotation": ["math.abs(q.r.yaw_change(0)*10)", 0, 0]
				},
				"wing_open_left4": {
					"rotation": [0, 0, "-math.abs(q.r.yaw_change(0)*5)"]
				},
				"feathers_left5": {
					"rotation": [0, 0, "-math.abs(q.r.yaw_change(0)*10)"]
				},
				"wing_open_right3": {
					"rotation": [0, 0, "math.abs(q.r.yaw_change(0)*5)"]
				},
				"feathers_right6": {
					"rotation": ["math.abs(q.r.yaw_change(0)*10)", 0, 0]
				},
				"wing_open_right4": {
					"rotation": [0, 0, "math.abs(q.r.yaw_change(0)*5)"]
				},
				"feathers_right5": {
					"rotation": [0, 0, "math.abs(q.r.yaw_change(0)*10)"]
				},
				"locator_seat_1": {
					"rotation": [0, "q.r.yaw_change(0)*10", "q.r.yaw_change(0)*5"]
				}
			}
		},
		"animation.braviary.ride_air_dive": {
			"loop": true,
			"bones": {
				"tail_feather_outer_left": {
					"rotation": ["q.r.dive*-2", "q.r.dive*-20", 0]
				},
				"tail_feather_outer_right": {
					"rotation": ["q.r.dive*-2", "-(q.r.dive*-20)", 0]
				},
				"tail_feather_inner_left": {
					"rotation": [0, "q.r.dive*-5", 0]
				},
				"tail_feather_inner_right": {
					"rotation": [0, "-(q.r.dive*-5)", 0]
				},
				"wing_open_left": {
					"rotation": ["q.r.dive(0)*20", "q.r.dive(0)*-80", "q.r.dive(0)*10"],
					"position": [0, "q.r.dive(0)*-1.5", 0]
				},
				"wing_open_left2": {
					"rotation": [0, "q.r.dive(0)*20", 0],
					"position": ["q.r.dive(0)*-5", 0, 0]
				},
				"feathers_left": {
					"rotation": [0, "q.r.dive(0)*20", 0],
					"position": ["q.r.dive(0)*5", 0, "q.r.dive(0)*-4"]
				},
				"wing_open_left3": {
					"rotation": [0, "q.r.dive(0)*30", 0],
					"position": ["q.r.dive(0)*-2", 0, 0]
				},
				"feathers_left2": {
					"rotation": [0, "q.r.dive(0)*-40", 0],
					"position": ["q.r.dive(0)*2", 0, "q.r.dive(0)*-2"]
				},
				"feathers_left3": {
					"rotation": ["q.r.dive(0)*2", "q.r.dive(0)*-40", 0],
					"position": [0, 0, "q.r.dive(0)*-1"]
				},
				"wing_open_left4": {
					"rotation": [0, "q.r.dive(0)*-30", 0]
				},
				"feathers_left4": {
					"rotation": [0, "q.r.dive(0)*-10", 0]
				},
				"wing_open_right": {
					"rotation": ["q.r.dive(0)*20", "-(q.r.dive(0)*-80)", "-(q.r.dive(0)*10)"],
					"position": [0, "q.r.dive(0)*-1.5", 0]
				},
				"wing_open_right2": {
					"rotation": [0, "-(q.r.dive(0)*20)", 0],
					"position": ["-(q.r.dive(0)*-5)", 0, 0]
				},
				"feathers_right": {
					"rotation": [0, "-(q.r.dive(0)*20)", 0],
					"position": ["-(q.r.dive(0)*5)", 0, "q.r.dive(0)*-4"]
				},
				"wing_open_right3": {
					"rotation": [0, "-(q.r.dive(0)*30)", 0],
					"position": ["-(q.r.dive(0)*-2)", 0, 0]
				},
				"feathers_right2": {
					"rotation": [0, "-(q.r.dive(0)*-40)", 0],
					"position": ["-(q.r.dive(0)*2)", 0, "q.r.dive(0)*-2"]
				},
				"feathers_right3": {
					"rotation": ["q.r.dive(0)*2", "-(q.r.dive(0)*-40)", 0],
					"position": [0, 0, "q.r.dive(0)*-1"]
				},
				"wing_open_right4": {
					"rotation": [0, "-(q.r.dive(0)*-30)", 0]
				},
				"feathers_right4": {
					"rotation": [0, "-(q.r.dive(0)*-10)", 0]
				},
				"neck1": {
					"rotation": ["q.r.dive*20", 0, 0]
				},
				"neck2": {
					"rotation": ["q.r.dive*-10", 0, 0]
				},
				"head": {
					"rotation": ["q.r.dive*-10", 0, 0]
				},
				"head_crest_top": {
					"rotation": ["q.r.dive(0)*5", 0, 0]
				},
				"hair": {
					"rotation": ["q.r.dive*10", 0, 0]
				},
				"leg_left": {
					"rotation": ["q.r.dive(0)*20", 0, 0],
					"position": [0, "q.r.dive(0)*-2", 0]
				},
				"leg_right": {
					"rotation": ["q.r.dive(0)*20", 0, 0],
					"position": [0, "q.r.dive(0)*-1.5", 0]
				}
			}
		},
		"animation.braviary.sleep": {
			"loop": true,
			"bones": {
				"torso": {
					"rotation": ["-38.5-math.sin(q.anim_time*90-90)", 12, -9],
					"position": [0, "math.sin(q.anim_time*90)/4", 0]
				},
				"tail": {
					"rotation": ["25-math.sin(q.anim_time*90-150)", 0, 0]
				},
				"tail_feather_outer_left": {
					"rotation": [1.46535, -22.49078, -0.3056]
				},
				"tail_feather_outer_right": {
					"rotation": [0, 20, 0]
				},
				"tail_feather_inner_left": {
					"rotation": [4.98543, -4.99364, -0.25267]
				},
				"tail_feather_inner_right": {
					"rotation": [2.48543, 4.99364, 0.25267]
				},
				"wing_closed_left2": {
					"rotation": [0, -7.5, 0]
				},
				"wing_closed_left3": {
					"rotation": [0, -5, 0]
				},
				"wing_closed_right": {
					"rotation": [0, -15, 15]
				},
				"wing_closed_right1": {
					"rotation": [0, 7.5, 0]
				},
				"wing_closed_right2": {
					"rotation": [0, 5, 0]
				},
				"wing_closed_right3": {
					"rotation": [0, 7.5, 0]
				},
				"wing_open_left": {
					"scale": 0
				},
				"wing_open_right": {
					"scale": 0
				},
				"neck1": {
					"rotation": ["4-math.sin(q.anim_time*90-150)", -24, -17.5],
					"position": [-0.6, -0.75, 2]
				},
				"neck2": {
					"rotation": [35, -32.5, 0],
					"position": [0, 0, 0.5]
				},
				"head": {
					"rotation": ["67-math.sin(q.anim_time*90-180)", -1.5, -46]
				},
				"eyelid_left": {
					"position": [0.1, 0, -0.1]
				},
				"eyelid_right": {
					"position": [-0.1, 0, -0.1]
				},
				"hair2": {
					"rotation": ["-10-math.sin(q.anim_time*90-210)", 0, 0]
				},
				"hair3": {
					"rotation": ["-32.5-math.sin(q.anim_time*90-240)*2", 0, 0]
				},
				"hair_tuft_back": {
					"rotation": ["-35-math.sin(q.anim_time*90-270)*4", 0, 0]
				},
				"thigh_left": {
					"rotation": ["-math.sin(q.anim_time*90)*8", -12.5, 0],
					"position": ["0.25-math.sin(q.anim_time*90)/8", "-0.1+math.sin(q.anim_time*90)/4", "-1+math.sin(q.anim_time*90)"]
				},
				"leg_left": {
					"rotation": ["math.sin(q.anim_time*90)*8", 0, 0],
					"position": [0, "math.sin(q.anim_time*90)/12", 0]
				},
				"toe_inner_left": {
					"rotation": [0, -5, 0]
				},
				"toe_outer_left": {
					"rotation": [0, 7.5, 0]
				},
				"thigh_right": {
					"rotation": ["-math.sin(q.anim_time*90)*8", 12.5, 0],
					"position": ["0.25+math.sin(q.anim_time*90)/8", "-0.1+math.sin(q.anim_time*90)/4", "math.sin(q.anim_time*90)"]
				},
				"leg_right": {
					"rotation": ["math.sin(q.anim_time*90)*8", 0, 0],
					"position": [0, "math.sin(q.anim_time*90)/8", 0]
				},
				"toe_inner_right": {
					"rotation": [0, 7.5, 0]
				},
				"toe_outer_right": {
					"rotation": [0, -7.5, 0]
				},
				"wing_closed_left": {
					"rotation": [0, -12.5, -20],
					"position": [3, -1, 0]
				},
				"locator_seat_1": {
					"rotation": [42.5, -27.5, -12.5]
				}
			}
		},
		"animation.braviary.cry": {
			"animation_length": 2,
			"bones": {
				"neck1": {
					"rotation": {
						"0.0": [0, 0, 0],
						"0.0833": [0, 0, 5],
						"0.2083": {
							"pre": [0, 0, -2.19],
							"post": [0, 0, -2.19],
							"lerp_mode": "catmullrom"
						},
						"0.3333": {
							"post": [0, 0, 0],
							"lerp_mode": "catmullrom"
						},
						"0.5": {
							"post": [0, 0, 0],
							"lerp_mode": "catmullrom"
						},
						"0.6667": [0, 0, 0],
						"0.875": {
							"pre": [0, 0, 0],
							"post": [0, 0, 0],
							"lerp_mode": "catmullrom"
						},
						"1.2083": {
							"post": [0, 0, 0],
							"lerp_mode": "catmullrom"
						},
						"1.75": {
							"post": [0, 0, 0],
							"lerp_mode": "catmullrom"
						},
						"2.0": [0, 0, 0]
					}
				},
				"neck2": {
					"rotation": {
						"0.0": [0, 0, 0],
						"0.3333": {
							"pre": [25, 0, 0],
							"post": [25, 0, 0],
							"lerp_mode": "catmullrom"
						},
						"0.5": {
							"post": [0, 0, 0],
							"lerp_mode": "catmullrom"
						},
						"0.6667": [0, 0, 0],
						"0.875": {
							"pre": [15, 0, 0],
							"post": [15, 0, 0],
							"lerp_mode": "catmullrom"
						},
						"1.2083": {
							"post": [0, 0, 0],
							"lerp_mode": "catmullrom"
						},
						"1.75": {
							"post": [0, 0, 0],
							"lerp_mode": "catmullrom"
						},
						"2.0": [0, 0, 0]
					},
					"position": {
						"0.0": [0, 0, 0],
						"0.5": [0, 0, 0],
						"0.875": {
							"pre": [0, 0, 0.7],
							"post": [0, 0, 0.7],
							"lerp_mode": "catmullrom"
						},
						"1.2083": [0, 0, 0]
					}
				},
				"head": {
					"rotation": {
						"0.0": [0, 0, 0],
						"0.0417": [0, "-math.sin(q.anim_time*90*20-30)*20", "math.sin(q.anim_time*90*20)*30"],
						"0.4167": [0, 0, 0],
						"0.5417": {
							"pre": [-22.5, 0, 0],
							"post": [-22.5, 0, 0],
							"lerp_mode": "catmullrom"
						},
						"0.875": {
							"post": [-22.46, 0, 0],
							"lerp_mode": "catmullrom"
						},
						"1.2083": {
							"post": [-22.5, 0, 0],
							"lerp_mode": "catmullrom"
						},
						"1.5417": {
							"post": [0, 0, 0],
							"lerp_mode": "catmullrom"
						},
						"2.0": [0, 0, 0]
					}
				},
				"jaw_open": {
					"rotation": {
						"0.0": [0, 0, 0],
						"0.4167": [0, 0, 0],
						"0.5": {
							"pre": [42.5, 0, 0],
							"post": [42.5, 0, 0],
							"lerp_mode": "catmullrom"
						},
						"0.5833": [42.5, 0, 0],
						"0.75": {
							"pre": [10, 0, 0],
							"post": [10, 0, 0],
							"lerp_mode": "catmullrom"
						},
						"1.0417": {
							"post": [42.5, 0, 0],
							"lerp_mode": "catmullrom"
						},
						"1.2917": {
							"post": [0, 0, 0],
							"lerp_mode": "catmullrom"
						},
						"2.0": [0, 0, 0]
					}
				},
				"hair2": {
					"rotation": {
						"0.0": [0, 0, 0],
						"0.0417": {
							"pre": [0, -7.5, -10],
							"post": [0, -7.5, -10],
							"lerp_mode": "catmullrom"
						},
						"0.125": {
							"post": [0, 10.03, 7.54],
							"lerp_mode": "catmullrom"
						},
						"0.25": {
							"post": [0, 0.14, 0.25],
							"lerp_mode": "catmullrom"
						},
						"0.375": {
							"post": [0, 7.33, 4.41],
							"lerp_mode": "catmullrom"
						},
						"0.4583": {
							"post": [10.3, 5.09, 3.05],
							"lerp_mode": "catmullrom"
						},
						"0.625": {
							"post": [0.02, 0.94, -0.02],
							"lerp_mode": "catmullrom"
						},
						"0.9167": {
							"post": [4.34, 0.51, -0.22],
							"lerp_mode": "catmullrom"
						},
						"1.0417": {
							"post": [6.7, 0.45, -0.21],
							"lerp_mode": "catmullrom"
						},
						"1.3333": {
							"post": [2.61, 0.33, -0.15],
							"lerp_mode": "catmullrom"
						},
						"2.0": [0, 0, 0]
					}
				},
				"hair3": {
					"rotation": {
						"0.0": [0, 0, 0],
						"0.0417": {
							"pre": [0, 0, -7.5],
							"post": [0, 0, -7.5],
							"lerp_mode": "catmullrom"
						},
						"0.125": {
							"post": [0, 0, 2.53],
							"lerp_mode": "catmullrom"
						},
						"0.2083": {
							"post": [0, 0, -7.33],
							"lerp_mode": "catmullrom"
						},
						"0.3333": {
							"post": [0, 0, -2.34],
							"lerp_mode": "catmullrom"
						},
						"0.4583": {
							"post": [5, 0, -4.58],
							"lerp_mode": "catmullrom"
						},
						"0.625": {
							"post": [30, 0, 0],
							"lerp_mode": "catmullrom"
						},
						"0.875": {
							"post": [10.75, 0, 0.24],
							"lerp_mode": "catmullrom"
						},
						"1.0833": {
							"post": [-1.74, 0, 0.22],
							"lerp_mode": "catmullrom"
						},
						"1.3333": {
							"post": [7.72, 0, 0.18],
							"lerp_mode": "catmullrom"
						},
						"1.5833": {
							"post": [2.59, 0, 0.07],
							"lerp_mode": "catmullrom"
						},
						"2.0": [0, 0, 0]
					}
				},
				"torso2": {
					"rotation": {
						"0.0": [0, 0, 0],
						"0.0833": {
							"pre": [0, 0, 1.5],
							"post": [0, 0, 1.5],
							"lerp_mode": "catmullrom"
						},
						"0.1667": {
							"post": [0, 0, -1.5],
							"lerp_mode": "catmullrom"
						},
						"0.375": {
							"post": [0, 0, 1.5],
							"lerp_mode": "catmullrom"
						},
						"0.5417": {
							"post": [0, 0, 0],
							"lerp_mode": "catmullrom"
						},
						"1.625": [0, 0, 0]
					}
				},
				"eyelid_left": {
					"position": {
						"0.0": [0, 0, 0],
						"0.0417": {
							"pre": [0, 0, 0],
							"post": [0.1, 0, -0.1]
						},
						"0.5": {
							"pre": [0.1, 0, -0.1],
							"post": [0, 0, 0]
						}
					}
				},
				"eyelid_right": {
					"position": {
						"0.0": [0, 0, 0],
						"0.0417": {
							"pre": [0, 0, 0],
							"post": [-0.1, 0, -0.1]
						},
						"0.5": {
							"pre": [-0.1, 0, -0.1],
							"post": [0, 0, 0]
						}
					}
				},
				"head_feathers": {
					"rotation": {
						"0.0": [0, 0, 0],
						"0.0833": {
							"pre": [0, -2.5, -2.5],
							"post": [0, -2.5, -2.5],
							"lerp_mode": "catmullrom"
						},
						"0.1667": {
							"post": [0, 2.52, 5],
							"lerp_mode": "catmullrom"
						},
						"0.25": {
							"post": [0, 0.06, -5],
							"lerp_mode": "catmullrom"
						},
						"0.375": {
							"post": [0, 2.47, -0.09],
							"lerp_mode": "catmullrom"
						},
						"1.7083": [0, 0, 0]
					}
				},
				"head_crest_top2": {
					"rotation": {
						"0.0": [0, 0, 0],
						"0.25": {
							"pre": [5, 0, 0],
							"post": [5, 0, 0],
							"lerp_mode": "catmullrom"
						},
						"0.5417": {
							"post": [12.5, 0, 0],
							"lerp_mode": "catmullrom"
						},
						"0.7083": {
							"post": [2.5, 0, 0],
							"lerp_mode": "catmullrom"
						},
						"0.9167": {
							"post": [3.83, 0, 0],
							"lerp_mode": "catmullrom"
						},
						"1.125": {
							"post": [7.89, 0, 0],
							"lerp_mode": "catmullrom"
						},
						"1.4167": {
							"post": [1.85, 0, 0],
							"lerp_mode": "catmullrom"
						},
						"1.875": [0, 0, 0]
					}
				},
				"head_crest_right2": {
					"rotation": {
						"0.0": [0, 0, 0],
						"0.25": {
							"pre": [5, 0, 0],
							"post": [5, 0, 0],
							"lerp_mode": "catmullrom"
						},
						"0.5417": {
							"post": [12.5, 0, 0],
							"lerp_mode": "catmullrom"
						},
						"0.7083": {
							"post": [2.5, 0, 0],
							"lerp_mode": "catmullrom"
						},
						"0.9167": {
							"post": [3.83, 0, 0],
							"lerp_mode": "catmullrom"
						},
						"1.125": {
							"post": [7.89, 0, 0],
							"lerp_mode": "catmullrom"
						},
						"1.4167": {
							"post": [1.85, 0, 0],
							"lerp_mode": "catmullrom"
						},
						"1.875": [0, 0, 0]
					}
				},
				"head_crest_left2": {
					"rotation": {
						"0.0": [0, 0, 0],
						"0.25": {
							"pre": [5, 0, 0],
							"post": [5, 0, 0],
							"lerp_mode": "catmullrom"
						},
						"0.5417": {
							"post": [12.5, 0, 0],
							"lerp_mode": "catmullrom"
						},
						"0.7083": {
							"post": [2.5, 0, 0],
							"lerp_mode": "catmullrom"
						},
						"0.9167": {
							"post": [3.83, 0, 0],
							"lerp_mode": "catmullrom"
						},
						"1.125": {
							"post": [7.89, 0, 0],
							"lerp_mode": "catmullrom"
						},
						"1.4167": {
							"post": [1.85, 0, 0],
							"lerp_mode": "catmullrom"
						},
						"1.875": [0, 0, 0]
					}
				},
				"head_feather_right": {
					"rotation": {
						"0.0": [0, 0, 0],
						"0.0417": {
							"pre": [0, -5, 0],
							"post": [0, -5, 0],
							"lerp_mode": "catmullrom"
						},
						"0.1667": {
							"post": [0, 10, 0],
							"lerp_mode": "catmullrom"
						},
						"0.4167": {
							"post": [0, 10, -5],
							"lerp_mode": "catmullrom"
						},
						"0.8333": {
							"post": [0, 0, 0],
							"lerp_mode": "catmullrom"
						},
						"1.875": [0, 0, 0]
					}
				},
				"head_feather_right2": {
					"rotation": {
						"0.0": [0, 0, 0],
						"0.25": {
							"pre": [5, 0, 0],
							"post": [5, 0, 0],
							"lerp_mode": "catmullrom"
						},
						"0.5417": {
							"post": [12.5, 0, 0],
							"lerp_mode": "catmullrom"
						},
						"0.7083": {
							"post": [2.5, 0, 0],
							"lerp_mode": "catmullrom"
						},
						"0.9167": {
							"post": [3.83, 0, 0],
							"lerp_mode": "catmullrom"
						},
						"1.125": {
							"post": [7.89, 0, 0],
							"lerp_mode": "catmullrom"
						},
						"1.4167": {
							"post": [1.85, 0, 0],
							"lerp_mode": "catmullrom"
						},
						"1.875": [0, 0, 0]
					}
				},
				"head_feather_right3": {
					"rotation": {
						"0.0": [0, 0, 0],
						"0.0833": {
							"pre": [-7.5, 0, 0],
							"post": [-7.5, 0, 0],
							"lerp_mode": "catmullrom"
						},
						"0.2083": {
							"post": [2.5, 0, 0],
							"lerp_mode": "catmullrom"
						},
						"0.375": {
							"post": [-5, 0, 0],
							"lerp_mode": "catmullrom"
						},
						"0.5": {
							"post": [-7.5, 0, 0],
							"lerp_mode": "catmullrom"
						},
						"0.7083": {
							"post": [7.5, 0, 0],
							"lerp_mode": "catmullrom"
						},
						"0.875": {
							"post": [2.5, 0, 0],
							"lerp_mode": "catmullrom"
						},
						"1.1667": {
							"post": [0, 0, 0],
							"lerp_mode": "catmullrom"
						},
						"1.4167": {
							"post": [7.5, 0, 0],
							"lerp_mode": "catmullrom"
						},
						"1.9167": [0, 0, 0]
					}
				},
				"head_feather_right4": {
					"rotation": {
						"0.0": [0, 0, 0],
						"0.0833": {
							"pre": [-7.5, 0, 0],
							"post": [-7.5, 0, 0],
							"lerp_mode": "catmullrom"
						},
						"0.2083": {
							"post": [2.5, 0, 0],
							"lerp_mode": "catmullrom"
						},
						"0.375": {
							"post": [-5, 0, 0],
							"lerp_mode": "catmullrom"
						},
						"0.5": {
							"post": [-7.5, 0, -5],
							"lerp_mode": "catmullrom"
						},
						"0.7083": {
							"post": [7.5, 0, 2.5],
							"lerp_mode": "catmullrom"
						},
						"0.875": {
							"post": [2.5, 0, 0],
							"lerp_mode": "catmullrom"
						},
						"1.1667": {
							"post": [0, 0, -7.5],
							"lerp_mode": "catmullrom"
						},
						"1.4167": {
							"post": [7.5, 0, 2.5],
							"lerp_mode": "catmullrom"
						},
						"1.9167": [0, 0, 0]
					}
				},
				"head_feather_right5": {
					"rotation": {
						"0.0": [0, 0, 0],
						"0.0833": {
							"pre": [-7.5, 0, 2.5],
							"post": [-7.5, 0, 2.5],
							"lerp_mode": "catmullrom"
						},
						"0.2083": {
							"post": [2.5, 0, -7.5],
							"lerp_mode": "catmullrom"
						},
						"0.375": {
							"post": [-5, 0, 2.5],
							"lerp_mode": "catmullrom"
						},
						"0.5": {
							"post": [-7.5, 0, -5],
							"lerp_mode": "catmullrom"
						},
						"0.7083": {
							"post": [7.5, 0, 2.5],
							"lerp_mode": "catmullrom"
						},
						"0.875": {
							"post": [2.5, 0, 5],
							"lerp_mode": "catmullrom"
						},
						"1.1667": {
							"post": [0, 0, -5],
							"lerp_mode": "catmullrom"
						},
						"1.4167": {
							"post": [7.5, 0, 2.5],
							"lerp_mode": "catmullrom"
						},
						"1.9167": [0, 0, 0]
					}
				},
				"head_feather_left": {
					"rotation": {
						"0.0": [0, 0, 0],
						"0.0417": {
							"pre": [0, -5, 0],
							"post": [0, -5, 0],
							"lerp_mode": "catmullrom"
						},
						"0.1667": {
							"post": [0, 10, 0],
							"lerp_mode": "catmullrom"
						},
						"0.4167": {
							"post": [0, 10, -5],
							"lerp_mode": "catmullrom"
						},
						"0.8333": {
							"post": [0, 0, 0],
							"lerp_mode": "catmullrom"
						},
						"1.875": [0, 0, 0]
					}
				},
				"head_feather_left2": {
					"rotation": {
						"0.0": [0, 0, 0],
						"0.25": {
							"pre": [5, 0, 0],
							"post": [5, 0, 0],
							"lerp_mode": "catmullrom"
						},
						"0.5417": {
							"post": [12.5, 0, 0],
							"lerp_mode": "catmullrom"
						},
						"0.7083": {
							"post": [2.5, 0, 0],
							"lerp_mode": "catmullrom"
						},
						"0.9167": {
							"post": [3.83, 0, 0],
							"lerp_mode": "catmullrom"
						},
						"1.125": {
							"post": [7.89, 0, 0],
							"lerp_mode": "catmullrom"
						},
						"1.4167": {
							"post": [1.85, 0, 0],
							"lerp_mode": "catmullrom"
						},
						"1.875": [0, 0, 0]
					}
				},
				"head_feather_left3": {
					"rotation": {
						"0.0": [0, 0, 0],
						"0.0833": {
							"pre": [-7.5, 0, 0],
							"post": [-7.5, 0, 0],
							"lerp_mode": "catmullrom"
						},
						"0.2083": {
							"post": [2.5, 0, 0],
							"lerp_mode": "catmullrom"
						},
						"0.375": {
							"post": [-5, 0, 0],
							"lerp_mode": "catmullrom"
						},
						"0.5": {
							"post": [-7.5, 0, 0],
							"lerp_mode": "catmullrom"
						},
						"0.7083": {
							"post": [7.5, 0, 0],
							"lerp_mode": "catmullrom"
						},
						"0.875": {
							"post": [2.5, 0, 0],
							"lerp_mode": "catmullrom"
						},
						"1.1667": {
							"post": [0, 0, 0],
							"lerp_mode": "catmullrom"
						},
						"1.4167": {
							"post": [7.5, 0, 0],
							"lerp_mode": "catmullrom"
						},
						"1.9167": [0, 0, 0]
					}
				},
				"head_feather_left4": {
					"rotation": {
						"0.0": [0, 0, 0],
						"0.0833": {
							"pre": [-7.5, 0, 0],
							"post": [-7.5, 0, 0],
							"lerp_mode": "catmullrom"
						},
						"0.2083": {
							"post": [2.5, 0, 0],
							"lerp_mode": "catmullrom"
						},
						"0.375": {
							"post": [-5, 0, 0],
							"lerp_mode": "catmullrom"
						},
						"0.5": {
							"post": [-7.5, 0, 5],
							"lerp_mode": "catmullrom"
						},
						"0.7083": {
							"post": [7.5, 0, -2.5],
							"lerp_mode": "catmullrom"
						},
						"0.875": {
							"post": [2.5, 0, 0],
							"lerp_mode": "catmullrom"
						},
						"1.1667": {
							"post": [0, 0, 7.5],
							"lerp_mode": "catmullrom"
						},
						"1.4167": {
							"post": [7.5, 0, -2.5],
							"lerp_mode": "catmullrom"
						},
						"1.9167": [0, 0, 0]
					}
				},
				"head_feather_left5": {
					"rotation": {
						"0.0": [0, 0, 0],
						"0.0833": {
							"pre": [-7.5, 0, -2.5],
							"post": [-7.5, 0, -2.5],
							"lerp_mode": "catmullrom"
						},
						"0.2083": {
							"post": [2.5, 0, 7.5],
							"lerp_mode": "catmullrom"
						},
						"0.375": {
							"post": [-5, 0, -2.5],
							"lerp_mode": "catmullrom"
						},
						"0.5": {
							"post": [-7.5, 0, 5],
							"lerp_mode": "catmullrom"
						},
						"0.7083": {
							"post": [7.5, 0, -2.5],
							"lerp_mode": "catmullrom"
						},
						"0.875": {
							"post": [2.5, 0, -5],
							"lerp_mode": "catmullrom"
						},
						"1.1667": {
							"post": [0, 0, 5],
							"lerp_mode": "catmullrom"
						},
						"1.4167": {
							"post": [7.5, 0, -2.5],
							"lerp_mode": "catmullrom"
						},
						"1.9167": [0, 0, 0]
					}
				},
				"hair": {
					"rotation": {
						"0.0": [0, 0, 0],
						"0.0833": {
							"pre": [0, -7.5, -5],
							"post": [0, -7.5, -5],
							"lerp_mode": "catmullrom"
						},
						"0.1667": {
							"post": [0, 5, 5],
							"lerp_mode": "catmullrom"
						},
						"0.25": {
							"post": [0, -7.5, -5],
							"lerp_mode": "catmullrom"
						},
						"0.375": {
							"post": [0, 2.5, 2.5],
							"lerp_mode": "catmullrom"
						},
						"0.5": {
							"post": [5, 2.5, 2.5],
							"lerp_mode": "catmullrom"
						},
						"0.7083": {
							"post": [0, 2.5, 2.5],
							"lerp_mode": "catmullrom"
						},
						"0.9167": {
							"post": [2.5, 2.5, 2.5],
							"lerp_mode": "catmullrom"
						},
						"1.25": {
							"post": [-2.5, 2.5, 2.5],
							"lerp_mode": "catmullrom"
						},
						"1.9167": [0, 0, 0]
					}
				},
				"hair_tuft_back": {
					"rotation": {
						"0.0": [0, 0, 0],
						"0.0833": {
							"pre": [0, 0, 10],
							"post": [0, 0, 10],
							"lerp_mode": "catmullrom"
						},
						"0.1667": {
							"post": [0, 0, -10],
							"lerp_mode": "catmullrom"
						},
						"0.25": {
							"post": [0, 0, 12.5],
							"lerp_mode": "catmullrom"
						},
						"0.375": {
							"post": [10, 0, -5],
							"lerp_mode": "catmullrom"
						},
						"0.5417": {
							"post": [25, 0, -5],
							"lerp_mode": "catmullrom"
						},
						"0.7083": {
							"post": [-20, 0, 0],
							"lerp_mode": "catmullrom"
						},
						"0.9583": {
							"post": [10, 0, 0],
							"lerp_mode": "catmullrom"
						},
						"1.2083": {
							"post": [17.5, 0, 0],
							"lerp_mode": "catmullrom"
						},
						"1.4167": {
							"post": [-17.5, 0, 0],
							"lerp_mode": "catmullrom"
						},
						"1.75": {
							"post": [-2.5, 0, 0],
							"lerp_mode": "catmullrom"
						},
						"2.0": [0, 0, 0]
					}
				}
			},
			"sound_effects": {
				"0.3333": {
					"effect": "pokemon.braviary.cry"
				}
			}
		},
		"animation.braviary.recoil": {
			"animation_length": 1,
			"bones": {
				"torso": {
					"rotation": {
						"0.0": [0, 0, 0],
						"0.1667": {
							"pre": [-2, 0, 0],
							"post": [-2, 0, 0],
							"lerp_mode": "catmullrom"
						},
						"0.3333": {
							"post": [-1.91, 0, 0],
							"lerp_mode": "catmullrom"
						},
						"0.5833": {
							"post": [1.38, 0, 0],
							"lerp_mode": "catmullrom"
						},
						"0.9167": [0, 0, 0]
					},
					"position": {
						"0.0": [0, 0, 0],
						"0.125": {
							"pre": [0, 0, 0.5],
							"post": [0, 0, 0.5],
							"lerp_mode": "catmullrom"
						},
						"0.375": {
							"post": [0, 0, 0],
							"lerp_mode": "catmullrom"
						},
						"0.5417": [0, 0, 0]
					}
				},
				"neck1": {
					"rotation": {
						"0.0": [0, 0, 0],
						"0.0833": {
							"pre": [-20, 0, 0],
							"post": [-20, 0, 0],
							"lerp_mode": "catmullrom"
						},
						"0.25": {
							"post": [-20, 0, 0],
							"lerp_mode": "catmullrom"
						},
						"0.5": {
							"post": [-3.1, 0, 0],
							"lerp_mode": "catmullrom"
						},
						"0.875": [0, 0, 0]
					}
				},
				"neck2": {
					"rotation": {
						"0.0": [0, 0, 0],
						"0.0833": {
							"pre": [11.4, 0, 0],
							"post": [11.4, 0, 0],
							"lerp_mode": "catmullrom"
						},
						"0.2083": {
							"post": [9.7, 0, 0],
							"lerp_mode": "catmullrom"
						},
						"0.4167": {
							"post": [2, 0, 0],
							"lerp_mode": "catmullrom"
						},
						"0.875": [0, 0, 0]
					}
				},
				"head": {
					"rotation": {
						"0.0": [0, 0, 0],
						"0.0833": {
							"pre": [7.5, 0, 0],
							"post": [7.5, 0, 0],
							"lerp_mode": "catmullrom"
						},
						"0.4583": {
							"post": [-23.67, 0, 0],
							"lerp_mode": "catmullrom"
						},
						"0.7083": {
							"post": [-2.5, 0, 0],
							"lerp_mode": "catmullrom"
						},
						"0.9167": [0, 0, 0]
					}
				},
				"eyelid_left": {
					"position": {
						"0.0": [0.1, 0, -0.1],
						"0.5": {
							"pre": [0.1, 0, -0.1],
							"post": [0, 0, 0]
						}
					}
				},
				"eyelid_right": {
					"position": {
						"0.0": [-0.1, 0, -0.1],
						"0.5": {
							"pre": [-0.1, 0, -0.1],
							"post": [0, 0, 0]
						}
					}
				},
				"jaw_open": {
					"rotation": {
						"0.0": [0, 0, 0],
						"0.25": [45, 0, 0],
						"0.4583": {
							"pre": [0, 0, 0],
							"post": [0, 0, 0],
							"lerp_mode": "catmullrom"
						},
						"0.625": [0, 0, 0]
					}
				},
				"hair2": {
					"rotation": {
						"0.0": [0, 0, 0],
						"0.125": {
							"pre": [-17.5, 0, 0],
							"post": [-17.5, 0, 0],
							"lerp_mode": "catmullrom"
						},
						"0.4167": {
							"post": [0.29, 0, 0],
							"lerp_mode": "catmullrom"
						},
						"0.625": {
							"post": [-2.8, 0, 0],
							"lerp_mode": "catmullrom"
						},
						"0.9583": [0, 0, 0]
					}
				},
				"hair3": {
					"rotation": {
						"0.0": [0, 0, 0],
						"0.125": {
							"pre": [30, 0, 0],
							"post": [30, 0, 0],
							"lerp_mode": "catmullrom"
						},
						"0.4583": {
							"post": [35, 0, 0],
							"lerp_mode": "catmullrom"
						},
						"0.625": {
							"post": [20, 0, 0],
							"lerp_mode": "catmullrom"
						},
						"0.875": [0, 0, 0]
					}
				},
				"torso2": {
					"rotation": {
						"0.0": [0, 0, 0],
						"0.1667": {
							"pre": [-2, 0, 0],
							"post": [-2, 0, 0],
							"lerp_mode": "catmullrom"
						},
						"0.3333": {
							"post": [-1.94, 0, 0],
							"lerp_mode": "catmullrom"
						},
						"0.625": {
							"post": [-0.47, 0, 0],
							"lerp_mode": "catmullrom"
						},
						"0.9167": [0, 0, 0]
					}
				},
				"hair": {
					"rotation": {
						"0.0": [0, 0, 0],
						"0.1667": {
							"pre": [-7.5, 0, 0],
							"post": [-7.5, 0, 0],
							"lerp_mode": "catmullrom"
						},
						"0.5833": {
							"post": [-1, 0, 0],
							"lerp_mode": "catmullrom"
						},
						"0.875": [0, 0, 0]
					}
				},
				"hair_tuft_back": {
					"rotation": {
						"0.0": [0, 0, 0],
						"0.1667": {
							"pre": [22.5, 0, 0],
							"post": [22.5, 0, 0],
							"lerp_mode": "catmullrom"
						},
						"0.3333": {
							"post": [20.5, 0, 0],
							"lerp_mode": "catmullrom"
						},
						"0.7083": {
							"post": [-9.75, 0, 0],
							"lerp_mode": "catmullrom"
						},
						"1.0": [0, 0, 0]
					}
				}
			}
		},
		"animation.braviary.blink": {
			"animation_length": 0.1667,
			"bones": {
				"eyelid_left": {
					"position": {
						"0.0": [0.1, 0, -0.1],
						"0.125": {
							"pre": [0.1, 0, -0.1],
							"post": [0.1, 0, -0.1]
						},
						"0.1667": {
							"pre": [0.1, 0, -0.1],
							"post": [0, 0, 0]
						}
					}
				},
				"eyelid_right": {
					"position": {
						"0.0": [-0.1, 0, -0.1],
						"0.125": {
							"pre": [-0.1, 0, -0.1],
							"post": [-0.1, 0, -0.1]
						},
						"0.1667": {
							"pre": [-0.1, 0, -0.1],
							"post": [0, 0, 0]
						}
					}
				}
			}
		},
		"animation.braviary.walkspeedtest": {
			"loop": true,
			"bones": {
				"braviary": {
					"position": [0, 0, "47-q.anim_time*90*0.2"]
				}
			}
		},
		"animation.braviary.scaletest": {
			"loop": true,
			"bones": {
				"braviary": {
					"scale": 0.8
				}
			}
		}
	}
}