{
	"format_version": "1.8.0",
	"animations": {
		"animation.braviary_hisuian.ground_idle": {
			"loop": true,
			"bones": {
				"torso": {
					"rotation": ["-17.5-math.sin(q.anim_time*90*2-90)", 0, "math.sin(q.anim_time*90)"],
					"position": [0, "-3.5+math.sin(q.anim_time*90*2)/4", 1.2]
				},
				"tail": {
					"rotation": ["5+math.sin(q.anim_time*90*2-150)*2", 0, 0]
				},
				"tail_feathers": {
					"rotation": [17.5, 0, 0]
				},
				"torso2": {
					"rotation": ["-35+math.sin(q.anim_time*90*2-90)*2", 0, 0],
					"position": [0, 0, 0.6]
				},
				"wing_closed_left3": {
					"rotation": ["12.5-math.sin(q.anim_time*90*2-240)", -7.5, 0]
				},
				"wing_closed_left4": {
					"rotation": ["12.5-math.sin(q.anim_time*90*2-300)*2", -12.5, 0],
					"position": [0, 0.5, 0]
				},
				"neck": {
					"rotation": ["10-math.sin(q.anim_time*90*2-90)*2", 0, "-math.sin(q.anim_time*90)"],
					"position": [0, -0.5, 0]
				},
				"neck2": {
					"rotation": [12.5, "math.sin(q.anim_time*90)", 0]
				},
				"head": {
					"rotation": ["25+math.sin(q.anim_time*90*2-90)", 0, 0]
				},
				"hair2": {
					"rotation": ["-17.5+math.sin(q.anim_time*90*2-210)*2", 0, 0]
				},
				"hair3": {
					"rotation": ["-2.5+math.sin(q.anim_time*90*2-270)*4", 0, 0]
				},
				"thigh_right": {
					"rotation": ["20-math.sin(q.anim_time*90*2+30)*6", "15+math.sin(q.anim_time*90*2+30)/12", 0],
					"position": ["math.sin(q.anim_time*90*2+30)/5", "-1.25+math.sin(q.anim_time*90*2+30)/1.7", "-2+math.sin(q.anim_time*90*2+30)*0.75"]
				},
				"wing_closed_left": {
					"rotation": ["-math.sin(q.anim_time*90*2-150)", 2.5, 0],
					"position": [0.04533, 0, 0.25709]
				},
				"wing_closed_right": {
					"rotation": ["-math.sin(q.anim_time*90*2-150)", -2.5, 0],
					"position": [-0.04533, 0, 0.25709]
				},
				"wing_closed_right3": {
					"rotation": ["12.5-math.sin(q.anim_time*90*2-240)", 7.5, 0]
				},
				"wing_closed_right4": {
					"rotation": ["12.5-math.sin(q.anim_time*90*2-300)*2", 15, 0],
					"position": [0, 0.5, 0]
				},
				"wing_open_left": {
					"rotation": [87.5, -77.5, 0],
					"position": [1, -5, 0],
					"scale": 0
				},
				"wing_open_left2": {
					"rotation": [0, -12.5, 7.5]
				},
				"wing_open_left3": {
					"rotation": [0, -22.5, 0]
				},
				"wing_open_left4": {
					"rotation": [0, -5, 0]
				},
				"wing_open_right": {
					"rotation": [87.5, 77.5, 0],
					"position": [-1, -5, 0],
					"scale": 0
				},
				"wing_open_right2": {
					"rotation": [0, 12.5, -7.5]
				},
				"wing_open_right3": {
					"rotation": [0, 22.5, 0]
				},
				"wing_open_right4": {
					"rotation": [0, 5, 0]
				},
				"hair": {
					"rotation": ["-10+math.sin(q.anim_time*90*2-150)*2", 0, 0]
				},
				"thigh_left": {
					"rotation": ["20-math.sin(q.anim_time*90*2+30)*6", "-15-math.sin(q.anim_time*90*2+30)/12", 0],
					"position": ["-math.sin(q.anim_time*90*2+30)/5", "-1.25+math.sin(q.anim_time*90*2+30)/1.7", "-2+math.sin(q.anim_time*90*2+30)*0.75"]
				},
				"tail_feather_outer_left": {
					"rotation": ["math.sin(q.anim_time*90*2-300)*4", -27.5, -7.5]
				},
				"tail_feather_outer_right": {
					"rotation": ["math.sin(q.anim_time*90*2-300)*4", 27.5, 7.5]
				},
				"tail_feather_inner_left": {
					"rotation": ["math.sin(q.anim_time*90*2-300)*4", 0, 0]
				},
				"tail_feather_inner_right": {
					"rotation": ["math.sin(q.anim_time*90*2-300)*4", 0, 0]
				},
				"hair4": {
					"rotation": ["math.sin(q.anim_time*90*2-300)*4", 0, 0]
				},
				"hair_strands_right6": {
					"rotation": ["math.sin(q.anim_time*90*2-310)*6", 0, 0]
				},
				"hair_strands_left6": {
					"rotation": ["math.sin(q.anim_time*90*2-350)*6", 0, 0]
				},
				"hair_strands_end": {
					"rotation": ["math.sin(q.anim_time*90*2-330)*6", 0, 0]
				},
				"leg_left": {
					"rotation": ["-20+math.sin(q.anim_time*90*2+30)*6", 0, 0]
				},
				"toe_middle_left": {
					"rotation": [-5, 0, 0]
				},
				"toe_middle_left2": {
					"rotation": [5, 0, 0]
				},
				"toe_inner_left": {
					"rotation": [-5, 0, 0]
				},
				"toe_inner_left2": {
					"rotation": [5, 0, 0]
				},
				"toe_outer_left": {
					"rotation": [-7.5, 0, 0]
				},
				"toe_outer_left2": {
					"rotation": [7.5, 0, 0]
				},
				"toe_back_left": {
					"rotation": [5, 0, 0]
				},
				"leg_right": {
					"rotation": ["-20+math.sin(q.anim_time*90*2+30)*6", 0, 0]
				},
				"toe_middle_right": {
					"rotation": [-5, 0, 0]
				},
				"toe_middle_right2": {
					"rotation": [5, 0, 0]
				},
				"toe_inner_right": {
					"rotation": [-5, 0, 0]
				},
				"toe_inner_right2": {
					"rotation": [5, 0, 0]
				},
				"toe_outer_right": {
					"rotation": [-7.5, 0, 0]
				},
				"toe_outer_right2": {
					"rotation": [7.5, 0, 0]
				},
				"toe_back_right": {
					"rotation": [5, 0, 0]
				},
				"head_crest_middle": {
					"rotation": [0, 0, "math.sin(q.anim_time*90*20-60)*2"]
				},
				"head_crest_left": {
					"rotation": [0, 0, "-(math.sin(q.anim_time*90*20))"]
				},
				"head_crest_right": {
					"rotation": [0, 0, "math.sin(q.anim_time*90*20)"]
				},
				"locator_seat_1": {
					"rotation": [55, 0, 0],
					"position": [0, 1, -1.5]
				}
			}
		},
		"animation.braviary_hisuian.ground_walk": {
			"loop": true,
			"animation_length": 1.5,
			"bones": {
				"torso": {
					"rotation": {
						"0.0": [-5, "-math.sin(q.anim_time*90*8/3-90)*5", "math.sin(q.anim_time*90*8/3-90)*6"],
						"0.125": {
							"pre": [3, "-math.sin(q.anim_time*90*8/3-90)*5", "math.sin(q.anim_time*90*8/3-90)*6"],
							"post": [3, "-math.sin(q.anim_time*90*8/3-90)*5", "math.sin(q.anim_time*90*8/3-90)*6"],
							"lerp_mode": "catmullrom"
						},
						"0.25": {
							"post": [3, "-math.sin(q.anim_time*90*8/3-90)*5", "math.sin(q.anim_time*90*8/3-90)*6"],
							"lerp_mode": "catmullrom"
						},
						"0.75": [-5, "-math.sin(q.anim_time*90*8/3-90)*5", "math.sin(q.anim_time*90*8/3-90)*6"],
						"0.875": {
							"pre": [3, "-math.sin(q.anim_time*90*8/3-90)*5", "math.sin(q.anim_time*90*8/3-90)*6"],
							"post": [3, "-math.sin(q.anim_time*90*8/3-90)*5", "math.sin(q.anim_time*90*8/3-90)*6"],
							"lerp_mode": "catmullrom"
						},
						"1.0": {
							"post": [3, "-math.sin(q.anim_time*90*8/3-90)*5", "math.sin(q.anim_time*90*8/3-90)*6"],
							"lerp_mode": "catmullrom"
						},
						"1.5": [-5, "-math.sin(q.anim_time*90*8/3-90)*5", "math.sin(q.anim_time*90*8/3-90)*6"]
					},
					"position": {
						"0.0": [0, -3.25, 0],
						"0.1667": {
							"pre": [0, -2, 0],
							"post": [0, -2, 0],
							"lerp_mode": "catmullrom"
						},
						"0.5417": {
							"post": [0, -1.5, 0],
							"lerp_mode": "catmullrom"
						},
						"0.75": [0, -3.25, 0],
						"0.9167": {
							"pre": [0, -2, 0],
							"post": [0, -2, 0],
							"lerp_mode": "catmullrom"
						},
						"1.2917": {
							"post": [0, -1.5, 0],
							"lerp_mode": "catmullrom"
						},
						"1.5": [0, -3.25, 0]
					}
				},
				"tail": {
					"rotation": [-0.9641, "math.sin(q.anim_time*90*8/3-60)*6", 0],
					"position": [0, 0.75, 0]
				},
				"tail_feathers": {
					"rotation": [17.5, 0, 0]
				},
				"chest": {
					"rotation": {
						"0.0": [-17.5, "math.sin(q.anim_time*90*8/3-90)*4", "-math.sin(q.anim_time*90*8/3-60)*4"],
						"0.2083": {
							"pre": [-10, "math.sin(q.anim_time*90*8/3-90)*4", "-math.sin(q.anim_time*90*8/3-60)*4"],
							"post": [-10, "math.sin(q.anim_time*90*8/3-90)*4", "-math.sin(q.anim_time*90*8/3-60)*4"],
							"lerp_mode": "catmullrom"
						},
						"0.3333": {
							"post": [-10, "math.sin(q.anim_time*90*8/3-90)*4", "-math.sin(q.anim_time*90*8/3-60)*4"],
							"lerp_mode": "catmullrom"
						},
						"0.75": [-17.5, "math.sin(q.anim_time*90*8/3-90)*4", "-math.sin(q.anim_time*90*8/3-60)*4"],
						"0.9583": {
							"pre": [-10, "math.sin(q.anim_time*90*8/3-90)*4", "-math.sin(q.anim_time*90*8/3-60)*4"],
							"post": [-10, "math.sin(q.anim_time*90*8/3-90)*4", "-math.sin(q.anim_time*90*8/3-60)*4"],
							"lerp_mode": "catmullrom"
						},
						"1.0833": {
							"post": [-10, "math.sin(q.anim_time*90*8/3-90)*4", "-math.sin(q.anim_time*90*8/3-60)*4"],
							"lerp_mode": "catmullrom"
						},
						"1.5": [-17.5, "math.sin(q.anim_time*90*8/3-90)*4", "-math.sin(q.anim_time*90*8/3-60)*4"]
					}
				},
				"wing_closed_left3": {
					"rotation": {
						"0.0": [15, -10, 0],
						"0.25": {
							"pre": [20, -7.5, 0],
							"post": [20, -7.5, 0],
							"lerp_mode": "catmullrom"
						},
						"0.75": [15, -10, 0],
						"1.0": {
							"pre": [20, -7.5, 0],
							"post": [20, -7.5, 0],
							"lerp_mode": "catmullrom"
						},
						"1.5": [15, -10, 0]
					},
					"position": {
						"0.0": [0, 0, 0],
						"0.25": {
							"pre": [0, 0, -0.4],
							"post": [0, 0, -0.4],
							"lerp_mode": "catmullrom"
						},
						"0.75": [0, 0, 0],
						"1.0": {
							"pre": [0, 0, -0.4],
							"post": [0, 0, -0.4],
							"lerp_mode": "catmullrom"
						},
						"1.5": [0, 0, 0]
					}
				},
				"neck1": {
					"rotation": {
						"0.0": [2.5, 0, "-math.sin(q.anim_time*90*8/3-90)*2"],
						"0.2083": {
							"pre": [-25, 0, "-math.sin(q.anim_time*90*8/3-90)*2"],
							"post": [-25, 0, "-math.sin(q.anim_time*90*8/3-90)*2"],
							"lerp_mode": "catmullrom"
						},
						"0.75": [2.5, 0, "-math.sin(q.anim_time*90*8/3-90)*2"],
						"0.9583": {
							"pre": [-25, 0, "-math.sin(q.anim_time*90*8/3-90)*2"],
							"post": [-25, 0, "-math.sin(q.anim_time*90*8/3-90)*2"],
							"lerp_mode": "catmullrom"
						},
						"1.5": [2.5, 0, "-math.sin(q.anim_time*90*8/3-90)*2"]
					},
					"position": [0, -1, 0]
				},
				"neck2": {
					"rotation": {
						"0.0": [-12.25, 0, 0],
						"0.25": {
							"pre": [-14.75, 0, 0],
							"post": [-14.75, 0, 0],
							"lerp_mode": "catmullrom"
						},
						"0.75": [-12.25, 0, 0],
						"1.0": {
							"pre": [-14.75, 0, 0],
							"post": [-14.75, 0, 0],
							"lerp_mode": "catmullrom"
						},
						"1.5": [-12.25, 0, 0]
					}
				},
				"head": {
					"rotation": {
						"0.0": [0, 0, "-math.sin(q.anim_time*90*8/3)*2"],
						"0.125": {
							"pre": [-1.25, 0, "-1-math.sin(q.anim_time*90*8/3)*2"],
							"post": [-1.25, 0, "-1-math.sin(q.anim_time*90*8/3)*2"],
							"lerp_mode": "catmullrom"
						},
						"0.25": {
							"post": [7.5, 0, "-math.sin(q.anim_time*90*8/3)*2"],
							"lerp_mode": "catmullrom"
						},
						"0.75": [0, 0, "-math.sin(q.anim_time*90*8/3)*2"],
						"0.875": {
							"pre": [-1.25, 0, "-1-math.sin(q.anim_time*90*8/3)*2"],
							"post": [-1.25, 0, "-1-math.sin(q.anim_time*90*8/3)*2"],
							"lerp_mode": "catmullrom"
						},
						"1.0": {
							"post": [7.5, 0, "-math.sin(q.anim_time*90*8/3)*2"],
							"lerp_mode": "catmullrom"
						},
						"1.5": [0, 0, "-math.sin(q.anim_time*90*8/3)*2"]
					}
				},
				"thigh_left": {
					"rotation": {
						"0.0": [-37, 0.1, 0],
						"0.1667": [-24.5, 0.1, 0],
						"0.625": [18, 0.1, 0],
						"0.875": {
							"pre": [12.125, -4.1, 2.5],
							"post": [12.125, -4.1, 2.5],
							"lerp_mode": "catmullrom"
						},
						"1.0833": {
							"post": [-18.67361, -6.5, 3.3],
							"lerp_mode": "catmullrom"
						},
						"1.3333": {
							"post": [-41.52359, -4.1, 1.9],
							"lerp_mode": "catmullrom"
						},
						"1.5": [-37, 0.1, 0]
					},
					"position": {
						"0.0": [-0.04167, -2.41667, -4],
						"0.1667": [-0.04167, -1.36667, -3],
						"0.4167": [-0.04, -1.41, -1.33],
						"0.625": [-0.04167, -2.16667, 0],
						"0.9167": {
							"pre": [-0.04, 0.08, -0.32],
							"post": [-0.04, 0.08, -0.32],
							"lerp_mode": "catmullrom"
						},
						"1.1667": {
							"post": [-0.04, 0.59, -1.44],
							"lerp_mode": "catmullrom"
						},
						"1.3333": {
							"post": [-0.04, -0.68, -2.29],
							"lerp_mode": "catmullrom"
						},
						"1.5": [-0.04167, -2.41667, -4]
					}
				},
				"tail_fluff": {
					"rotation": {
						"0.0": [15.5, 0, 0],
						"0.1667": {
							"pre": [30.5, 0, 0],
							"post": [30.5, 0, 0],
							"lerp_mode": "catmullrom"
						},
						"0.4167": {
							"post": [30.5, 0, 0],
							"lerp_mode": "catmullrom"
						},
						"0.75": [15.5, 0, 0],
						"0.9167": {
							"pre": [30.5, 0, 0],
							"post": [30.5, 0, 0],
							"lerp_mode": "catmullrom"
						},
						"1.1667": {
							"post": [30.5, 0, 0],
							"lerp_mode": "catmullrom"
						},
						"1.5": [15.5, 0, 0]
					}
				},
				"wing_closed_left": {
					"rotation": {
						"0.0": [0, 10, -12.5],
						"0.25": {
							"pre": [0, 10, -17.5],
							"post": [0, 10, -17.5],
							"lerp_mode": "catmullrom"
						},
						"0.75": [0, 10, -12.5],
						"1.0": {
							"pre": [0, 10, -17.5],
							"post": [0, 10, -17.5],
							"lerp_mode": "catmullrom"
						},
						"1.5": [0, 10, -12.5]
					},
					"position": {
						"0.0": [0, 0.75, 0],
						"0.75": [0, 0.75, 0],
						"1.5": [0, 0.75, 0]
					}
				},
				"wing_closed_right": {
					"rotation": {
						"0.0": [0, -10, 12.5],
						"0.25": {
							"pre": [0, -10, 17.5],
							"post": [0, -10, 17.5],
							"lerp_mode": "catmullrom"
						},
						"0.75": [0, -10, 12.5],
						"1.0": {
							"pre": [0, -10, 17.5],
							"post": [0, -10, 17.5],
							"lerp_mode": "catmullrom"
						},
						"1.5": [0, -10, 12.5]
					},
					"position": {
						"0.0": [0, 0.75, 0],
						"0.75": [0, 0.75, 0],
						"1.5": [0, 0.75, 0]
					}
				},
				"wing_closed_right3": {
					"rotation": {
						"0.0": [15, 10, 0],
						"0.25": {
							"pre": [20, 7.5, 0],
							"post": [20, 7.5, 0],
							"lerp_mode": "catmullrom"
						},
						"0.75": [15, 10, 0],
						"1.0": {
							"pre": [20, 7.5, 0],
							"post": [20, 7.5, 0],
							"lerp_mode": "catmullrom"
						},
						"1.5": [15, 10, 0]
					},
					"position": {
						"0.0": [0, 0, 0],
						"0.25": {
							"pre": [0, 0, -0.4],
							"post": [0, 0, -0.4],
							"lerp_mode": "catmullrom"
						},
						"0.75": [0, 0, 0],
						"1.0": {
							"pre": [0, 0, -0.4],
							"post": [0, 0, -0.4],
							"lerp_mode": "catmullrom"
						},
						"1.5": [0, 0, 0]
					}
				},
				"wing_open_left": {
					"rotation": [87.5, -77.5, 0],
					"position": [1, -5, 0],
					"scale": 0
				},
				"wing_open_left2": {
					"rotation": [0, -12.5, 7.5]
				},
				"wing_open_left3": {
					"rotation": [0, -22.5, 0],
					"scale": 1
				},
				"wing_open_left4": {
					"rotation": [0, -5, 0]
				},
				"wing_open_right": {
					"rotation": [87.5, 77.5, 0],
					"position": [-1, -5, 0],
					"scale": 0
				},
				"wing_open_right2": {
					"rotation": [0, 12.5, -7.5]
				},
				"wing_open_right3": {
					"rotation": [0, 22.5, 0]
				},
				"wing_open_right4": {
					"rotation": [0, 5, 0]
				},
				"tail_feather_outer_left": {
					"rotation": {
						"0.0": [-2, -22.5, 0],
						"0.1667": {
							"pre": [-9.5, -22.5, 0],
							"post": [-9.5, -22.5, 0],
							"lerp_mode": "catmullrom"
						},
						"0.4167": {
							"post": [-9.5, -22.5, 0],
							"lerp_mode": "catmullrom"
						},
						"0.75": [-2, -22.5, 0],
						"0.9167": {
							"pre": [-9.5, -22.5, 0],
							"post": [-9.5, -22.5, 0],
							"lerp_mode": "catmullrom"
						},
						"1.1667": {
							"post": [-9.5, -22.5, 0],
							"lerp_mode": "catmullrom"
						},
						"1.5": [-2, -22.5, 0]
					}
				},
				"tail_feather_outer_right": {
					"rotation": {
						"0.0": [-2, 22.5, 0],
						"0.1667": {
							"pre": [-9.5, 22.5, 0],
							"post": [-9.5, 22.5, 0],
							"lerp_mode": "catmullrom"
						},
						"0.4167": {
							"post": [-9.5, 22.5, 0],
							"lerp_mode": "catmullrom"
						},
						"0.75": [-2, 22.5, 0],
						"0.9167": {
							"pre": [-9.5, 22.5, 0],
							"post": [-9.5, 22.5, 0],
							"lerp_mode": "catmullrom"
						},
						"1.1667": {
							"post": [-9.5, 22.5, 0],
							"lerp_mode": "catmullrom"
						},
						"1.5": [-2, 22.5, 0]
					}
				},
				"tail_feather_inner_left": {
					"rotation": {
						"0.0": [7.5, 0, -2.5],
						"0.1667": {
							"pre": [-2.5, 0, -2.5],
							"post": [-2.5, 0, -2.5],
							"lerp_mode": "catmullrom"
						},
						"0.4167": {
							"post": [-2.5, 0, -2.5],
							"lerp_mode": "catmullrom"
						},
						"0.75": [7.5, 0, -2.5],
						"0.9167": {
							"pre": [-2.5, 0, -2.5],
							"post": [-2.5, 0, -2.5],
							"lerp_mode": "catmullrom"
						},
						"1.1667": {
							"post": [-2.5, 0, -2.5],
							"lerp_mode": "catmullrom"
						},
						"1.5": [7.5, 0, -2.5]
					}
				},
				"tail_feather_inner_right": {
					"rotation": {
						"0.0": [7.5, 0, 2.5],
						"0.1667": {
							"pre": [-2.5, 0, 2.5],
							"post": [-2.5, 0, 2.5],
							"lerp_mode": "catmullrom"
						},
						"0.4167": {
							"post": [-2.5, 0, 2.5],
							"lerp_mode": "catmullrom"
						},
						"0.75": [7.5, 0, 2.5],
						"0.9167": {
							"pre": [-2.5, 0, 2.5],
							"post": [-2.5, 0, 2.5],
							"lerp_mode": "catmullrom"
						},
						"1.1667": {
							"post": [-2.5, 0, 2.5],
							"lerp_mode": "catmullrom"
						},
						"1.5": [7.5, 0, 2.5]
					}
				},
				"wing_closed_left1": {
					"rotation": {
						"0.0": [9.49873, -27.34723, -2.45824],
						"0.2083": {
							"pre": [8.42935, -14.99818, -0.2426],
							"post": [8.42935, -14.99818, -0.2426],
							"lerp_mode": "catmullrom"
						},
						"0.75": [9.49873, -27.34723, -2.45824],
						"0.9583": {
							"pre": [8.42935, -14.99818, -0.2426],
							"post": [8.42935, -14.99818, -0.2426],
							"lerp_mode": "catmullrom"
						},
						"1.5": [9.49873, -27.34723, -2.45824]
					},
					"position": {
						"0.0": [0, 0, 0],
						"0.75": [0, 0, 0],
						"1.5": [0, 0, 0]
					}
				},
				"wing_closed_right1": {
					"rotation": {
						"0.0": [9.49873, 27.34723, 2.45824],
						"0.2083": {
							"pre": [8.42935, 14.99818, 0.2426],
							"post": [8.42935, 14.99818, 0.2426],
							"lerp_mode": "catmullrom"
						},
						"0.75": [9.49873, 27.34723, 2.45824],
						"0.9583": {
							"pre": [8.42935, 14.99818, 0.2426],
							"post": [8.42935, 14.99818, 0.2426],
							"lerp_mode": "catmullrom"
						},
						"1.5": [9.49873, 27.34723, 2.45824]
					},
					"position": {
						"0.0": [0, 0, 0],
						"0.75": [0, 0, 0],
						"1.5": [0, 0, 0]
					}
				},
				"head_crest_top": {
					"rotation": {
						"0.0": [9, 0, 0],
						"0.25": {
							"pre": [21.5, 0, 0],
							"post": [21.5, 0, 0],
							"lerp_mode": "catmullrom"
						},
						"0.75": [9, 0, 0],
						"1.0": {
							"pre": [21.5, 0, 0],
							"post": [21.5, 0, 0],
							"lerp_mode": "catmullrom"
						},
						"1.5": [9, 0, 0]
					}
				},
				"head_crest_top2": {
					"rotation": {
						"0.0": [3, 0, 0],
						"0.1667": {
							"pre": [-14.5, 0, 0],
							"post": [-14.5, 0, 0],
							"lerp_mode": "catmullrom"
						},
						"0.4583": {
							"post": [-4.5, 0, 0],
							"lerp_mode": "catmullrom"
						},
						"0.75": [3, 0, 0],
						"0.9167": {
							"pre": [-14.5, 0, 0],
							"post": [-14.5, 0, 0],
							"lerp_mode": "catmullrom"
						},
						"1.2083": {
							"post": [-4.5, 0, 0],
							"lerp_mode": "catmullrom"
						},
						"1.5": [3, 0, 0]
					}
				},
				"head_feather_right": {
					"rotation": {
						"0.0": [5, 0, 0],
						"0.25": {
							"pre": [14.63697, 5.40592, -5.62224],
							"post": [14.63697, 5.40592, -5.62224],
							"lerp_mode": "catmullrom"
						},
						"0.75": [5, 0, 0],
						"1.0": {
							"pre": [14.63697, 5.40592, -5.62224],
							"post": [14.63697, 5.40592, -5.62224],
							"lerp_mode": "catmullrom"
						},
						"1.5": [5, 0, 0]
					}
				},
				"head_feather_right2": {
					"rotation": {
						"0.0": [2.59808, 0, 0],
						"0.1667": {
							"pre": [-12.4, 0, 0],
							"post": [-12.4, 0, 0],
							"lerp_mode": "catmullrom"
						},
						"0.4583": {
							"post": [0.1, 0, 0],
							"lerp_mode": "catmullrom"
						},
						"0.75": [2.59808, 0, 0],
						"0.9167": {
							"pre": [-12.4, 0, 0],
							"post": [-12.4, 0, 0],
							"lerp_mode": "catmullrom"
						},
						"1.2083": {
							"post": [0.1, 0, 0],
							"lerp_mode": "catmullrom"
						},
						"1.5": [2.59808, 0, 0]
					}
				},
				"head_feather_right3": {
					"rotation": {
						"0.0": [0, 0, 0],
						"0.25": {
							"pre": [0, -27.5, 0],
							"post": [0, -27.5, 0],
							"lerp_mode": "catmullrom"
						},
						"0.75": [0, 0, 0],
						"1.0": {
							"pre": [0, -27.5, 0],
							"post": [0, -27.5, 0],
							"lerp_mode": "catmullrom"
						},
						"1.5": [0, 0, 0]
					}
				},
				"head_feather_right4": {
					"rotation": {
						"0.0": [0, -1.5, 0],
						"0.3333": {
							"pre": [-15.07037, -2.2812, 11.1819],
							"post": [-15.07037, -2.2812, 11.1819],
							"lerp_mode": "catmullrom"
						},
						"0.75": [0, -1.5, 0],
						"1.0833": {
							"pre": [-15.07037, -2.2812, 11.1819],
							"post": [-15.07037, -2.2812, 11.1819],
							"lerp_mode": "catmullrom"
						},
						"1.5": [0, -1.5, 0]
					}
				},
				"head_feather_left": {
					"rotation": {
						"0.0": [5, 0, 0],
						"0.25": {
							"pre": [14.63697, -5.40592, 5.62224],
							"post": [14.63697, -5.40592, 5.62224],
							"lerp_mode": "catmullrom"
						},
						"0.75": [5, 0, 0],
						"1.0": {
							"pre": [14.63697, -5.40592, 5.62224],
							"post": [14.63697, -5.40592, 5.62224],
							"lerp_mode": "catmullrom"
						},
						"1.5": [5, 0, 0]
					}
				},
				"head_feather_left2": {
					"rotation": {
						"0.0": [2.59808, 0, 0],
						"0.1667": {
							"pre": [-12.4, 0, 0],
							"post": [-12.4, 0, 0],
							"lerp_mode": "catmullrom"
						},
						"0.4583": {
							"post": [0.1, 0, 0],
							"lerp_mode": "catmullrom"
						},
						"0.75": [2.59808, 0, 0],
						"0.9167": {
							"pre": [-12.4, 0, 0],
							"post": [-12.4, 0, 0],
							"lerp_mode": "catmullrom"
						},
						"1.2083": {
							"post": [0.1, 0, 0],
							"lerp_mode": "catmullrom"
						},
						"1.5": [2.59808, 0, 0]
					}
				},
				"head_feather_left3": {
					"rotation": {
						"0.0": [0, 0, 0],
						"0.25": {
							"pre": [0, 27.5, 0],
							"post": [0, 27.5, 0],
							"lerp_mode": "catmullrom"
						},
						"0.75": [0, 0, 0],
						"1.0": {
							"pre": [0, 27.5, 0],
							"post": [0, 27.5, 0],
							"lerp_mode": "catmullrom"
						},
						"1.5": [0, 0, 0]
					}
				},
				"head_feather_left4": {
					"rotation": {
						"0.0": [0, 1.5, 0],
						"0.3333": {
							"pre": [-15.07037, 2.2812, -11.1819],
							"post": [-15.07037, 2.2812, -11.1819],
							"lerp_mode": "catmullrom"
						},
						"0.75": [0, 1.5, 0],
						"1.0833": {
							"pre": [-15.07037, 2.2812, -11.1819],
							"post": [-15.07037, 2.2812, -11.1819],
							"lerp_mode": "catmullrom"
						},
						"1.5": [0, 1.5, 0]
					}
				},
				"hair_tuft_top2": {
					"rotation": [1.5, 0, 0]
				},
				"hair_tuft_top3": {
					"rotation": [2.59808, 0, 0]
				},
				"hair_tuft_top4": {
					"rotation": [3, 0, 0]
				},
				"hair_tuft_top5": {
					"rotation": [2, 0, 0]
				},
				"hair_tuft_left2": {
					"rotation": [0, 0, -2]
				},
				"hair_tuft_left3": {
					"rotation": [0, 0, -3.4641]
				},
				"hair_tuft_left4": {
					"rotation": [0, 0, -4]
				},
				"hair_tuft_right2": {
					"rotation": [0, 0, 2]
				},
				"hair_tuft_right3": {
					"rotation": [0, 0, 3.4641]
				},
				"hair_tuft_right4": {
					"rotation": [0, 0, 4]
				},
				"hair_tuft_top6": {
					"rotation": [3.4641, 0, 0]
				},
				"hair_tuft_left5": {
					"rotation": [0, 0, -2]
				},
				"hair_tuft_right5": {
					"rotation": [0, 0, 2]
				},
				"hair_tuft_back": {
					"rotation": [6.9282, 0, 0]
				},
				"leg_left": {
					"rotation": {
						"0.0": [14.5, 0, 0],
						"0.1667": [2, 0, 0],
						"0.625": [-40.5, 0, 0],
						"0.9167": {
							"pre": [-43.62, 0, 0],
							"post": [-43.62, 0, 0],
							"lerp_mode": "catmullrom"
						},
						"1.3333": {
							"post": [-5.67, 0, 0],
							"lerp_mode": "catmullrom"
						},
						"1.5": [14.5, 0, 0]
					},
					"position": {
						"0.0": [0, 0.5, 0],
						"0.1667": [0, 0, 0],
						"0.625": [0, 0, 0],
						"0.9167": {
							"pre": [0, 0.8, 0],
							"post": [0, 0.8, 0],
							"lerp_mode": "catmullrom"
						},
						"1.0417": {
							"post": [0, 1, 0],
							"lerp_mode": "catmullrom"
						},
						"1.3333": {
							"post": [0, 0.8, 0],
							"lerp_mode": "catmullrom"
						},
						"1.5": [0, 0.5, 0]
					}
				},
				"foot_left": {
					"rotation": {
						"0.0": [22.5, 0, 0],
						"0.1667": [22.5, 0, 0],
						"0.625": [22.5, 0, 0],
						"0.9167": {
							"pre": [22.5, 0, 0],
							"post": [22.5, 0, 0],
							"lerp_mode": "catmullrom"
						},
						"1.1667": {
							"post": [39.02, 0, 0],
							"lerp_mode": "catmullrom"
						},
						"1.2917": {
							"post": [36.85, 0, 0],
							"lerp_mode": "catmullrom"
						},
						"1.4167": {
							"post": [37.79, 0, 0],
							"lerp_mode": "catmullrom"
						},
						"1.5": [22.5, 0, 0]
					},
					"position": {
						"0.0": [0, 1.25, -0.5],
						"0.2917": [0, 0.75, -0.5],
						"0.625": [0, 0.25, -0.5],
						"1.4167": {
							"pre": [0, 0.42, -0.8],
							"post": [0, 0.42, -0.8],
							"lerp_mode": "catmullrom"
						},
						"1.5": [0, 1.25, -0.5]
					}
				},
				"toe_middle_left": {
					"rotation": {
						"0.0": [0, 0, 0],
						"0.1667": [0, 0, 0],
						"0.625": [0, 0, 0],
						"0.9167": {
							"pre": [15, 0, 0],
							"post": [15, 0, 0],
							"lerp_mode": "catmullrom"
						},
						"1.1667": {
							"post": [15, 0, 0],
							"lerp_mode": "catmullrom"
						},
						"1.2917": {
							"post": [25.19, 0, 0],
							"lerp_mode": "catmullrom"
						},
						"1.4167": {
							"post": [5.08, 0, 0],
							"lerp_mode": "catmullrom"
						},
						"1.5": [0, 0, 0]
					}
				},
				"toe_middle_left2": {
					"rotation": {
						"0.0": [0, 0, 0],
						"0.1667": [0, 0, 0],
						"0.625": [0, 0, 0],
						"0.9167": {
							"pre": [37.5, 0, 0],
							"post": [37.5, 0, 0],
							"lerp_mode": "catmullrom"
						},
						"1.1667": {
							"post": [37.5, 0, 0],
							"lerp_mode": "catmullrom"
						},
						"1.2917": {
							"post": [16.66, 0, 0],
							"lerp_mode": "catmullrom"
						},
						"1.5": [0, 0, 0]
					},
					"position": {
						"0.0": [0, 0, 0],
						"0.1667": [0, 0, 0],
						"0.625": [0, 0, 0],
						"0.9167": {
							"pre": [0, 0.4, 0],
							"post": [0, 0.4, 0],
							"lerp_mode": "catmullrom"
						},
						"1.1667": {
							"post": [0, 0.4, 0],
							"lerp_mode": "catmullrom"
						},
						"1.5": [0, 0, 0]
					}
				},
				"talon_middle_left": {
					"rotation": [-10, 0, 0]
				},
				"toe_inner_left": {
					"rotation": {
						"0.0": [0, 0, 0],
						"0.1667": [0, 0, 0],
						"0.625": [0, 0, 0],
						"0.9167": {
							"pre": [12.5, -7.5, 0],
							"post": [12.5, -7.5, 0],
							"lerp_mode": "catmullrom"
						},
						"1.1667": {
							"post": [12.5, -7.5, 0],
							"lerp_mode": "catmullrom"
						},
						"1.2917": {
							"post": [21.82, -7.5, 0],
							"lerp_mode": "catmullrom"
						},
						"1.4167": {
							"post": [3.73, -5, 0],
							"lerp_mode": "catmullrom"
						},
						"1.5": [0, 0, 0]
					}
				},
				"toe_inner_left2": {
					"rotation": {
						"0.0": [0, 0, 0],
						"0.1667": [0, 0, 0],
						"0.625": [0, 0, 0],
						"0.9167": {
							"pre": [40, 0, 0],
							"post": [40, 0, 0],
							"lerp_mode": "catmullrom"
						},
						"1.1667": {
							"post": [40, 0, 0],
							"lerp_mode": "catmullrom"
						},
						"1.2917": {
							"post": [17.78, 0, 0],
							"lerp_mode": "catmullrom"
						},
						"1.5": [0, 0, 0]
					},
					"position": {
						"0.0": [0, 0, 0],
						"0.1667": [0, 0, 0],
						"0.625": [0, 0, 0],
						"0.9167": {
							"pre": [0, 0.5, 0.25],
							"post": [0, 0.5, 0.25],
							"lerp_mode": "catmullrom"
						},
						"1.1667": {
							"post": [0, 0.5, 0.25],
							"lerp_mode": "catmullrom"
						},
						"1.5": [0, 0, 0]
					}
				},
				"talon_inner_left": {
					"rotation": [-10, 0, 0]
				},
				"toe_outer_left": {
					"rotation": {
						"0.0": [0, 0, 0],
						"0.1667": [0, 0, 0],
						"0.625": [0, 0, 0],
						"0.9167": {
							"pre": [12.5, 10, 0],
							"post": [12.5, 10, 0],
							"lerp_mode": "catmullrom"
						},
						"1.1667": {
							"post": [12.5, 5, 0],
							"lerp_mode": "catmullrom"
						},
						"1.2917": {
							"post": [21.82, 7.5, 0],
							"lerp_mode": "catmullrom"
						},
						"1.4167": {
							"post": [3.73, 5, 0],
							"lerp_mode": "catmullrom"
						},
						"1.5": [0, 0, 0]
					}
				},
				"toe_outer_left2": {
					"rotation": {
						"0.0": [0, 0, 0],
						"0.1667": [0, 0, 0],
						"0.625": [0, 0, 0],
						"0.9167": {
							"pre": [40, 0, 0],
							"post": [40, 0, 0],
							"lerp_mode": "catmullrom"
						},
						"1.1667": {
							"post": [40, 0, 0],
							"lerp_mode": "catmullrom"
						},
						"1.2917": {
							"post": [17.94, 0, 0],
							"lerp_mode": "catmullrom"
						},
						"1.5": [0, 0, 0]
					},
					"position": {
						"0.0": [0, 0, 0],
						"0.1667": [0, 0, 0],
						"0.625": [0, 0, 0],
						"0.9167": {
							"pre": [0, 0.5, 0.25],
							"post": [0, 0.5, 0.25],
							"lerp_mode": "catmullrom"
						},
						"1.1667": {
							"post": [0, 0.5, 0.25],
							"lerp_mode": "catmullrom"
						},
						"1.5": [0, 0, 0]
					}
				},
				"talon_outer_left": {
					"rotation": [-10, 0, 0]
				},
				"toe_back_left": {
					"rotation": {
						"0.0": [0, 0, 0],
						"0.1667": [0, 0, 0],
						"0.625": [0, 0, 0],
						"0.9167": {
							"pre": [-33, 0, 0],
							"post": [-33, 0, 0],
							"lerp_mode": "catmullrom"
						},
						"1.3333": {
							"post": [-1.7, 0, 0],
							"lerp_mode": "catmullrom"
						},
						"1.5": [0, 0, 0]
					}
				},
				"talon_back_left2": {
					"rotation": {
						"0.0": [0, 0, 0],
						"0.5": [0, 0, 0],
						"0.75": {
							"pre": [-12.5, 0, 0],
							"post": [-12.5, 0, 0],
							"lerp_mode": "catmullrom"
						},
						"1.3333": {
							"post": [20.08, 0, 0],
							"lerp_mode": "catmullrom"
						},
						"1.5": [0, 0, 0]
					},
					"position": {
						"0.0": [0, 0, 0],
						"0.5": [0, 0, 0],
						"0.75": {
							"pre": [0, 0, 0],
							"post": [0, 0, 0],
							"lerp_mode": "catmullrom"
						},
						"1.5": [0, 0, 0]
					}
				},
				"head_feather_right5": {
					"rotation": {
						"0.0": [0, 0, 0],
						"0.3333": {
							"pre": [-15.82502, 3.5621, 3.60497],
							"post": [-15.82502, 3.5621, 3.60497],
							"lerp_mode": "catmullrom"
						},
						"0.75": [0, 0, 0],
						"1.0833": {
							"pre": [-15.82502, 3.5621, 3.60497],
							"post": [-15.82502, 3.5621, 3.60497],
							"lerp_mode": "catmullrom"
						},
						"1.5": [0, 0, 0]
					}
				},
				"head_feather_left5": {
					"rotation": {
						"0.0": [0, 0, 0],
						"0.3333": {
							"pre": [-15.82502, -3.5621, -3.60497],
							"post": [-15.82502, -3.5621, -3.60497],
							"lerp_mode": "catmullrom"
						},
						"0.75": [0, 0, 0],
						"1.0833": {
							"pre": [-15.82502, -3.5621, -3.60497],
							"post": [-15.82502, -3.5621, -3.60497],
							"lerp_mode": "catmullrom"
						},
						"1.5": [0, 0, 0]
					}
				},
				"thigh_right": {
					"rotation": {
						"0.0": [19.64, 1.85, -1.2],
						"0.125": {
							"pre": [12.125, 4.1, -2.5],
							"post": [12.125, 4.1, -2.5],
							"lerp_mode": "catmullrom"
						},
						"0.3333": {
							"post": [-18.67361, 6.5, -3.3],
							"lerp_mode": "catmullrom"
						},
						"0.5833": {
							"post": [-41.52359, 4.1, -1.9],
							"lerp_mode": "catmullrom"
						},
						"0.75": [-37, -0.1, 0],
						"0.9167": [-24.5, -0.1, 0],
						"1.375": [18, -0.1, 0],
						"1.5": [19.64, 1.85, -1.2]
					},
					"position": {
						"0.0": [0.04, -1.32, 0.02],
						"0.1667": {
							"pre": [0.04, 0.08, -0.32],
							"post": [0.04, 0.08, -0.32],
							"lerp_mode": "catmullrom"
						},
						"0.4167": {
							"post": [0.04, 0.59, -1.44],
							"lerp_mode": "catmullrom"
						},
						"0.5833": {
							"post": [0.04, -0.68, -2.29],
							"lerp_mode": "catmullrom"
						},
						"0.75": [0.04167, -2.41667, -4],
						"0.9167": [0.04167, -1.36667, -3],
						"1.1667": [0.04, -1.41, -1.33],
						"1.375": [0.04167, -2.16667, 0],
						"1.5": [0.04, -1.32, 0.02]
					}
				},
				"leg_right": {
					"rotation": {
						"0.0": [-46.75, 0, 0],
						"0.1667": {
							"pre": [-43.62, 0, 0],
							"post": [-43.62, 0, 0],
							"lerp_mode": "catmullrom"
						},
						"0.5833": {
							"post": [-5.67, 0, 0],
							"lerp_mode": "catmullrom"
						},
						"0.75": [14.5, 0, 0],
						"0.9167": [2, 0, 0],
						"1.375": [-40.5, 0, 0],
						"1.5": [-46.75, 0, 0]
					},
					"position": {
						"0.0": [0, 0.32, 0],
						"0.1667": {
							"pre": [0, 0.8, 0],
							"post": [0, 0.8, 0],
							"lerp_mode": "catmullrom"
						},
						"0.2917": {
							"post": [0, 1, 0],
							"lerp_mode": "catmullrom"
						},
						"0.5833": {
							"post": [0, 0.8, 0],
							"lerp_mode": "catmullrom"
						},
						"0.75": [0, 0.5, 0],
						"0.9167": [0, 0, 0],
						"1.375": [0, 0, 0],
						"1.5": [0, 0.32, 0]
					}
				},
				"foot_right": {
					"rotation": {
						"0.0": [21.63, 0, 0],
						"0.1667": {
							"pre": [22.5, 0, 0],
							"post": [22.5, 0, 0],
							"lerp_mode": "catmullrom"
						},
						"0.4167": {
							"post": [39.02, 0, 0],
							"lerp_mode": "catmullrom"
						},
						"0.5417": {
							"post": [36.85, 0, 0],
							"lerp_mode": "catmullrom"
						},
						"0.6667": {
							"post": [37.79, 0, 0],
							"lerp_mode": "catmullrom"
						},
						"0.75": [22.5, 0, 0],
						"0.9167": [22.5, 0, 0],
						"1.375": [22.5, 0, 0],
						"1.5": [21.63, 0, 0]
					},
					"position": {
						"0.0": [0, 0.23, -0.54],
						"0.6667": {
							"pre": [0, 0.42, -0.8],
							"post": [0, 0.42, -0.8],
							"lerp_mode": "catmullrom"
						},
						"0.75": [0, 1.25, -0.5],
						"1.0417": [0, 0.75, -0.5],
						"1.375": [0, 0.25, -0.5],
						"1.5": [0, 0.23, -0.54]
					}
				},
				"toe_middle_right": {
					"rotation": {
						"0.0": [6.17, 0, 0],
						"0.1667": {
							"pre": [15, 0, 0],
							"post": [15, 0, 0],
							"lerp_mode": "catmullrom"
						},
						"0.4167": {
							"post": [15, 0, 0],
							"lerp_mode": "catmullrom"
						},
						"0.5417": {
							"post": [25.19, 0, 0],
							"lerp_mode": "catmullrom"
						},
						"0.6667": {
							"post": [5.08, 0, 0],
							"lerp_mode": "catmullrom"
						},
						"0.75": [0, 0, 0],
						"0.9167": [0, 0, 0],
						"1.375": [0, 0, 0],
						"1.5": [6.17, 0, 0]
					}
				},
				"toe_middle_right2": {
					"rotation": {
						"0.0": [15.42, 0, 0],
						"0.1667": {
							"pre": [37.5, 0, 0],
							"post": [37.5, 0, 0],
							"lerp_mode": "catmullrom"
						},
						"0.4167": {
							"post": [37.5, 0, 0],
							"lerp_mode": "catmullrom"
						},
						"0.5417": {
							"post": [16.66, 0, 0],
							"lerp_mode": "catmullrom"
						},
						"0.75": [0, 0, 0],
						"0.9167": [0, 0, 0],
						"1.375": [0, 0, 0],
						"1.5": [15.42, 0, 0]
					},
					"position": {
						"0.0": [0, 0.16, 0],
						"0.1667": {
							"pre": [0, 0.4, 0],
							"post": [0, 0.4, 0],
							"lerp_mode": "catmullrom"
						},
						"0.4167": {
							"post": [0, 0.4, 0],
							"lerp_mode": "catmullrom"
						},
						"0.75": [0, 0, 0],
						"0.9167": [0, 0, 0],
						"1.375": [0, 0, 0],
						"1.5": [0, 0.16, 0]
					}
				},
				"toe_inner_right": {
					"rotation": {
						"0.0": [5.14, 3.08, 0],
						"0.1667": {
							"pre": [12.5, 7.5, 0],
							"post": [12.5, 7.5, 0],
							"lerp_mode": "catmullrom"
						},
						"0.4167": {
							"post": [12.5, 7.5, 0],
							"lerp_mode": "catmullrom"
						},
						"0.5417": {
							"post": [21.82, 7.5, 0],
							"lerp_mode": "catmullrom"
						},
						"0.6667": {
							"post": [3.73, 5, 0],
							"lerp_mode": "catmullrom"
						},
						"0.75": [0, 0, 0],
						"0.9167": [0, 0, 0],
						"1.375": [0, 0, 0],
						"1.5": [5.14, 3.08, 0]
					}
				},
				"toe_inner_right2": {
					"rotation": {
						"0.0": [16.44, 0, 0],
						"0.1667": {
							"pre": [40, 0, 0],
							"post": [40, 0, 0],
							"lerp_mode": "catmullrom"
						},
						"0.4167": {
							"post": [40, 0, 0],
							"lerp_mode": "catmullrom"
						},
						"0.5417": {
							"post": [17.78, 0, 0],
							"lerp_mode": "catmullrom"
						},
						"0.75": [0, 0, 0],
						"0.9167": [0, 0, 0],
						"1.375": [0, 0, 0],
						"1.5": [16.44, 0, 0]
					},
					"position": {
						"0.0": [0, 0.21, 0.1],
						"0.1667": {
							"pre": [0, 0.5, 0.25],
							"post": [0, 0.5, 0.25],
							"lerp_mode": "catmullrom"
						},
						"0.4167": {
							"post": [0, 0.5, 0.25],
							"lerp_mode": "catmullrom"
						},
						"0.75": [0, 0, 0],
						"0.9167": [0, 0, 0],
						"1.375": [0, 0, 0],
						"1.5": [0, 0.21, 0.1]
					}
				},
				"toe_outer_right": {
					"rotation": {
						"0.0": [5.14, -4.37, 0],
						"0.1667": {
							"pre": [12.5, -10, 0],
							"post": [12.5, -10, 0],
							"lerp_mode": "catmullrom"
						},
						"0.4167": {
							"post": [12.5, -5, 0],
							"lerp_mode": "catmullrom"
						},
						"0.5417": {
							"post": [21.82, -7.5, 0],
							"lerp_mode": "catmullrom"
						},
						"0.6667": {
							"post": [3.73, -5, 0],
							"lerp_mode": "catmullrom"
						},
						"0.75": [0, 0, 0],
						"0.9167": [0, 0, 0],
						"1.375": [0, 0, 0],
						"1.5": [5.14, -4.37, 0]
					}
				},
				"toe_outer_right2": {
					"rotation": {
						"0.0": [16.44, 0, 0],
						"0.1667": {
							"pre": [40, 0, 0],
							"post": [40, 0, 0],
							"lerp_mode": "catmullrom"
						},
						"0.4167": {
							"post": [40, 0, 0],
							"lerp_mode": "catmullrom"
						},
						"0.5417": {
							"post": [17.94, 0, 0],
							"lerp_mode": "catmullrom"
						},
						"0.75": [0, 0, 0],
						"0.9167": [0, 0, 0],
						"1.375": [0, 0, 0],
						"1.5": [16.44, 0, 0]
					},
					"position": {
						"0.0": [0, 0.21, 0.1],
						"0.1667": {
							"pre": [0, 0.5, 0.25],
							"post": [0, 0.5, 0.25],
							"lerp_mode": "catmullrom"
						},
						"0.4167": {
							"post": [0, 0.5, 0.25],
							"lerp_mode": "catmullrom"
						},
						"0.75": [0, 0, 0],
						"0.9167": [0, 0, 0],
						"1.375": [0, 0, 0],
						"1.5": [0, 0.21, 0.1]
					}
				},
				"toe_back_right": {
					"rotation": {
						"0.0": [-15.21, 0, 0],
						"0.1667": {
							"pre": [-33, 0, 0],
							"post": [-33, 0, 0],
							"lerp_mode": "catmullrom"
						},
						"0.5833": {
							"post": [-1.7, 0, 0],
							"lerp_mode": "catmullrom"
						},
						"0.75": [0, 0, 0],
						"0.9167": [0, 0, 0],
						"1.375": [0, 0, 0],
						"1.5": [-15.21, 0, 0]
					}
				},
				"torso2": {
					"rotation": {
						"0.0": [-20, "math.sin(q.anim_time*90*8/3-90)*5", "-math.sin(q.anim_time*90*8/3-90)*6"],
						"0.125": {
							"pre": [-22, "math.sin(q.anim_time*90*8/3-90)*5", "-math.sin(q.anim_time*90*8/3-90)*6"],
							"post": [-22, "math.sin(q.anim_time*90*8/3-90)*5", "-math.sin(q.anim_time*90*8/3-90)*6"],
							"lerp_mode": "catmullrom"
						},
						"0.25": {
							"post": [-22, "math.sin(q.anim_time*90*8/3-90)*5", "-math.sin(q.anim_time*90*8/3-90)*6"],
							"lerp_mode": "catmullrom"
						},
						"0.75": [-20, "math.sin(q.anim_time*90*8/3-90)*5", "-math.sin(q.anim_time*90*8/3-90)*6"],
						"0.875": {
							"pre": [-22, "math.sin(q.anim_time*90*8/3-90)*5", "-math.sin(q.anim_time*90*8/3-90)*6"],
							"post": [-22, "math.sin(q.anim_time*90*8/3-90)*5", "-math.sin(q.anim_time*90*8/3-90)*6"],
							"lerp_mode": "catmullrom"
						},
						"1.0": {
							"post": [-22, "math.sin(q.anim_time*90*8/3-90)*5", "-math.sin(q.anim_time*90*8/3-90)*6"],
							"lerp_mode": "catmullrom"
						},
						"1.5": [-20, "math.sin(q.anim_time*90*8/3-90)*5", "-math.sin(q.anim_time*90*8/3-90)*6"]
					}
				},
				"wing_closed_left4": {
					"rotation": {
						"0.0": [0, -17.5, 0],
						"0.3333": {
							"pre": [10, -15, 0],
							"post": [10, -15, 0],
							"lerp_mode": "catmullrom"
						},
						"0.75": [0, -17.5, 0],
						"1.0833": {
							"pre": [10, -15, 0],
							"post": [10, -15, 0],
							"lerp_mode": "catmullrom"
						},
						"1.5": [0, -17.5, 0]
					},
					"position": {
						"0.0": [0, 0, 0],
						"0.3333": {
							"pre": [0, 0, -0.1],
							"post": [0, 0, -0.1],
							"lerp_mode": "catmullrom"
						},
						"0.75": [0, 0, 0],
						"1.0833": {
							"pre": [0, 0, -0.1],
							"post": [0, 0, -0.1],
							"lerp_mode": "catmullrom"
						},
						"1.5": [0, 0, 0]
					}
				},
				"wing_closed_right4": {
					"rotation": {
						"0.0": [0, 17.5, 0],
						"0.3333": {
							"pre": [10, 15, 0],
							"post": [10, 15, 0],
							"lerp_mode": "catmullrom"
						},
						"0.75": [0, 17.5, 0],
						"1.0833": {
							"pre": [10, 15, 0],
							"post": [10, 15, 0],
							"lerp_mode": "catmullrom"
						},
						"1.5": [0, 17.5, 0]
					},
					"position": {
						"0.0": [0, 0, 0],
						"0.3333": {
							"pre": [0, 0, -0.1],
							"post": [0, 0, -0.1],
							"lerp_mode": "catmullrom"
						},
						"0.75": [0, 0, 0],
						"1.0833": {
							"pre": [0, 0, -0.1],
							"post": [0, 0, -0.1],
							"lerp_mode": "catmullrom"
						},
						"1.5": [0, 0, 0]
					}
				},
				"neck": {
					"rotation": {
						"0.0": [20, 0, 0],
						"0.25": {
							"pre": [10, 0, 0],
							"post": [10, 0, 0],
							"lerp_mode": "catmullrom"
						},
						"0.75": [20, 0, 0],
						"1.0": {
							"pre": [10, 0, 0],
							"post": [10, 0, 0],
							"lerp_mode": "catmullrom"
						},
						"1.5": [20, 0, 0]
					},
					"position": {
						"0.0": [0, -0.75, 0],
						"0.75": [0, -0.75, 0],
						"1.5": [0, -0.75, 0]
					}
				},
				"head_crest_middle": {
					"rotation": [0, 0, "math.sin(q.anim_time*90*20-60)*2"]
				},
				"head_crest_left": {
					"rotation": [0, 0, "-(math.sin(q.anim_time*90*20))"]
				},
				"head_crest_right": {
					"rotation": [0, 0, "math.sin(q.anim_time*90*20)"]
				},
				"hair": {
					"rotation": {
						"0.0": [0, 0, 0],
						"0.25": {
							"pre": [5, 0, 0],
							"post": [5, 0, 0],
							"lerp_mode": "catmullrom"
						},
						"0.75": [0, 0, 0],
						"1.0": {
							"pre": [5, 0, 0],
							"post": [5, 0, 0],
							"lerp_mode": "catmullrom"
						},
						"1.5": [0, 0, 0]
					}
				},
				"hair2": {
					"rotation": {
						"0.0": [0, 0, 0],
						"0.1667": {
							"pre": [-5, 0, 0],
							"post": [-5, 0, 0],
							"lerp_mode": "catmullrom"
						},
						"0.4167": {
							"post": [2.5, 0, 0],
							"lerp_mode": "catmullrom"
						},
						"0.75": [0, 0, 0],
						"0.9167": {
							"pre": [-5, 0, 0],
							"post": [-5, 0, 0],
							"lerp_mode": "catmullrom"
						},
						"1.1667": {
							"post": [2.5, 0, 0],
							"lerp_mode": "catmullrom"
						},
						"1.5": [0, 0, 0]
					}
				},
				"hair_strands_front2": {
					"rotation": {
						"0.0": [0, 0, 0],
						"0.1667": {
							"pre": [-5, 0, 0],
							"post": [-5, 0, 0],
							"lerp_mode": "catmullrom"
						},
						"0.5": {
							"post": [0, 0, 0],
							"lerp_mode": "catmullrom"
						},
						"0.75": [0, 0, 0],
						"0.9167": {
							"pre": [-5, 0, 0],
							"post": [-5, 0, 0],
							"lerp_mode": "catmullrom"
						},
						"1.25": {
							"post": [0, 0, 0],
							"lerp_mode": "catmullrom"
						},
						"1.5": [0, 0, 0]
					}
				},
				"hair_strands_front3": {
					"rotation": {
						"0.0": [0, 0, 0],
						"0.1667": {
							"pre": [-5, 0, 0],
							"post": [-5, 0, 0],
							"lerp_mode": "catmullrom"
						},
						"0.5": {
							"post": [0, 0, 0],
							"lerp_mode": "catmullrom"
						},
						"0.75": [0, 0, 0],
						"0.9167": {
							"pre": [-5, 0, 0],
							"post": [-5, 0, 0],
							"lerp_mode": "catmullrom"
						},
						"1.25": {
							"post": [0, 0, 0],
							"lerp_mode": "catmullrom"
						},
						"1.5": [0, 0, 0]
					}
				},
				"hair_strands_front4": {
					"rotation": {
						"0.0": [0, 0, 0],
						"0.1667": {
							"pre": [-5, 0, 0],
							"post": [-5, 0, 0],
							"lerp_mode": "catmullrom"
						},
						"0.5": {
							"post": [0, 0, 0],
							"lerp_mode": "catmullrom"
						},
						"0.75": [0, 0, 0],
						"0.9167": {
							"pre": [-5, 0, 0],
							"post": [-5, 0, 0],
							"lerp_mode": "catmullrom"
						},
						"1.25": {
							"post": [0, 0, 0],
							"lerp_mode": "catmullrom"
						},
						"1.5": [0, 0, 0]
					}
				},
				"hair3": {
					"rotation": {
						"0.0": [0, 0, 0],
						"0.1667": {
							"pre": [-5, 0, 0],
							"post": [-5, 0, 0],
							"lerp_mode": "catmullrom"
						},
						"0.5": {
							"post": [0, 0, 0],
							"lerp_mode": "catmullrom"
						},
						"0.75": [0, 0, 0],
						"0.9167": {
							"pre": [-5, 0, 0],
							"post": [-5, 0, 0],
							"lerp_mode": "catmullrom"
						},
						"1.25": {
							"post": [0, 0, 0],
							"lerp_mode": "catmullrom"
						},
						"1.5": [0, 0, 0]
					}
				},
				"hair4": {
					"rotation": {
						"0.0": [0, 0, 0],
						"0.1667": {
							"pre": [-17.5, 0, 0],
							"post": [-17.5, 0, 0],
							"lerp_mode": "catmullrom"
						},
						"0.5833": {
							"post": [0, 0, 0],
							"lerp_mode": "catmullrom"
						},
						"0.75": [0, 0, 0],
						"0.9167": {
							"pre": [-17.5, 0, 0],
							"post": [-17.5, 0, 0],
							"lerp_mode": "catmullrom"
						},
						"1.3333": {
							"post": [0, 0, 0],
							"lerp_mode": "catmullrom"
						},
						"1.5": [0, 0, 0]
					}
				},
				"hair_strands_right6": {
					"rotation": {
						"0.0": [0, 0, 0],
						"0.1667": {
							"pre": [-17.5, 0, 0],
							"post": [-17.5, 0, 0],
							"lerp_mode": "catmullrom"
						},
						"0.5833": {
							"post": [-5, 0, 0],
							"lerp_mode": "catmullrom"
						},
						"0.75": [0, 0, 0],
						"0.9167": {
							"pre": [-17.5, 0, 0],
							"post": [-17.5, 0, 0],
							"lerp_mode": "catmullrom"
						},
						"1.3333": {
							"post": [-5, 0, 0],
							"lerp_mode": "catmullrom"
						},
						"1.5": [0, 0, 0]
					}
				},
				"hair_strands_left6": {
					"rotation": {
						"0.0": [0, 0, 0],
						"0.1667": {
							"pre": [-17.5, 0, 0],
							"post": [-17.5, 0, 0],
							"lerp_mode": "catmullrom"
						},
						"0.5833": {
							"post": [-5, 0, 0],
							"lerp_mode": "catmullrom"
						},
						"0.75": [0, 0, 0],
						"0.9167": {
							"pre": [-17.5, 0, 0],
							"post": [-17.5, 0, 0],
							"lerp_mode": "catmullrom"
						},
						"1.3333": {
							"post": [-5, 0, 0],
							"lerp_mode": "catmullrom"
						},
						"1.5": [0, 0, 0]
					}
				},
				"hair_strands_end": {
					"rotation": {
						"0.0": [0, 0, 0],
						"0.1667": {
							"pre": [-17.5, 0, 0],
							"post": [-17.5, 0, 0],
							"lerp_mode": "catmullrom"
						},
						"0.5833": {
							"post": [-5, 0, 0],
							"lerp_mode": "catmullrom"
						},
						"0.75": [0, 0, 0],
						"0.9167": {
							"pre": [-17.5, 0, 0],
							"post": [-17.5, 0, 0],
							"lerp_mode": "catmullrom"
						},
						"1.3333": {
							"post": [-5, 0, 0],
							"lerp_mode": "catmullrom"
						},
						"1.5": [0, 0, 0]
					}
				},
				"locator_seat_1": {
					"rotation": {
						"0.0": {
							"post": [25, 0, 2.5],
							"lerp_mode": "catmullrom"
						},
						"0.125": {
							"post": [18.75, 0, 2.81],
							"lerp_mode": "catmullrom"
						},
						"0.25": {
							"post": [17.5, 0, 2.5],
							"lerp_mode": "catmullrom"
						},
						"0.75": {
							"post": [25, 0, 2.5],
							"lerp_mode": "catmullrom"
						},
						"0.875": {
							"post": [18.75, 0, 2.81],
							"lerp_mode": "catmullrom"
						},
						"1.0": {
							"post": [17.5, 0, 2.5],
							"lerp_mode": "catmullrom"
						},
						"1.5": {
							"post": [25, 0, 2.5],
							"lerp_mode": "catmullrom"
						}
					},
					"position": {
						"0.0": {
							"post": [0, 0, 0],
							"lerp_mode": "catmullrom"
						},
						"0.25": {
							"post": [0, 0, 0.5],
							"lerp_mode": "catmullrom"
						},
						"0.75": {
							"post": [0, 0, 0],
							"lerp_mode": "catmullrom"
						},
						"1.0": {
							"post": [0, 0, 0.5],
							"lerp_mode": "catmullrom"
						},
						"1.5": {
							"post": [0, 0, 0],
							"lerp_mode": "catmullrom"
						}
					}
				},
				"wing_closed_left2": {
					"rotation": [0, -2.5, 0]
				},
				"wing_closed_right2": {
					"rotation": [0, 2.5, 0]
				},
				"talon_middle_right": {
					"rotation": {
						"0.0": [-10, 0, 0],
						"0.75": [-10, 0, 0],
						"1.5": [-10, 0, 0]
					}
				},
				"talon_inner_right": {
					"rotation": {
						"0.0": [-10, 0, 0],
						"0.75": [-10, 0, 0],
						"1.5": [-10, 0, 0]
					}
				},
				"talon_outer_right": {
					"rotation": {
						"0.0": [-10, 0, 0],
						"0.75": [-10, 0, 0],
						"1.5": [-10, 0, 0]
					}
				}
			}
		},
		"animation.braviary_hisuian.air_idle": {
			"loop": true,
			"bones": {
				"wing_open_left": {
					"rotation": ["math.sin(q.anim_time*90*3-30)*16", "17.5-math.clamp((math.sin(q.anim_time*90*3-60)*16),0,90)", "20+math.sin(q.anim_time*90*3)*56"],
					"position": [0, "2-math.sin(q.anim_time*90*3-30)", 0]
				},
				"wing_open_left2": {
					"rotation": [0, "-27.5-math.min((math.sin(q.anim_time*90*3-60)*24),90)", 0]
				},
				"wing_open_left3": {
					"rotation": [0, "37.5+math.clamp((math.sin(q.anim_time*90*3-60)*36),0,90)", "math.sin(q.anim_time*90*3-60)*16"],
					"position": ["-1.5+math.clamp((math.sin(q.anim_time*90*4-90)*-2),-5,0)", 0, 1]
				},
				"wing_open_right": {
					"rotation": ["math.sin(q.anim_time*90*3-30)*16", "-17.5+math.clamp((math.sin(q.anim_time*90*3-60)*16),0,90)", "-20-math.sin(q.anim_time*90*3)*56"],
					"position": [0, "2-math.sin(q.anim_time*90*3-30)", 0]
				},
				"wing_open_right2": {
					"rotation": [0, "27.5+math.min((math.sin(q.anim_time*90*3-60)*24),90)", 0]
				},
				"wing_open_right3": {
					"rotation": [0, "-37.5-math.clamp((math.sin(q.anim_time*90*3-60)*36),0,90)", "-(math.sin(q.anim_time*90*3-60)*16)"],
					"position": ["1.5-math.clamp((math.sin(q.anim_time*90*4-90)*-2),-5,0)", 0, 1]
				},
				"torso": {
					"rotation": ["-25-math.sin(q.anim_time*90*3-90)*2", 0, 0]
				},
				"wing_closed_left": {
					"rotation": [-90, -16, -97],
					"position": [3, 0, 2],
					"scale": 0
				},
				"wing_closed_right": {
					"rotation": [-90, 16, 97],
					"position": [-3, 0, 2],
					"scale": 0
				},
				"neck2": {
					"rotation": ["-15+math.sin(q.anim_time*90*3-150)*4", 0, 0],
					"position": [0, 0.3, 1.75]
				},
				"thigh_right": {
					"rotation": ["-2.5+math.sin(q.anim_time*90*3-90)*4", -2.5, "-7.5+math.sin(q.anim_time*90*1.5)*4"],
					"position": [-1, 0, 0]
				},
				"foot_right": {
					"rotation": ["40+math.sin(q.anim_time*90*3-60)*12", 0, 0]
				},
				"wing_open_left4": {
					"rotation": [0, -32.5, "math.sin(q.anim_time*90*3-90)*24"]
				},
				"wing_open_right4": {
					"rotation": [0, 25, "-(math.sin(q.anim_time*90*3-90)*24)"]
				},
				"locator_top": {
					"position": [0, -6, 0]
				},
				"thigh_left": {
					"rotation": ["math.sin(q.anim_time*90*3-90)*4", 0, "7.5+math.sin(q.anim_time*90*1.5)*4"],
					"position": [0.75, "math.sin(q.anim_time*90*3-150)/2", 0]
				},
				"foot_left": {
					"rotation": ["30+math.sin(q.anim_time*90*3-30)*12", 0, 0]
				},
				"toe_back_left": {
					"rotation": [-32.5, 0, 0],
					"position": [0, 0, -0.2]
				},
				"toe_middle_left": {
					"rotation": ["20+math.sin(q.anim_time*90*3)*8", 0, 0]
				},
				"toe_middle_left2": {
					"rotation": ["15+math.sin(q.anim_time*90*3-110)*8", 0, 0]
				},
				"toe_inner_left": {
					"rotation": ["25+math.sin(q.anim_time*90*3)*8", -7.5, -7.5]
				},
				"toe_inner_left2": {
					"rotation": ["15+math.sin(q.anim_time*90*3-90)*8", 0, 0]
				},
				"toe_outer_left": {
					"rotation": ["32.5+math.sin(q.anim_time*90*3)*8", 7.5, 7.5]
				},
				"toe_outer_left2": {
					"rotation": ["15+math.sin(q.anim_time*90*3-130)*8", 0, 0]
				},
				"toe_middle_right": {
					"rotation": ["20+math.sin(q.anim_time*90*3-30)*8", 0, 0]
				},
				"toe_middle_right2": {
					"rotation": ["15+math.sin(q.anim_time*90*3-20)*8", 0, 0]
				},
				"toe_inner_right": {
					"rotation": ["30+math.sin(q.anim_time*90*3-30)*8", 10, 5]
				},
				"toe_inner_right2": {
					"rotation": ["15+math.sin(q.anim_time*90*3-10)*8", 0, 0]
				},
				"toe_outer_right": {
					"rotation": ["30+math.sin(q.anim_time*90*3-30)*8", -7.5, -5]
				},
				"toe_outer_right2": {
					"rotation": ["15+math.sin(q.anim_time*90*3)*8", 0, 0]
				},
				"toe_back_right": {
					"rotation": [-40, 0, 0],
					"position": [0, 0, -0.3]
				},
				"tail": {
					"rotation": ["27.5+math.sin(q.anim_time*90*3-120)*4", 0, 0],
					"position": [0, 1, 1]
				},
				"torso2": {
					"rotation": ["-17.5-math.sin(q.anim_time*90*3-120)*2", 0, 0]
				},
				"neck": {
					"rotation": ["5+math.sin(q.anim_time*90*3-120)*4", 0, 0],
					"position": [0, -0.4, 0]
				},
				"head": {
					"rotation": ["32.5-math.sin(q.anim_time*90*3-150)*4", 0, "-math.sin(q.anim_time*90*3/2)"]
				},
				"leg_left": {
					"rotation": ["2.5-math.sin(q.anim_time*90*3-30)*8", 0, 0]
				},
				"leg_right": {
					"rotation": ["-20-math.sin(q.anim_time*90*3-90)*8", 0, 0]
				},
				"body": {
					"rotation": [0, 0, "math.sin(q.anim_time*90*1.5)"],
					"position": ["math.sin(q.anim_time*90*1.5-90)", "math.sin(q.anim_time*90*3-90)*2", 0]
				},
				"tail_feather_outer_left": {
					"rotation": ["2.5-math.sin(q.anim_time*90*3-30)*2", 5, 0]
				},
				"tail_feather_outer_right": {
					"rotation": ["2.5-math.sin(q.anim_time*90*3-30)*2", -5, 0]
				},
				"tail_feather_inner_left": {
					"rotation": ["7.5-math.sin(q.anim_time*90*3-30)*2", 0, 0]
				},
				"tail_feather_inner_right": {
					"rotation": ["7.5-math.sin(q.anim_time*90*3-30)*2", 0, 0]
				},
				"wings_open": {
					"rotation": [20, 0, 0],
					"position": [0, -0.1, -1]
				},
				"feathers_left": {
					"rotation": ["-math.sin(q.anim_time*90*3-90)*24", "math.clamp((math.sin(q.anim_time*90*3-60)*36),0,90)", 0],
					"position": ["math.clamp((math.sin(q.anim_time*90*3-60)*2),0,2)", 0, "-math.clamp((math.sin(q.anim_time*90*3-60)*2),0,2)"]
				},
				"feathers_left2": {
					"rotation": ["-math.sin(q.anim_time*90*3-90)*12", -10, 0],
					"position": [1, 0, 0]
				},
				"feathers_left3": {
					"rotation": ["-math.sin(q.anim_time*90*3-90)*8", -10, 0],
					"position": [0.75, 0, 0]
				},
				"feathers_left6": {
					"rotation": ["-math.sin(q.anim_time*90*3-90)*48", 0, 0]
				},
				"feathers_left4": {
					"rotation": [0, 0, "math.sin(q.anim_time*90*3-90)*18"]
				},
				"feathers_left5": {
					"rotation": [0, 0, "math.sin(q.anim_time*90*3-90)*24"]
				},
				"feathers_right": {
					"rotation": ["-math.sin(q.anim_time*90*3-90)*24", "-(math.clamp((math.sin(q.anim_time*90*3-60)*36),0,90))", 0],
					"position": ["-(math.clamp((math.sin(q.anim_time*90*3-60)*2),0,2))", 0, "-math.clamp((math.sin(q.anim_time*90*3-60)*2),0,2)"]
				},
				"feathers_right2": {
					"rotation": ["-math.sin(q.anim_time*90*3-90)*12", 10, 0],
					"position": [-1, 0, 0]
				},
				"feathers_right3": {
					"rotation": ["-math.sin(q.anim_time*90*3-90)*8", 10, 0],
					"position": [-0.75, 0, 0]
				},
				"feathers_right6": {
					"rotation": ["-math.sin(q.anim_time*90*3-90)*48", 0, 0]
				},
				"feathers_right4": {
					"rotation": [0, 0, "-(math.sin(q.anim_time*90*3-90)*18)"]
				},
				"feathers_right5": {
					"rotation": [0, 0, "-(math.sin(q.anim_time*90*3-90)*24)"]
				},
				"head_crest_middle": {
					"rotation": [0, 0, "math.sin(q.anim_time*90*20-60)*2"]
				},
				"head_crest_left": {
					"rotation": [0, 0, "-(math.sin(q.anim_time*90*20))"]
				},
				"head_crest_right": {
					"rotation": [0, 0, "math.sin(q.anim_time*90*20)"]
				},
				"sideburn_left2": {
					"rotation": [0, "-math.sin(q.anim_time*90*3-120)*5", 0]
				},
				"sideburn_right2": {
					"rotation": [0, "math.sin(q.anim_time*90*3-120)*5", 0]
				},
				"hair": {
					"rotation": ["-math.sin(q.anim_time*90*3-30)*3", 0, 0]
				},
				"hair2": {
					"rotation": ["-math.sin(q.anim_time*90*3-60)*5", 0, 0]
				},
				"hair_strands_right2": {
					"rotation": [0, 0, "math.sin(q.anim_time*90*3-110)*6"]
				},
				"hair_strands_left2": {
					"rotation": [0, 0, "-math.sin(q.anim_time*90*3-110)*6"]
				},
				"hair_strands_right3": {
					"rotation": [0, 0, "math.sin(q.anim_time*90*3-100)*6"]
				},
				"hair_strands_left3": {
					"rotation": [0, 0, "-math.sin(q.anim_time*90*3-100)*6"]
				},
				"hair_strands_front2": {
					"rotation": ["-math.sin(q.anim_time*90*3-110)*6", 0, 0]
				},
				"hair_strands_front3": {
					"rotation": ["-math.sin(q.anim_time*90*3-100)*6", 0, 0]
				},
				"hair_strands_front4": {
					"rotation": ["-math.sin(q.anim_time*90*3-90)*6", 0, 0]
				},
				"hair3": {
					"rotation": ["-math.sin(q.anim_time*90*3-90)*6", 0, 0]
				},
				"hair_strands_right4": {
					"rotation": ["math.sin(q.anim_time*90*3-90)*6", 0, 0]
				},
				"hair_strands_left4": {
					"rotation": ["-math.sin(q.anim_time*90*3-90)*6", 0, 0]
				},
				"hair4": {
					"rotation": ["-math.sin(q.anim_time*90*3-120)*6", 0, 0]
				},
				"hair_strands_right6": {
					"rotation": ["-math.sin(q.anim_time*90*3-150)*7", 0, 0]
				},
				"hair_strands_left6": {
					"rotation": ["-math.sin(q.anim_time*90*3-150)*7", 0, 0]
				},
				"hair_strands_end": {
					"rotation": ["-math.sin(q.anim_time*90*3-150)*7", 0, 0]
				},
				"locator_seat_1": {
					"rotation": ["40+math.sin(q.anim_time*90*3-90)*3", 0, 0],
					"position": [0, 1, 2]
				}
			}
		},
		"animation.braviary_hisuian.air_fly": {
			"loop": true,
			"bones": {
				"wing_open_left": {
					"rotation": ["7.5+math.sin(q.anim_time*90*4-30)*16", "17.5-math.clamp((math.sin(q.anim_time*90*4-60)*24),0,90)", "12.5+math.sin(q.anim_time*90*4)*56"],
					"position": [0, "-math.sin(q.anim_time*90*4-30)", 0]
				},
				"wing_open_left2": {
					"rotation": [0, "-27.5-math.min((math.sin(q.anim_time*90*4-60)*24),90)", 0]
				},
				"wing_open_left3": {
					"rotation": [0, "37.5+math.clamp((math.sin(q.anim_time*90*4-60)*48),0,90)", "math.sin(q.anim_time*90*4-60)*16"],
					"position": [-1.5, 0, 1]
				},
				"wing_open_right": {
					"rotation": ["7.5+math.sin(q.anim_time*90*4-30)*16", "-17.5+math.clamp((math.sin(q.anim_time*90*4-60)*24),0,90)", "-12.5-math.sin(q.anim_time*90*4)*56"],
					"position": [0, "-math.sin(q.anim_time*90*4-30)", 0]
				},
				"wing_open_right2": {
					"rotation": [0, "27.5+math.min((math.sin(q.anim_time*90*4-60)*24),90)", 0]
				},
				"wing_open_right3": {
					"rotation": [0, "-37.5-math.clamp((math.sin(q.anim_time*90*4-60)*48),0,90)", "-(math.sin(q.anim_time*90*4-60)*16)"],
					"position": [1.5, 0, 1]
				},
				"torso": {
					"rotation": ["-math.sin(q.anim_time*90*4-90)", 0, 0]
				},
				"wing_closed_left": {
					"rotation": [-90, -16, -97],
					"position": [3, 0, 2],
					"scale": 0
				},
				"wing_closed_right": {
					"rotation": [-90, 16, 97],
					"position": [-3, 0, 2],
					"scale": 0
				},
				"neck2": {
					"rotation": ["-5-math.sin(q.anim_time*90*4-180)*12", 0, 0]
				},
				"thigh_right": {
					"rotation": ["70+math.sin(q.anim_time*90*4-60)*2", "7.5+math.sin(q.anim_time*90-150)*4", -7.5],
					"position": [-0.5, 0.5, -1.75]
				},
				"foot_right": {
					"rotation": ["45+math.sin(q.anim_time*90*4-150)*4", 0, 0],
					"position": [0, 1, 0]
				},
				"tail": {
					"rotation": ["25+math.sin(q.anim_time*90*4-150)*2", 0, 0]
				},
				"tail_feathers": {
					"rotation": [5, 0, 0]
				},
				"leg_right": {
					"rotation": ["-17.5-math.sin(q.anim_time*90*4-90)*4", 0, 0]
				},
				"wing_open_left4": {
					"rotation": [0, -32.5, "math.sin(q.anim_time*90*4-90)*24"]
				},
				"wing_open_right4": {
					"rotation": [0, 32.5, "-(math.sin(q.anim_time*90*4-90)*24)"]
				},
				"locator_top": {
					"position": [0, -12, 0]
				},
				"thigh_left": {
					"rotation": ["67.5+math.sin(q.anim_time*90*4-90)*2", "math.sin(q.anim_time*90-150)*4", 10],
					"position": [0.5, 0.5, -1.75]
				},
				"leg_left": {
					"rotation": ["-32.5-math.sin(q.anim_time*90*4-120)*4", 0, 0],
					"position": [0, 0.5, -0.5]
				},
				"foot_left": {
					"rotation": ["55+math.sin(q.anim_time*90*4-180)*4", 0, 0],
					"position": [0, 1, 0]
				},
				"toe_back_left": {
					"rotation": [-107.5, 0, 0],
					"position": [0, -1.5, -1.25]
				},
				"toe_middle_left": {
					"rotation": [35, 0, 0]
				},
				"toe_middle_left2": {
					"rotation": [30, 0, 0]
				},
				"toe_inner_left": {
					"rotation": [35, -5, -5]
				},
				"toe_inner_left2": {
					"rotation": [30, 0, 0]
				},
				"toe_outer_left": {
					"rotation": [35, 7.5, 5]
				},
				"toe_outer_left2": {
					"rotation": [37.5, 0, 0]
				},
				"toe_middle_right": {
					"rotation": [35, 0, 0]
				},
				"toe_middle_right2": {
					"rotation": [25, 0, 0]
				},
				"toe_inner_right": {
					"rotation": [35, 5, 5]
				},
				"toe_inner_right2": {
					"rotation": [32.5, 0, 0]
				},
				"toe_outer_right": {
					"rotation": [35, -5, -5]
				},
				"toe_outer_right2": {
					"rotation": [30, 0, 0]
				},
				"toe_back_right": {
					"rotation": [-107.5, 0, 0],
					"position": [0, -1.5, -1.25]
				},
				"feathers_left": {
					"rotation": ["-math.sin(q.anim_time*90*4-90)*24", "math.clamp((math.sin(q.anim_time*90*4-60)*36),0,90)", 0],
					"position": ["math.clamp((math.sin(q.anim_time*90*4-60)*2),0,2)", 0, "-math.clamp((math.sin(q.anim_time*90*4-60)*2),0,2)"]
				},
				"feathers_left2": {
					"rotation": ["-math.sin(q.anim_time*90*4-90)*12", -10, 0],
					"position": [1, 0, 0]
				},
				"feathers_left3": {
					"rotation": ["-math.sin(q.anim_time*90*4-90)*8", -10, 0],
					"position": [0.75, 0, 0]
				},
				"feathers_left6": {
					"rotation": ["-math.sin(q.anim_time*90*4-90)*48", 0, 0]
				},
				"feathers_left4": {
					"rotation": [0, 0, "math.sin(q.anim_time*90*4-90)*18"]
				},
				"feathers_left5": {
					"rotation": [0, 0, "math.sin(q.anim_time*90*4-90)*24"]
				},
				"feathers_right": {
					"rotation": ["-math.sin(q.anim_time*90*4-90)*24", "-(math.clamp((math.sin(q.anim_time*90*4-60)*36),0,90))", 0],
					"position": ["-(math.clamp((math.sin(q.anim_time*90*4-60)*2),0,2))", 0, "-math.clamp((math.sin(q.anim_time*90*4-60)*2),0,2)"]
				},
				"feathers_right2": {
					"rotation": ["-math.sin(q.anim_time*90*4-90)*12", 10, 0],
					"position": [-1, 0, 0]
				},
				"feathers_right3": {
					"rotation": ["-math.sin(q.anim_time*90*4-90)*8", 10, 0],
					"position": [-0.75, 0, 0]
				},
				"feathers_right6": {
					"rotation": ["-math.sin(q.anim_time*90*4-90)*48", 0, 0]
				},
				"feathers_right4": {
					"rotation": [0, 0, "-(math.sin(q.anim_time*90*4-90)*18)"]
				},
				"feathers_right5": {
					"rotation": [0, 0, "-(math.sin(q.anim_time*90*4-90)*24)"]
				},
				"body": {
					"rotation": [0, 0, "-math.sin(q.anim_time*90-90)*2"],
					"position": ["math.sin(q.anim_time*90)", "math.sin(q.anim_time*90*4-60)", 0]
				},
				"tail_feather_outer_left": {
					"rotation": ["math.sin(q.anim_time*90*4-180)", 5, 0]
				},
				"tail_feather_outer_right": {
					"rotation": ["math.sin(q.anim_time*90*4-180)", -5, 0]
				},
				"tail_feather_inner_left": {
					"rotation": ["math.sin(q.anim_time*90*4-180)", 1.5, 0]
				},
				"tail_feather_inner_right": {
					"rotation": ["math.sin(q.anim_time*90*4-180)", 0.5, 0]
				},
				"torso2": {
					"rotation": ["-10-math.sin(q.anim_time*90*4-120)", 0, 0]
				},
				"neck": {
					"rotation": ["7.5+math.sin(q.anim_time*90*4-150)*6", 0, "math.sin(q.anim_time*90-90)*2"],
					"position": [0, -0.5, 0]
				},
				"head": {
					"rotation": ["math.sin(q.anim_time*90*4-180)*8", 0, 0]
				},
				"head_crest_middle": {
					"rotation": [0, 0, "math.sin(q.anim_time*90*20-60)*2"]
				},
				"head_crest_left": {
					"rotation": [0, 0, "-(math.sin(q.anim_time*90*20))"]
				},
				"head_crest_right": {
					"rotation": [0, 0, "math.sin(q.anim_time*90*20)"]
				},
				"hair": {
					"rotation": ["-math.sin(q.anim_time*90*4-60)*4", 0, 0]
				},
				"hair2": {
					"rotation": ["-math.sin(q.anim_time*90*4-90)*4", 0, 0]
				},
				"hair_strands_right2": {
					"rotation": [0, 0, "-math.sin(q.anim_time*90*4-180)*6"]
				},
				"hair_strands_left2": {
					"rotation": [0, 0, "math.sin(q.anim_time*90*4-180)*6"]
				},
				"hair_strands_right3": {
					"rotation": [0, 0, "-math.sin(q.anim_time*90*4-150)*6"]
				},
				"hair_strands_left3": {
					"rotation": [0, 0, "math.sin(q.anim_time*90*4-150)*6"]
				},
				"hair_strands_front2": {
					"rotation": ["-math.sin(q.anim_time*90*4-180)*6", 0, 0]
				},
				"hair_strands_front3": {
					"rotation": ["-math.sin(q.anim_time*90*4-150)*6", 0, 0]
				},
				"hair_strands_front4": {
					"rotation": ["-math.sin(q.anim_time*90*4-120)*6", 0, 0]
				},
				"hair3": {
					"rotation": ["-math.sin(q.anim_time*90*4-120)*6", 0, 0]
				},
				"hair4": {
					"rotation": ["-math.sin(q.anim_time*90*4-150)*8", 0, 0]
				},
				"hair_strands_right6": {
					"rotation": ["-math.sin(q.anim_time*90*4-180)*12", 0, 0]
				},
				"hair_strands_left6": {
					"rotation": ["-math.sin(q.anim_time*90*4-180)*12", 0, 0]
				},
				"hair_strands_end": {
					"rotation": ["-math.sin(q.anim_time*90*4-180)*12", 0, 0]
				},
				"locator_seat_1": {
					"rotation": [7.5, 0, "math.sin(q.anim_time*90-90)*3"]
				}
			}
		},
		"animation.braviary_hisuian.air_glide": {
			"loop": true,
			"bones": {
				"wing_open_left": {
					"rotation": [0, 27.5, 0]
				},
				"wing_open_left2": {
					"rotation": [0, -20, 0]
				},
				"wing_open_left3": {
					"rotation": [0, 20, 0]
				},
				"wing_open_right": {
					"rotation": [0, -27.5, 0]
				},
				"wing_open_right2": {
					"rotation": [0, 20, 0]
				},
				"wing_open_right3": {
					"rotation": [0, -20, 0]
				},
				"torso": {
					"rotation": [0, 0, 0]
				},
				"wing_closed_left": {
					"rotation": [-90, -16, -97],
					"position": [3, 0, 2],
					"scale": 0
				},
				"wing_closed_right": {
					"rotation": [-90, 16, 97],
					"position": [-3, 0, 2],
					"scale": 0
				},
				"neck2": {
					"rotation": [-5, 0, 0]
				},
				"thigh_right": {
					"rotation": ["2.5+(60-math.sin(q.anim_time*90/2-100)*4)+(math.sin(q.anim_time*90*20)/4)", "5+math.sin(q.anim_time*90-150)*6", -7.5]
				},
				"foot_right": {
					"rotation": ["30+(math.sin(q.anim_time*90*20-180))", 0, 0]
				},
				"tail": {
					"rotation": [25, 0, 0]
				},
				"tail_feathers": {
					"rotation": [7.5, 0, 0]
				},
				"leg_right": {
					"rotation": ["5+(math.sin(q.anim_time*90*20-90))", 0, 0]
				},
				"wing_open_left4": {
					"rotation": [0, -25, 0]
				},
				"wing_open_right4": {
					"rotation": [0, 25, 0]
				},
				"locator_top": {
					"position": [0, -12, 0]
				},
				"thigh_left": {
					"rotation": ["-2.5+(60-math.sin(q.anim_time*90/2-100)*4)+(math.sin(q.anim_time*90*20-60)/4)", "-2.5+math.sin(q.anim_time*90-150)*6", 10]
				},
				"leg_left": {
					"rotation": ["-10+(math.sin(q.anim_time*90*20-150))", 0, 0]
				},
				"foot_left": {
					"rotation": ["47.5+(math.sin(q.anim_time*90*20-240))", 0, 0]
				},
				"toe_back_left": {
					"rotation": [-107.5, 0, 0],
					"position": [0, -1.5, -1.25]
				},
				"toe_middle_left": {
					"rotation": [35, 0, 0]
				},
				"toe_middle_left2": {
					"rotation": [25, 0, 0]
				},
				"toe_inner_left": {
					"rotation": [40, 0, -5]
				},
				"toe_inner_left2": {
					"rotation": [20, 0, 0]
				},
				"toe_outer_left": {
					"rotation": [42.5, 0, 2.5]
				},
				"toe_outer_left2": {
					"rotation": [25, 0, 0]
				},
				"toe_middle_right": {
					"rotation": [35, 0, 0]
				},
				"toe_middle_right2": {
					"rotation": [22.5, 0, 0]
				},
				"toe_inner_right": {
					"rotation": [37.5, 0, 5]
				},
				"toe_inner_right2": {
					"rotation": [25, 0, 0]
				},
				"toe_outer_right": {
					"rotation": [40, 0, -5]
				},
				"toe_outer_right2": {
					"rotation": [20, 0, 0]
				},
				"toe_back_right": {
					"rotation": [-107.5, 0, 0],
					"position": [0, -1.5, -1.25]
				},
				"body": {
					"rotation": [0, 0, "-math.sin(q.anim_time*90-90)*2"],
					"position": ["math.sin(q.anim_time*90)", "math.sin(q.anim_time*90/2-90)", 0]
				},
				"tail_feather_outer_left": {
					"rotation": ["-2.5+math.sin(q.anim_time*90*30-30)", 0, 0]
				},
				"tail_feather_outer_right": {
					"rotation": ["-5+math.sin(q.anim_time*90*30-120)", 0, 0]
				},
				"tail_feather_inner_left": {
					"rotation": ["math.sin(q.anim_time*90*30-60)", 0, 0]
				},
				"tail_feather_inner_right": {
					"rotation": ["-2.5+math.sin(q.anim_time*90*30-90)", 0, 0]
				},
				"feathers_left": {
					"rotation": ["math.sin(q.anim_time*90*30-30)", 0, 0]
				},
				"feathers_left2": {
					"rotation": ["-2.5+math.sin(q.anim_time*90*30-60)", 0, 0]
				},
				"feathers_left3": {
					"rotation": ["-2.5+math.sin(q.anim_time*90*30-90)/2", 0, 0]
				},
				"feathers_left6": {
					"rotation": ["math.sin(q.anim_time*90*30-150)", 0, 0]
				},
				"feathers_left4": {
					"rotation": [0, 0, "math.sin(q.anim_time*90*30-90)/2"]
				},
				"feathers_left5": {
					"rotation": [0, 0, "math.sin(q.anim_time*90*30-150)"]
				},
				"feathers_right": {
					"rotation": ["math.sin(q.anim_time*90*30-30)", 0, 0]
				},
				"feathers_right2": {
					"rotation": ["-2.5+math.sin(q.anim_time*90*30-60)", 0, 0]
				},
				"feathers_right3": {
					"rotation": ["-2.5+math.sin(q.anim_time*90*30-90)/2", 0, 0]
				},
				"feathers_right6": {
					"rotation": ["math.sin(q.anim_time*90*30-150)", 0, 0]
				},
				"feathers_right4": {
					"rotation": [0, 0, "-(math.sin(q.anim_time*90*30-90)/2)"]
				},
				"feathers_right5": {
					"rotation": [0, 0, "-(math.sin(q.anim_time*90*30-150))"]
				},
				"head_crest_middle": {
					"rotation": [0, 0, "math.sin(q.anim_time*90*30-60)*2"]
				},
				"head_crest_left": {
					"rotation": [0, 0, "-(math.sin(q.anim_time*90*30))"]
				},
				"head_crest_right": {
					"rotation": [0, 0, "math.sin(q.anim_time*90*30)"]
				},
				"hair": {
					"rotation": ["math.sin(q.anim_time*90*30)", 0, 0]
				},
				"hair2": {
					"rotation": ["math.sin(q.anim_time*90*30-60)", 0, 0]
				},
				"hair_strands_right2": {
					"rotation": [0, 0, "20-math.sin(q.anim_time*90*30-120)"]
				},
				"hair_strands_left2": {
					"rotation": [0, 0, "-20+math.sin(q.anim_time*90*30-120)"]
				},
				"hair_strands_right3": {
					"rotation": [0, 0, "7.5-math.sin(q.anim_time*90*30-120)"]
				},
				"hair_strands_left3": {
					"rotation": [0, 0, "-7.5+math.sin(q.anim_time*90*30-120)"]
				},
				"hair_strands_front2": {
					"rotation": ["-15+math.sin(q.anim_time*90*30-120)", 0, 0]
				},
				"hair_strands_front3": {
					"rotation": ["-15+math.sin(q.anim_time*90*30-120)", 0, 0]
				},
				"hair_strands_front4": {
					"rotation": ["-7.5+math.sin(q.anim_time*90*30-120)", 0, 0]
				},
				"hair3": {
					"rotation": ["math.sin(q.anim_time*90*30-120)", 0, 0]
				},
				"hair4": {
					"rotation": ["math.sin(q.anim_time*90*30-180)", 0, 0]
				},
				"hair_strands_right6": {
					"rotation": ["-20+math.sin(q.anim_time*90*30-240)*2", 0, 0]
				},
				"hair_strands_left6": {
					"rotation": ["-20+math.sin(q.anim_time*90*30-240)*2", 0, 0]
				},
				"hair_strands_end": {
					"rotation": ["-30+math.sin(q.anim_time*90*30-240)*2", 0, 0],
					"position": [0, 0, 0.25]
				},
				"locator_seat_1": {
					"rotation": [0, 0, "math.sin(q.anim_time*90-90)*3"]
				}
			}
		},
		"animation.braviary_hisuian.ride_ground_walk": {
			"loop": true,
			"bones": {
				"tail": {
					"rotation": [0, "q.r.yaw_change(0)*-10", 0],
					"position": [0, 0, "-math.abs(q.r.yaw_change(0)*0.5)"]
				},
				"neck": {
					"rotation": [0, "q.r.yaw_change(0)*20", "q.r.yaw_change(0)*5"]
				},
				"torso": {
					"rotation": [0, 0, "q.r.yaw_change(0)*-2"]
				},
				"wing_closed_left": {
					"rotation": ["q.r.yaw_change(0)*-5", 0, 0]
				},
				"wing_closed_right": {
					"rotation": ["q.r.yaw_change(0)*5", 0, 0]
				},
				"neck2": {
					"rotation": [0, 0, "q.r.yaw_change(0)*5"]
				}
			}
		},
		"animation.braviary_hisuian.ride_air_fly": {
			"loop": true,
			"bones": {
				"body": {
					"rotation": [0, 0, "q.r.yaw_change*-10"]
				},
				"tail": {
					"rotation": [0, "q.r.yaw_change*-20", 0]
				},
				"tail_feather_outer_left": {
					"rotation": ["q.r.pitch_change(0)*20", 0, 0]
				},
				"tail_feather_outer_right": {
					"rotation": ["q.r.pitch_change(0)*20", 0, 0]
				},
				"tail_feather_inner_left": {
					"rotation": ["math.clamp((q.r.pitch_change(0)*20),-18,20)", 0, 0]
				},
				"tail_feather_inner_right": {
					"rotation": ["math.clamp((q.r.pitch_change(0)*20),-18,20)", 0, 0]
				},
				"wing_open_left": {
					"rotation": ["q.r.pitch_change(0)*20", 0, 0],
					"position": [0, "math.clamp((q.r.pitch_change(0)*-1),-1,0)", 0]
				},
				"wing_open_right": {
					"rotation": ["q.r.pitch_change(0)*20", 0, 0],
					"position": [0, "math.clamp((q.r.pitch_change(0)*-1),-1,0)", 0]
				},
				"neck": {
					"rotation": ["q.r.pitch_change(0)*-20", "q.r.yaw_change(0)*10", 0],
					"position": [0, "-math.clamp((q.r.pitch_change(0)*-1),0,1)", 0]
				},
				"neck2": {
					"rotation": ["q.r.pitch_change(0)*-10", "q.r.yaw_change(0)*20", 0]
				},
				"hair": {
					"rotation": ["math.clamp((q.r.pitch_change(0)*1),0,1)", 0, 0]
				},
				"thigh_left": {
					"rotation": [0, "q.r.yaw_change*-10", 0]
				},
				"thigh_right": {
					"rotation": [0, "q.r.yaw_change*-10", 0]
				},
				"tail_feathers": {
					"rotation": [0, "q.r.yaw_change*5", "q.r.yaw_change*5"]
				},
				"locator_seat_1": {
					"rotation": [0, "q.r.yaw_change*10", "q.r.yaw_change*5"]
				}
			}
		},
		"animation.braviary_hisuian.ride_air_glide": {
			"loop": true,
			"bones": {
				"body": {
					"rotation": [0, 0, "q.r.yaw_change*-10"]
				},
				"tail": {
					"rotation": [0, "q.r.yaw_change*-20", 0]
				},
				"tail_feather_outer_left": {
					"rotation": ["q.r.pitch_change(0)*20", 0, 0]
				},
				"tail_feather_outer_right": {
					"rotation": ["q.r.pitch_change(0)*20", 0, 0]
				},
				"tail_feather_inner_left": {
					"rotation": ["math.clamp((q.r.pitch_change(0)*20),-18,20)", 0, 0]
				},
				"tail_feather_inner_right": {
					"rotation": ["math.clamp((q.r.pitch_change(0)*20),-18,20)", 0, 0]
				},
				"feathers_left": {
					"rotation": ["q.r.pitch_change(0)*10", 0, 0]
				},
				"feathers_left2": {
					"rotation": ["q.r.pitch_change(0)*10", 0, 0]
				},
				"feathers_left3": {
					"rotation": ["q.r.pitch_change(0)*10+math.abs(-q.r.yaw_change(0)*5)", 0, "q.r.pitch_change(0)*5"]
				},
				"feathers_left4": {
					"rotation": [0, 0, "q.r.pitch_change(0)*-10-math.abs(q.r.yaw_change(0)*5)"]
				},
				"feathers_right": {
					"rotation": ["q.r.pitch_change(0)*10", 0, 0]
				},
				"feathers_right2": {
					"rotation": ["q.r.pitch_change(0)*10", 0, 0]
				},
				"feathers_right3": {
					"rotation": ["q.r.pitch_change(0)*10+math.abs(-q.r.yaw_change(0)*5)", 0, "-(q.r.pitch_change(0)*5)"]
				},
				"feathers_right4": {
					"rotation": [0, 0, "-(q.r.pitch_change(0)*-10-math.abs(q.r.yaw_change(0)*5))"]
				},
				"neck": {
					"rotation": ["q.r.pitch_change(0)*-20", "q.r.yaw_change(0)*10", 0],
					"position": [0, "-math.clamp((q.r.pitch_change(0)*-1),0,1)", 0]
				},
				"neck2": {
					"rotation": ["q.r.pitch_change(0)*-10", 0, 0]
				},
				"hair": {
					"rotation": ["math.clamp((q.r.pitch_change(0)*10),0,10)", 0, 0]
				},
				"thigh_left": {
					"rotation": [0, "q.r.yaw_change*-10", 0]
				},
				"thigh_right": {
					"rotation": [0, "q.r.yaw_change*-10", 0]
				},
				"tail_feathers": {
					"rotation": [0, "q.r.yaw_change*5", "q.r.yaw_change*5"]
				},
				"locator_seat_1": {
					"rotation": [0, "q.r.yaw_change*10", "q.r.yaw_change*5"]
				},
				"wing_open_left3": {
					"rotation": [0, 0, "-math.abs(q.r.yaw_change(0)*5)"]
				},
				"feathers_left6": {
					"rotation": ["math.abs(q.r.yaw_change(0)*10)", 0, 0]
				},
				"wing_open_left4": {
					"rotation": [0, 0, "-math.abs(q.r.yaw_change(0)*5)"]
				},
				"feathers_left5": {
					"rotation": [0, 0, "-math.abs(q.r.yaw_change(0)*10)"]
				},
				"wing_open_right3": {
					"rotation": [0, 0, "math.abs(q.r.yaw_change(0)*5)"]
				},
				"feathers_right6": {
					"rotation": ["math.abs(q.r.yaw_change(0)*10)", 0, 0]
				},
				"wing_open_right4": {
					"rotation": [0, 0, "math.abs(q.r.yaw_change(0)*5)"]
				},
				"feathers_right5": {
					"rotation": [0, 0, "math.abs(q.r.yaw_change(0)*10)"]
				}
			}
		},
		"animation.braviary_hisuian.ride_air_dive": {
			"loop": true,
			"bones": {
				"tail_feather_outer_left": {
					"rotation": ["q.r.dive*-2", "q.r.dive*-30", 0]
				},
				"tail_feather_outer_right": {
					"rotation": ["q.r.dive*-2", "-(q.r.dive*-30)", 0]
				},
				"tail_feather_inner_left": {
					"rotation": [0, "q.r.dive*-2", 0]
				},
				"tail_feather_inner_right": {
					"rotation": [0, "-(q.r.dive*-2)", 0]
				},
				"wing_open_left": {
					"rotation": ["q.r.dive(0)*5", "q.r.dive(0)*-80", "q.r.dive(0)*10"],
					"position": ["q.r.dive(0)*1", "q.r.dive(0)*-1.1", 0]
				},
				"wing_open_left2": {
					"rotation": [0, "q.r.dive(0)*20", 0],
					"position": ["q.r.dive(0)*-5", 0, 0]
				},
				"feathers_left": {
					"rotation": [0, "q.r.dive(0)*20", 0],
					"position": ["q.r.dive(0)*5", 0, "q.r.dive(0)*-4"]
				},
				"wing_open_left3": {
					"rotation": [0, "q.r.dive(0)*30", 0],
					"position": ["q.r.dive(0)*-2", 0, 0]
				},
				"feathers_left2": {
					"rotation": [0, "q.r.dive(0)*-40", 0],
					"position": ["q.r.dive(0)*2", 0, "q.r.dive(0)*-2"]
				},
				"feathers_left3": {
					"rotation": ["q.r.dive(0)*3", "q.r.dive(0)*-40", 0],
					"position": [0, 0, "q.r.dive(0)*-1"]
				},
				"wing_open_left4": {
					"rotation": [0, "q.r.dive(0)*-30", 0]
				},
				"feathers_left4": {
					"rotation": [0, "q.r.dive(0)*-10", "q.r.dive(0)*-5"]
				},
				"wing_open_right": {
					"rotation": ["q.r.dive(0)*5", "-(q.r.dive(0)*-80)", "-(q.r.dive(0)*10)"],
					"position": ["q.r.dive(0)*-1", "q.r.dive(0)*-1.1", 0]
				},
				"wing_open_right2": {
					"rotation": [0, "-(q.r.dive(0)*20)", 0],
					"position": ["-(q.r.dive(0)*-5)", 0, 0]
				},
				"feathers_right": {
					"rotation": [0, "-(q.r.dive(0)*20)", 0],
					"position": ["-(q.r.dive(0)*5)", 0, "q.r.dive(0)*-4"]
				},
				"wing_open_right3": {
					"rotation": [0, "-(q.r.dive(0)*30)", 0],
					"position": ["-(q.r.dive(0)*-2)", 0, 0]
				},
				"feathers_right2": {
					"rotation": [0, "-(q.r.dive(0)*-40)", 0],
					"position": ["-(q.r.dive(0)*2)", 0, "q.r.dive(0)*-2"]
				},
				"feathers_right3": {
					"rotation": ["q.r.dive(0)*3", "-(q.r.dive(0)*-40)", 0],
					"position": [0, 0, "q.r.dive(0)*-1"]
				},
				"wing_open_right4": {
					"rotation": [0, "-(q.r.dive(0)*-30)", 0]
				},
				"feathers_right4": {
					"rotation": [0, "-(q.r.dive(0)*-10)", "-(q.r.dive(0)*-5)"]
				},
				"neck1": {
					"rotation": ["q.r.dive*20", 0, 0]
				},
				"neck2": {
					"rotation": ["q.r.dive*-10", 0, 0]
				},
				"head": {
					"rotation": ["q.r.dive*-10", 0, 0]
				},
				"head_crest_top": {
					"rotation": ["q.r.dive(0)*5", 0, 0]
				},
				"hair": {
					"rotation": ["q.r.dive*10", 0, 0]
				},
				"leg_left": {
					"rotation": ["q.r.dive(0)*10", 0, 0],
					"position": [0, "q.r.dive(0)*-1", 0]
				},
				"leg_right": {
					"rotation": ["q.r.dive(0)*5", 0, 0],
					"position": [0, "q.r.dive(0)*-1", 0]
				},
				"torso2": {
					"rotation": ["q.r.dive*10", 0, 0]
				},
				"neck": {
					"rotation": [0, 0, 0]
				},
				"locator_seat_1": {
					"rotation": ["q.r.dive(0)*20", 0, 0]
				},
				"feathers_left6": {
					"position": [0, 0, "q.r.dive(0)*-2"]
				},
				"feathers_right6": {
					"position": [0, 0, "q.r.dive(0)*-2"]
				},
				"head_crest_left": {
					"rotation": ["q.r.dive(0)*-5", 0, 0]
				},
				"head_crest_right": {
					"rotation": ["q.r.dive(0)*-5", 0, 0]
				},
				"hair2": {
					"rotation": ["q.r.dive(0)*-10", 0, 0]
				},
				"hair4": {
					"rotation": ["q.r.dive(0)*-20", 0, 0]
				}
			}
		},
		"animation.braviary_hisuian.cry": {
			"animation_length": 2.0417,
			"bones": {
				"neck2": {
					"rotation": {
						"0.0417": [0, 0, 0],
						"0.375": {
							"pre": [25, 0, 0],
							"post": [25, 0, 0],
							"lerp_mode": "catmullrom"
						},
						"0.5417": {
							"post": [0, 0, 0],
							"lerp_mode": "catmullrom"
						},
						"1.2083": {
							"post": [0, 0, 0],
							"lerp_mode": "catmullrom"
						},
						"2.0417": [0, 0, 0]
					},
					"position": {
						"0.0417": [0, 0, 0],
						"0.5417": [0, 0, 0]
					}
				},
				"head": {
					"rotation": {
						"0.0417": [0, 0, 0],
						"0.0833": [0, "-math.sin(q.anim_time*90*20-30)*20", "math.sin(q.anim_time*90*20)*30"],
						"0.4583": [0, 0, 0],
						"0.5833": {
							"pre": [-22.5, 0, 0],
							"post": [-22.5, 0, 0],
							"lerp_mode": "catmullrom"
						},
						"1.2083": {
							"post": [0, 0, 0],
							"lerp_mode": "catmullrom"
						},
						"2.0417": [0, 0, 0]
					}
				},
				"jaw_open": {
					"rotation": {
						"0.0417": [0, 0, 0],
						"0.4583": [0, 0, 0],
						"0.5417": {
							"pre": [42.5, 0, 0],
							"post": [42.5, 0, 0],
							"lerp_mode": "catmullrom"
						},
						"0.7083": {
							"post": [69.36, 0, 0],
							"lerp_mode": "catmullrom"
						},
						"1.2083": {
							"post": [0, 0, 0],
							"lerp_mode": "catmullrom"
						},
						"2.0417": [0, 0, 0]
					}
				},
				"hair2": {
					"rotation": {
						"0.0417": [0, 0, 0],
						"0.0833": {
							"pre": [0, -7.5, -10],
							"post": [0, -7.5, -10],
							"lerp_mode": "catmullrom"
						},
						"0.1667": {
							"post": [0, 10.03, 7.54],
							"lerp_mode": "catmullrom"
						},
						"0.2917": {
							"post": [0, 0.14, 0.25],
							"lerp_mode": "catmullrom"
						},
						"0.4167": {
							"post": [0, 7.33, 4.41],
							"lerp_mode": "catmullrom"
						},
						"0.5": {
							"post": [10.3, 5.09, 3.05],
							"lerp_mode": "catmullrom"
						},
						"0.6667": {
							"post": [-2.98, 0.94, -0.02],
							"lerp_mode": "catmullrom"
						},
						"0.875": {
							"post": [-5.54, 0.61, -0.19],
							"lerp_mode": "catmullrom"
						},
						"1.5833": {
							"post": [-1.19, 0.12, -0.04],
							"lerp_mode": "catmullrom"
						},
						"2.0417": [0, 0, 0]
					}
				},
				"hair3": {
					"rotation": {
						"0.0417": [0, 0, 0],
						"0.0833": {
							"pre": [0, 0, -7.5],
							"post": [0, 0, -7.5],
							"lerp_mode": "catmullrom"
						},
						"0.1667": {
							"post": [0, 0, 2.53],
							"lerp_mode": "catmullrom"
						},
						"0.25": {
							"post": [0, 0, -7.33],
							"lerp_mode": "catmullrom"
						},
						"0.375": {
							"post": [0, 0, -2.34],
							"lerp_mode": "catmullrom"
						},
						"0.5": {
							"post": [5, 0, -4.58],
							"lerp_mode": "catmullrom"
						},
						"0.6667": {
							"post": [32.5, 0, 0],
							"lerp_mode": "catmullrom"
						},
						"0.9167": {
							"post": [22.3, 0, 0.28],
							"lerp_mode": "catmullrom"
						},
						"1.375": {
							"post": [4.89, 0, 0.23],
							"lerp_mode": "catmullrom"
						},
						"2.0417": [0, 0, 0]
					}
				},
				"neck": {
					"rotation": {
						"0.0417": [0, 0, 0],
						"0.125": {
							"pre": [0, -2.5, -2.5],
							"post": [0, -2.5, -2.5],
							"lerp_mode": "catmullrom"
						},
						"0.2083": {
							"post": [0, 2.5, 3.06],
							"lerp_mode": "catmullrom"
						},
						"0.2917": {
							"post": [0, -2.5, -3.12],
							"lerp_mode": "catmullrom"
						},
						"0.375": {
							"post": [0, 2.5, 2.5],
							"lerp_mode": "catmullrom"
						},
						"0.5417": {
							"post": [0, -0.5, 0],
							"lerp_mode": "catmullrom"
						},
						"1.2083": {
							"post": [0, 0, 0],
							"lerp_mode": "catmullrom"
						},
						"2.0417": [0, 0, 0]
					}
				},
				"torso2": {
					"rotation": {
						"0.0417": [0, 0, 0],
						"0.2083": {
							"pre": [0, 2.5, -2.5],
							"post": [0, 2.5, -2.5],
							"lerp_mode": "catmullrom"
						},
						"0.375": {
							"post": [0, -1.2, 2.5],
							"lerp_mode": "catmullrom"
						},
						"0.5833": {
							"post": [0, 0, 0],
							"lerp_mode": "catmullrom"
						},
						"1.625": [0, 0, 0]
					}
				},
				"wings_closed": {
					"rotation": {
						"0.0417": [0, 0, 0],
						"0.125": {
							"pre": [0, -2.5, 0],
							"post": [0, -2.5, 0],
							"lerp_mode": "catmullrom"
						},
						"0.2917": {
							"post": [0, 1.34, 0],
							"lerp_mode": "catmullrom"
						},
						"0.4167": {
							"post": [0, 2.5, 0],
							"lerp_mode": "catmullrom"
						},
						"0.7083": {
							"post": [0, 0, 0],
							"lerp_mode": "catmullrom"
						},
						"1.4167": [0, 0, 0]
					}
				},
				"eyelid_left": {
					"position": {
						"0.0": [0, 0, 0],
						"0.0417": {"pre": [0, 0, 0], "post": [0.1, 0, -0.1]},
						"0.5417": {"pre": [0.1, 0, -0.1], "post": [0, 0, 0]}
					}
				},
				"eyelid_right": {
					"position": {
						"0.0": [0, 0, 0],
						"0.0417": {"pre": [0, 0, 0], "post": [-0.1, 0, -0.1]},
						"0.5417": {"pre": [-0.1, 0, -0.1], "post": [0, 0, 0]}
					}
				},
				"head_crest": {
					"rotation": {
						"0.0417": [0, 0, 0],
						"0.0833": {
							"pre": [0, 0, -12.5],
							"post": [0, 0, -12.5],
							"lerp_mode": "catmullrom"
						},
						"0.1667": {
							"post": [0, 0, 10],
							"lerp_mode": "catmullrom"
						},
						"0.2917": {
							"post": [0, 0, -7.5],
							"lerp_mode": "catmullrom"
						},
						"0.375": {
							"post": [0, 0, 15],
							"lerp_mode": "catmullrom"
						},
						"0.5": {
							"post": [0, 0, -2.5],
							"lerp_mode": "catmullrom"
						},
						"0.6667": {
							"post": [7.5, 0, 0],
							"lerp_mode": "catmullrom"
						},
						"1.0417": {
							"post": [10.17, 0, 0],
							"lerp_mode": "catmullrom"
						},
						"1.875": [0, 0, 0]
					},
					"scale": {
						"0.0417": [1, 1, 1],
						"0.4583": {
							"pre": [1, 1, 1],
							"post": [1, 1, 1],
							"lerp_mode": "catmullrom"
						},
						"0.5833": {
							"post": [1.15, 1.11, 1],
							"lerp_mode": "catmullrom"
						},
						"0.6667": {
							"post": [1.02, 1.12, 1],
							"lerp_mode": "catmullrom"
						},
						"0.7083": {
							"post": [1.05, 1.05, 1],
							"lerp_mode": "catmullrom"
						},
						"0.7917": {
							"post": [0.98, 1.1, 1],
							"lerp_mode": "catmullrom"
						},
						"0.9583": {
							"post": [1.07, 1.11, 1],
							"lerp_mode": "catmullrom"
						},
						"1.5833": [1, 1, 1]
					}
				},
				"head_crest_middle": {
					"scale": {
						"0.0417": [1, 1, 1],
						"0.2917": {
							"pre": [1, 1, 1],
							"post": [1, 1, 1],
							"lerp_mode": "catmullrom"
						},
						"0.375": {
							"post": [1.06, 1.04, 1],
							"lerp_mode": "catmullrom"
						},
						"0.5": {
							"post": [1.02, 1.05, 1],
							"lerp_mode": "catmullrom"
						},
						"0.5417": {
							"post": [0.98, 1.08, 1],
							"lerp_mode": "catmullrom"
						},
						"0.5833": {
							"post": [1.01, 0.99, 1],
							"lerp_mode": "catmullrom"
						},
						"0.7083": {
							"post": [0.965, 1.035, 1],
							"lerp_mode": "catmullrom"
						},
						"0.75": {
							"post": [1.07, 1.05, 1],
							"lerp_mode": "catmullrom"
						},
						"1.5833": [1, 1, 1]
					}
				},
				"hair": {
					"rotation": {
						"0.0417": [0, 0, 0],
						"0.125": {
							"pre": [0, -7.5, -5],
							"post": [0, -7.5, -5],
							"lerp_mode": "catmullrom"
						},
						"0.2083": {
							"post": [0, 5, 5],
							"lerp_mode": "catmullrom"
						},
						"0.2917": {
							"post": [0, -7.5, -5],
							"lerp_mode": "catmullrom"
						},
						"0.4167": {
							"post": [0, 2.5, 2.5],
							"lerp_mode": "catmullrom"
						},
						"0.5417": {
							"post": [5, 2.5, 2.5],
							"lerp_mode": "catmullrom"
						},
						"0.75": {
							"post": [0, 2.5, 2.5],
							"lerp_mode": "catmullrom"
						},
						"2.0417": [0, 0, 0]
					}
				},
				"hair4": {
					"rotation": {
						"0.0417": [0, 0, 0],
						"0.125": {
							"pre": [0, 0, 10],
							"post": [0, 0, 10],
							"lerp_mode": "catmullrom"
						},
						"0.2083": {
							"post": [0, 0, -10],
							"lerp_mode": "catmullrom"
						},
						"0.2917": {
							"post": [0, 0, 12.5],
							"lerp_mode": "catmullrom"
						},
						"0.4167": {
							"post": [10, 0, -5],
							"lerp_mode": "catmullrom"
						},
						"0.5833": {
							"post": [-9, 0, -5],
							"lerp_mode": "catmullrom"
						},
						"0.9583": {
							"post": [-5.89, 0, 0.37],
							"lerp_mode": "catmullrom"
						},
						"1.4167": {
							"post": [-2.19, 0, 0.21],
							"lerp_mode": "catmullrom"
						},
						"2.0417": [0, 0, 0]
					}
				},
				"hair_strands_end": {
					"rotation": {
						"0.0417": [0, 0, 0],
						"0.5": {
							"pre": [0, 0, 0],
							"post": [0, 0, 0],
							"lerp_mode": "catmullrom"
						},
						"0.5833": {
							"post": [10, 0, 0],
							"lerp_mode": "catmullrom"
						},
						"0.75": {
							"post": [-10, 0, 0],
							"lerp_mode": "catmullrom"
						},
						"1.2917": {
							"post": [-2, 0, 0],
							"lerp_mode": "catmullrom"
						},
						"2.0": [0, 0, 0]
					}
				}
			},
			"sound_effects": {
				"0.375": {
					"effect": "pokemon.braviary_hisuian.cry"
				}
			}
		},
		"animation.braviary_hisuian.recoil": {
			"animation_length": 1,
			"bones": {
				"torso": {
					"rotation": {
						"0.0": [0, 0, 0],
						"0.1667": {
							"pre": [-2, 0, 0],
							"post": [-2, 0, 0],
							"lerp_mode": "catmullrom"
						},
						"0.3333": {
							"post": [-1.91, 0, 0],
							"lerp_mode": "catmullrom"
						},
						"0.5833": {
							"post": [1.38, 0, 0],
							"lerp_mode": "catmullrom"
						},
						"0.9167": [0, 0, 0]
					},
					"position": {
						"0.0": [0, 0, 0],
						"0.125": {
							"pre": [0, 0, 0.5],
							"post": [0, 0, 0.5],
							"lerp_mode": "catmullrom"
						},
						"0.375": {
							"post": [0, 0, 0],
							"lerp_mode": "catmullrom"
						},
						"0.5417": [0, 0, 0]
					}
				},
				"neck2": {
					"rotation": {
						"0.0": [0, 0, 0],
						"0.0833": {
							"pre": [11.4, 0, 0],
							"post": [11.4, 0, 0],
							"lerp_mode": "catmullrom"
						},
						"0.2083": {
							"post": [9.7, 0, 0],
							"lerp_mode": "catmullrom"
						},
						"0.4167": {
							"post": [2, 0, 0],
							"lerp_mode": "catmullrom"
						},
						"0.875": [0, 0, 0]
					}
				},
				"head": {
					"rotation": {
						"0.0": [0, 0, 0],
						"0.0833": {
							"pre": [7.5, 0, 0],
							"post": [7.5, 0, 0],
							"lerp_mode": "catmullrom"
						},
						"0.4583": {
							"post": [-23.67, 0, 0],
							"lerp_mode": "catmullrom"
						},
						"0.7083": {
							"post": [-2.5, 0, 0],
							"lerp_mode": "catmullrom"
						},
						"0.9167": [0, 0, 0]
					}
				},
				"eyelid_left": {
					"position": {
						"0.0": [0.1, 0, -0.1],
						"0.5": {"pre": [0.1, 0, -0.1], "post": [0, 0, 0]}
					}
				},
				"eyelid_right": {
					"position": {
						"0.0": [-0.1, 0, -0.1],
						"0.5": {"pre": [-0.1, 0, -0.1], "post": [0, 0, 0]}
					}
				},
				"jaw_open": {
					"rotation": {
						"0.0": [0, 0, 0],
						"0.25": [45, 0, 0],
						"0.4583": {
							"pre": [0, 0, 0],
							"post": [0, 0, 0],
							"lerp_mode": "catmullrom"
						},
						"0.625": [0, 0, 0]
					}
				},
				"hair2": {
					"rotation": {
						"0.0": [0, 0, 0],
						"0.125": {
							"pre": [-17.5, 0, 0],
							"post": [-17.5, 0, 0],
							"lerp_mode": "catmullrom"
						},
						"0.4167": {
							"post": [0.29, 0, 0],
							"lerp_mode": "catmullrom"
						},
						"0.625": {
							"post": [-2.8, 0, 0],
							"lerp_mode": "catmullrom"
						},
						"0.9583": [0, 0, 0]
					}
				},
				"hair3": {
					"rotation": {
						"0.0": [0, 0, 0],
						"0.125": {
							"pre": [19.5, 0, 0],
							"post": [19.5, 0, 0],
							"lerp_mode": "catmullrom"
						},
						"0.4583": {
							"post": [17.5, 0, 0],
							"lerp_mode": "catmullrom"
						},
						"0.625": {
							"post": [3.8, 0, 0],
							"lerp_mode": "catmullrom"
						},
						"0.875": [0, 0, 0]
					}
				},
				"neck": {
					"rotation": {
						"0.0": [0, 0, 0],
						"0.0833": {
							"pre": [-20, 0, 0],
							"post": [-20, 0, 0],
							"lerp_mode": "catmullrom"
						},
						"0.5": [0, 0, 0]
					}
				},
				"hair": {
					"rotation": {
						"0.0": [0, 0, 0],
						"0.1667": {
							"pre": [-7.5, 0, 0],
							"post": [-7.5, 0, 0],
							"lerp_mode": "catmullrom"
						},
						"0.5833": {
							"post": [-1, 0, 0],
							"lerp_mode": "catmullrom"
						},
						"0.875": [0, 0, 0]
					}
				},
				"hair4": {
					"rotation": {
						"0.0": [0, 0, 0],
						"0.125": {
							"pre": [2.5, 0, 0],
							"post": [2.5, 0, 0],
							"lerp_mode": "catmullrom"
						},
						"0.375": {
							"post": [-2.5, 0, 0],
							"lerp_mode": "catmullrom"
						},
						"0.6667": {
							"post": [-18.75, 0, 0],
							"lerp_mode": "catmullrom"
						},
						"0.9583": [0, 0, 0]
					}
				},
				"hair_strands_end": {
					"rotation": {
						"0.0": [0, 0, 0],
						"0.1667": {
							"pre": [10, 0, 0],
							"post": [10, 0, 0],
							"lerp_mode": "catmullrom"
						},
						"0.4167": {
							"post": [0, 0, 0],
							"lerp_mode": "catmullrom"
						},
						"0.7083": {
							"post": [-9, 0, 0],
							"lerp_mode": "catmullrom"
						},
						"0.875": {
							"post": [-1.93, 0, 0],
							"lerp_mode": "catmullrom"
						},
						"1.0": [0, 0, 0]
					}
				}
			}
		},
		"animation.braviary_hisuian.sleep": {
			"loop": true,
			"bones": {
				"torso": {
					"rotation": ["-23.5-math.sin(q.anim_time*90-60)*3", 12, -9],
					"position": [-0.75, "-2+math.sin(q.anim_time*90-30)/2", 1]
				},
				"tail": {
					"rotation": ["25-math.sin(q.anim_time*90-150)", 0, 0]
				},
				"tail_feather_outer_left": {
					"rotation": [1.46535, -22.49078, -0.3056]
				},
				"tail_feather_outer_right": {
					"rotation": [0, 20, 0]
				},
				"tail_feather_inner_left": {
					"rotation": [4.98543, -4.99364, -0.25267]
				},
				"tail_feather_inner_right": {
					"rotation": [2.48543, 4.99364, 0.25267]
				},
				"wing_closed_left2": {
					"rotation": [0, -7.5, 0]
				},
				"wing_closed_left3": {
					"rotation": [0, -10, 0]
				},
				"wing_closed_right": {
					"rotation": [0, -10, 5]
				},
				"wing_closed_right1": {
					"rotation": [0, 7.5, 0]
				},
				"wing_closed_right2": {
					"rotation": [0, 5, 0]
				},
				"wing_closed_right3": {
					"rotation": [0, 7.5, 0]
				},
				"wing_open_left": {
					"scale": 0
				},
				"wing_open_right": {
					"scale": 0
				},
				"neck1": {
					"rotation": ["4-math.sin(q.anim_time*90-150)", -24, -17.5],
					"position": [-0.6, -0.75, 2]
				},
				"neck2": {
					"rotation": [22.5, -35, 0],
					"position": [0.5, -0.75, 0.5]
				},
				"head": {
					"rotation": ["72-math.sin(q.anim_time*90-180)", -9, -43.5],
					"position": [0, 0, 1.5]
				},
				"eyelid_left": {
					"position": [0.1, 0, -0.1]
				},
				"eyelid_right": {
					"position": [-0.1, 0, -0.1]
				},
				"hair2": {
					"rotation": ["-10-math.sin(q.anim_time*90-210)", 0, 0]
				},
				"hair3": {
					"rotation": ["-32.5-math.sin(q.anim_time*90-240)*2", 0, 0]
				},
				"hair_tuft_back": {
					"rotation": ["-35-math.sin(q.anim_time*90-270)*4", 0, 0]
				},
				"thigh_left": {
					"rotation": ["-math.sin(q.anim_time*90)*8", 7.5, 0],
					"position": ["0.25+math.sin(q.anim_time*90)/12", "-0.1+math.sin(q.anim_time*90)*0.2", "-1+math.sin(q.anim_time*90)*1.2"]
				},
				"leg_left": {
					"rotation": ["math.sin(q.anim_time*90)*8", 0, 0],
					"position": [0, "math.sin(q.anim_time*90)/12", 0]
				},
				"toe_inner_left": {
					"rotation": [0, -5, 0]
				},
				"toe_outer_left": {
					"rotation": [0, 7.5, 0]
				},
				"thigh_right": {
					"rotation": ["-math.sin(q.anim_time*90)*8", 17.5, 0],
					"position": ["0.25+math.sin(q.anim_time*90)/4", "-0.1+math.sin(q.anim_time*90)*0.2", "math.sin(q.anim_time*90)*1.2"]
				},
				"leg_right": {
					"rotation": ["math.sin(q.anim_time*90)*8", 0, 0],
					"position": [0, "math.sin(q.anim_time*90)/8", 0]
				},
				"toe_inner_right": {
					"rotation": [0, 7.5, 0]
				},
				"toe_outer_right": {
					"rotation": [0, -7.5, 0]
				},
				"wing_closed_left": {
					"rotation": [0, 0, -25],
					"position": [2, -0.25, 0.75]
				},
				"wing_closed_left4": {
					"rotation": [0, -7.5, 0]
				},
				"neck": {
					"rotation": [2.5, -35, -15],
					"position": [-0.5, 0, 0.75]
				},
				"locator_seat_1": {
					"rotation": [20, -25, -2.5]
				}
			}
		},
		"animation.braviary_hisuian.blink": {
			"animation_length": 0.1667,
			"bones": {
				"eyelid_left": {
					"position": {
						"0.0": [0.1, 0, -0.1],
						"0.125": {"pre": [0.1, 0, -0.1], "post": [0.1, 0, -0.1]},
						"0.1667": {"pre": [0.1, 0, -0.1], "post": [0, 0, 0]}
					}
				},
				"eyelid_right": {
					"position": {
						"0.0": [-0.1, 0, -0.1],
						"0.125": {"pre": [-0.1, 0, -0.1], "post": [-0.1, 0, -0.1]},
						"0.1667": {"pre": [-0.1, 0, -0.1], "post": [0, 0, 0]}
					}
				}
			}
		},
		"animation.braviary_hisuian.wings_pose": {
			"loop": true,
			"bones": {
				"wing_open_left": {
					"rotation": [0, 27.5, 0]
				},
				"wing_open_left2": {
					"rotation": [0, -20, 0]
				},
				"wing_open_left3": {
					"rotation": [0, 20, 0]
				},
				"wing_open_left4": {
					"rotation": [0, -25, 0]
				},
				"wing_open_right": {
					"rotation": [0, -27.5, 0]
				},
				"wing_open_right2": {
					"rotation": [0, 20, 0]
				},
				"wing_open_right3": {
					"rotation": [0, -20, 0]
				},
				"wing_open_right4": {
					"rotation": [0, 25, 0]
				}
			}
		},
		"animation.braviary_hisuian.walkspeedtest": {
			"loop": true,
			"bones": {
				"braviary": {
					"position": [0, 0, "47-q.anim_time*90*0.2"]
				}
			}
		},
		"animation.braviary_hisuian.scaletest": {
			"loop": true,
			"bones": {
				"braviary": {
					"scale": 0.8
				}
			}
		},
		"animation.braviary_hisuian.happy": {
			"loop": true,
			"bones": {
				"eyelid_happy_left": {
					"position": [0.1, 0, -0.1]
				},
				"eyelid_happy_right": {
					"position": [-0.1, 0, -0.1]
				}
			}
		},
		"animation.braviary_hisuian.sad": {
			"loop": true,
			"bones": {
				"eyelid_sad_left": {
					"position": [0.1, 0, -0.1]
				},
				"eyelid_sad_right": {
					"position": [-0.1, 0, -0.1]
				}
			}
		},
		"animation.braviary_hisuian.hurt": {
			"loop": true,
			"bones": {
				"eyelid_recoil_left": {
					"position": [0.1, 0, -0.1]
				},
				"eyelid_recoil_right": {
					"position": [-0.1, 0, -0.1]
				}
			}
		},
		"animation.braviary_hisuian.unamused": {
			"loop": true,
			"bones": {
				"eyelid_unamused_left": {
					"position": [0.1, 0, -0.1]
				},
				"eyelid_unamused_right": {
					"position": [-0.1, 0, -0.1]
				}
			}
		}
	}
}