{
	"format_version": "1.8.0",
	"animations": {
		"animation.fearow.ground_idle": {
			"loop": true,
			"bones": {
				"hairstrand": {
					"rotation": [7.5, 0, 12.5]
				},
				"hairstrand2": {
					"rotation": [-17.5, 0, 0]
				},
				"tail": {
					"rotation": [45, 0, 0]
				},
				"tail_fluff": {
					"rotation": [12.5, 0, 0]
				},
				"wing_left": {
					"rotation": [-205.97212, -73.26807, -63.0391],
					"position": [0, -7, -3]
				},
				"wing_fluff_left": {
					"rotation": [-12.5, 30, "-15+math.sin(q.anim_time*90*2+180)*1"],
					"position": [0, 0, 3]
				},
				"wing_left2": {
					"rotation": [0, "40+math.sin(q.anim_time*90*2+45)*0.5", 0]
				},
				"wing_left3": {
					"rotation": [0, "-22.5-math.sin(q.anim_time*90*2+120)*0.5", 0]
				},
				"wing_right": {
					"rotation": [-205.97212, 73.26807, 63.0391],
					"position": [0, -7, -3]
				},
				"wing_fluff_right": {
					"rotation": [-12.5, -30, "15-math.sin(q.anim_time*90*2+180)*1"],
					"position": [0, 0, 3]
				},
				"wing_right2": {
					"rotation": [0, "-40-math.sin(q.anim_time*90*2+45)*0.5", 0]
				},
				"wing_right3": {
					"rotation": [0, "22.5+math.sin(q.anim_time*90*2+120)*0.5", 0]
				},
				"wing_fluff_right2": {
					"rotation": [0, 0, 17.5]
				},
				"wing_fluff_left2": {
					"rotation": [0, 0, -17.5]
				},
				"neck_fluff3": {
					"rotation": [20, 0, 0]
				},
				"torso": {
					"rotation": ["0+math.sin(q.anim_time*90*2+120)*0.5", 0, 0]
				},
				"neck_fluff": {
					"rotation": ["0-math.sin(q.anim_time*90*2+60)", 0, 0]
				},
				"tail_left": {
					"rotation": ["0+math.sin(q.anim_time*90*2+45)*1", 0, 0]
				},
				"tail_right": {
					"rotation": ["0+math.sin(q.anim_time*90*2+45)*1", 0, 0]
				},
				"tail_left2": {
					"rotation": ["0+math.sin(q.anim_time*90*2+60)*1", 0, 0]
				},
				"tail_right2": {
					"rotation": ["0+math.sin(q.anim_time*90*2+60)*1", 0, 0]
				},
				"neck": {
					"rotation": ["0+math.sin(q.anim_time*90*2+45)*0.5", 0, 0]
				},
				"neck2": {
					"rotation": ["0-math.sin(q.anim_time*90*2+150)*0.5", 0, 0]
				},
				"head": {
					"rotation": ["0+math.sin(q.anim_time*90*2-45)*0.5", 0, 0]
				},
				"crest": {
					"rotation": ["0-math.sin(q.anim_time*90*2+120)*1", 0, 0]
				},
				"crest2": {
					"rotation": ["0-math.sin(q.anim_time*90*2+130)*1", 0, 0]
				},
				"crest3": {
					"rotation": ["0-math.sin(q.anim_time*90*2+130)*1", 0, 0]
				},
				"crest4": {
					"rotation": ["0-math.sin(q.anim_time*90*2+150)*1", 0, 0]
				},
				"crest5": {
					"rotation": ["0-math.sin(q.anim_time*90*2+150)*1", 0, 0]
				},
				"leg_left": {
					"rotation": ["0+math.sin(q.anim_time*90*2+90)*1", 0, 0],
					"position": [0, "0-math.sin(q.anim_time*90*2+90)*0.02", "0-math.sin(q.anim_time*90*2+90)*0.1"]
				},
				"leg_left2": {
					"rotation": ["0-math.sin(q.anim_time*90*2+90)*1", 0, 0]
				},
				"leg_right": {
					"rotation": ["0+math.sin(q.anim_time*90*2+90)*1", 0, 0],
					"position": [0, "0-math.sin(q.anim_time*90*2+90)*0.02", "0-math.sin(q.anim_time*90*2+90)*0.1"]
				},
				"leg_right2": {
					"rotation": ["0-math.sin(q.anim_time*90*2+90)*1", 0, 0]
				}
			}
		},
		"animation.fearow.ground_walk": {
			"loop": true,
			"animation_length": 1.5,
			"bones": {
				"torso": {
					"rotation": ["0+math.sin(q.anim_time*90*2.67*2+45)*2", "0-math.sin(q.anim_time*90*2.67+90)*2", "0-math.sin(q.anim_time*90*2.67+180)*2"],
					"position": [0, "0-math.sin(q.anim_time*90*2.67*2+90)*0.25", 0]
				},
				"neck_fluff": {
					"rotation": ["0-math.sin(q.anim_time*90*2.67*2+150)*2", 0, 0]
				},
				"wing_left": {
					"rotation": [-205.97212, -73.26807, -63.0391],
					"position": [0, -7, -3]
				},
				"wing_fluff_left": {
					"rotation": [-12.5, 30, "-15+math.sin(q.anim_time*90*2.67*2+150)*2"],
					"position": [0, 0, 3]
				},
				"wing_left2": {
					"rotation": [0, "40.353553391+math.sin(q.anim_time*90*2.67*2-90)", 0]
				},
				"wing_left3": {
					"rotation": [0, "-22.933012702+math.sin(q.anim_time*90*2.67*2-150)*0.5", 0]
				},
				"wing_right": {
					"rotation": [-205.97212, 73.26807, 63.0391],
					"position": [0, -7, -3]
				},
				"wing_fluff_right": {
					"rotation": [-12.5, -30, "15-math.sin(q.anim_time*90*2.67*2+150)*2"],
					"position": [0, 0, 3]
				},
				"wing_right2": {
					"rotation": [0, "-40.3536-math.sin(q.anim_time*90*2.67*2-90)", 0]
				},
				"wing_right3": {
					"rotation": [0, "22.933-math.sin(q.anim_time*90*2.67*2-150)*0.5", 0]
				},
				"tail": {
					"rotation": [25, 0, 0]
				},
				"tail_left": {
					"rotation": ["0+math.sin(q.anim_time*90*2.67*2-90)*2", "0+math.sin(q.anim_time*90*2.67-130)*2", 0]
				},
				"tail_right": {
					"rotation": ["0+math.sin(q.anim_time*90*2.67*2-90)*2", "0+math.sin(q.anim_time*90*2.67-140)*2", 0]
				},
				"tail_left2": {
					"rotation": ["0+math.sin(q.anim_time*90*2.67*2-90)*2", "0+math.sin(q.anim_time*90*2.67-120)*2", 0]
				},
				"tail_right2": {
					"rotation": ["0+math.sin(q.anim_time*90*2.67*2-90)*2", "0+math.sin(q.anim_time*90*2.67-150)*2", 0]
				},
				"neck": {
					"rotation": ["0+math.sin(q.anim_time*90*2.67*2-45)", "0+math.sin(q.anim_time*90*2.67+90)*2", 0]
				},
				"neck2": {
					"rotation": ["0-math.sin(q.anim_time*90*2.67*2+90)", 0, 0]
				},
				"head": {
					"rotation": ["0-math.sin(q.anim_time*90*2.67*2+120)", 0, 0]
				},
				"crest": {
					"rotation": ["0-math.sin(q.anim_time*90*2.67*2+45)", 0, 0]
				},
				"crest2": {
					"rotation": ["0-math.sin(q.anim_time*90*2.67*2+60)", 0, 0]
				},
				"crest3": {
					"rotation": ["0-math.sin(q.anim_time*90*2.67*2+90)", 0, 0]
				},
				"crest4": {
					"rotation": ["0-math.sin(q.anim_time*90*2.67*2+45)", 0, 0]
				},
				"crest5": {
					"rotation": ["0-math.sin(q.anim_time*90*2.67*2+80)", 0, 0]
				},
				"leg_left": {
					"rotation": {
						"0.0": {
							"post": [-20, 0, 0],
							"lerp_mode": "catmullrom"
						},
						"0.1667": {
							"post": [0, 0, 0],
							"lerp_mode": "catmullrom"
						},
						"0.375": {
							"post": [20, 0, 0],
							"lerp_mode": "catmullrom"
						},
						"0.5833": {
							"post": [40, 0, 0],
							"lerp_mode": "catmullrom"
						},
						"0.8333": {
							"post": [50, 0, 0],
							"lerp_mode": "catmullrom"
						},
						"1.0417": {
							"post": [26.88, 0, 0],
							"lerp_mode": "catmullrom"
						},
						"1.25": {
							"post": [0, 0, 0],
							"lerp_mode": "catmullrom"
						},
						"1.5": {
							"post": [-20, 0, 0],
							"lerp_mode": "catmullrom"
						}
					},
					"position": {
						"0.0": {
							"post": [0, 0, -3],
							"lerp_mode": "catmullrom"
						},
						"0.1667": {
							"post": [0, 0, -1.5],
							"lerp_mode": "catmullrom"
						},
						"0.375": {
							"post": [0, 0, 0],
							"lerp_mode": "catmullrom"
						},
						"0.5833": {
							"post": [0, 0, 0.5],
							"lerp_mode": "catmullrom"
						},
						"0.8333": {
							"post": [0, 1, 0.5],
							"lerp_mode": "catmullrom"
						},
						"1.0417": {
							"post": [0, 1.13, -0.97],
							"lerp_mode": "catmullrom"
						},
						"1.25": {
							"post": [0, 1, -3],
							"lerp_mode": "catmullrom"
						},
						"1.5": {
							"post": [0, 0, -3],
							"lerp_mode": "catmullrom"
						}
					}
				},
				"leg_left2": {
					"rotation": {
						"0.0": {
							"post": [20, 0, 0],
							"lerp_mode": "catmullrom"
						},
						"0.2083": {
							"post": [0, 0, 0],
							"lerp_mode": "catmullrom"
						},
						"0.4167": {
							"post": [-12.5, 0, 0],
							"lerp_mode": "catmullrom"
						},
						"0.625": {
							"post": [2.5, 0, 0],
							"lerp_mode": "catmullrom"
						},
						"0.875": {
							"post": [27.5, 0, 0],
							"lerp_mode": "catmullrom"
						},
						"1.0833": {
							"post": [6.33, 0, 0],
							"lerp_mode": "catmullrom"
						},
						"1.2917": {
							"post": [-13.75, 0, 0],
							"lerp_mode": "catmullrom"
						},
						"1.5": {
							"post": [20, 0, 0],
							"lerp_mode": "catmullrom"
						}
					},
					"position": {
						"0.0": {
							"post": [0, 0, 0],
							"lerp_mode": "catmullrom"
						}
					}
				},
				"foot_left": {
					"rotation": {
						"0.0": {
							"post": [0, 0, 0],
							"lerp_mode": "catmullrom"
						},
						"0.25": {
							"post": [0, 0, 0],
							"lerp_mode": "catmullrom"
						},
						"0.4583": {
							"post": [7.5, 0, 0],
							"lerp_mode": "catmullrom"
						},
						"0.6667": {
							"post": [7.5, 0, 0],
							"lerp_mode": "catmullrom"
						},
						"0.9167": {
							"post": [15, 0, 0],
							"lerp_mode": "catmullrom"
						},
						"1.125": {
							"post": [11.11, 0, 0],
							"lerp_mode": "catmullrom"
						},
						"1.5": {
							"post": [0, 0, 0],
							"lerp_mode": "catmullrom"
						}
					},
					"position": {
						"0.0": {
							"post": [0, 0, 0],
							"lerp_mode": "catmullrom"
						},
						"0.6667": {
							"post": [0, 0.2, 0],
							"lerp_mode": "catmullrom"
						},
						"1.125": {
							"post": [0, 0.22, 0],
							"lerp_mode": "catmullrom"
						},
						"1.3333": {
							"post": [0, 0.2, 0],
							"lerp_mode": "catmullrom"
						},
						"1.5": {
							"post": [0, 0, 0],
							"lerp_mode": "catmullrom"
						}
					}
				},
				"toe_back_left": {
					"rotation": {
						"0.0": {
							"post": [0, 0, 0],
							"lerp_mode": "catmullrom"
						},
						"0.2083": {
							"post": [0, 0, 0],
							"lerp_mode": "catmullrom"
						},
						"0.4167": {
							"post": [-15, 0, 0],
							"lerp_mode": "catmullrom"
						},
						"0.625": {
							"post": [-25, 0, 0],
							"lerp_mode": "catmullrom"
						},
						"1.0833": {
							"post": [-18.15, 0, 0],
							"lerp_mode": "catmullrom"
						},
						"1.2917": {
							"post": [6.67, 0, 0],
							"lerp_mode": "catmullrom"
						},
						"1.5": {
							"post": [0, 0, 0],
							"lerp_mode": "catmullrom"
						}
					}
				},
				"toe_inner_left": {
					"rotation": {
						"0.0": {
							"post": [0, 0, 0],
							"lerp_mode": "catmullrom"
						},
						"0.2083": {
							"post": [0, 0, 0],
							"lerp_mode": "catmullrom"
						},
						"0.4167": {
							"post": [-16.68719, -1.36601, -5.09706],
							"lerp_mode": "catmullrom"
						},
						"0.625": {
							"post": [-51.81883, -14.92718, -7.35815],
							"lerp_mode": "catmullrom"
						},
						"0.875": {
							"post": [15, 0, 0],
							"lerp_mode": "catmullrom"
						},
						"1.0833": {
							"post": [7.46, 0.93, 0.46],
							"lerp_mode": "catmullrom"
						},
						"1.2917": {
							"post": [-7.5, 0, 0],
							"lerp_mode": "catmullrom"
						},
						"1.5": {
							"post": [0, 0, 0],
							"lerp_mode": "catmullrom"
						}
					},
					"position": {
						"0.0": {
							"post": [0, 0, 0],
							"lerp_mode": "catmullrom"
						},
						"0.4167": {
							"post": [0, 0, 0],
							"lerp_mode": "catmullrom"
						},
						"0.625": {
							"post": [0, -0.25, 0.25],
							"lerp_mode": "catmullrom"
						},
						"0.875": {
							"post": [0, 0, 0],
							"lerp_mode": "catmullrom"
						},
						"1.0833": {
							"post": [0, 0.02, -0.02],
							"lerp_mode": "catmullrom"
						},
						"1.5": {
							"post": [0, 0, 0],
							"lerp_mode": "catmullrom"
						}
					}
				},
				"toe_middle_left": {
					"rotation": {
						"0.0": {
							"post": [0, 0, 0],
							"lerp_mode": "catmullrom"
						},
						"0.2083": {
							"post": [0, 0, 0],
							"lerp_mode": "catmullrom"
						},
						"0.4167": {
							"post": [-15, 0, 0],
							"lerp_mode": "catmullrom"
						},
						"0.625": {
							"post": [-51.5306, -2.54889, 2.18623],
							"lerp_mode": "catmullrom"
						},
						"0.875": {
							"post": [15, 0, 0],
							"lerp_mode": "catmullrom"
						},
						"1.0833": {
							"post": [7.44, 0.16, -0.14],
							"lerp_mode": "catmullrom"
						},
						"1.2917": {
							"post": [-7.5, 0, 0],
							"lerp_mode": "catmullrom"
						},
						"1.5": {
							"post": [0, 0, 0],
							"lerp_mode": "catmullrom"
						}
					},
					"position": {
						"0.0": {
							"post": [0, 0, 0],
							"lerp_mode": "catmullrom"
						},
						"0.4167": {
							"post": [0, 0, 0],
							"lerp_mode": "catmullrom"
						},
						"0.625": {
							"post": [0, -0.25, 0.25],
							"lerp_mode": "catmullrom"
						},
						"0.875": {
							"post": [0, 0, 0],
							"lerp_mode": "catmullrom"
						},
						"1.0833": {
							"post": [0, 0.02, -0.02],
							"lerp_mode": "catmullrom"
						},
						"1.5": {
							"post": [0, 0, 0],
							"lerp_mode": "catmullrom"
						}
					}
				},
				"toe_outer_left": {
					"rotation": {
						"0.0": {
							"post": [0, 0, 0],
							"lerp_mode": "catmullrom"
						},
						"0.2083": {
							"post": [0, 0, 0],
							"lerp_mode": "catmullrom"
						},
						"0.4167": {
							"post": [-16.68719, 1.36601, 5.09706],
							"lerp_mode": "catmullrom"
						},
						"0.625": {
							"post": [-50.99114, 8.75873, 12.07282],
							"lerp_mode": "catmullrom"
						},
						"0.875": {
							"post": [15, 0, 0],
							"lerp_mode": "catmullrom"
						},
						"1.0833": {
							"post": [7.41, -0.55, -0.75],
							"lerp_mode": "catmullrom"
						},
						"1.2917": {
							"post": [-7.5, 0, 0],
							"lerp_mode": "catmullrom"
						},
						"1.5": {
							"post": [0, 0, 0],
							"lerp_mode": "catmullrom"
						}
					},
					"position": {
						"0.0": {
							"post": [0, 0, 0],
							"lerp_mode": "catmullrom"
						},
						"0.4167": {
							"post": [0, 0, 0],
							"lerp_mode": "catmullrom"
						},
						"0.625": {
							"post": [0, -0.25, 0.25],
							"lerp_mode": "catmullrom"
						},
						"0.875": {
							"post": [0, 0, 0],
							"lerp_mode": "catmullrom"
						},
						"1.0833": {
							"post": [0, 0.02, -0.02],
							"lerp_mode": "catmullrom"
						},
						"1.5": {
							"post": [0, 0, 0],
							"lerp_mode": "catmullrom"
						}
					}
				},
				"leg_right": {
					"rotation": {
						"0.0": {
							"post": [49.49, 0, 0],
							"lerp_mode": "catmullrom"
						},
						"0.0833": {
							"post": [50, 0, 0],
							"lerp_mode": "catmullrom"
						},
						"0.2917": {
							"post": [26.88, 0, 0],
							"lerp_mode": "catmullrom"
						},
						"0.5": {
							"post": [0, 0, 0],
							"lerp_mode": "catmullrom"
						},
						"0.75": {
							"post": [-20, 0, 0],
							"lerp_mode": "catmullrom"
						},
						"0.9167": {
							"post": [0, 0, 0],
							"lerp_mode": "catmullrom"
						},
						"1.125": {
							"post": [20, 0, 0],
							"lerp_mode": "catmullrom"
						},
						"1.3333": {
							"post": [40, 0, 0],
							"lerp_mode": "catmullrom"
						},
						"1.5": {
							"post": [49.49, 0, 0],
							"lerp_mode": "catmullrom"
						}
					},
					"position": {
						"0.0": {
							"post": [0, 0.69, 0.63],
							"lerp_mode": "catmullrom"
						},
						"0.0833": {
							"post": [0, 1, 0.5],
							"lerp_mode": "catmullrom"
						},
						"0.2917": {
							"post": [0, 1.13, -0.97],
							"lerp_mode": "catmullrom"
						},
						"0.5": {
							"post": [0, 1, -3],
							"lerp_mode": "catmullrom"
						},
						"0.75": {
							"post": [0, 0, -3],
							"lerp_mode": "catmullrom"
						},
						"0.9167": {
							"post": [0, 0, -1.5],
							"lerp_mode": "catmullrom"
						},
						"1.125": {
							"post": [0, 0, 0],
							"lerp_mode": "catmullrom"
						},
						"1.3333": {
							"post": [0, 0, 0.5],
							"lerp_mode": "catmullrom"
						},
						"1.5": {
							"post": [0, 0.69, 0.63],
							"lerp_mode": "catmullrom"
						}
					}
				},
				"leg_right2": {
					"rotation": {
						"0.0": {
							"post": [17.26, 0, 0],
							"lerp_mode": "catmullrom"
						},
						"0.125": {
							"post": [27.5, 0, 0],
							"lerp_mode": "catmullrom"
						},
						"0.3333": {
							"post": [6.33, 0, 0],
							"lerp_mode": "catmullrom"
						},
						"0.5417": {
							"post": [-13.75, 0, 0],
							"lerp_mode": "catmullrom"
						},
						"0.75": {
							"post": [20, 0, 0],
							"lerp_mode": "catmullrom"
						},
						"0.9583": {
							"post": [0, 0, 0],
							"lerp_mode": "catmullrom"
						},
						"1.1667": {
							"post": [-12.5, 0, 0],
							"lerp_mode": "catmullrom"
						},
						"1.375": {
							"post": [2.5, 0, 0],
							"lerp_mode": "catmullrom"
						},
						"1.5": {
							"post": [17.26, 0, 0],
							"lerp_mode": "catmullrom"
						}
					},
					"position": {
						"0.0": {
							"post": [0, 0, 0],
							"lerp_mode": "catmullrom"
						},
						"0.75": {
							"post": [0, 0, 0],
							"lerp_mode": "catmullrom"
						},
						"1.5": {
							"post": [0, 0, 0],
							"lerp_mode": "catmullrom"
						}
					}
				},
				"foot_right": {
					"rotation": {
						"0.0": {
							"post": [9.87, 0, 0],
							"lerp_mode": "catmullrom"
						},
						"0.1667": {
							"post": [15, 0, 0],
							"lerp_mode": "catmullrom"
						},
						"0.375": {
							"post": [11.11, 0, 0],
							"lerp_mode": "catmullrom"
						},
						"0.75": {
							"post": [0, 0, 0],
							"lerp_mode": "catmullrom"
						},
						"1.0": {
							"post": [0, 0, 0],
							"lerp_mode": "catmullrom"
						},
						"1.2083": {
							"post": [7.5, 0, 0],
							"lerp_mode": "catmullrom"
						},
						"1.4167": {
							"post": [7.5, 0, 0],
							"lerp_mode": "catmullrom"
						},
						"1.5": {
							"post": [9.87, 0, 0],
							"lerp_mode": "catmullrom"
						}
					},
					"position": {
						"0.0": {
							"post": [0, 0.22, 0],
							"lerp_mode": "catmullrom"
						},
						"0.375": {
							"post": [0, 0.22, 0],
							"lerp_mode": "catmullrom"
						},
						"0.5833": {
							"post": [0, 0.2, 0],
							"lerp_mode": "catmullrom"
						},
						"0.75": {
							"post": [0, 0, 0],
							"lerp_mode": "catmullrom"
						},
						"1.4167": {
							"post": [0, 0.2, 0],
							"lerp_mode": "catmullrom"
						},
						"1.5": {
							"post": [0, 0.22, 0],
							"lerp_mode": "catmullrom"
						}
					}
				},
				"toe_back_right": {
					"rotation": {
						"0.0": {
							"post": [-24.83, 0, 0],
							"lerp_mode": "catmullrom"
						},
						"0.3333": {
							"post": [-18.15, 0, 0],
							"lerp_mode": "catmullrom"
						},
						"0.5417": {
							"post": [6.67, 0, 0],
							"lerp_mode": "catmullrom"
						},
						"0.75": {
							"post": [0, 0, 0],
							"lerp_mode": "catmullrom"
						},
						"0.9583": {
							"post": [0, 0, 0],
							"lerp_mode": "catmullrom"
						},
						"1.1667": {
							"post": [-15, 0, 0],
							"lerp_mode": "catmullrom"
						},
						"1.375": {
							"post": [-25, 0, 0],
							"lerp_mode": "catmullrom"
						},
						"1.5": {
							"post": [-24.83, 0, 0],
							"lerp_mode": "catmullrom"
						}
					}
				},
				"toe_inner_right": {
					"rotation": {
						"0.0": {
							"post": [-20.13, 8.37, 3.85],
							"lerp_mode": "catmullrom"
						},
						"0.125": {
							"post": [15, 0, 0],
							"lerp_mode": "catmullrom"
						},
						"0.3333": {
							"post": [7.46, -0.93, -0.46],
							"lerp_mode": "catmullrom"
						},
						"0.5417": {
							"post": [-7.5, 0, 0],
							"lerp_mode": "catmullrom"
						},
						"0.75": {
							"post": [0, 0, 0],
							"lerp_mode": "catmullrom"
						},
						"0.9583": {
							"post": [0, 0, 0],
							"lerp_mode": "catmullrom"
						},
						"1.1667": {
							"post": [-16.68719, 1.36601, 5.09706],
							"lerp_mode": "catmullrom"
						},
						"1.375": {
							"post": [-51.81883, 14.92718, 7.35815],
							"lerp_mode": "catmullrom"
						},
						"1.5": {
							"post": [-20.13, 8.37, 3.85],
							"lerp_mode": "catmullrom"
						}
					},
					"position": {
						"0.0": {
							"post": [0, -0.14, 0.14],
							"lerp_mode": "catmullrom"
						},
						"0.125": {
							"post": [0, 0, 0],
							"lerp_mode": "catmullrom"
						},
						"0.3333": {
							"post": [0, 0.02, -0.02],
							"lerp_mode": "catmullrom"
						},
						"0.75": {
							"post": [0, 0, 0],
							"lerp_mode": "catmullrom"
						},
						"1.1667": {
							"post": [0, 0, 0],
							"lerp_mode": "catmullrom"
						},
						"1.375": {
							"post": [0, -0.25, 0.25],
							"lerp_mode": "catmullrom"
						},
						"1.5": {
							"post": [0, -0.14, 0.14],
							"lerp_mode": "catmullrom"
						}
					}
				},
				"toe_middle_right": {
					"rotation": {
						"0.0": {
							"post": [-20.08, 1.44, -1.24],
							"lerp_mode": "catmullrom"
						},
						"0.125": {
							"post": [15, 0, 0],
							"lerp_mode": "catmullrom"
						},
						"0.3333": {
							"post": [7.44, -0.16, 0.14],
							"lerp_mode": "catmullrom"
						},
						"0.5417": {
							"post": [-7.5, 0, 0],
							"lerp_mode": "catmullrom"
						},
						"0.75": {
							"post": [0, 0, 0],
							"lerp_mode": "catmullrom"
						},
						"0.9583": {
							"post": [0, 0, 0],
							"lerp_mode": "catmullrom"
						},
						"1.1667": {
							"post": [-15, 0, 0],
							"lerp_mode": "catmullrom"
						},
						"1.375": {
							"post": [-51.5306, 2.54889, -2.18623],
							"lerp_mode": "catmullrom"
						},
						"1.5": {
							"post": [-20.08, 1.44, -1.24],
							"lerp_mode": "catmullrom"
						}
					},
					"position": {
						"0.0": {
							"post": [0, -0.14, 0.14],
							"lerp_mode": "catmullrom"
						},
						"0.125": {
							"post": [0, 0, 0],
							"lerp_mode": "catmullrom"
						},
						"0.3333": {
							"post": [0, 0.02, -0.02],
							"lerp_mode": "catmullrom"
						},
						"0.75": {
							"post": [0, 0, 0],
							"lerp_mode": "catmullrom"
						},
						"1.1667": {
							"post": [0, 0, 0],
							"lerp_mode": "catmullrom"
						},
						"1.375": {
							"post": [0, -0.25, 0.25],
							"lerp_mode": "catmullrom"
						},
						"1.5": {
							"post": [0, -0.14, 0.14],
							"lerp_mode": "catmullrom"
						}
					}
				},
				"toe_outer_right": {
					"rotation": {
						"0.0": {
							"post": [-19.67, -4.88, -6.52],
							"lerp_mode": "catmullrom"
						},
						"0.125": {
							"post": [15, 0, 0],
							"lerp_mode": "catmullrom"
						},
						"0.3333": {
							"post": [7.41, 0.55, 0.75],
							"lerp_mode": "catmullrom"
						},
						"0.5417": {
							"post": [-7.5, 0, 0],
							"lerp_mode": "catmullrom"
						},
						"0.75": {
							"post": [0, 0, 0],
							"lerp_mode": "catmullrom"
						},
						"0.9583": {
							"post": [0, 0, 0],
							"lerp_mode": "catmullrom"
						},
						"1.1667": {
							"post": [-16.68719, -1.36601, -5.09706],
							"lerp_mode": "catmullrom"
						},
						"1.375": {
							"post": [-50.99114, -8.75873, -12.07282],
							"lerp_mode": "catmullrom"
						},
						"1.5": {
							"post": [-19.67, -4.88, -6.52],
							"lerp_mode": "catmullrom"
						}
					},
					"position": {
						"0.0": {
							"post": [0, -0.14, 0.14],
							"lerp_mode": "catmullrom"
						},
						"0.125": {
							"post": [0, 0, 0],
							"lerp_mode": "catmullrom"
						},
						"0.3333": {
							"post": [0, 0.02, -0.02],
							"lerp_mode": "catmullrom"
						},
						"0.75": {
							"post": [0, 0, 0],
							"lerp_mode": "catmullrom"
						},
						"1.1667": {
							"post": [0, 0, 0],
							"lerp_mode": "catmullrom"
						},
						"1.375": {
							"post": [0, -0.25, 0.25],
							"lerp_mode": "catmullrom"
						},
						"1.5": {
							"post": [0, -0.14, 0.14],
							"lerp_mode": "catmullrom"
						}
					}
				}
			}
		},
		"animation.fearow.air_idle": {
			"loop": true,
			"bones": {
				"body": {
					"rotation": [-25, 0, 0],
					"position": [0, "0-math.sin(q.anim_time*90*4)*4", 0]
				},
				"torso": {
					"rotation": ["5+math.cos(q.anim_time*90*4-150)*4", 0, 0]
				},
				"wing_fluff_right2": {
					"rotation": [0, 0, "30+math.cos(q.anim_time*90*4+45)*8"]
				},
				"wing_fluff_left2": {
					"rotation": [0, 0, "-30-math.cos(q.anim_time*90*4+45)*8"]
				},
				"wing_left": {
					"rotation": ["0+math.sin(q.anim_time*90*4+150)*5", 0, "math.sin(q.anim_time*90*4)*40"]
				},
				"wing_left2": {
					"rotation": [0, 0, "math.sin(q.anim_time * 90*4-45) * 50"]
				},
				"wing_left3": {
					"rotation": [0, 0, "0-math.sin(q.anim_time * 90*4+90) * 50"]
				},
				"wing_right": {
					"rotation": ["0+math.sin(q.anim_time*90*4+150)*5", 0, "-(math.sin(q.anim_time*90*4)*40)"]
				},
				"wing_right2": {
					"rotation": [0, 0, "-(math.sin(q.anim_time * 90*4-45) * 50)"]
				},
				"wing_right3": {
					"rotation": [0, 0, "0+math.sin(q.anim_time * 90*4+90) * 50"]
				},
				"neck": {
					"rotation": ["15-math.sin(q.anim_time*90*4+45)*2", 0, 0]
				},
				"neck2": {
					"rotation": ["10-math.sin(q.anim_time*90*4+90)*4", 0, 0]
				},
				"head": {
					"rotation": ["-5+math.sin(q.anim_time*90*4+120)*6", 0, 0]
				},
				"leg_left": {
					"rotation": ["0.0455-math.sin(q.anim_time*90*4+90)*8", -0.52071, -9.98657]
				},
				"leg_left2": {
					"rotation": ["0+math.sin(q.anim_time*90*4-150)*10", 0, 0]
				},
				"foot_left": {
					"rotation": ["0-math.sin(q.anim_time*90*4+90)*4", 0, 0]
				},
				"toe_back_left": {
					"rotation": ["-20-math.sin(q.anim_time*90*4-45)*10", 0, 0]
				},
				"claw_back_left": {
					"rotation": [-12.5, 0, 0]
				},
				"toe_inner_left": {
					"rotation": ["20-math.sin(q.anim_time*90*4-45)*10", 10, 0]
				},
				"claw_inner_left": {
					"rotation": [12.5, 0, 0]
				},
				"toe_middle_left": {
					"rotation": ["20-math.sin(q.anim_time*90*4-45)*10", 0, 0]
				},
				"claw_middle_left": {
					"rotation": [12.5, 0, 0]
				},
				"toe_outer_left": {
					"rotation": ["20-math.sin(q.anim_time*90*4-45)*10", -10, 0]
				},
				"claw_outer_left": {
					"rotation": [12.5, 0, 0]
				},
				"leg_right": {
					"rotation": ["0.0455-math.sin(q.anim_time*90*4+90)*8", 0.52071, 9.98657]
				},
				"leg_right2": {
					"rotation": ["0+math.sin(q.anim_time*90*4-150)*10", 0, 0]
				},
				"foot_right": {
					"rotation": ["0-math.sin(q.anim_time*90*4+90)*4", 0, 0]
				},
				"toe_back_right": {
					"rotation": ["-20-math.sin(q.anim_time*90*4-45)*10", 0, 0]
				},
				"claw_back_right": {
					"rotation": [-12.5, 0, 0]
				},
				"toe_inner_right": {
					"rotation": ["20-math.sin(q.anim_time*90*4-45)*10", -10, 0]
				},
				"claw_inner_right": {
					"rotation": [12.5, 0, 0]
				},
				"toe_middle_right": {
					"rotation": ["20-math.sin(q.anim_time*90*4-45)*10", 0, 0]
				},
				"claw_middle_right": {
					"rotation": [12.5, 0, 0]
				},
				"toe_outer_right": {
					"rotation": ["20-math.sin(q.anim_time*90*4-45)*10", 10, 0]
				},
				"claw_outer_right": {
					"rotation": [12.5, 0, 0]
				},
				"neck_fluff3": {
					"rotation": ["0-math.cos(q.anim_time*90*4+45)*8", 0, 0]
				},
				"tail_fluff": {
					"rotation": ["10-math.cos(q.anim_time*90*4+60)*8", 0, 0]
				},
				"wing_fluff_left": {
					"rotation": [0, 0, 0]
				},
				"tail": {
					"rotation": ["0-math.cos(q.anim_time*90*4+150)*6", 0, 0]
				},
				"tail_left": {
					"rotation": ["0-math.cos(q.anim_time*90*4+150)*6", 0, 0]
				},
				"tail_right": {
					"rotation": ["0-math.cos(q.anim_time*90*4+150)*6", 0, 0]
				},
				"tail_left2": {
					"rotation": ["0+math.sin(q.anim_time*90*4+90)*6", 0, 0]
				},
				"tail_right2": {
					"rotation": ["0-math.cos(q.anim_time*90*4+150)*6", 0, 0]
				}
			}
		},
		"animation.fearow.air_fly": {
			"loop": true,
			"bones": {
				"body": {
					"rotation": [7.5, 0, 0],
					"position": [0, "0-math.sin(q.anim_time*90*4)*4-math.sin(q.anim_time*90*4+90)*0.1", 0]
				},
				"torso": {
					"rotation": ["5+math.cos(q.anim_time*90*4-150)*4", 0, 0]
				},
				"wing_fluff_right2": {
					"rotation": [0, 0, "30+math.cos(q.anim_time*90*4+45)*8"]
				},
				"wing_fluff_left2": {
					"rotation": [0, 0, "-30-math.cos(q.anim_time*90*4+45)*8"]
				},
				"wing_left": {
					"rotation": ["0+math.sin(q.anim_time*90*4+150)*5", 0, "math.sin(q.anim_time*90*4)*40"]
				},
				"wing_left2": {
					"rotation": [0, 0, "math.sin(q.anim_time * 90*4-45) * 50"]
				},
				"wing_left3": {
					"rotation": [0, 0, "0-math.sin(q.anim_time * 90*4+90) * 50"]
				},
				"wing_right": {
					"rotation": ["0+math.sin(q.anim_time*90*4+150)*5", 0, "-(math.sin(q.anim_time*90*4)*40)"]
				},
				"wing_right2": {
					"rotation": [0, 0, "-(math.sin(q.anim_time * 90*4-45) * 50)"]
				},
				"wing_right3": {
					"rotation": [0, 0, "0+math.sin(q.anim_time * 90*4+90) * 50"]
				},
				"neck": {
					"rotation": ["15-math.sin(q.anim_time*90*4+45)*2", 0, 0]
				},
				"neck2": {
					"rotation": ["-22.5-math.sin(q.anim_time*90*4+90)*4", 0, 0]
				},
				"head": {
					"rotation": ["-5+math.sin(q.anim_time*90*4+120)*6", 0, 0]
				},
				"leg_left": {
					"rotation": ["40.0455-math.sin(q.anim_time*90*4+90)*8", -0.52071, -9.98657]
				},
				"leg_left2": {
					"rotation": ["0+math.sin(q.anim_time*90*4-150)*10", 0, 0]
				},
				"foot_left": {
					"rotation": ["0-math.sin(q.anim_time*90*4+90)*4", 0, 0]
				},
				"toe_back_left": {
					"rotation": ["-20-math.sin(q.anim_time*90*4-45)*10", 0, 0]
				},
				"claw_back_left": {
					"rotation": [-12.5, 0, 0]
				},
				"toe_inner_left": {
					"rotation": ["20-math.sin(q.anim_time*90*4-45)*10", 10, 0]
				},
				"claw_inner_left": {
					"rotation": [12.5, 0, 0]
				},
				"toe_middle_left": {
					"rotation": ["20-math.sin(q.anim_time*90*4-45)*10", 0, 0]
				},
				"claw_middle_left": {
					"rotation": [12.5, 0, 0]
				},
				"toe_outer_left": {
					"rotation": ["20-math.sin(q.anim_time*90*4-45)*10", -10, 0]
				},
				"claw_outer_left": {
					"rotation": [12.5, 0, 0]
				},
				"leg_right": {
					"rotation": ["40.0455-math.sin(q.anim_time*90*4+90)*8", 0.52071, 9.98657]
				},
				"leg_right2": {
					"rotation": ["0+math.sin(q.anim_time*90*4-150)*10", 0, 0]
				},
				"foot_right": {
					"rotation": ["0-math.sin(q.anim_time*90*4+90)*4", 0, 0]
				},
				"toe_back_right": {
					"rotation": ["-20-math.sin(q.anim_time*90*4-45)*10", 0, 0]
				},
				"claw_back_right": {
					"rotation": [-12.5, 0, 0]
				},
				"toe_inner_right": {
					"rotation": ["20-math.sin(q.anim_time*90*4-45)*10", -10, 0]
				},
				"claw_inner_right": {
					"rotation": [12.5, 0, 0]
				},
				"toe_middle_right": {
					"rotation": ["20-math.sin(q.anim_time*90*4-45)*10", 0, 0]
				},
				"claw_middle_right": {
					"rotation": [12.5, 0, 0]
				},
				"toe_outer_right": {
					"rotation": ["20-math.sin(q.anim_time*90*4-45)*10", 10, 0]
				},
				"claw_outer_right": {
					"rotation": [12.5, 0, 0]
				},
				"neck_fluff3": {
					"rotation": ["0-math.cos(q.anim_time*90*4+45)*8", 0, 0]
				},
				"tail_fluff": {
					"rotation": ["10-math.cos(q.anim_time*90*4+60)*8", 0, 0]
				},
				"wing_fluff_left": {
					"rotation": [0, 0, 0]
				},
				"tail": {
					"rotation": ["0-math.cos(q.anim_time*90*4+150)*6", 0, 0]
				},
				"tail_left": {
					"rotation": ["0-math.cos(q.anim_time*90*4+150)*6", 0, 0]
				},
				"tail_right": {
					"rotation": ["0-math.cos(q.anim_time*90*4+150)*6", 0, 0]
				},
				"tail_left2": {
					"rotation": ["0+math.sin(q.anim_time*90*4+90)*6", 0, 0]
				},
				"tail_right2": {
					"rotation": ["0-math.cos(q.anim_time*90*4+150)*6", 0, 0]
				}
			}
		},
		"animation.fearow.battle_idle": {
			"loop": true,
			"bones": {
				"body": {
					"rotation": ["-25-math.sin(q.anim_time*90*4+45)*2", 0, 0],
					"position": ["0-math.sin(q.anim_time*90*2+45)*2", "0-math.sin(q.anim_time*90*4)*4-math.sin(q.anim_time*90*4+90)*0.1", 0]
				},
				"torso": {
					"rotation": ["5+math.cos(q.anim_time*90*4-150)*4", 0, 0]
				},
				"wing_fluff_right2": {
					"rotation": [0, 0, "30+math.cos(q.anim_time*90*4+45)*8"]
				},
				"wing_fluff_left2": {
					"rotation": [0, 0, "-30-math.cos(q.anim_time*90*4+45)*8"]
				},
				"wing_left": {
					"rotation": ["0+math.sin(q.anim_time*90*4+150)*5", 0, "math.sin(q.anim_time*90*4)*40"]
				},
				"wing_left2": {
					"rotation": [0, 0, "math.sin(q.anim_time * 90*4-45) * 50"]
				},
				"wing_left3": {
					"rotation": [0, 0, "0-math.sin(q.anim_time * 90*4+90) * 50"]
				},
				"wing_right": {
					"rotation": ["0+math.sin(q.anim_time*90*4+150)*5", 0, "-(math.sin(q.anim_time*90*4)*40)"]
				},
				"wing_right2": {
					"rotation": [0, 0, "-(math.sin(q.anim_time * 90*4-45) * 50)"]
				},
				"wing_right3": {
					"rotation": [0, 0, "0+math.sin(q.anim_time * 90*4+90) * 50"]
				},
				"neck": {
					"rotation": ["15-math.sin(q.anim_time*90*4+45)*2", 0, 0]
				},
				"neck2": {
					"rotation": ["10-math.sin(q.anim_time*90*4+90)*4", 0, 0]
				},
				"head": {
					"rotation": ["-5+math.sin(q.anim_time*90*4+120)*6", 0, 0]
				},
				"leg_left": {
					"rotation": ["0.0455-math.sin(q.anim_time*90*4+90)*8", -0.52071, -9.98657]
				},
				"leg_left2": {
					"rotation": ["0+math.sin(q.anim_time*90*4-150)*10", 0, 0]
				},
				"foot_left": {
					"rotation": ["0-math.sin(q.anim_time*90*4+90)*4", 0, 0]
				},
				"toe_back_left": {
					"rotation": ["-20-math.sin(q.anim_time*90*4-45)*10", 0, 0]
				},
				"claw_back_left": {
					"rotation": [-12.5, 0, 0]
				},
				"toe_inner_left": {
					"rotation": ["20-math.sin(q.anim_time*90*4-45)*10", 10, 0]
				},
				"claw_inner_left": {
					"rotation": [12.5, 0, 0]
				},
				"toe_middle_left": {
					"rotation": ["20-math.sin(q.anim_time*90*4-45)*10", 0, 0]
				},
				"claw_middle_left": {
					"rotation": [12.5, 0, 0]
				},
				"toe_outer_left": {
					"rotation": ["20-math.sin(q.anim_time*90*4-45)*10", -10, 0]
				},
				"claw_outer_left": {
					"rotation": [12.5, 0, 0]
				},
				"leg_right": {
					"rotation": ["0.0455-math.sin(q.anim_time*90*4+90)*8", 0.52071, 9.98657]
				},
				"leg_right2": {
					"rotation": ["0+math.sin(q.anim_time*90*4-150)*10", 0, 0]
				},
				"foot_right": {
					"rotation": ["0-math.sin(q.anim_time*90*4+90)*4", 0, 0]
				},
				"toe_back_right": {
					"rotation": ["-20-math.sin(q.anim_time*90*4-45)*10", 0, 0]
				},
				"claw_back_right": {
					"rotation": [-12.5, 0, 0]
				},
				"toe_inner_right": {
					"rotation": ["20-math.sin(q.anim_time*90*4-45)*10", -10, 0]
				},
				"claw_inner_right": {
					"rotation": [12.5, 0, 0]
				},
				"toe_middle_right": {
					"rotation": ["20-math.sin(q.anim_time*90*4-45)*10", 0, 0]
				},
				"claw_middle_right": {
					"rotation": [12.5, 0, 0]
				},
				"toe_outer_right": {
					"rotation": ["20-math.sin(q.anim_time*90*4-45)*10", 10, 0]
				},
				"claw_outer_right": {
					"rotation": [12.5, 0, 0]
				},
				"neck_fluff3": {
					"rotation": ["0-math.cos(q.anim_time*90*4+45)*8", 0, 0]
				},
				"tail_fluff": {
					"rotation": ["10-math.cos(q.anim_time*90*4+60)*8", 0, 0]
				},
				"wing_fluff_left": {
					"rotation": [0, 0, 0]
				},
				"tail": {
					"rotation": ["0-math.cos(q.anim_time*90*4+150)*6", 0, 0]
				},
				"tail_left": {
					"rotation": ["0-math.cos(q.anim_time*90*4+150)*6", 0, 0]
				},
				"tail_right": {
					"rotation": ["0-math.cos(q.anim_time*90*4+150)*6", 0, 0]
				},
				"tail_left2": {
					"rotation": ["0+math.sin(q.anim_time*90*4+90)*6", 0, 0]
				},
				"tail_right2": {
					"rotation": ["0-math.cos(q.anim_time*90*4+150)*6", 0, 0]
				},
				"fearow": {
					"position": [0, 30, 0]
				}
			}
		},
		"animation.fearow.cry": {
			"animation_length": 1.25,
			"bones": {
				"neck": {
					"rotation": {
						"0.0": {
							"post": [0, 0, 0],
							"lerp_mode": "catmullrom"
						},
						"0.1667": {
							"post": [10, 0, 0],
							"lerp_mode": "catmullrom"
						},
						"0.9167": {
							"post": [10, 0, 0],
							"lerp_mode": "catmullrom"
						},
						"1.25": {
							"post": [0, 0, 0],
							"lerp_mode": "catmullrom"
						}
					}
				},
				"head": {
					"rotation": {
						"0.0": {
							"post": [0, 0, 0],
							"lerp_mode": "catmullrom"
						},
						"0.1667": {
							"post": [-15, 0, 0],
							"lerp_mode": "catmullrom"
						},
						"0.9167": {
							"post": [-15, 0, 0],
							"lerp_mode": "catmullrom"
						},
						"1.25": {
							"post": [0, 0, 0],
							"lerp_mode": "catmullrom"
						}
					}
				},
				"jaw": {
					"rotation": {
						"0.0": {
							"post": [0, 0, 0],
							"lerp_mode": "catmullrom"
						},
						"0.1667": {
							"post": [42.5, 0, 0],
							"lerp_mode": "catmullrom"
						},
						"0.9167": {
							"post": [42.5, 0, 0],
							"lerp_mode": "catmullrom"
						},
						"1.25": {
							"post": [0, 0, 0],
							"lerp_mode": "catmullrom"
						}
					}
				}
			},
			"sound_effects": {
				"0.1667": {
					"effect": "pokemon.fearow.cry"
				}
			}
		},
		"animation.fearow.blink": {
			"animation_length": 0.1667,
			"bones": {
				"eyelid_right": {
					"position": {
						"0.0": [-0.1, 0, -0.1],
						"0.125": [-0.1, 0, -0.1],
						"0.1667": [0, 0, 0]
					}
				},
				"eyelid_left": {
					"position": {
						"0.0": [0.1, 0, -0.1],
						"0.125": [0.1, 0, -0.1],
						"0.1667": [0, 0, 0]
					}
				}
			}
		},
		"animation.fearow.walktest": {
			"loop": true,
			"bones": {
				"fearow": {
					"position": [0, 0, "0-q.anim_time*90*0.1"]
				}
			}
		}
	}
}