{
	"format_version": "1.8.0",
	"animations": {
		"animation.togekiss.ground_idle": {
			"loop": true,
			"bones": {
				"body": {
					"rotation": [-30, 0, 0],
					"position": [0, -3.5, 0]
				},
				"wing_left_rotation": {
					"rotation": [3.5, -12.5, "10+math.sin(q.anim_time*90*1-180)*-2"],
					"position": [-3, 0, 0]
				},
				"wing_left2": {
					"rotation": [0, -12.5, "-5+math.sin(q.anim_time*90*1-180)*-4.5"]
				},
				"wing_left3": {
					"rotation": [-2.25, -22.5, "0+math.sin(q.anim_time*90*1-210)*-3"]
				},
				"wing_right_rotation": {
					"rotation": [3.5, 12.5, "-10+math.sin(q.anim_time*90*1-180)*2"],
					"position": [3, 0, 0]
				},
				"wing_right2": {
					"rotation": [0, 12.5, "5+math.sin(q.anim_time*90*1-180)*4.5"]
				},
				"wing_right3": {
					"rotation": [-2.25, 22.5, "0+math.sin(q.anim_time*90*1-210)*3"]
				},
				"neck": {
					"rotation": ["15+math.sin(q.anim_time*90*1-180)*-1", 0, 0],
					"position": [0, 0, 1]
				},
				"tail": {
					"rotation": ["10+math.sin(q.anim_time*90*1-180)*1", 0, 0]
				},
				"tail2": {
					"rotation": ["2.5+math.sin(q.anim_time*90*1-210)*2", 0, 0]
				},
				"leg_left": {
					"rotation": [-59.40129, -10.80355, -6.32526],
					"position": [0, 0, 2]
				},
				"leg_right": {
					"rotation": [-59.40129, 10.80355, 6.32526],
					"position": [0, 0, 2]
				},
				"torso": {
					"rotation": ["0+math.sin(q.anim_time*90*1-150)*-1.5", 0, "0+math.sin(q.anim_time*90*0.5-120)*-1"]
				},
				"head_angle": {
					"rotation": ["17.5+math.sin(q.anim_time*90*1-210)*-1", 0, 0]
				},
				"spike_middle": {
					"rotation": ["0+math.sin(q.anim_time*90*1-240)*-2", 0, 0]
				},
				"spike_left": {
					"rotation": ["0+math.sin(q.anim_time*90*1-240)*-2", 0, 0]
				},
				"spike_right": {
					"rotation": ["0+math.sin(q.anim_time*90*1-240)*-2", 0, 0]
				},
				"tail_feather_top": {
					"rotation": ["0+math.sin(q.anim_time*90*1-240)*5", 0, 0]
				},
				"tail_feather_middle": {
					"rotation": ["0+math.sin(q.anim_time*90*1-250)*5", 0, 0]
				},
				"tail_feather_bottom": {
					"rotation": ["0+math.sin(q.anim_time*90*1-260)*5", 0, 0]
				}
			}
		},
		"animation.togekiss.ground_walk": {
			"loop": true,
			"animation_length": 4,
			"bones": {
				"body": {
					"position": {
						"0.0": [0, -1, 2],
						"0.125": [0, -1, 2],
						"0.6667": {
							"pre": [0, 3, 0],
							"post": [0, 3, 0],
							"lerp_mode": "catmullrom"
						},
						"1.3333": {
							"post": [0, 4, 0],
							"lerp_mode": "catmullrom"
						},
						"2.0": [0, -1, 2],
						"2.125": [0, -1, 2],
						"2.6667": {
							"pre": [0, 3, 0],
							"post": [0, 3, 0],
							"lerp_mode": "catmullrom"
						},
						"3.3333": {
							"post": [0, 4, 0],
							"lerp_mode": "catmullrom"
						},
						"4.0": [0, -1, 2]
					}
				},
				"torso": {
					"rotation": ["0+math.sin(q.anim_time*90*2-120)*5", 0, "0+math.sin(q.anim_time*90*1-90)*-2"],
					"position": [0, "0+math.sin(q.anim_time*90*2-90)*0.75", 0]
				},
				"wing_left_rotation": {
					"rotation": [0, 0, "-5+math.sin(q.anim_time*90*2-150)*-7.5"]
				},
				"wing_left2": {
					"rotation": [0, 0, "0+math.sin(q.anim_time*90*2-180)*-7.5"]
				},
				"wing_left3": {
					"rotation": [0, 0, "0+math.sin(q.anim_time*90*2-210)*-10"]
				},
				"wing_right_rotation": {
					"rotation": [0, 0, "5+math.sin(q.anim_time*90*2-150)*7.5"]
				},
				"wing_right2": {
					"rotation": [0, 0, "0+math.sin(q.anim_time*90*2-180)*7.5"]
				},
				"wing_right3": {
					"rotation": [0, 0, "0+math.sin(q.anim_time*90*2-210)*10"]
				},
				"neck": {
					"rotation": ["0+math.sin(q.anim_time*90*2-150)*-5", 0, 0]
				},
				"head_angle": {
					"rotation": ["0+math.sin(q.anim_time*90*2-210)*-1", 0, 0]
				},
				"spike_middle": {
					"rotation": ["0+math.sin(q.anim_time*90*2-240)*3", 0, 0]
				},
				"spike_left": {
					"rotation": ["0+math.sin(q.anim_time*90*2-240)*3", 0, 0]
				},
				"spike_right": {
					"rotation": ["0+math.sin(q.anim_time*90*2-240)*3", 0, 0]
				},
				"tail": {
					"rotation": ["0+math.sin(q.anim_time*90*2-150)*5", 0, 0]
				},
				"tail2": {
					"rotation": ["0+math.sin(q.anim_time*90*2-180)*2", 0, 0]
				},
				"tail_feather_top": {
					"rotation": ["0+math.sin(q.anim_time*90*2-210)*7", 0, 0]
				},
				"tail_feather_middle": {
					"rotation": ["0+math.sin(q.anim_time*90*2-220)*7", 0, 0]
				},
				"tail_feather_bottom": {
					"rotation": ["0+math.sin(q.anim_time*90*2-230)*7", 0, 0]
				},
				"leg_left": {
					"rotation": {
						"0.0": [0, 0, 0],
						"0.2083": [0, 0, 0],
						"0.6667": {
							"pre": [25, 0, 0],
							"post": [25, 0, 0],
							"lerp_mode": "catmullrom"
						},
						"1.5": {
							"post": [25, 0, 0],
							"lerp_mode": "catmullrom"
						},
						"2.0": [42.5, -20, 0],
						"2.3333": [27.5, -20, 0],
						"2.6667": {
							"pre": [-25, 0, 0],
							"post": [-25, 0, 0],
							"lerp_mode": "catmullrom"
						},
						"3.5": {
							"post": [-24, 0, 0],
							"lerp_mode": "catmullrom"
						},
						"4.0": [0, 0, 0]
					}
				},
				"leg_right": {
					"rotation": {
						"0.0": [42.5, 19, 0],
						"0.2917": [27.5, 19, 0],
						"0.6667": {
							"pre": [-25, 0, 0],
							"post": [-25, 0, 0],
							"lerp_mode": "catmullrom"
						},
						"1.5": {
							"post": [-24, 0, 0],
							"lerp_mode": "catmullrom"
						},
						"2.0": [0, 0, 0],
						"2.2083": [0, 0, 0],
						"2.6667": {
							"pre": [25, 0, 0],
							"post": [25, 0, 0],
							"lerp_mode": "catmullrom"
						},
						"3.5": {
							"post": [25, 0, 0],
							"lerp_mode": "catmullrom"
						},
						"4.0": [42.5, 19, 0]
					}
				}
			}
		},
		"animation.togekiss.sleep": {
			"loop": true,
			"bones": {
				"body": {
					"rotation": [-30, 0, 0],
					"position": [0, -3.5, 0]
				},
				"wing_left_rotation": {
					"rotation": [3.5, -12.5, "15+math.sin(q.anim_time*90*1-180)*-2"],
					"position": [-3, 0, 0]
				},
				"wing_left2": {
					"rotation": [0, -12.5, "5+math.sin(q.anim_time*90*1-180)*-4.5"]
				},
				"wing_left3": {
					"rotation": [-2.25, -22.5, "0+math.sin(q.anim_time*90*1-210)*-3"]
				},
				"wing_right_rotation": {
					"rotation": [3.5, 12.5, "-15+math.sin(q.anim_time*90*1-180)*2"],
					"position": [3, 0, 0]
				},
				"wing_right2": {
					"rotation": [0, 12.5, "-5+math.sin(q.anim_time*90*1-180)*4.5"]
				},
				"wing_right3": {
					"rotation": [-2.25, 22.5, "0+math.sin(q.anim_time*90*1-210)*3"]
				},
				"neck": {
					"rotation": ["15+math.sin(q.anim_time*90*1-180)*-1", 0, 0],
					"position": [0, 0, 1]
				},
				"tail": {
					"rotation": ["10+math.sin(q.anim_time*90*1-180)*1", 0, 0]
				},
				"tail2": {
					"rotation": ["2.5+math.sin(q.anim_time*90*1-210)*2", 0, 0]
				},
				"leg_left": {
					"rotation": [-59.40129, -10.80355, -6.32526],
					"position": [0, 0, 2]
				},
				"leg_right": {
					"rotation": [-59.40129, 10.80355, 6.32526],
					"position": [0, 0, 2]
				},
				"torso": {
					"rotation": ["15+math.sin(q.anim_time*90*1-150)*-1.5", 0, "math.sin(q.anim_time*90*0.5-120)*-1"]
				},
				"head_angle": {
					"rotation": ["22.5+math.sin(q.anim_time*90*1-210)*-1", 0, 0],
					"position": [0, 0, 0.5]
				},
				"spike_middle": {
					"rotation": ["0+math.sin(q.anim_time*90*1-240)*-2", 0, 0]
				},
				"spike_left": {
					"rotation": ["0+math.sin(q.anim_time*90*1-240)*-2", 0, 0]
				},
				"spike_right": {
					"rotation": ["0+math.sin(q.anim_time*90*1-240)*-2", 0, 0]
				},
				"tail_feather_top": {
					"rotation": ["0+math.sin(q.anim_time*90*1-240)*5", 0, 0]
				},
				"tail_feather_middle": {
					"rotation": ["0+math.sin(q.anim_time*90*1-250)*5", 0, 0]
				},
				"tail_feather_bottom": {
					"rotation": ["0+math.sin(q.anim_time*90*1-260)*5", 0, 0]
				},
				"eyes": {
					"position": [0, 0, 0.1]
				},
				"eyelid_left": {
					"position": [0, 0, -0.2]
				},
				"eyelid_right": {
					"position": [0, 0, -0.2]
				},
				"mouth_closed2": {
					"position": [0, 0, 0.1]
				}
			}
		},
		"animation.togekiss.blink": {
			"animation_length": 0.1667,
			"bones": {
				"eyelid_left": {
					"position": {
						"0.0": [0, 0, -0.1],
						"0.125": {"pre": [0, 0, -0.1], "post": [0, 0, -0.1]},
						"0.1667": {"pre": [0, 0, -0.1], "post": [0, 0, 0]}
					}
				},
				"eyelid_right": {
					"position": {
						"0.0": [0, 0, -0.1],
						"0.125": {"pre": [0, 0, -0.1], "post": [0, 0, -0.1]},
						"0.1667": {"pre": [0, 0, -0.1], "post": [0, 0, 0]}
					}
				},
				"eye_left": {
					"position": {
						"0.0": [0, 0, 0.1],
						"0.125": {"pre": [0, 0, 0.1], "post": [0, 0, 0.1]},
						"0.1667": {"pre": [0, 0, 0.1], "post": [0, 0, 0]}
					}
				},
				"eye_right": {
					"position": {
						"0.0": [0, 0, 0.1],
						"0.125": {"pre": [0, 0, 0.1], "post": [0, 0, 0.1]},
						"0.1667": {"pre": [0, 0, 0.1], "post": [0, 0, 0]}
					}
				}
			}
		},
		"animation.togekiss.air_idle": {
			"loop": true,
			"bones": {
				"body": {
					"rotation": ["5+math.sin(q.anim_time*90*1-150)*-2", 0, "0+math.sin(q.anim_time*90*0.5-90)*2"],
					"position": [0, "1+math.sin(q.anim_time*90*1-60)*1", 0]
				},
				"wing_left_rotation": {
					"rotation": [0, 0, "-7.5+math.sin(q.anim_time*90*1-180)*-5"]
				},
				"wing_left2": {
					"rotation": [-2.5, -2.5, "-0.1+math.sin(q.anim_time*90*1-180)*-5.5"]
				},
				"wing_left3": {
					"rotation": [-1.8, -7.5, "0+math.sin(q.anim_time*90*1-210)*-7.5"]
				},
				"wing_right_rotation": {
					"rotation": [0, 0, "7.5+math.sin(q.anim_time*90*1-180)*5"]
				},
				"wing_right2": {
					"rotation": [-2.5, 2.5, "0.1+math.sin(q.anim_time*90*1-180)*5.5"]
				},
				"wing_right3": {
					"rotation": [-1.8, 7.5, "0+math.sin(q.anim_time*90*1-210)*7.5"]
				},
				"neck": {
					"rotation": ["-2.5+math.sin(q.anim_time*90*1-180)*-1", 0, 0]
				},
				"tail": {
					"rotation": ["2.5+math.sin(q.anim_time*90*1-180)*2", 0, 0]
				},
				"tail2": {
					"rotation": ["2.5+math.sin(q.anim_time*90*1-210)*3", 0, 0]
				},
				"leg_left": {
					"rotation": ["15+math.sin(q.anim_time*90*1-180)*7.5", -12, -5]
				},
				"leg_right": {
					"rotation": ["15+math.sin(q.anim_time*90*1-180)*7.5", 12, 5]
				},
				"head_angle": {
					"rotation": ["0+math.sin(q.anim_time*90*1-210)*-1", 0, 0]
				},
				"spike_middle": {
					"rotation": ["0+math.sin(q.anim_time*90*1-240)*-2", 0, 0]
				},
				"spike_left": {
					"rotation": ["0+math.sin(q.anim_time*90*1-250)*-2", 0, 0]
				},
				"spike_right": {
					"rotation": ["0+math.sin(q.anim_time*90*1-250)*-2", 0, 0]
				},
				"tail_feather_top": {
					"rotation": ["0+math.sin(q.anim_time*90*1-240)*5", 0, 0]
				},
				"tail_feather_middle": {
					"rotation": ["0+math.sin(q.anim_time*90*1-250)*5", 0, 0]
				},
				"tail_feather_bottom": {
					"rotation": ["0+math.sin(q.anim_time*90*1-260)*5", 0, 0]
				}
			}
		},
		"animation.togekiss.air_fly": {
			"loop": true,
			"bones": {
				"body": {
					"rotation": ["7.5+math.sin(q.anim_time*90*2-150)*-2.5", 0, "math.sin(q.anim_time*90*0.5-90)*3"],
					"position": [0, "1+math.sin(q.anim_time*90*2-60)*0.75", 0]
				},
				"wing_left_rotation": {
					"rotation": [0, 0, "-7.5+math.sin(q.anim_time*90*2-180)*-6"]
				},
				"wing_left2": {
					"rotation": [-2.5, 5, "-0.1+math.sin(q.anim_time*90*2-180)*-5.5"]
				},
				"wing_left3": {
					"rotation": [-1.8, -2.5, "0+math.sin(q.anim_time*90*2-210)*-7.5"]
				},
				"wing_right_rotation": {
					"rotation": [0, 0, "7.5+math.sin(q.anim_time*90*2-180)*6"]
				},
				"wing_right2": {
					"rotation": [-2.5, -5, "0.1+math.sin(q.anim_time*90*2-180)*5.5"]
				},
				"wing_right3": {
					"rotation": [-1.8, 2.5, "0+math.sin(q.anim_time*90*2-210)*7.5"]
				},
				"neck": {
					"rotation": ["-2.5+math.sin(q.anim_time*90*1-180)*-1", 0, 0]
				},
				"tail": {
					"rotation": ["2.5+math.sin(q.anim_time*90*1-180)*2", 0, 0]
				},
				"tail2": {
					"rotation": ["2.5+math.sin(q.anim_time*90*1-210)*3", 0, 0]
				},
				"leg_left": {
					"rotation": ["73.5805+math.sin(q.anim_time*90*1-180)*7.5", -12, -5],
					"position": [1, 0, -2]
				},
				"leg_right": {
					"rotation": ["73.5805+math.sin(q.anim_time*90*1-180)*7.5", 12, 5],
					"position": [-1, 0, -2]
				},
				"head_angle": {
					"rotation": ["0+math.sin(q.anim_time*90*1-210)*-1", 0, 0]
				},
				"spike_middle": {
					"rotation": ["0+math.sin(q.anim_time*90*1-240)*-2", 0, 0]
				},
				"spike_left": {
					"rotation": ["0+math.sin(q.anim_time*90*1-250)*-2", 0, 0]
				},
				"spike_right": {
					"rotation": ["0+math.sin(q.anim_time*90*1-250)*-2", 0, 0]
				},
				"tail_feather_top": {
					"rotation": ["0+math.sin(q.anim_time*90*1-240)*5", 0, 0]
				},
				"tail_feather_middle": {
					"rotation": ["0+math.sin(q.anim_time*90*1-250)*5", 0, 0]
				},
				"tail_feather_bottom": {
					"rotation": ["0+math.sin(q.anim_time*90*1-260)*5", 0, 0]
				}
			}
		},
		"animation.togekiss.air_glide": {
			"loop": true,
			"bones": {
				"body": {
					"rotation": ["2.5+math.sin(q.anim_time*90*1-150)*-2", 0, "math.sin(q.anim_time*90*0.5-90)*2"],
					"position": [0, "1+math.sin(q.anim_time*90*1-60)*0.75", 0]
				},
				"wing_left_rotation": {
					"rotation": [0, 0, "-2.5+math.sin(q.anim_time*90*1-180)*-1"]
				},
				"wing_left2": {
					"rotation": [-2.5, 6, "-0.1+math.sin(q.anim_time*90*1-180)*-1.5"]
				},
				"wing_left3": {
					"rotation": [-1.8, 2.5, "0+math.sin(q.anim_time*90*1-210)*-1.5"]
				},
				"wing_right_rotation": {
					"rotation": [0, 0, "2.5+math.sin(q.anim_time*90*1-180)*1"]
				},
				"wing_right2": {
					"rotation": [-2.5, -6, "0.1+math.sin(q.anim_time*90*1-180)*1.5"]
				},
				"wing_right3": {
					"rotation": [-1.8, -2.5, "0+math.sin(q.anim_time*90*1-210)*1.5"]
				},
				"neck": {
					"rotation": ["-2.5+math.sin(q.anim_time*90*1-180)*-1", 0, 0]
				},
				"tail": {
					"rotation": ["2.5+math.sin(q.anim_time*90*1-180)*2", 0, 0]
				},
				"tail2": {
					"rotation": ["2.5+math.sin(q.anim_time*90*1-210)*3", 0, 0]
				},
				"leg_left": {
					"rotation": ["73.5805+math.sin(q.anim_time*90*1-180)*7.5", -12, -5],
					"position": [1, 0, -2]
				},
				"leg_right": {
					"rotation": ["73.5805+math.sin(q.anim_time*90*1-180)*7.5", 12, 5],
					"position": [-1, 0, -2]
				},
				"head_angle": {
					"rotation": ["0+math.sin(q.anim_time*90*1-210)*-1", 0, 0]
				},
				"spike_middle": {
					"rotation": ["0+math.sin(q.anim_time*90*1-240)*-2", 0, 0]
				},
				"spike_left": {
					"rotation": ["0+math.sin(q.anim_time*90*1-250)*-2", 0, 0]
				},
				"spike_right": {
					"rotation": ["0+math.sin(q.anim_time*90*1-250)*-2", 0, 0]
				},
				"tail_feather_top": {
					"rotation": ["0+math.sin(q.anim_time*90*1-240)*5", 0, 0]
				},
				"tail_feather_middle": {
					"rotation": ["0+math.sin(q.anim_time*90*1-250)*5", 0, 0]
				},
				"tail_feather_bottom": {
					"rotation": ["0+math.sin(q.anim_time*90*1-260)*5", 0, 0]
				}
			}
		},
		"animation.togekiss.battle_idle": {
			"loop": true,
			"bones": {
				"body": {
					"rotation": ["5+math.sin(q.anim_time*90*1-150)*-2", 0, "0+math.sin(q.anim_time*90*0.5-90)*2"],
					"position": [0, "6+math.sin(q.anim_time*90*1-60)*1", 0]
				},
				"wing_left_rotation": {
					"rotation": [0, 0, "-7.5+math.sin(q.anim_time*90*1-180)*-5"]
				},
				"wing_left2": {
					"rotation": [-2.5, -2.5, "-0.1+math.sin(q.anim_time*90*1-180)*-5.5"]
				},
				"wing_left3": {
					"rotation": [-1.8, -7.5, "0+math.sin(q.anim_time*90*1-210)*-7.5"]
				},
				"wing_right_rotation": {
					"rotation": [0, 0, "7.5+math.sin(q.anim_time*90*1-180)*5"]
				},
				"wing_right2": {
					"rotation": [-2.5, 2.5, "0.1+math.sin(q.anim_time*90*1-180)*5.5"]
				},
				"wing_right3": {
					"rotation": [-1.8, 7.5, "0+math.sin(q.anim_time*90*1-210)*7.5"]
				},
				"neck": {
					"rotation": ["-2.5+math.sin(q.anim_time*90*1-180)*-1", 0, 0]
				},
				"tail": {
					"rotation": ["2.5+math.sin(q.anim_time*90*1-180)*2", 0, 0]
				},
				"tail2": {
					"rotation": ["2.5+math.sin(q.anim_time*90*1-210)*3", 0, 0]
				},
				"leg_left": {
					"rotation": ["15+math.sin(q.anim_time*90*1-180)*7.5", -12, -5]
				},
				"leg_right": {
					"rotation": ["15+math.sin(q.anim_time*90*1-180)*7.5", 12, 5]
				},
				"head_angle": {
					"rotation": ["0+math.sin(q.anim_time*90*1-210)*-1", 0, 0]
				},
				"spike_middle": {
					"rotation": ["0+math.sin(q.anim_time*90*1-240)*-2", 0, 0]
				},
				"spike_left": {
					"rotation": ["0+math.sin(q.anim_time*90*1-250)*-2", 0, 0]
				},
				"spike_right": {
					"rotation": ["0+math.sin(q.anim_time*90*1-250)*-2", 0, 0]
				},
				"tail_feather_top": {
					"rotation": ["0+math.sin(q.anim_time*90*1-240)*5", 0, 0]
				},
				"tail_feather_middle": {
					"rotation": ["0+math.sin(q.anim_time*90*1-250)*5", 0, 0]
				},
				"tail_feather_bottom": {
					"rotation": ["0+math.sin(q.anim_time*90*1-260)*5", 0, 0]
				}
			}
		},
		"animation.togekiss.special": {
			"animation_length": 4,
			"bones": {
				"body": {
					"rotation": {
						"0.0": [0, 0, 0],
						"0.5": [0, 0, 0],
						"0.875": {
							"pre": [0, 0, 311.52],
							"post": [0, 0, 311.52],
							"lerp_mode": "catmullrom"
						},
						"1.2917": {
							"post": [0, 0, 998.08],
							"lerp_mode": "catmullrom"
						},
						"1.7917": {
							"post": [0, 0, 1852],
							"lerp_mode": "catmullrom"
						},
						"2.25": [0, 0, 2160],
						"2.2917": [0, 0, 2160],
						"2.3333": {"pre": [0, 0, 2160], "post": [0, 0, 0]}
					}
				},
				"wing_left_rotation": {
					"rotation": {
						"0.0": {
							"post": [0, 0, -7.5],
							"lerp_mode": "catmullrom"
						},
						"0.4583": {
							"post": [0, 0, -20],
							"lerp_mode": "catmullrom"
						},
						"0.6667": {
							"post": [0, -5.9, -14.95],
							"lerp_mode": "catmullrom"
						},
						"0.75": {
							"post": [0, -25, 0],
							"lerp_mode": "catmullrom"
						},
						"1.5": {
							"post": [0, -32.12, 5.72],
							"lerp_mode": "catmullrom"
						},
						"2.3333": {
							"post": [0, -25, 0],
							"lerp_mode": "catmullrom"
						},
						"2.5": {
							"post": [0, 0, -7.5],
							"lerp_mode": "catmullrom"
						},
						"2.7083": {
							"post": [0, 0, 7.5],
							"lerp_mode": "catmullrom"
						},
						"3.0": {
							"post": [0, 0, -12],
							"lerp_mode": "catmullrom"
						},
						"3.4167": {
							"post": [0, 0, -7.5],
							"lerp_mode": "catmullrom"
						}
					},
					"position": {
						"0.0": {
							"post": [0, 0, 0],
							"lerp_mode": "catmullrom"
						},
						"0.4583": {
							"post": [0, 0, 0],
							"lerp_mode": "catmullrom"
						},
						"0.6667": {
							"post": [-3.5, 0, 0],
							"lerp_mode": "catmullrom"
						},
						"2.3333": {
							"post": [-3.5, 0, 0],
							"lerp_mode": "catmullrom"
						},
						"2.5": {
							"post": [0, 0, 0],
							"lerp_mode": "catmullrom"
						}
					}
				},
				"wing_left2": {
					"rotation": {
						"0.0": {
							"post": [-2.45, -2.5, -0.11],
							"lerp_mode": "catmullrom"
						},
						"0.5": {
							"post": [-2.45, -2.5, -2.5],
							"lerp_mode": "catmullrom"
						},
						"0.6667": {
							"post": [0, -15, 0],
							"lerp_mode": "catmullrom"
						},
						"2.3333": {
							"post": [0, -15, 0],
							"lerp_mode": "catmullrom"
						},
						"2.7083": {
							"post": [-2.45, -2.5, 1.89],
							"lerp_mode": "catmullrom"
						},
						"3.5": {
							"post": [-2.45, -2.5, -0.11],
							"lerp_mode": "catmullrom"
						}
					}
				},
				"wing_left3": {
					"rotation": {
						"0.0": {
							"post": [-1.80776, -7.57896, -5.93108],
							"lerp_mode": "catmullrom"
						},
						"0.5": {
							"post": [-1.81, -7.58, -5.93],
							"lerp_mode": "catmullrom"
						},
						"0.75": {
							"post": [0, 0, 0],
							"lerp_mode": "catmullrom"
						},
						"1.5833": {
							"post": [2.12, 2.42, 1.77],
							"lerp_mode": "catmullrom"
						},
						"2.4583": {
							"post": [0, 0, 0],
							"lerp_mode": "catmullrom"
						},
						"2.75": {
							"post": [-1, 1, 10],
							"lerp_mode": "catmullrom"
						},
						"3.0417": {
							"post": [0, -5, -8],
							"lerp_mode": "catmullrom"
						},
						"3.5": {
							"post": [-1.80776, -7.57896, -5.93108],
							"lerp_mode": "catmullrom"
						}
					}
				},
				"wing_right_rotation": {
					"rotation": {
						"0.0": {
							"post": [0, 0, 7.5],
							"lerp_mode": "catmullrom"
						},
						"0.4583": {
							"post": [0, 0, 20],
							"lerp_mode": "catmullrom"
						},
						"0.6667": {
							"post": [0, 5.9, 14.95],
							"lerp_mode": "catmullrom"
						},
						"0.75": {
							"post": [0, 25, 0],
							"lerp_mode": "catmullrom"
						},
						"1.5": {
							"post": [0, 32.12, -5.72],
							"lerp_mode": "catmullrom"
						},
						"2.3333": {
							"post": [0, 25, 0],
							"lerp_mode": "catmullrom"
						},
						"2.5": {
							"post": [0, 0, 7.5],
							"lerp_mode": "catmullrom"
						},
						"2.7083": {
							"post": [0, 0, -7.5],
							"lerp_mode": "catmullrom"
						},
						"3.0": {
							"post": [0, 0, 12],
							"lerp_mode": "catmullrom"
						},
						"3.4167": {
							"post": [0, 0, 7.5],
							"lerp_mode": "catmullrom"
						}
					},
					"position": {
						"0.0": {
							"post": [0, 0, 0],
							"lerp_mode": "catmullrom"
						},
						"0.4583": {
							"post": [0, 0, 0],
							"lerp_mode": "catmullrom"
						},
						"0.6667": {
							"post": [3.5, 0, 0],
							"lerp_mode": "catmullrom"
						},
						"2.3333": {
							"post": [3.5, 0, 0],
							"lerp_mode": "catmullrom"
						},
						"2.5": {
							"post": [0, 0, 0],
							"lerp_mode": "catmullrom"
						}
					}
				},
				"wing_right2": {
					"rotation": {
						"0.0": {
							"post": [-2.45, 2.5, 0.11],
							"lerp_mode": "catmullrom"
						},
						"0.5": {
							"post": [-2.45, 2.5, 2.5],
							"lerp_mode": "catmullrom"
						},
						"0.6667": {
							"post": [0, 15, 0],
							"lerp_mode": "catmullrom"
						},
						"2.3333": {
							"post": [0, 15, 0],
							"lerp_mode": "catmullrom"
						},
						"2.7083": {
							"post": [-2.45, 2.5, -1.89],
							"lerp_mode": "catmullrom"
						},
						"3.5": {
							"post": [-2.45, 2.5, 0.11],
							"lerp_mode": "catmullrom"
						}
					}
				},
				"wing_right3": {
					"rotation": {
						"0.0": {
							"post": [-1.80776, 7.57896, 5.93108],
							"lerp_mode": "catmullrom"
						},
						"0.5": {
							"post": [-1.81, 7.58, 5.93],
							"lerp_mode": "catmullrom"
						},
						"0.75": {
							"post": [0, 0, 0],
							"lerp_mode": "catmullrom"
						},
						"1.5833": {
							"post": [2.12, -2.42, -1.77],
							"lerp_mode": "catmullrom"
						},
						"2.4583": {
							"post": [0, 0, 0],
							"lerp_mode": "catmullrom"
						},
						"2.75": {
							"post": [-1, -1, -10],
							"lerp_mode": "catmullrom"
						},
						"3.0417": {
							"post": [0, 5, 8],
							"lerp_mode": "catmullrom"
						},
						"3.5": {
							"post": [-1.80776, 7.57896, 5.93108],
							"lerp_mode": "catmullrom"
						}
					}
				},
				"neck": {
					"rotation": [-2.5, 0, 0]
				},
				"tail": {
					"rotation": {
						"0.0": {
							"post": [2.5, 0, 0],
							"lerp_mode": "catmullrom"
						},
						"0.3333": {
							"post": [7.5, 0, 0],
							"lerp_mode": "catmullrom"
						},
						"0.6667": {
							"post": [0, 0, 0],
							"lerp_mode": "catmullrom"
						},
						"2.4583": {
							"post": [0, 0, 0],
							"lerp_mode": "catmullrom"
						},
						"2.9167": {
							"post": [-1.5, 0, 0],
							"lerp_mode": "catmullrom"
						},
						"3.3333": {
							"post": [2.5, 0, 0],
							"lerp_mode": "catmullrom"
						}
					}
				},
				"tail2": {
					"rotation": {
						"0.0": {
							"post": [2.5, 0, 0],
							"lerp_mode": "catmullrom"
						},
						"0.4583": {
							"post": [10, 0, 0],
							"lerp_mode": "catmullrom"
						},
						"0.6667": {
							"post": [0, 0, 0],
							"lerp_mode": "catmullrom"
						},
						"2.4583": {
							"post": [0, 0, 0],
							"lerp_mode": "catmullrom"
						},
						"2.9167": {
							"post": [-1.5, 0, 0],
							"lerp_mode": "catmullrom"
						},
						"3.3333": {
							"post": [2.5, 0, 0],
							"lerp_mode": "catmullrom"
						}
					}
				},
				"leg_left": {
					"rotation": {
						"0.0": {
							"post": [15.34721, -12.06754, -3.28396],
							"lerp_mode": "catmullrom"
						},
						"0.4583": {
							"post": [-14.7356, -6.98215, -20.27062],
							"lerp_mode": "catmullrom"
						},
						"0.6667": {
							"post": [75.68107, -6.98215, -20.27062],
							"lerp_mode": "catmullrom"
						},
						"2.4167": {
							"post": [75.68, -6.98, -20.27],
							"lerp_mode": "catmullrom"
						},
						"2.7917": {
							"post": [0.34721, -12.06754, -3.28396],
							"lerp_mode": "catmullrom"
						},
						"3.2917": {
							"post": [15.35, -12.07, -3.28],
							"lerp_mode": "catmullrom"
						}
					}
				},
				"leg_right": {
					"rotation": {
						"0.0": {
							"post": [15.34721, 12.06754, 3.28396],
							"lerp_mode": "catmullrom"
						},
						"0.4583": {
							"post": [-14.7356, 6.98215, 20.27062],
							"lerp_mode": "catmullrom"
						},
						"0.6667": {
							"post": [75.68107, 6.98215, 20.27062],
							"lerp_mode": "catmullrom"
						},
						"2.4167": {
							"post": [75.68, 6.98, 20.27],
							"lerp_mode": "catmullrom"
						},
						"2.7917": {
							"post": [0.34721, 12.06754, 3.28396],
							"lerp_mode": "catmullrom"
						},
						"3.2917": {
							"post": [15.35, 12.07, 3.28],
							"lerp_mode": "catmullrom"
						}
					}
				},
				"eyes": {
					"position": {
						"0.0": [0, 0, 0],
						"0.5833": {"pre": [0, 0, 0], "post": [0, 0, 0.1]},
						"2.5": {"pre": [0, 0, 0.1], "post": [0, 0, 0]}
					}
				},
				"eyelid_emote_right": {
					"position": {
						"0.0": [0, 0, 0],
						"0.0417": {"pre": [0, 0, 0], "post": [0.9, 0, -0.1]},
						"0.5833": {"pre": [0.9, 0, -0.1], "post": [0, 0, 0]}
					}
				},
				"eyelid_recoil_left": {
					"position": {
						"0.0": [0, 0, 0],
						"0.5833": {"pre": [0, 0, 0], "post": [0, 0, -0.2]},
						"2.5": {"pre": [0, 0, -0.2], "post": [0, 0, 0]}
					}
				},
				"eyelid_emote_left": {
					"position": {
						"0.0": [0, 0, 0],
						"0.0417": {"pre": [0, 0, 0], "post": [-0.9, 0, -0.1]},
						"0.5833": {"pre": [-0.9, 0, -0.1], "post": [0, 0, 0]}
					}
				},
				"eyelid_recoil_right": {
					"position": {
						"0.0": [0, 0, 0],
						"0.5833": {"pre": [0, 0, 0], "post": [0, 0, -0.2]},
						"2.5": {"pre": [0, 0, -0.2], "post": [0, 0, 0]}
					}
				},
				"mouth_closed": {
					"position": {
						"0.0": [0, 0, 0],
						"2.5": {"pre": [0, 0, 0], "post": [0, 0, 0.1]},
						"3.0": {"pre": [0, 0, 0.1], "post": [0, 0, 0]}
					}
				},
				"mouth_open": {
					"position": {
						"0.0": [0, 0, 0],
						"2.5": {"pre": [0, 0, 0], "post": [0, 0, -0.1]},
						"3.0": {"pre": [0, 0, -0.1], "post": [0, 0, 0]}
					}
				},
				"spike_middle": {
					"rotation": {
						"0.0": {
							"post": [0, 0, 0],
							"lerp_mode": "catmullrom"
						},
						"0.5": {
							"post": [10, 0, 0],
							"lerp_mode": "catmullrom"
						},
						"0.6667": {
							"post": [-15, 0, 0],
							"lerp_mode": "catmullrom"
						},
						"2.4167": {
							"post": [-15, 0, 0],
							"lerp_mode": "catmullrom"
						},
						"2.6667": {
							"post": [10, 0, 0],
							"lerp_mode": "catmullrom"
						},
						"2.9167": {
							"post": [-0.44, 0, 0],
							"lerp_mode": "catmullrom"
						},
						"3.25": {
							"post": [0, 0, 0],
							"lerp_mode": "catmullrom"
						}
					}
				},
				"spike_left": {
					"rotation": {
						"0.0": {
							"post": [0, 0, 0],
							"lerp_mode": "catmullrom"
						},
						"0.5": {
							"post": [9, 0, 0],
							"lerp_mode": "catmullrom"
						},
						"0.6667": {
							"post": [-7.5, 15, -15],
							"lerp_mode": "catmullrom"
						},
						"2.4167": {
							"post": [-7.5, 15, -15],
							"lerp_mode": "catmullrom"
						},
						"2.6667": {
							"post": [9, 0, 0],
							"lerp_mode": "catmullrom"
						},
						"2.9167": {
							"post": [-1.47, 2.06, -2.06],
							"lerp_mode": "catmullrom"
						},
						"3.25": {
							"post": [0, 0, 0],
							"lerp_mode": "catmullrom"
						}
					}
				},
				"spike_right": {
					"rotation": {
						"0.0": {
							"post": [0, 0, 0],
							"lerp_mode": "catmullrom"
						},
						"0.5": {
							"post": [9, 0, 0],
							"lerp_mode": "catmullrom"
						},
						"0.6667": {
							"post": [-7.5, -15, 15],
							"lerp_mode": "catmullrom"
						},
						"2.4167": {
							"post": [-7.5, -15, 15],
							"lerp_mode": "catmullrom"
						},
						"2.6667": {
							"post": [9, 0, 0],
							"lerp_mode": "catmullrom"
						},
						"2.9167": {
							"post": [-1.47, -2.06, 2.06],
							"lerp_mode": "catmullrom"
						},
						"3.25": {
							"post": [0, 0, 0],
							"lerp_mode": "catmullrom"
						}
					}
				},
				"tail_feather_top": {
					"rotation": {
						"0.0": {
							"post": [0, 0, 0],
							"lerp_mode": "catmullrom"
						},
						"0.4583": {
							"post": [12.5, 0, 0],
							"lerp_mode": "catmullrom"
						},
						"0.7083": {
							"post": [-10, 0, 0],
							"lerp_mode": "catmullrom"
						},
						"2.4583": {
							"post": [-10, 0, 0],
							"lerp_mode": "catmullrom"
						},
						"2.625": {
							"post": [17.5, 0, 0],
							"lerp_mode": "catmullrom"
						},
						"3.0": {
							"post": [2.5, 0, 0],
							"lerp_mode": "catmullrom"
						},
						"3.5": {
							"post": [0, 0, 0],
							"lerp_mode": "catmullrom"
						}
					}
				},
				"tail_feather_middle": {
					"rotation": {
						"0.0": {
							"post": [0, 0, 0],
							"lerp_mode": "catmullrom"
						},
						"0.5": {
							"post": [12.5, 0, 0],
							"lerp_mode": "catmullrom"
						},
						"0.7083": {
							"post": [-10, 0, 0],
							"lerp_mode": "catmullrom"
						},
						"2.4583": {
							"post": [-10, 0, 0],
							"lerp_mode": "catmullrom"
						},
						"2.625": {
							"post": [17.5, 0, 0],
							"lerp_mode": "catmullrom"
						},
						"3.0": {
							"post": [2.5, 0, 0],
							"lerp_mode": "catmullrom"
						},
						"3.5": {
							"post": [0, 0, 0],
							"lerp_mode": "catmullrom"
						}
					}
				},
				"tail_feather_bottom": {
					"rotation": {
						"0.0": {
							"post": [0, 0, 0],
							"lerp_mode": "catmullrom"
						},
						"0.5417": {
							"post": [12.5, 0, 0],
							"lerp_mode": "catmullrom"
						},
						"0.7083": {
							"post": [-10, 0, 0],
							"lerp_mode": "catmullrom"
						},
						"2.4583": {
							"post": [-10, 0, 0],
							"lerp_mode": "catmullrom"
						},
						"2.625": {
							"post": [17.5, 0, 0],
							"lerp_mode": "catmullrom"
						},
						"3.0": {
							"post": [2.5, 0, 0],
							"lerp_mode": "catmullrom"
						},
						"3.5": {
							"post": [0, 0, 0],
							"lerp_mode": "catmullrom"
						}
					}
				},
				"body2": {
					"rotation": {
						"0.0": {
							"post": [5, 0, 0],
							"lerp_mode": "catmullrom"
						},
						"0.5": {
							"post": [17.5, 0, 0],
							"lerp_mode": "catmullrom"
						},
						"0.6667": {
							"post": [30, 0, 0],
							"lerp_mode": "catmullrom"
						},
						"1.0833": {
							"post": [-64, 0, 0],
							"lerp_mode": "catmullrom"
						},
						"1.5": {
							"post": [-100, 0, 0],
							"lerp_mode": "catmullrom"
						},
						"1.875": {
							"post": [-131, 0, 0],
							"lerp_mode": "catmullrom"
						},
						"2.1667": {
							"post": [-245, 0, 0],
							"lerp_mode": "catmullrom"
						},
						"2.3333": [-258.95, 0, 0],
						"2.5": [-325.41, 0, 0],
						"2.625": [-347.5, 0, 0],
						"2.8333": [-360, 0, 0],
						"2.875": [-360, 0, 0],
						"2.9167": {"pre": [-360, 0, 0], "post": [0, 0, 0]},
						"3.0": {"pre": [0, 0, 0], "post": [0, 0, 0]},
						"3.25": [5, 0, 0]
					},
					"position": {
						"0.0": {
							"post": [0, 5, 0],
							"lerp_mode": "catmullrom"
						},
						"0.1667": {
							"post": [0, 5, 5.22],
							"lerp_mode": "catmullrom"
						},
						"0.5": {
							"post": [0, 5, 4],
							"lerp_mode": "catmullrom"
						},
						"0.6667": {
							"post": [0, 2, -15],
							"lerp_mode": "catmullrom"
						},
						"0.8333": {
							"post": [0, 3.875, -32.625],
							"lerp_mode": "catmullrom"
						},
						"1.0": {
							"post": [0, 9.455, -38.98],
							"lerp_mode": "catmullrom"
						},
						"1.5": {
							"post": [0, 27.575, -38],
							"lerp_mode": "catmullrom"
						},
						"1.75": {
							"post": [0, 43, -28],
							"lerp_mode": "catmullrom"
						},
						"2.1667": {
							"post": [0, 50, -9],
							"lerp_mode": "catmullrom"
						},
						"2.5": {
							"post": [0, 2, 4],
							"lerp_mode": "catmullrom"
						},
						"3.0": {
							"post": [0, 6, 0],
							"lerp_mode": "catmullrom"
						},
						"3.5": {
							"post": [0, 5, 0],
							"lerp_mode": "catmullrom"
						}
					}
				}
			}
		},
		"animation.togekiss.status": {
			"animation_length": 3,
			"bones": {
				"body": {
					"rotation": [0, 0, 0],
					"position": {
						"0.0": {
							"post": [0, 6, 0],
							"lerp_mode": "catmullrom"
						},
						"0.3333": {
							"post": [0, 3.75, 0],
							"lerp_mode": "catmullrom"
						},
						"1.6667": {
							"post": [0, 8.75, 0],
							"lerp_mode": "catmullrom"
						},
						"2.9167": {
							"post": [0, 6, 0],
							"lerp_mode": "catmullrom"
						}
					}
				},
				"wing_left_rotation": {
					"rotation": {
						"0.0": {
							"post": [0, 0, -7.5],
							"lerp_mode": "catmullrom"
						},
						"0.5": {
							"post": [0, 0, 14],
							"lerp_mode": "catmullrom"
						},
						"1.875": {
							"post": [0, 0, -9],
							"lerp_mode": "catmullrom"
						},
						"2.5": {
							"post": [0, 0, 3.41],
							"lerp_mode": "catmullrom"
						},
						"3.0": {
							"post": [0, 0, -7.5],
							"lerp_mode": "catmullrom"
						}
					}
				},
				"wing_left2": {
					"rotation": {
						"0.0": {
							"post": [-2.45, -2.5, -0.11],
							"lerp_mode": "catmullrom"
						},
						"0.6667": {
							"post": [0, 0, 2.5],
							"lerp_mode": "catmullrom"
						},
						"1.625": {
							"post": [0, 0, -5],
							"lerp_mode": "catmullrom"
						},
						"2.2083": {
							"post": [0, -2, -3.53],
							"lerp_mode": "catmullrom"
						},
						"2.6667": {
							"post": [0, -2, 2.03],
							"lerp_mode": "catmullrom"
						},
						"3.0": {
							"post": [-2.45, -2.5, -0.11],
							"lerp_mode": "catmullrom"
						}
					}
				},
				"wing_left3": {
					"rotation": {
						"0.0": {
							"post": [-1.80776, -7.57896, -5.93108],
							"lerp_mode": "catmullrom"
						},
						"0.9167": {
							"post": [0, 0, 2.5],
							"lerp_mode": "catmullrom"
						},
						"1.3333": {
							"post": [0, 0, -2.25],
							"lerp_mode": "catmullrom"
						},
						"2.0833": {
							"post": [0, -4, -5],
							"lerp_mode": "catmullrom"
						},
						"2.7083": {
							"post": [0, -4, 2.5],
							"lerp_mode": "catmullrom"
						},
						"3.0": {
							"post": [-1.80776, -7.57896, -5.93108],
							"lerp_mode": "catmullrom"
						}
					}
				},
				"wing_right_rotation": {
					"rotation": {
						"0.0": {
							"post": [0, 0, 7.5],
							"lerp_mode": "catmullrom"
						},
						"0.5": {
							"post": [0, 0, -14],
							"lerp_mode": "catmullrom"
						},
						"1.875": {
							"post": [0, 0, 9],
							"lerp_mode": "catmullrom"
						},
						"2.5": {
							"post": [0, 0, -3.41],
							"lerp_mode": "catmullrom"
						},
						"3.0": {
							"post": [0, 0, 7.5],
							"lerp_mode": "catmullrom"
						}
					}
				},
				"wing_right2": {
					"rotation": {
						"0.0": {
							"post": [-2.45, 2.5, 0.11],
							"lerp_mode": "catmullrom"
						},
						"0.6667": {
							"post": [0, 0, -2.5],
							"lerp_mode": "catmullrom"
						},
						"1.625": {
							"post": [0, 0, 5],
							"lerp_mode": "catmullrom"
						},
						"2.2083": {
							"post": [0, 2, 3.53],
							"lerp_mode": "catmullrom"
						},
						"2.6667": {
							"post": [0, 2, -2.03],
							"lerp_mode": "catmullrom"
						},
						"3.0": {
							"post": [-2.45, 2.5, 0.11],
							"lerp_mode": "catmullrom"
						},
						"3.25": {
							"post": [0, 0, 0],
							"lerp_mode": "catmullrom"
						}
					}
				},
				"wing_right3": {
					"rotation": {
						"0.0": {
							"post": [-1.80776, 7.57896, 5.93108],
							"lerp_mode": "catmullrom"
						},
						"0.9167": {
							"post": [0, 0, -2.5],
							"lerp_mode": "catmullrom"
						},
						"1.3333": {
							"post": [0, 0, 2.25],
							"lerp_mode": "catmullrom"
						},
						"2.0833": {
							"post": [0, 4, 5],
							"lerp_mode": "catmullrom"
						},
						"2.7083": {
							"post": [0, 4, -2.5],
							"lerp_mode": "catmullrom"
						},
						"3.0": {
							"post": [-1.80776, 7.57896, 5.93108],
							"lerp_mode": "catmullrom"
						},
						"3.5": {
							"post": [0, 0, 0],
							"lerp_mode": "catmullrom"
						}
					}
				},
				"neck": {
					"rotation": {
						"0.0": {
							"post": [0, 0, 0],
							"lerp_mode": "catmullrom"
						},
						"0.4583": {
							"post": [5, 0, 0],
							"lerp_mode": "catmullrom"
						},
						"1.75": {
							"post": [-1, 0, 0],
							"lerp_mode": "catmullrom"
						},
						"2.3333": {
							"post": [2, 0, 0],
							"lerp_mode": "catmullrom"
						},
						"2.9167": {
							"post": [0, 0, 0],
							"lerp_mode": "catmullrom"
						}
					}
				},
				"tail": {
					"rotation": [2.5, 0, 0]
				},
				"tail2": {
					"rotation": [2.5, 0, 0]
				},
				"leg_left": {
					"rotation": {
						"0.0": ["15.3472094595+math.sin(q.anim_time*90*4-180)*45", -12.06754, -3.28396],
						"2.9583": [15.35, -12.07, -3.28]
					}
				},
				"leg_right": {
					"rotation": {
						"0.0": ["15.3472094595+math.sin(q.anim_time*90*4-180)*-45", 12.06754, 3.28396],
						"2.9583": [15.35, 12.07, 3.28]
					}
				},
				"body2": {
					"rotation": {
						"0.0": {
							"post": [0, 0, 0],
							"lerp_mode": "catmullrom"
						},
						"0.2083": {
							"post": [11, 0, 0],
							"lerp_mode": "catmullrom"
						},
						"0.5833": {
							"post": [9.5, 0, 0],
							"lerp_mode": "catmullrom"
						},
						"1.2917": {
							"post": [-8.53, 0, 0],
							"lerp_mode": "catmullrom"
						},
						"1.75": {
							"post": [-9, 0, 0],
							"lerp_mode": "catmullrom"
						},
						"2.4167": {
							"post": [1, 0, 0],
							"lerp_mode": "catmullrom"
						},
						"3.0": {
							"post": [0, 0, 0],
							"lerp_mode": "catmullrom"
						}
					}
				},
				"eyes": {
					"position": {
						"1.1667": [0, 0, 0],
						"1.25": {"pre": [0, 0, 0], "post": [0, 0, 0.1]},
						"2.1667": {"pre": [0, 0, 0.1], "post": [0, 0, 0]}
					}
				},
				"eyelid_recoil_left": {
					"position": {
						"1.1667": [0, 0, 0],
						"1.25": {"pre": [0, 0, 0], "post": [0, 0, -0.2]},
						"2.1667": {"pre": [0, 0, -0.2], "post": [0, 0, 0]}
					}
				},
				"eyelid_recoil_right": {
					"position": {
						"1.1667": [0, 0, 0],
						"1.25": {"pre": [0, 0, 0], "post": [0, 0, -0.2]},
						"2.1667": {"pre": [0, 0, -0.2], "post": [0, 0, 0]}
					}
				},
				"mouth_closed": {
					"position": {
						"0.0": [0, 0, 0],
						"0.2083": {"pre": [0, 0, 0], "post": [0, 0, 0.1]},
						"2.5": {"pre": [0, 0, 0.1], "post": [0, 0, 0]}
					}
				},
				"mouth_closed2": {
					"position": {
						"0.0": [0, 0, 0],
						"0.0833": {"pre": [0, 0, 0], "post": [0, 0, 0.1]},
						"2.5": {"pre": [0, 0, 0.1], "post": [0, 0, 0]}
					}
				},
				"mouth_open": {
					"position": {
						"0.0": [0, 0, 0],
						"1.25": {"pre": [0, 0, 0], "post": [0, 0, -0.1]},
						"2.5": {"pre": [0, 0, -0.1], "post": [0, 0, 0]}
					}
				},
				"mouth_o": {
					"position": {
						"0.0": [0, 0, 0],
						"0.2083": {"pre": [0, 0, 0], "post": [0, 0, -0.1]},
						"1.25": {"pre": [0, 0, -0.1], "post": [0, 0, 0]}
					}
				}
			}
		},
		"animation.togekiss.battle_cry": {
			"animation_length": 3,
			"bones": {
				"body": {
					"rotation": [0, 0, 0],
					"position": {
						"0.0": {
							"post": [0, 6, 0],
							"lerp_mode": "catmullrom"
						},
						"0.3333": {
							"post": [0, 3.75, 0],
							"lerp_mode": "catmullrom"
						},
						"1.6667": {
							"post": [0, 8.75, 0],
							"lerp_mode": "catmullrom"
						},
						"2.9167": {
							"post": [0, 6, 0],
							"lerp_mode": "catmullrom"
						}
					}
				},
				"wing_left_rotation": {
					"rotation": {
						"0.0": {
							"post": [0, 0, -7.5],
							"lerp_mode": "catmullrom"
						},
						"0.5": {
							"post": [0, 0, 14],
							"lerp_mode": "catmullrom"
						},
						"1.875": {
							"post": [0, 0, -9],
							"lerp_mode": "catmullrom"
						},
						"2.5": {
							"post": [0, 0, 3.41],
							"lerp_mode": "catmullrom"
						},
						"3.0": {
							"post": [0, 0, -7.5],
							"lerp_mode": "catmullrom"
						}
					}
				},
				"wing_left2": {
					"rotation": {
						"0.0": {
							"post": [-2.45, -2.5, -0.11],
							"lerp_mode": "catmullrom"
						},
						"0.6667": {
							"post": [0, 0, 2.5],
							"lerp_mode": "catmullrom"
						},
						"1.625": {
							"post": [0, 0, -5],
							"lerp_mode": "catmullrom"
						},
						"2.2083": {
							"post": [0, -2, -3.53],
							"lerp_mode": "catmullrom"
						},
						"2.6667": {
							"post": [0, -2, 2.03],
							"lerp_mode": "catmullrom"
						},
						"3.0": {
							"post": [-2.45, -2.5, -0.11],
							"lerp_mode": "catmullrom"
						}
					}
				},
				"wing_left3": {
					"rotation": {
						"0.0": {
							"post": [-1.80776, -7.57896, -5.93108],
							"lerp_mode": "catmullrom"
						},
						"0.9167": {
							"post": [0, 0, 2.5],
							"lerp_mode": "catmullrom"
						},
						"1.3333": {
							"post": [0, 0, -2.25],
							"lerp_mode": "catmullrom"
						},
						"2.0833": {
							"post": [0, -4, -5],
							"lerp_mode": "catmullrom"
						},
						"2.7083": {
							"post": [0, -4, 2.5],
							"lerp_mode": "catmullrom"
						},
						"3.0": {
							"post": [-1.80776, -7.57896, -5.93108],
							"lerp_mode": "catmullrom"
						}
					}
				},
				"wing_right_rotation": {
					"rotation": {
						"0.0": {
							"post": [0, 0, 7.5],
							"lerp_mode": "catmullrom"
						},
						"0.5": {
							"post": [0, 0, -14],
							"lerp_mode": "catmullrom"
						},
						"1.875": {
							"post": [0, 0, 9],
							"lerp_mode": "catmullrom"
						},
						"2.5": {
							"post": [0, 0, -3.41],
							"lerp_mode": "catmullrom"
						},
						"3.0": {
							"post": [0, 0, 7.5],
							"lerp_mode": "catmullrom"
						}
					}
				},
				"wing_right2": {
					"rotation": {
						"0.0": {
							"post": [-2.45, 2.5, 0.11],
							"lerp_mode": "catmullrom"
						},
						"0.6667": {
							"post": [0, 0, -2.5],
							"lerp_mode": "catmullrom"
						},
						"1.625": {
							"post": [0, 0, 5],
							"lerp_mode": "catmullrom"
						},
						"2.2083": {
							"post": [0, 2, 3.53],
							"lerp_mode": "catmullrom"
						},
						"2.6667": {
							"post": [0, 2, -2.03],
							"lerp_mode": "catmullrom"
						},
						"3.0": {
							"post": [-2.45, 2.5, 0.11],
							"lerp_mode": "catmullrom"
						},
						"3.25": {
							"post": [0, 0, 0],
							"lerp_mode": "catmullrom"
						}
					}
				},
				"wing_right3": {
					"rotation": {
						"0.0": {
							"post": [-1.80776, 7.57896, 5.93108],
							"lerp_mode": "catmullrom"
						},
						"0.9167": {
							"post": [0, 0, -2.5],
							"lerp_mode": "catmullrom"
						},
						"1.3333": {
							"post": [0, 0, 2.25],
							"lerp_mode": "catmullrom"
						},
						"2.0833": {
							"post": [0, 4, 5],
							"lerp_mode": "catmullrom"
						},
						"2.7083": {
							"post": [0, 4, -2.5],
							"lerp_mode": "catmullrom"
						},
						"3.0": {
							"post": [-1.80776, 7.57896, 5.93108],
							"lerp_mode": "catmullrom"
						},
						"3.5": {
							"post": [0, 0, 0],
							"lerp_mode": "catmullrom"
						}
					}
				},
				"neck": {
					"rotation": {
						"0.0": {
							"post": [0, 0, 0],
							"lerp_mode": "catmullrom"
						},
						"0.4583": {
							"post": [5, 0, 0],
							"lerp_mode": "catmullrom"
						},
						"1.75": {
							"post": [-1, 0, 0],
							"lerp_mode": "catmullrom"
						},
						"2.3333": {
							"post": [2, 0, 0],
							"lerp_mode": "catmullrom"
						},
						"2.9167": {
							"post": [0, 0, 0],
							"lerp_mode": "catmullrom"
						}
					}
				},
				"tail": {
					"rotation": [2.5, 0, 0]
				},
				"tail2": {
					"rotation": [2.5, 0, 0]
				},
				"leg_left": {
					"rotation": {
						"0.0": ["15.3472094595+math.sin(q.anim_time*90*4-180)*45", -12.06754, -3.28396],
						"2.9583": [15.35, -12.07, -3.28]
					}
				},
				"leg_right": {
					"rotation": {
						"0.0": ["15.3472094595+math.sin(q.anim_time*90*4-180)*-45", 12.06754, 3.28396],
						"2.9583": [15.35, 12.07, 3.28]
					}
				},
				"body2": {
					"rotation": {
						"0.0": {
							"post": [0, 0, 0],
							"lerp_mode": "catmullrom"
						},
						"0.2083": {
							"post": [11, 0, 0],
							"lerp_mode": "catmullrom"
						},
						"0.5833": {
							"post": [9.5, 0, 0],
							"lerp_mode": "catmullrom"
						},
						"1.2917": {
							"post": [-8.53, 0, 0],
							"lerp_mode": "catmullrom"
						},
						"1.75": {
							"post": [-9, 0, 0],
							"lerp_mode": "catmullrom"
						},
						"2.4167": {
							"post": [1, 0, 0],
							"lerp_mode": "catmullrom"
						},
						"3.0": {
							"post": [0, 0, 0],
							"lerp_mode": "catmullrom"
						}
					}
				},
				"eyes": {
					"position": {
						"1.1667": [0, 0, 0],
						"1.25": {"pre": [0, 0, 0], "post": [0, 0, 0.1]},
						"2.1667": {"pre": [0, 0, 0.1], "post": [0, 0, 0]}
					}
				},
				"eyelid_recoil_left": {
					"position": {
						"1.1667": [0, 0, 0],
						"1.25": {"pre": [0, 0, 0], "post": [0, 0, -0.2]},
						"2.1667": {"pre": [0, 0, -0.2], "post": [0, 0, 0]}
					}
				},
				"eyelid_recoil_right": {
					"position": {
						"1.1667": [0, 0, 0],
						"1.25": {"pre": [0, 0, 0], "post": [0, 0, -0.2]},
						"2.1667": {"pre": [0, 0, -0.2], "post": [0, 0, 0]}
					}
				},
				"mouth_closed": {
					"position": {
						"0.0": [0, 0, 0],
						"0.2083": {"pre": [0, 0, 0], "post": [0, 0, 0.1]},
						"2.5": {"pre": [0, 0, 0.1], "post": [0, 0, 0]}
					}
				},
				"mouth_closed2": {
					"position": {
						"0.0": [0, 0, 0],
						"0.0833": {"pre": [0, 0, 0], "post": [0, 0, 0.1]},
						"2.5": {"pre": [0, 0, 0.1], "post": [0, 0, 0]}
					}
				},
				"mouth_open": {
					"position": {
						"0.0": [0, 0, 0],
						"1.25": {"pre": [0, 0, 0], "post": [0, 0, -0.1]},
						"2.5": {"pre": [0, 0, -0.1], "post": [0, 0, 0]}
					}
				},
				"mouth_o": {
					"position": {
						"0.0": [0, 0, 0],
						"0.2083": {"pre": [0, 0, 0], "post": [0, 0, -0.1]},
						"1.25": {"pre": [0, 0, -0.1], "post": [0, 0, 0]}
					}
				}
			},
			"sound_effects": {
				"0.2083": {
					"effect": "pokemon.togekiss.cry"
				}
			}
		},
		"animation.togekiss.faint": {
			"animation_length": 3,
			"bones": {
				"body": {
					"rotation": {
						"0.0": {
							"post": [5, 0, 0],
							"lerp_mode": "catmullrom"
						},
						"0.2083": {
							"post": [0.5, 0, 2],
							"lerp_mode": "catmullrom"
						},
						"0.4583": {
							"post": [-18.5, 0, 4],
							"lerp_mode": "catmullrom"
						},
						"1.1667": {
							"post": [-16, 0, -4],
							"lerp_mode": "catmullrom"
						},
						"1.7917": {
							"post": [6.5, 0, 0],
							"lerp_mode": "catmullrom"
						}
					},
					"position": {
						"0.0": {
							"post": [0, 6, 0],
							"lerp_mode": "catmullrom"
						},
						"0.3333": {
							"post": [0, 2.71, 0],
							"lerp_mode": "catmullrom"
						},
						"0.5833": {
							"post": [0, 10, 0],
							"lerp_mode": "catmullrom"
						},
						"1.0833": {
							"post": [0, 7.17, 0],
							"lerp_mode": "catmullrom"
						},
						"1.5417": [0, -3, 0]
					}
				},
				"wing_left_rotation": {
					"rotation": {
						"0.0": {
							"post": [0, 0, -7.5],
							"lerp_mode": "catmullrom"
						},
						"0.375": {
							"post": [0, 0, 15],
							"lerp_mode": "catmullrom"
						},
						"1.0": {
							"post": [0, 0, -10],
							"lerp_mode": "catmullrom"
						},
						"1.5": {
							"post": [0, 0, -15],
							"lerp_mode": "catmullrom"
						},
						"2.1667": {
							"post": [0, 0, 25],
							"lerp_mode": "catmullrom"
						},
						"3.0": {
							"post": [0, 0, 27.5],
							"lerp_mode": "catmullrom"
						}
					},
					"position": {
						"0.0": {
							"post": [0, 0, 0],
							"lerp_mode": "catmullrom"
						},
						"0.375": {
							"post": [-0.5, 0, 0],
							"lerp_mode": "catmullrom"
						},
						"1.25": {
							"post": [-0.5, 0, 0],
							"lerp_mode": "catmullrom"
						},
						"2.1667": {
							"post": [-1, 0, 0],
							"lerp_mode": "catmullrom"
						}
					}
				},
				"wing_left2": {
					"rotation": {
						"0.0": {
							"post": [-2.45794, -2.50234, -0.11601],
							"lerp_mode": "catmullrom"
						},
						"0.5": {
							"post": [-5.14934, -2.00396, 7.83605],
							"lerp_mode": "catmullrom"
						},
						"1.2083": {
							"post": [3.0246, 4.57235, -16.081],
							"lerp_mode": "catmullrom"
						},
						"1.6667": {
							"post": [2.13744, -2.13593, -13.58563],
							"lerp_mode": "catmullrom"
						},
						"2.1667": {
							"post": [-5.14934, -2.00396, 2.83605],
							"lerp_mode": "catmullrom"
						},
						"2.8333": {
							"post": [-5.15, -2, 7.84],
							"lerp_mode": "catmullrom"
						}
					},
					"position": {
						"0.0": {
							"post": [0, 0, 0],
							"lerp_mode": "catmullrom"
						},
						"0.5": {
							"post": [0, 0, 0],
							"lerp_mode": "catmullrom"
						},
						"1.1667": {
							"post": [-0.75, 0, 0],
							"lerp_mode": "catmullrom"
						},
						"2.1667": {
							"post": [0, 0, 0],
							"lerp_mode": "catmullrom"
						}
					}
				},
				"wing_left3": {
					"rotation": {
						"0.0": {
							"post": [-1.80776, -7.57896, -5.93108],
							"lerp_mode": "catmullrom"
						},
						"0.5": {
							"post": [-12.53582, -5.36762, 14.45534],
							"lerp_mode": "catmullrom"
						},
						"1.3333": {
							"post": [6.13925, 6.89645, -20.72734],
							"lerp_mode": "catmullrom"
						},
						"1.9583": {
							"post": [-0.51915, 5.94207, -0.0438],
							"lerp_mode": "catmullrom"
						},
						"2.5417": {
							"post": [-12.26598, 7.50074, -25.94048],
							"lerp_mode": "catmullrom"
						}
					},
					"position": {
						"1.9583": [0, 0, 0],
						"2.5417": [-1, 0, 0]
					}
				},
				"wing_right_rotation": {
					"rotation": {
						"0.0": {
							"post": [0, 0, 7.5],
							"lerp_mode": "catmullrom"
						},
						"0.375": {
							"post": [0, 0, -15],
							"lerp_mode": "catmullrom"
						},
						"1.0": {
							"post": [0, 0, 10],
							"lerp_mode": "catmullrom"
						},
						"1.5": {
							"post": [0, 0, 15],
							"lerp_mode": "catmullrom"
						},
						"2.1667": {
							"post": [0, 0, -25],
							"lerp_mode": "catmullrom"
						},
						"3.0": {
							"post": [0, 0, -27.5],
							"lerp_mode": "catmullrom"
						}
					},
					"position": {
						"0.0": {
							"post": [0, 0, 0],
							"lerp_mode": "catmullrom"
						},
						"0.375": {
							"post": [0.5, 0, 0],
							"lerp_mode": "catmullrom"
						},
						"1.25": {
							"post": [0.5, 0, 0],
							"lerp_mode": "catmullrom"
						},
						"2.1667": {
							"post": [1, 0, 0],
							"lerp_mode": "catmullrom"
						}
					}
				},
				"wing_right2": {
					"rotation": {
						"0.0": {
							"post": [-2.45794, 2.50234, 0.11601],
							"lerp_mode": "catmullrom"
						},
						"0.5": {
							"post": [-5.14934, 2.00396, -7.83605],
							"lerp_mode": "catmullrom"
						},
						"1.2083": {
							"post": [3.0246, -4.57235, 16.081],
							"lerp_mode": "catmullrom"
						},
						"1.6667": {
							"post": [2.13744, 2.13593, 13.58563],
							"lerp_mode": "catmullrom"
						},
						"2.1667": {
							"post": [-5.14934, 2.00396, -2.83605],
							"lerp_mode": "catmullrom"
						},
						"2.8333": {
							"post": [-5.15, 2, -7.84],
							"lerp_mode": "catmullrom"
						}
					},
					"position": {
						"0.0": {
							"post": [0, 0, 0],
							"lerp_mode": "catmullrom"
						},
						"0.5": {
							"post": [0, 0, 0],
							"lerp_mode": "catmullrom"
						},
						"1.1667": {
							"post": [0.75, 0, 0],
							"lerp_mode": "catmullrom"
						},
						"2.1667": {
							"post": [0, 0, 0],
							"lerp_mode": "catmullrom"
						}
					}
				},
				"wing_right3": {
					"rotation": {
						"0.0": {
							"post": [-1.80776, 7.57896, 5.93108],
							"lerp_mode": "catmullrom"
						},
						"0.5": {
							"post": [-12.53582, 5.36762, -14.45534],
							"lerp_mode": "catmullrom"
						},
						"1.3333": {
							"post": [6.13925, -6.89645, 20.72734],
							"lerp_mode": "catmullrom"
						},
						"1.9583": {
							"post": [-0.51915, -5.94207, 0.0438],
							"lerp_mode": "catmullrom"
						},
						"2.5417": {
							"post": [-12.26598, -7.50074, 25.94048],
							"lerp_mode": "catmullrom"
						}
					},
					"position": {
						"1.9583": [0, 0, 0],
						"2.5417": [1, 0, 0]
					}
				},
				"neck": {
					"rotation": {
						"0.0": {
							"post": [0, 0, 0],
							"lerp_mode": "catmullrom"
						},
						"0.3333": {
							"post": [9, 0, 0],
							"lerp_mode": "catmullrom"
						},
						"0.8333": {
							"post": [-5.5, 0, 0],
							"lerp_mode": "catmullrom"
						},
						"1.5833": {
							"post": [-2, 0, 0],
							"lerp_mode": "catmullrom"
						},
						"1.9583": {
							"post": [8.5, 0, 0],
							"lerp_mode": "catmullrom"
						},
						"2.9167": {
							"post": [5.5, 0, 0],
							"lerp_mode": "catmullrom"
						}
					}
				},
				"tail": {
					"rotation": {
						"0.0": {
							"post": [2.5, 0, 0],
							"lerp_mode": "catmullrom"
						},
						"0.4167": {
							"post": [-5, 0, 0],
							"lerp_mode": "catmullrom"
						},
						"1.0": {
							"post": [2.5, 0, 0],
							"lerp_mode": "catmullrom"
						},
						"1.4583": {
							"post": [5, 0, 0],
							"lerp_mode": "catmullrom"
						},
						"2.125": {
							"post": [-10, 0, 0],
							"lerp_mode": "catmullrom"
						},
						"2.7917": {
							"post": [-10, 0, 0],
							"lerp_mode": "catmullrom"
						}
					}
				},
				"tail2": {
					"rotation": {
						"0.0": {
							"post": [2.5, 0, 0],
							"lerp_mode": "catmullrom"
						},
						"0.6667": {
							"post": [-7.5, 0, 0],
							"lerp_mode": "catmullrom"
						},
						"1.0833": {
							"post": [7.5, 0, 0],
							"lerp_mode": "catmullrom"
						},
						"1.875": {
							"post": [6.34, 0, 0],
							"lerp_mode": "catmullrom"
						},
						"2.5": {
							"post": [-5, 0, 0],
							"lerp_mode": "catmullrom"
						}
					}
				},
				"leg_left": {
					"rotation": {
						"0.0": {
							"post": [15.34721, -12.06754, -3.28396],
							"lerp_mode": "catmullrom"
						},
						"1.0": {
							"post": [-17.15279, -12.06754, -3.28396],
							"lerp_mode": "catmullrom"
						},
						"1.6667": {
							"post": [41.84, -6.3, -1.79],
							"lerp_mode": "catmullrom"
						},
						"2.0": [56.82633, 17.47208, -0.29176]
					}
				},
				"leg_right": {
					"rotation": {
						"0.0": {
							"post": [15.34721, 12.06754, 3.28396],
							"lerp_mode": "catmullrom"
						},
						"1.0": {
							"post": [52.53303, 8.51627, 15.46776],
							"lerp_mode": "catmullrom"
						},
						"1.4583": {
							"post": [66.68, -4.48, 7.88],
							"lerp_mode": "catmullrom"
						},
						"2.0": [56.82633, -17.47208, 0.29176]
					}
				},
				"torso": {
					"rotation": {
						"0.0": {
							"post": [0, 0, 0],
							"lerp_mode": "catmullrom"
						},
						"0.2083": {
							"post": [12.5, 0, 1],
							"lerp_mode": "catmullrom"
						},
						"0.7917": {
							"post": [2, 0, -1],
							"lerp_mode": "catmullrom"
						},
						"1.5417": {
							"post": [0, 0, 0],
							"lerp_mode": "catmullrom"
						}
					}
				},
				"head_angle": {
					"rotation": {
						"0.0": {
							"post": [0, 0, 0],
							"lerp_mode": "catmullrom"
						},
						"0.4583": {
							"post": [5, 0, 0],
							"lerp_mode": "catmullrom"
						},
						"0.75": {
							"post": [-6.5, 0, 0],
							"lerp_mode": "catmullrom"
						},
						"1.5": {
							"post": [0.5, 0, 0],
							"lerp_mode": "catmullrom"
						},
						"1.7917": {
							"post": [12.5, 0, 0],
							"lerp_mode": "catmullrom"
						},
						"2.7083": {
							"post": [9.5, 0, 0],
							"lerp_mode": "catmullrom"
						}
					}
				},
				"eyes": {
					"position": {
						"0.0": [0, 0, 0],
						"0.125": {"pre": [0, 0, 0], "post": [0, 0, 0.1]}
					}
				},
				"eyelid_left": {
					"position": {
						"0.0": [0, 0, 0],
						"2.0": {"pre": [0, 0, 0], "post": [0, 0, -0.2]}
					}
				},
				"eyelid_recoil_left": {
					"position": {
						"0.0": [0, 0, 0],
						"0.125": {"pre": [0, 0, 0], "post": [0, 0, -0.2]},
						"2.0": {"pre": [0, 0, -0.2], "post": [0, 0, 0]}
					}
				},
				"eyelid_right": {
					"position": {
						"0.0": [0, 0, 0],
						"2.0": {"pre": [0, 0, 0], "post": [0, 0, -0.2]}
					}
				},
				"eyelid_recoil_right": {
					"position": {
						"0.0": [0, 0, 0],
						"0.125": {"pre": [0, 0, 0], "post": [0, 0, -0.2]},
						"2.0": {"pre": [0, 0, -0.2], "post": [0, 0, 0]}
					}
				},
				"mouth_closed": {
					"position": {
						"0.0": [0, 0, 0],
						"0.4583": {"pre": [0, 0, 0], "post": [0, 0, 0.1]},
						"2.0": {"pre": [0, 0, 0.1], "post": [0, 0, 0]}
					}
				},
				"mouth_closed2": {
					"position": {
						"0.0": [0, 0, 0],
						"0.125": {"pre": [0, 0, 0], "post": [0, 0, 0.1]}
					}
				},
				"mouth_o": {
					"position": {
						"0.0": [0, 0, 0],
						"0.4583": {"pre": [0, 0, 0], "post": [0, 0, -0.1]},
						"2.0": {"pre": [0, 0, -0.1], "post": [0, 0, 0]}
					}
				},
				"tail_feather_top": {
					"rotation": {
						"0.0": {
							"post": [0, 0, 0],
							"lerp_mode": "catmullrom"
						},
						"0.4583": {
							"post": [-10, 0, 0],
							"lerp_mode": "catmullrom"
						},
						"1.0": {
							"post": [5, 0, 0],
							"lerp_mode": "catmullrom"
						},
						"1.5417": {
							"post": [9, 0, 0],
							"lerp_mode": "catmullrom"
						},
						"1.9583": {
							"post": [-9, 0, 0],
							"lerp_mode": "catmullrom"
						},
						"2.75": {
							"post": [-21.5, 0, 0],
							"lerp_mode": "catmullrom"
						}
					}
				},
				"tail_feather_middle": {
					"rotation": {
						"0.0833": {
							"pre": [0, 0, 0],
							"post": [0, 0, 0],
							"lerp_mode": "catmullrom"
						},
						"0.5417": {
							"post": [-10, 0, 0],
							"lerp_mode": "catmullrom"
						},
						"1.0833": {
							"post": [5, 0, 0],
							"lerp_mode": "catmullrom"
						},
						"1.625": {
							"post": [9, 0, 0],
							"lerp_mode": "catmullrom"
						},
						"2.0417": {
							"post": [-9, 0, 0],
							"lerp_mode": "catmullrom"
						},
						"2.8333": {
							"post": [-14, 0, 0],
							"lerp_mode": "catmullrom"
						}
					}
				},
				"tail_feather_bottom": {
					"rotation": {
						"0.1667": {
							"pre": [0, 0, 0],
							"post": [0, 0, 0],
							"lerp_mode": "catmullrom"
						},
						"0.625": {
							"post": [-10, 0, 0],
							"lerp_mode": "catmullrom"
						},
						"1.1667": {
							"post": [5, 0, 0],
							"lerp_mode": "catmullrom"
						},
						"1.7083": {
							"post": [9, 0, 0],
							"lerp_mode": "catmullrom"
						},
						"2.125": {
							"post": [-9, 0, 0],
							"lerp_mode": "catmullrom"
						},
						"2.9167": {
							"post": [-21.5, 0, 0],
							"lerp_mode": "catmullrom"
						}
					}
				}
			}
		},
		"animation.togekiss.cry": {
			"animation_length": 3.5,
			"bones": {
				"torso": {
					"rotation": {
						"0.0": {
							"post": [0, 0, 0],
							"lerp_mode": "catmullrom"
						},
						"0.2083": {
							"post": [11, 0, 0],
							"lerp_mode": "catmullrom"
						},
						"0.5833": {
							"post": [9.5, 0, 0],
							"lerp_mode": "catmullrom"
						},
						"1.2917": {
							"post": [-8.53, 0, 0],
							"lerp_mode": "catmullrom"
						},
						"1.75": {
							"post": [-9, 0, 0],
							"lerp_mode": "catmullrom"
						},
						"2.4167": {
							"post": [1, 0, 0],
							"lerp_mode": "catmullrom"
						},
						"3.0": {
							"post": [0, 0, 0],
							"lerp_mode": "catmullrom"
						}
					}
				},
				"wing_left_rotation": {
					"rotation": {
						"0.0": {
							"post": [0, 0, 0],
							"lerp_mode": "catmullrom"
						},
						"0.5": {
							"post": [0, 0, 10],
							"lerp_mode": "catmullrom"
						},
						"1.875": {
							"post": [0, 0, -5],
							"lerp_mode": "catmullrom"
						},
						"2.5": {
							"post": [0, 0, 3.41],
							"lerp_mode": "catmullrom"
						},
						"3.0": {
							"post": [0, 0, 0],
							"lerp_mode": "catmullrom"
						}
					}
				},
				"wing_left2": {
					"rotation": {
						"0.0": {
							"post": [0, 0, 0],
							"lerp_mode": "catmullrom"
						},
						"0.6667": {
							"post": [0, 0, 2.5],
							"lerp_mode": "catmullrom"
						},
						"1.625": {
							"post": [0, 0, -5],
							"lerp_mode": "catmullrom"
						},
						"2.2083": {
							"post": [0, 0, -3.53],
							"lerp_mode": "catmullrom"
						},
						"2.6667": {
							"post": [0, 0, 2.03],
							"lerp_mode": "catmullrom"
						},
						"3.25": {
							"post": [0, 0, 0],
							"lerp_mode": "catmullrom"
						}
					}
				},
				"wing_left3": {
					"rotation": {
						"0.0": {
							"post": [0, 0, 0],
							"lerp_mode": "catmullrom"
						},
						"0.9167": {
							"post": [0, 0, 2.5],
							"lerp_mode": "catmullrom"
						},
						"1.3333": {
							"post": [0, 0, -2.25],
							"lerp_mode": "catmullrom"
						},
						"2.0833": {
							"post": [0, 0, -5],
							"lerp_mode": "catmullrom"
						},
						"2.7083": {
							"post": [0, 0, 2.5],
							"lerp_mode": "catmullrom"
						},
						"3.5": {
							"post": [0, 0, 0],
							"lerp_mode": "catmullrom"
						}
					}
				},
				"wing_right_rotation": {
					"rotation": {
						"0.0": {
							"post": [0, 0, 0],
							"lerp_mode": "catmullrom"
						},
						"0.5": {
							"post": [0, 0, -10],
							"lerp_mode": "catmullrom"
						},
						"1.875": {
							"post": [0, 0, 5],
							"lerp_mode": "catmullrom"
						},
						"2.5": {
							"post": [0, 0, -3.41],
							"lerp_mode": "catmullrom"
						},
						"3.0": {
							"post": [0, 0, 0],
							"lerp_mode": "catmullrom"
						}
					}
				},
				"wing_right2": {
					"rotation": {
						"0.0": {
							"post": [0, 0, 0],
							"lerp_mode": "catmullrom"
						},
						"0.6667": {
							"post": [0, 0, -2.5],
							"lerp_mode": "catmullrom"
						},
						"1.625": {
							"post": [0, 0, 5],
							"lerp_mode": "catmullrom"
						},
						"2.2083": {
							"post": [0, 0, 3.53],
							"lerp_mode": "catmullrom"
						},
						"2.6667": {
							"post": [0, 0, -2.03],
							"lerp_mode": "catmullrom"
						},
						"3.25": {
							"post": [0, 0, 0],
							"lerp_mode": "catmullrom"
						}
					}
				},
				"wing_right3": {
					"rotation": {
						"0.0": {
							"post": [0, 0, 0],
							"lerp_mode": "catmullrom"
						},
						"0.9167": {
							"post": [0, 0, -2.5],
							"lerp_mode": "catmullrom"
						},
						"1.3333": {
							"post": [0, 0, 2.25],
							"lerp_mode": "catmullrom"
						},
						"2.0833": {
							"post": [0, 0, 5],
							"lerp_mode": "catmullrom"
						},
						"2.7083": {
							"post": [0, 0, -2.5],
							"lerp_mode": "catmullrom"
						},
						"3.5": {
							"post": [0, 0, 0],
							"lerp_mode": "catmullrom"
						}
					}
				},
				"neck": {
					"rotation": {
						"0.0": {
							"post": [0, 0, 0],
							"lerp_mode": "catmullrom"
						},
						"0.4583": {
							"post": [5, 0, 0],
							"lerp_mode": "catmullrom"
						},
						"1.75": {
							"post": [-1, 0, 0],
							"lerp_mode": "catmullrom"
						},
						"2.3333": {
							"post": [2, 0, 0],
							"lerp_mode": "catmullrom"
						},
						"2.9167": {
							"post": [0, 0, 0],
							"lerp_mode": "catmullrom"
						}
					}
				},
				"eyes": {
					"position": {
						"1.1667": [0, 0, 0],
						"1.25": {"pre": [0, 0, 0], "post": [0, 0, 0.1]},
						"2.1667": {"pre": [0, 0, 0.1], "post": [0, 0, 0]}
					}
				},
				"eyelid_recoil_left": {
					"position": {
						"1.1667": [0, 0, 0],
						"1.25": {"pre": [0, 0, 0], "post": [0, 0, -0.2]},
						"2.1667": {"pre": [0, 0, -0.2], "post": [0, 0, 0]}
					}
				},
				"eyelid_recoil_right": {
					"position": {
						"1.1667": [0, 0, 0],
						"1.25": {"pre": [0, 0, 0], "post": [0, 0, -0.2]},
						"2.1667": {"pre": [0, 0, -0.2], "post": [0, 0, 0]}
					}
				},
				"mouth_closed": {
					"position": {
						"0.0": [0, 0, 0],
						"0.2083": {"pre": [0, 0, 0], "post": [0, 0, 0.1]},
						"2.5": {"pre": [0, 0, 0.1], "post": [0, 0, 0]}
					}
				},
				"mouth_closed2": {
					"position": {
						"0.0": [0, 0, 0],
						"0.0833": {"pre": [0, 0, 0], "post": [0, 0, 0.1]},
						"2.5": {"pre": [0, 0, 0.1], "post": [0, 0, 0]}
					}
				},
				"mouth_open": {
					"position": {
						"0.0": [0, 0, 0],
						"1.25": {"pre": [0, 0, 0], "post": [0, 0, -0.1]},
						"2.5": {"pre": [0, 0, -0.1], "post": [0, 0, 0]}
					}
				},
				"mouth_o": {
					"position": {
						"0.0": [0, 0, 0],
						"0.2083": {"pre": [0, 0, 0], "post": [0, 0, -0.1]},
						"1.25": {"pre": [0, 0, -0.1], "post": [0, 0, 0]}
					}
				}
			},
			"sound_effects": {
				"0.2083": {
					"effect": "pokemon.togekiss.cry"
				}
			}
		},
		"animation.togekiss.stretch_quirk": {
			"animation_length": 4.5,
			"bones": {
				"body": {
					"position": {
						"0.0": [0, 0, 0],
						"1.0": [0, 0, 0],
						"1.8333": {
							"pre": [0, 3, -3],
							"post": [0, 3, -3],
							"lerp_mode": "catmullrom"
						},
						"2.875": [0, 3, -3.25],
						"3.0833": [0, 2.12, -1.22],
						"3.2083": [0, 0, 0]
					}
				},
				"torso": {
					"rotation": {
						"0.0": [0, 0, 0],
						"0.25": {
							"pre": [7.5, 0, 0],
							"post": [7.5, 0, 0],
							"lerp_mode": "catmullrom"
						},
						"0.8333": [7.38, 0, 0],
						"1.0": [3.96, 0, 0],
						"1.1667": {
							"pre": [0, 0, "0+math.sin(q.anim_time*90*12)*3"],
							"post": [0, 0, "0+math.sin(q.anim_time*90*12)*3"],
							"lerp_mode": "catmullrom"
						},
						"2.5833": {
							"post": [-4.5, 0, 0],
							"lerp_mode": "catmullrom"
						},
						"3.2083": {
							"post": [4.26, 0, 0],
							"lerp_mode": "catmullrom"
						},
						"4.25": {
							"post": [0, 0, 0],
							"lerp_mode": "catmullrom"
						}
					},
					"position": {
						"0.0": [0, 0, 0],
						"0.5833": [0, -0.25, 0],
						"1.5": [0, 0.5, 0],
						"2.5833": [0, 0, 0],
						"3.0": {
							"pre": [0, 0, 0],
							"post": [0, 0, 0],
							"lerp_mode": "catmullrom"
						},
						"3.375": {
							"post": [0, -1, 0],
							"lerp_mode": "catmullrom"
						},
						"3.7083": {
							"post": [0, 0, 0],
							"lerp_mode": "catmullrom"
						}
					}
				},
				"wing_left_rotation": {
					"rotation": {
						"0.0": {
							"post": [0, 0, 0],
							"lerp_mode": "catmullrom"
						},
						"0.7083": {
							"post": [0, -7.5, 0],
							"lerp_mode": "catmullrom"
						},
						"1.7917": {
							"post": [0, 10, -20],
							"lerp_mode": "catmullrom"
						},
						"2.7083": {
							"post": [0, 10, -24],
							"lerp_mode": "catmullrom"
						},
						"3.3333": {
							"post": [0, 0, 7.5],
							"lerp_mode": "catmullrom"
						},
						"4.375": {
							"post": [0, 0, 0],
							"lerp_mode": "catmullrom"
						}
					}
				},
				"wing_left2": {
					"rotation": {
						"0.0": {
							"post": [0, 0, 0],
							"lerp_mode": "catmullrom"
						},
						"0.8333": {
							"post": [0, -4, 0],
							"lerp_mode": "catmullrom"
						},
						"1.9583": {
							"post": [2, 15.1313, -10],
							"lerp_mode": "catmullrom"
						},
						"2.8333": {
							"post": [2, 15.13, -10],
							"lerp_mode": "catmullrom"
						},
						"3.4167": {
							"post": [0, -2, 3],
							"lerp_mode": "catmullrom"
						},
						"4.2917": {
							"post": [0, 0, 0],
							"lerp_mode": "catmullrom"
						}
					}
				},
				"wing_left3": {
					"rotation": {
						"0.0": {
							"post": [0, 0, 0],
							"lerp_mode": "catmullrom"
						},
						"0.6667": {
							"post": [-0.37, -8.23, 6.74],
							"lerp_mode": "catmullrom"
						},
						"1.0": {
							"post": [0, 0, 0],
							"lerp_mode": "catmullrom"
						},
						"1.5833": {
							"post": [2.64, 23.24, -18.38],
							"lerp_mode": "catmullrom"
						},
						"2.125": {
							"post": [1, 30.09047, -13],
							"lerp_mode": "catmullrom"
						},
						"2.9167": {
							"post": [5, 30.09, -14],
							"lerp_mode": "catmullrom"
						},
						"3.4167": {
							"post": [3, 1, 3],
							"lerp_mode": "catmullrom"
						},
						"4.1667": {
							"post": [0, 0, 0],
							"lerp_mode": "catmullrom"
						}
					}
				},
				"wing_right_rotation": {
					"rotation": {
						"0.0": {
							"post": [0, 0, 0],
							"lerp_mode": "catmullrom"
						},
						"0.7083": {
							"post": [0, 7.5, 0],
							"lerp_mode": "catmullrom"
						},
						"1.7917": {
							"post": [0, -10, 20],
							"lerp_mode": "catmullrom"
						},
						"2.7083": {
							"post": [0, -10, 24],
							"lerp_mode": "catmullrom"
						},
						"3.3333": {
							"post": [0, 0, -7.5],
							"lerp_mode": "catmullrom"
						},
						"4.2917": {
							"post": [0, 0, 0],
							"lerp_mode": "catmullrom"
						}
					}
				},
				"wing_right2": {
					"rotation": {
						"0.0": {
							"post": [0, 0, 0],
							"lerp_mode": "catmullrom"
						},
						"0.8333": {
							"post": [0, 4, 0],
							"lerp_mode": "catmullrom"
						},
						"1.9583": {
							"post": [2, -15.1313, 10],
							"lerp_mode": "catmullrom"
						},
						"2.8333": {
							"post": [2, -15.13, 10],
							"lerp_mode": "catmullrom"
						},
						"3.4167": {
							"post": [0, 2, -3],
							"lerp_mode": "catmullrom"
						},
						"4.2083": {
							"post": [0, 0, 0],
							"lerp_mode": "catmullrom"
						}
					}
				},
				"wing_right3": {
					"rotation": {
						"0.0": {
							"post": [0, 0, 0],
							"lerp_mode": "catmullrom"
						},
						"0.6667": {
							"post": [-0.37, 8.23, -6.74],
							"lerp_mode": "catmullrom"
						},
						"1.0": {
							"post": [0, 0, 0],
							"lerp_mode": "catmullrom"
						},
						"1.5833": {
							"post": [2.64, -23.24, 18.38],
							"lerp_mode": "catmullrom"
						},
						"2.125": {
							"post": [1, -30.09047, 13],
							"lerp_mode": "catmullrom"
						},
						"2.9167": {
							"post": [5, -30.09, 14],
							"lerp_mode": "catmullrom"
						},
						"3.4167": {
							"post": [3, -1, -3],
							"lerp_mode": "catmullrom"
						},
						"4.0833": {
							"post": [0, 0, 0],
							"lerp_mode": "catmullrom"
						}
					}
				},
				"neck": {
					"rotation": {
						"0.0": {
							"post": [0, 0, 0],
							"lerp_mode": "catmullrom"
						},
						"0.4167": {
							"post": [5, 0, 0],
							"lerp_mode": "catmullrom"
						},
						"0.9167": {
							"post": [5.82, 0, 0],
							"lerp_mode": "catmullrom"
						},
						"1.9583": {
							"post": [-10, 0, 0],
							"lerp_mode": "catmullrom"
						},
						"2.9583": [-12, 0, 0],
						"3.4167": {
							"pre": [1, 0, 0],
							"post": [1, 0, 0],
							"lerp_mode": "catmullrom"
						},
						"3.9583": {
							"post": [0, 0, 0],
							"lerp_mode": "catmullrom"
						}
					}
				},
				"head_angle": {
					"rotation": {
						"0.0": {
							"post": [0, 0, 0],
							"lerp_mode": "catmullrom"
						},
						"0.6667": {
							"post": [2.5, 0, 0],
							"lerp_mode": "catmullrom"
						},
						"2.6667": {
							"post": [-6, 0, 0],
							"lerp_mode": "catmullrom"
						},
						"3.5": {
							"post": [1.5, 0, 0],
							"lerp_mode": "catmullrom"
						},
						"4.0": {
							"post": [0, 0, 0],
							"lerp_mode": "catmullrom"
						}
					}
				},
				"eye_left": {
					"position": {
						"0.0": [0, 0, 0],
						"1.1667": {"pre": [0, 0, 0], "post": [0, 0, 0.1]},
						"3.0833": {"pre": [0, 0, 0.1], "post": [0, 0, 0]}
					}
				},
				"eye_right": {
					"position": {
						"0.0": [0, 0, 0],
						"1.1667": {"pre": [0, 0, 0], "post": [0, 0, 0.1]},
						"3.0833": {"pre": [0, 0, 0.1], "post": [0, 0, 0]}
					}
				},
				"eyelid_recoil_left": {
					"position": {
						"0.0": [0, 0, 0],
						"1.1667": {"pre": [0, 0, 0], "post": [0, 0, -0.1]},
						"3.0833": {"pre": [0, 0, -0.1], "post": [0, 0, 0]}
					}
				},
				"eyelid_recoil_right": {
					"position": {
						"0.0": [0, 0, 0],
						"1.1667": {"pre": [0, 0, 0], "post": [0, 0, -0.1]},
						"3.0833": {"pre": [0, 0, -0.1], "post": [0, 0, 0]}
					}
				},
				"mouth_closed": {
					"position": {
						"0.0": [0, 0, 0],
						"2.5": {"pre": [0, 0, 0], "post": [0, 0, 0.1]},
						"3.375": {"pre": [0, 0, 0.1], "post": [0, 0, 0]}
					}
				},
				"mouth_open": {
					"position": {
						"0.0": [0, 0, 0],
						"2.5": {"pre": [0, 0, 0], "post": [0, 0, -0.1]},
						"3.375": {"pre": [0, 0, -0.1], "post": [0, 0, 0]}
					}
				},
				"spike_middle": {
					"rotation": {
						"0.0": {
							"post": [0, 0, 0],
							"lerp_mode": "catmullrom"
						},
						"0.375": {
							"post": [5, 0, 0],
							"lerp_mode": "catmullrom"
						},
						"0.9167": {
							"post": [5, 0, 0],
							"lerp_mode": "catmullrom"
						},
						"1.5833": {
							"post": [-7.5, 0, 0],
							"lerp_mode": "catmullrom"
						},
						"2.6667": {
							"post": [-10, 0, 0],
							"lerp_mode": "catmullrom"
						},
						"3.4167": {
							"post": [2.5, 0, 0],
							"lerp_mode": "catmullrom"
						},
						"4.125": {
							"post": [0, 0, 0],
							"lerp_mode": "catmullrom"
						}
					}
				},
				"spike_left": {
					"rotation": {
						"0.0833": {
							"pre": [0, 0, 0],
							"post": [0, 0, 0],
							"lerp_mode": "catmullrom"
						},
						"0.4583": {
							"post": [5, 0, 0],
							"lerp_mode": "catmullrom"
						},
						"1.0": {
							"post": [5, 0, 0],
							"lerp_mode": "catmullrom"
						},
						"1.6667": {
							"post": [-7.5, 6, 0],
							"lerp_mode": "catmullrom"
						},
						"2.75": {
							"post": [-10, 10, 0],
							"lerp_mode": "catmullrom"
						},
						"3.5": {
							"post": [2.5, 0, 0],
							"lerp_mode": "catmullrom"
						},
						"4.1667": {
							"post": [0, 0, 0],
							"lerp_mode": "catmullrom"
						}
					}
				},
				"spike_right": {
					"rotation": {
						"0.0833": {
							"pre": [0, 0, 0],
							"post": [0, 0, 0],
							"lerp_mode": "catmullrom"
						},
						"0.4583": {
							"post": [5, 0, 0],
							"lerp_mode": "catmullrom"
						},
						"1.0": {
							"post": [5, 0, 0],
							"lerp_mode": "catmullrom"
						},
						"1.6667": {
							"post": [-7.5, -6, 0],
							"lerp_mode": "catmullrom"
						},
						"2.75": {
							"post": [-10, -10, 0],
							"lerp_mode": "catmullrom"
						},
						"3.5": {
							"post": [2.5, 0, 0],
							"lerp_mode": "catmullrom"
						},
						"4.1667": {
							"post": [0, 0, 0],
							"lerp_mode": "catmullrom"
						}
					}
				},
				"leg_left": {
					"rotation": {
						"0.0": [0, 0, 0],
						"1.0": [0, 0, 0],
						"1.8333": {
							"pre": [80, 0, 0],
							"post": [80, 0, 0],
							"lerp_mode": "catmullrom"
						},
						"2.875": [86, 0, 0],
						"3.2083": [0, 0, 0]
					},
					"position": {
						"1.0": [0, 0, 0],
						"1.8333": [0, 0, -2],
						"2.875": [0, 0, -2],
						"3.2083": [0, 0, 0]
					}
				},
				"leg_right": {
					"rotation": {
						"0.0": [0, 0, 0],
						"1.0": [0, 0, 0],
						"1.8333": {
							"pre": [80, 0, 0],
							"post": [80, 0, 0],
							"lerp_mode": "catmullrom"
						},
						"2.875": [86, 0, 0],
						"3.2083": [0, 0, 0]
					},
					"position": {
						"1.0": [0, 0, 0],
						"1.8333": [0, 0, -2],
						"2.875": [0, 0, -2],
						"3.2083": [0, 0, 0]
					}
				}
			}
		},
		"animation.togekiss.air_quirk": {
			"animation_length": 3.5,
			"bones": {
				"body": {
					"rotation": {
						"0.0": ["2.5+math.sin(q.anim_time*90*1.5-30)*-5", 0, "math.sin(q.anim_time*90*1.5)*3"],
						"2.25": ["7.5+math.sin(q.anim_time*90*1.5-30)*3", 0, "0+math.sin(q.anim_time*90*1.5)*3"],
						"3.0": [2.5, 0, 0]
					},
					"position": {
						"0.0": [0, "1+math.sin(q.anim_time*90*3-60)*1.5", 0],
						"2.125": [0, "1+math.sin(q.anim_time*90*3-60)*2", 0],
						"2.5417": [0, -0.55, 0],
						"2.8333": {
							"pre": [0, 1.4, 0],
							"post": [0, 1.4, 0],
							"lerp_mode": "catmullrom"
						},
						"3.5": [0, 1, 0]
					}
				},
				"wing_left_rotation": {
					"rotation": {
						"0.0": [0, 0, "-7.5+math.sin(q.anim_time*90*3-60)*7"],
						"1.9167": [0, 0, "-7.5+math.sin(q.anim_time*90*3-60)*8"],
						"3.0": [0, 0, -7.5]
					}
				},
				"wing_left2": {
					"rotation": {
						"0.0": [0, 0, "2.5+math.sin(q.anim_time*90*3-90)*5"],
						"1.9167": [0, 0, "-5+math.sin(q.anim_time*90*3-90)*6"],
						"3.0": [0, 0, -2.5]
					}
				},
				"wing_left3": {
					"rotation": {
						"0.0": [0, 0, "2.5+math.sin(q.anim_time*90*3-120)*7"],
						"1.9167": [0, 0, "-5+math.sin(q.anim_time*90*3-120)*9"],
						"2.7083": [0, 0, -6.8],
						"3.0": [0, 0, 0]
					},
					"position": {
						"0.0": [0, 0, 0],
						"0.75": [0, -0.4, 0],
						"1.9167": [0, 0, 0]
					}
				},
				"wing_right_rotation": {
					"rotation": {
						"0.0": [0, 0, "7.5+math.sin(q.anim_time*90*3-60)*-7"],
						"1.9167": [0, 0, "7.5+math.sin(q.anim_time*90*3-60)*-8"],
						"3.0": [0, 0, 7.5]
					}
				},
				"wing_right2": {
					"rotation": {
						"0.0": [0, 0, "-2.5+math.sin(q.anim_time*90*3-90)*-5"],
						"1.9167": [0, 0, "5+math.sin(q.anim_time*90*3-90)*-6"],
						"3.0": [0, 0, 2.5]
					}
				},
				"wing_right3": {
					"rotation": {
						"0.0": [0, 0, "-2.5+math.sin(q.anim_time*90*3-120)*-7"],
						"1.9167": [0, 0, "5+math.sin(q.anim_time*90*3-120)*-9"],
						"2.7083": [0, 0, 6.8],
						"3.0": [0, 0, 0]
					},
					"position": {
						"0.0": [0, 0, 0],
						"0.75": [0, -0.4, 0],
						"1.9167": [0, 0, 0]
					}
				},
				"neck": {
					"rotation": {
						"0.0": {
							"post": [-2.5, 0, 0],
							"lerp_mode": "catmullrom"
						},
						"0.5": {
							"post": [-5, 0, 0],
							"lerp_mode": "catmullrom"
						},
						"1.0": {
							"post": [-2.5, 0, 0],
							"lerp_mode": "catmullrom"
						},
						"1.4167": {
							"post": [5, 0, 0],
							"lerp_mode": "catmullrom"
						},
						"2.0": {
							"post": [-2.5, 0, 0],
							"lerp_mode": "catmullrom"
						},
						"2.5": {
							"post": [2, 0, 0],
							"lerp_mode": "catmullrom"
						},
						"2.9583": {
							"post": [0, 0, 0],
							"lerp_mode": "catmullrom"
						}
					}
				},
				"tail": {
					"rotation": {
						"0.0": {
							"post": [2.5, 0, 0],
							"lerp_mode": "catmullrom"
						},
						"0.5": {
							"post": [-2.5, 0, 0],
							"lerp_mode": "catmullrom"
						},
						"1.25": {
							"post": [5, 0, 0],
							"lerp_mode": "catmullrom"
						},
						"2.0": {
							"post": [-5, 0, 0],
							"lerp_mode": "catmullrom"
						},
						"2.5": {
							"post": [0, 0, 0],
							"lerp_mode": "catmullrom"
						},
						"3.0": {
							"post": [2.5, 0, 0],
							"lerp_mode": "catmullrom"
						}
					}
				},
				"tail2": {
					"rotation": {
						"0.0": {
							"post": [2.5, 0, 0],
							"lerp_mode": "catmullrom"
						},
						"0.625": {
							"post": [0, 0, 0],
							"lerp_mode": "catmullrom"
						},
						"1.2083": {
							"post": [2.5, 0, 0],
							"lerp_mode": "catmullrom"
						},
						"1.9167": {
							"post": [0, 0, 0],
							"lerp_mode": "catmullrom"
						},
						"2.5417": {
							"post": [5, 0, 0],
							"lerp_mode": "catmullrom"
						},
						"3.0": {
							"post": [2.5, 0, 0],
							"lerp_mode": "catmullrom"
						}
					}
				},
				"leg_left": {
					"rotation": {
						"0.0": {
							"post": [15.34721, -12.06754, -3.28396],
							"lerp_mode": "catmullrom"
						},
						"0.625": {
							"post": [0.34721, -12.06754, -3.28396],
							"lerp_mode": "catmullrom"
						},
						"1.25": {
							"post": [-19.65279, -12.06754, -3.28396],
							"lerp_mode": "catmullrom"
						},
						"2.0": {
							"post": [7.84721, -12.06754, -3.28396],
							"lerp_mode": "catmullrom"
						},
						"2.5417": {
							"post": [-4.65279, -12.06754, -3.28396],
							"lerp_mode": "catmullrom"
						},
						"2.9167": {
							"post": [15.34721, -12.06754, -3.28396],
							"lerp_mode": "catmullrom"
						}
					}
				},
				"leg_right": {
					"rotation": {
						"0.0": {
							"post": [15.34721, 12.06754, 3.28396],
							"lerp_mode": "catmullrom"
						},
						"0.625": {
							"post": [-2.15279, 12.06754, 3.28396],
							"lerp_mode": "catmullrom"
						},
						"1.25": {
							"post": [-22.15279, 12.06754, 3.28396],
							"lerp_mode": "catmullrom"
						},
						"2.0": {
							"post": [7.84721, 12.06754, 3.28396],
							"lerp_mode": "catmullrom"
						},
						"2.5417": {
							"post": [-7.15279, 12.06754, 3.28396],
							"lerp_mode": "catmullrom"
						},
						"2.9167": {
							"post": [15.34721, 12.06754, 3.28396],
							"lerp_mode": "catmullrom"
						}
					}
				},
				"head": {
					"rotation": [0, 0, 0]
				},
				"eyelid_left": {
					"position": {
						"0.0": [0, 0, 0],
						"1.25": {"pre": [0, 0, 0], "post": [0, 0, -0.1]},
						"1.4167": {"pre": [0, 0, -0.1], "post": [0, 0, 0]},
						"2.625": {"pre": [0, 0, 0], "post": [0, 0, -0.1]},
						"2.7917": {"pre": [0, 0, -0.1], "post": [0, 0, 0]}
					}
				},
				"eyelid_right": {
					"position": {
						"0.0": [0, 0, 0],
						"1.25": {"pre": [0, 0, 0], "post": [0, 0, -0.1]},
						"1.4167": {"pre": [0, 0, -0.1], "post": [0, 0, 0]},
						"2.625": {"pre": [0, 0, 0], "post": [0, 0, -0.1]},
						"2.7917": {"pre": [0, 0, -0.1], "post": [0, 0, 0]}
					}
				},
				"mouth_closed": {
					"position": {
						"0.0": [0, 0, 0],
						"0.3333": {"pre": [0, 0, 0], "post": [0, 0, 0.1]},
						"1.0": {"pre": [0, 0, 0.1], "post": [0, 0, 0]},
						"1.9167": {"pre": [0, 0, 0], "post": [0, 0, 0.1]},
						"2.5": {"pre": [0, 0, 0.1], "post": [0, 0, 0]}
					}
				},
				"mouth_open": {
					"position": {
						"0.0": [0, 0, 0],
						"1.9167": {"pre": [0, 0, 0], "post": [0, 0, -0.1]},
						"2.5": {"pre": [0, 0, -0.1], "post": [0, 0, 0]}
					}
				},
				"mouth_o": {
					"position": {
						"0.0": [0, 0, 0],
						"0.3333": {"pre": [0, 0, 0], "post": [0, 0, -0.1]},
						"1.0": {"pre": [0, 0, -0.1], "post": [0, 0, 0]}
					}
				},
				"tail_feather_top": {
					"rotation": {
						"0.0": {
							"post": [0, 0, 0],
							"lerp_mode": "catmullrom"
						},
						"0.625": {
							"post": [-7.5, 0, 0],
							"lerp_mode": "catmullrom"
						},
						"1.2083": {
							"post": [2.5, 0, 0],
							"lerp_mode": "catmullrom"
						},
						"1.9167": {
							"post": [-7.5, 0, 0],
							"lerp_mode": "catmullrom"
						},
						"2.5417": {
							"post": [0, 0, 0],
							"lerp_mode": "catmullrom"
						},
						"3.0": {
							"post": [0, 0, 0],
							"lerp_mode": "catmullrom"
						}
					}
				},
				"tail_feather_middle": {
					"rotation": {
						"0.0": {
							"post": [0, 0, 0],
							"lerp_mode": "catmullrom"
						},
						"0.625": {
							"post": [0, 0, 0],
							"lerp_mode": "catmullrom"
						},
						"1.2083": {
							"post": [2.5, 0, 0],
							"lerp_mode": "catmullrom"
						},
						"1.9167": {
							"post": [0, 0, 0],
							"lerp_mode": "catmullrom"
						},
						"2.5417": {
							"post": [0, 0, 0],
							"lerp_mode": "catmullrom"
						},
						"3.0": {
							"post": [0, 0, 0],
							"lerp_mode": "catmullrom"
						}
					}
				},
				"tail_feather_bottom": {
					"rotation": {
						"0.0": {
							"post": [0, 0, 0],
							"lerp_mode": "catmullrom"
						},
						"0.625": {
							"post": [2.5, 0, 0],
							"lerp_mode": "catmullrom"
						},
						"1.2083": {
							"post": [2.5, 0, 0],
							"lerp_mode": "catmullrom"
						},
						"1.9167": {
							"post": [0, 0, 0],
							"lerp_mode": "catmullrom"
						},
						"2.5417": {
							"post": [0, 0, 0],
							"lerp_mode": "catmullrom"
						},
						"3.0": {
							"post": [0, 0, 0],
							"lerp_mode": "catmullrom"
						}
					}
				},
				"eye_left": {
					"position": {
						"0.0": [0, 0, 0],
						"1.25": {"pre": [0, 0, 0], "post": [0, 0, 0.1]},
						"1.4167": {"pre": [0, 0, 0.1], "post": [0, 0, 0]},
						"2.625": {"pre": [0, 0, 0], "post": [0, 0, 0.1]},
						"2.7917": {"pre": [0, 0, 0.1], "post": [0, 0, 0]}
					}
				},
				"eye_right": {
					"position": {
						"0.0": [0, 0, 0],
						"1.25": {"pre": [0, 0, 0], "post": [0, 0, 0.1]},
						"1.4167": {"pre": [0, 0, 0.1], "post": [0, 0, 0]},
						"2.625": {"pre": [0, 0, 0], "post": [0, 0, 0.1]},
						"2.7917": {"pre": [0, 0, 0.1], "post": [0, 0, 0]}
					}
				}
			}
		},
		"animation.togekiss.base": {
			"loop": true,
			"bones": {
				"body": {
					"rotation": [5, 0, 0],
					"position": [0, 1, 0]
				},
				"wing_left_rotation": {
					"rotation": [0, 0, -7.5]
				},
				"wing_left2": {
					"rotation": [-2.45794, -2.50234, -0.11601]
				},
				"wing_left3": {
					"rotation": [-1.80776, -7.57896, -5.93108]
				},
				"wing_right_rotation": {
					"rotation": [0, 0, 7.5]
				},
				"wing_right2": {
					"rotation": [-2.45794, 2.50234, 0.11601]
				},
				"wing_right3": {
					"rotation": [-1.80776, 7.57896, 5.93108]
				},
				"neck": {
					"rotation": [-2.5, 0, 0]
				},
				"tail": {
					"rotation": [2.5, 0, 0]
				},
				"tail2": {
					"rotation": [2.5, 0, 0]
				},
				"leg_left": {
					"rotation": [15.34721, -12.06754, -3.28396]
				},
				"leg_right": {
					"rotation": [15.34721, 12.06754, 3.28396]
				}
			}
		},
		"animation.togekiss.sad": {
			"loop": true,
			"bones": {
				"mouth_closed": {
					"position": [0, 0.5, 0]
				},
				"mouth_closed2": {
					"position": [0, -1, 0]
				},
				"eyelid_emote_left": {
					"position": [0.9, 0, -0.1]
				},
				"eyelid_emote_right": {
					"position": [-0.9, 0, -0.1]
				}
			}
		},
		"animation.togekiss.angry": {
			"loop": true,
			"bones": {
				"mouth_closed": {
					"position": [0, 0.5, 0]
				},
				"mouth_closed2": {
					"position": [0, -1, 0]
				},
				"eyelid_emote_left": {
					"position": [-0.9, 0, -0.1]
				},
				"eyelid_emote_right": {
					"position": [0.9, 0, -0.1]
				}
			}
		},
		"animation.togekiss.happy": {
			"loop": true,
			"bones": {
				"mouth_closed": {
					"position": [0, 0, 0.1]
				},
				"eyelid_happy_left": {
					"position": [0, 0, -0.1]
				},
				"eyelid_happy_right": {
					"position": [0, 0, -0.1]
				},
				"mouth_open": {
					"position": [0, 0, -0.1]
				},
				"eye_left": {
					"position": [0, 0, 0.1]
				},
				"eye_right": {
					"position": [0, 0, 0.1]
				}
			}
		},
		"animation.togekiss.hurt": {
			"loop": true,
			"bones": {
				"eyelid_recoil_left": {
					"position": [0, 0, -0.1]
				},
				"eyelid_recoil_right": {
					"position": [0, 0, -0.1]
				},
				"eye_left": {
					"position": [0, 0, 0.1]
				},
				"eye_right": {
					"position": [0, 0, 0.1]
				},
				"mouth_closed": {
					"position": [0, 0.5, 0]
				},
				"mouth_closed2": {
					"position": [0, -1, 0]
				}
			}
		},
		"animation.togekiss.disinterested": {
			"loop": true,
			"bones": {
				"eyelid_emote_left": {
					"position": [0, 0.1, -0.1]
				},
				"eyelid_emote_right": {
					"position": [0, 0.1, -0.1]
				},
				"mouth_closed2": {
					"position": [0, -0.5, 0]
				}
			}
		},
		"animation.togekiss.recoil": {
			"animation_length": 1.75,
			"bones": {
				"torso": {
					"rotation": {
						"0.0": {
							"post": [0, 0, 0],
							"lerp_mode": "catmullrom"
						},
						"0.0833": {
							"post": [7, 0, 0],
							"lerp_mode": "catmullrom"
						},
						"0.1667": {
							"post": [-2.5, 0, 0],
							"lerp_mode": "catmullrom"
						},
						"0.4583": {
							"post": [-3.5, 0, 0],
							"lerp_mode": "catmullrom"
						},
						"1.0417": {
							"post": [1, 0, 0],
							"lerp_mode": "catmullrom"
						},
						"1.7083": {
							"post": [0, 0, 0],
							"lerp_mode": "catmullrom"
						}
					}
				},
				"wing_left_rotation": {
					"rotation": {
						"0.0": {
							"post": [0, 0, 0],
							"lerp_mode": "catmullrom"
						},
						"0.125": {
							"post": [0, 0, 7.5],
							"lerp_mode": "catmullrom"
						},
						"0.5833": {
							"post": [0, 0, -2.5],
							"lerp_mode": "catmullrom"
						},
						"1.0": {
							"post": [0, 0, 1.5],
							"lerp_mode": "catmullrom"
						},
						"1.5": {
							"post": [0, 0, 0],
							"lerp_mode": "catmullrom"
						}
					}
				},
				"wing_right_rotation": {
					"rotation": {
						"0.0": {
							"post": [0, 0, 0],
							"lerp_mode": "catmullrom"
						},
						"0.125": {
							"post": [0, 0, -7.5],
							"lerp_mode": "catmullrom"
						},
						"0.5833": {
							"post": [0, 0, 2.5],
							"lerp_mode": "catmullrom"
						},
						"1.0": {
							"post": [0, 0, -1.5],
							"lerp_mode": "catmullrom"
						},
						"1.5": {
							"post": [0, 0, 0],
							"lerp_mode": "catmullrom"
						}
					}
				},
				"neck": {
					"rotation": {
						"0.0": {
							"post": [0, 0, 0],
							"lerp_mode": "catmullrom"
						},
						"0.0833": {
							"post": [5, 0, 0],
							"lerp_mode": "catmullrom"
						},
						"0.4167": {
							"post": [-2.5, 0, 0],
							"lerp_mode": "catmullrom"
						},
						"0.9583": {
							"post": [0, 0, 0],
							"lerp_mode": "catmullrom"
						},
						"1.5833": {
							"post": [0, 0, 0],
							"lerp_mode": "catmullrom"
						}
					}
				},
				"head_angle": {
					"rotation": {
						"0.0": {
							"post": [0, 0, 0],
							"lerp_mode": "catmullrom"
						},
						"0.125": {
							"post": [5, 0, 0],
							"lerp_mode": "catmullrom"
						},
						"0.5833": {
							"post": [-2.5, 0, 0],
							"lerp_mode": "catmullrom"
						},
						"1.1667": {
							"post": [0.5, 0, 0],
							"lerp_mode": "catmullrom"
						},
						"1.7083": {
							"post": [0, 0, 0],
							"lerp_mode": "catmullrom"
						}
					}
				},
				"eyes": {
					"position": {
						"0.0": [0, 0, 0],
						"0.0417": {"pre": [0, 0, 0], "post": [0, 0, 0.1]},
						"1.0833": {"pre": [0, 0, 0.1], "post": [0, 0, 0]}
					}
				},
				"eyelid_recoil_left": {
					"position": {
						"0.0": [0, 0, 0],
						"0.0417": {"pre": [0, 0, 0], "post": [0, 0, -0.2]},
						"1.0833": {"pre": [0, 0, -0.2], "post": [0, 0, 0]}
					}
				},
				"eyelid_recoil_right": {
					"position": {
						"0.0": [0, 0, 0],
						"0.0417": {"pre": [0, 0, 0], "post": [0, 0, -0.2]},
						"1.0833": {"pre": [0, 0, -0.2], "post": [0, 0, 0]}
					}
				},
				"mouth_closed": {
					"position": {
						"0.0": [0, 0, 0],
						"0.25": {"pre": [0, 0, 0], "post": [0, 0, 0.1]},
						"1.0": {"pre": [0, 0, 0.1], "post": [0, 0, 0]}
					}
				},
				"mouth_closed2": {
					"position": {
						"0.0": [0, 0, 0],
						"0.0417": {"pre": [0, 0, 0], "post": [0, 0, 0.1]},
						"0.25": {"pre": [0, 0, 0.1], "post": [0, 0, 0.1]},
						"1.75": {"pre": [0, 0, 0.1], "post": [0, 0, 0]}
					}
				},
				"mouth_o": {
					"position": {
						"0.0": [0, 0, 0],
						"0.25": {"pre": [0, 0, 0], "post": [0, 0, -0.1]},
						"1.0": {"pre": [0, 0, -0.1], "post": [0, 0, 0]}
					}
				}
			}
		},
		"animation.togekiss.air_recoil": {
			"animation_length": 1.75,
			"bones": {
				"body": {
					"position": {
						"0.0": {
							"post": [0, 0, 0],
							"lerp_mode": "catmullrom"
						},
						"0.0833": {
							"post": [0, -0.75, 0],
							"lerp_mode": "catmullrom"
						},
						"0.2917": {
							"post": [0, 0.75, 0],
							"lerp_mode": "catmullrom"
						},
						"1.0417": {
							"post": [0, 0, 0],
							"lerp_mode": "catmullrom"
						}
					}
				},
				"torso": {
					"rotation": {
						"0.0": {
							"post": [0, 0, 0],
							"lerp_mode": "catmullrom"
						},
						"0.0833": {
							"post": [7, 0, 0],
							"lerp_mode": "catmullrom"
						},
						"0.1667": {
							"post": [-2.5, 0, 0],
							"lerp_mode": "catmullrom"
						},
						"0.4583": {
							"post": [-3.5, 0, 0],
							"lerp_mode": "catmullrom"
						},
						"1.0417": {
							"post": [1, 0, 0],
							"lerp_mode": "catmullrom"
						},
						"1.7083": {
							"post": [0, 0, 0],
							"lerp_mode": "catmullrom"
						}
					}
				},
				"wing_left_rotation": {
					"rotation": {
						"0.0": {
							"post": [0, 0, 0],
							"lerp_mode": "catmullrom"
						},
						"0.125": {
							"post": [0, 0, 7.5],
							"lerp_mode": "catmullrom"
						},
						"0.5833": {
							"post": [0, 0, -2.5],
							"lerp_mode": "catmullrom"
						},
						"1.0": {
							"post": [0, 0, 1.5],
							"lerp_mode": "catmullrom"
						},
						"1.5": {
							"post": [0, 0, 0],
							"lerp_mode": "catmullrom"
						}
					}
				},
				"wing_right_rotation": {
					"rotation": {
						"0.0": {
							"post": [0, 0, 0],
							"lerp_mode": "catmullrom"
						},
						"0.125": {
							"post": [0, 0, -7.5],
							"lerp_mode": "catmullrom"
						},
						"0.5833": {
							"post": [0, 0, 2.5],
							"lerp_mode": "catmullrom"
						},
						"1.0": {
							"post": [0, 0, -1.5],
							"lerp_mode": "catmullrom"
						},
						"1.5": {
							"post": [0, 0, 0],
							"lerp_mode": "catmullrom"
						}
					}
				},
				"neck": {
					"rotation": {
						"0.0": {
							"post": [0, 0, 0],
							"lerp_mode": "catmullrom"
						},
						"0.0833": {
							"post": [5, 0, 0],
							"lerp_mode": "catmullrom"
						},
						"0.4167": {
							"post": [-2.5, 0, 0],
							"lerp_mode": "catmullrom"
						},
						"0.9583": {
							"post": [0, 0, 0],
							"lerp_mode": "catmullrom"
						},
						"1.5833": {
							"post": [0, 0, 0],
							"lerp_mode": "catmullrom"
						}
					}
				},
				"head_angle": {
					"rotation": {
						"0.0": {
							"post": [0, 0, 0],
							"lerp_mode": "catmullrom"
						},
						"0.125": {
							"post": [5, 0, 0],
							"lerp_mode": "catmullrom"
						},
						"0.5833": {
							"post": [-2.5, 0, 0],
							"lerp_mode": "catmullrom"
						},
						"1.1667": {
							"post": [0.5, 0, 0],
							"lerp_mode": "catmullrom"
						},
						"1.7083": {
							"post": [0, 0, 0],
							"lerp_mode": "catmullrom"
						}
					}
				},
				"eyes": {
					"position": {
						"0.0": [0, 0, 0],
						"0.0417": {"pre": [0, 0, 0], "post": [0, 0, 0.1]},
						"1.0833": {"pre": [0, 0, 0.1], "post": [0, 0, 0]}
					}
				},
				"eyelid_recoil_left": {
					"position": {
						"0.0": [0, 0, 0],
						"0.0417": {"pre": [0, 0, 0], "post": [0, 0, -0.2]},
						"1.0833": {"pre": [0, 0, -0.2], "post": [0, 0, 0]}
					}
				},
				"eyelid_recoil_right": {
					"position": {
						"0.0": [0, 0, 0],
						"0.0417": {"pre": [0, 0, 0], "post": [0, 0, -0.2]},
						"1.0833": {"pre": [0, 0, -0.2], "post": [0, 0, 0]}
					}
				},
				"mouth_closed": {
					"position": {
						"0.0": [0, 0, 0],
						"0.25": {"pre": [0, 0, 0], "post": [0, 0, 0.1]},
						"1.0": {"pre": [0, 0, 0.1], "post": [0, 0, 0]}
					}
				},
				"mouth_closed2": {
					"position": {
						"0.0": [0, 0, 0],
						"0.0417": {"pre": [0, 0, 0], "post": [0, 0, 0.1]},
						"0.25": {"pre": [0, 0, 0.1], "post": [0, 0, 0.1]},
						"1.75": {"pre": [0, 0, 0.1], "post": [0, 0, 0]}
					}
				},
				"mouth_o": {
					"position": {
						"0.0": [0, 0, 0],
						"0.25": {"pre": [0, 0, 0], "post": [0, 0, -0.1]},
						"1.0": {"pre": [0, 0, -0.1], "post": [0, 0, 0]}
					}
				}
			}
		},
		"animation.togekiss.ride_air_fly": {
			"loop": true,
			"bones": {
				"body": {
					"rotation": ["0+q.r.pitch_change(0)*-15", "q.r.yaw_change(0)*15", "q.r.yaw_change(0)*-10"]
				},
				"wing_left_rotation": {
					"rotation": [0, 0, "q.r.yaw_change(0)*-7.5"]
				},
				"wing_left2": {
					"rotation": [0, 0, "q.r.yaw_change(0)*2.5"]
				},
				"wing_left3": {
					"rotation": [0, 0, "q.r.yaw_change(0)*2.5"]
				},
				"wing_right_rotation": {
					"rotation": [0, 0, "q.r.yaw_change(0)*-7.5"]
				},
				"wing_right2": {
					"rotation": [0, 0, "q.r.yaw_change(0)*-2.5"]
				},
				"wing_right3": {
					"rotation": [0, 0, "q.r.yaw_change(0)*-2.5"]
				},
				"eyeshine_left": {
					"position": ["-0.25+math.round(q.r.yaw_change(o)-0.7)*-0.25", "0.25+math.round(q.r.pitch_change(o)-0.7)*0.25", 0]
				},
				"eyeshine_right": {
					"position": ["-0.25+math.round(q.r.yaw_change(o)-0.7)*-0.25", "0.25+math.round(q.r.pitch_change(o)-0.7)*0.25", 0]
				},
				"tail": {
					"rotation": ["q.r.pitch_change(0)*5", 0, 0]
				},
				"tail2": {
					"rotation": ["q.r.pitch_change(0)*5", "q.r.yaw_change(0)*-7.5", 0]
				}
			}
		},
		"animation.togekiss.ride_dive": {
			"loop": true,
			"bones": {
				"body": {
					"rotation": ["q.r.dive(0)*5+q.r.dive(0)*3*math.sin(q.anim_time*90*1-60)", 0, 0],
					"position": [0, "q.r.dive(0)*0.08*math.cos(q.anim_time*90*24-90)+q.r.dive(0)*1*math.sin(q.anim_time*90*1)", 0]
				},
				"wing_left_rotation": {
					"rotation": ["q.r.dive(0)*-4.55+q.r.pitch_change(0)*-10", "q.r.dive(0)*-15", "q.r.dive(0)*-15"],
					"position": ["q.r.dive(0)*-3", 0, 0]
				},
				"wing_left2": {
					"rotation": [0, "q.r.dive(0)*-10", 0]
				},
				"wing_left3": {
					"rotation": [0, "q.r.dive(0)*-10", 0]
				},
				"wing_right_rotation": {
					"rotation": ["q.r.dive(0)*-4.55+q.r.pitch_change(0)*-10", "-(q.r.dive(0)*-15)", "-(q.r.dive(0)*-15)"],
					"position": ["-(q.r.dive(0)*-3)", 0, 0]
				},
				"wing_right2": {
					"rotation": [0, "-(q.r.dive(0)*-10)", 0]
				},
				"wing_right3": {
					"rotation": [0, "-(q.r.dive(0)*-10)", 0]
				},
				"eyelid_emote_right": {
					"position": [0.9, 0, "-0.1+math.round(q.r.dive(o)-0.7)*-0.2"]
				},
				"eyelid_emote_left": {
					"position": [-0.9, 0, "-0.1+math.round(q.r.dive(o)-0.7)*-0.2"]
				},
				"spike_middle": {
					"rotation": ["0+q.r.dive(0)*-2+q.r.dive(0)*0.5*math.sin(q.anim_time*90*20-60)", 0, 0]
				},
				"spike_left": {
					"rotation": ["0+q.r.dive(0)*-2+q.r.dive(0)*0.5*math.sin(q.anim_time*90*20-75)", 0, 0]
				},
				"spike_right": {
					"rotation": ["0+q.r.dive(0)*-2+q.r.dive(0)*0.5*math.sin(q.anim_time*90*20-75)", 0, 0]
				},
				"tail_feather_top": {
					"rotation": ["0+q.r.dive(0)*-2+q.r.dive(0)*0.75*math.sin(q.anim_time*90*20-120)", 0, 0]
				},
				"tail_feather_middle": {
					"rotation": ["0+q.r.dive(0)*-2+q.r.dive(0)*0.75*math.sin(q.anim_time*90*20-150)", 0, 0]
				},
				"tail_feather_bottom": {
					"rotation": ["0+q.r.dive(0)*-2+q.r.dive(0)*0.75*math.sin(q.anim_time*90*20-180)", 0, 0]
				}
			}
		}
	}
}