{"format_version":"1.8.0","animations":{"animation.litleo.pose":{"loop":true,"bones":{"litleo":{"rotation":[-9.55165,1.04369,2.68856],"position":[0,-4.25,0]},"Torso":{"rotation":[2.46367,0.40622,0.13299]},"neck":{"rotation":[17.5,0,0]},"head":{"rotation":[0,0,0]},"ear_left":{"rotation":[-10,0,27.5]},"ear_right":{"rotation":[-10,0,-27.5]},"frontLeftThigh":{"rotation":[-65,0,0]},"frontLeftLeg":{"rotation":[7.38733,1.29876,-9.91615]},"frontLeftFoot":{"rotation":[-7.5,0,0]},"frontRightThigh":{"rotation":[-45,0,0]},"frontRightLeg":{"rotation":[-14.87739,1.93597,7.24721]},"frontRightFoot":{"rotation":[-10,0,0]},"tail1":{"rotation":[17.5,0,0]},"tail2":{"rotation":[22.5,0,0]},"backLeftThigh":{"rotation":[-56.65515,-22.23443,-15.71868]},"backLeftLeg":{"rotation":[5,0,0]},"backLeftFoot":{"rotation":[-22.91318,-8.17773,5.77509]},"backRightThigh":{"rotation":[-56.65515,22.23443,15.71868]},"backRightLeg":{"rotation":[5,0,0]},"backRightFoot":{"rotation":[-22.91318,-8.17773,5.77509]},"eye_left_closed":{"position":[0,0,0]}}},"animation.litleo.battle_idle":{"loop":true,"animation_length":2,"bones":{"Torso":{"rotation":["12.5+math.sin(q.anim_time*90*4*2)",0,0],"position":[0,"math.sin(q.anim_time*90*4*2-60)/4",0]},"head":{"rotation":["-10+math.sin(q.anim_time*90*4*2+60)",0,0]},"frontLeftThigh":{"rotation":[22.5,0,0],"position":[0,-1,1]},"frontLeftLeg":{"rotation":[-22.5,0,0]},"frontLeftFoot":{"rotation":[0,0,0]},"frontRightThigh":{"position":[0,-1,0]},"frontRightLeg":{"rotation":[-22.5,0,0]},"frontRightFoot":{"rotation":[22.5,0,0]},"tail1":{"rotation":[0,"math.cos(q.anim_time*90*4*2)*10",0]},"tail2":{"rotation":[0,"math.cos(q.anim_time*90*4*2-60)*15",0]},"Tail3":{"rotation":[0,"math.cos(q.anim_time*90*4*2-120)*25",0]},"Tail_Tip":{"rotation":[0,"math.cos(q.anim_time*90*4*2-180)*25",0]},"ear_left":{"rotation":[0,0,27.5]},"ear_right":{"rotation":[0,0,-27.5]}}},"animation.litleo.ground_walk":{"loop":true,"animation_length":1,"bones":{"Torso":{"rotation":[0,"math.cos(q.anim_time*90*4+120)*2","math.cos(q.anim_time*90*4+180)*2"],"position":[0,"math.cos(q.anim_time*90*4*2)/5",-0.25]},"head":{"rotation":[0,"math.cos(q.anim_time*90*4+180)*2","math.cos(q.anim_time*90*4+240)*2"]},"frontLeftThigh":{"rotation":{"0.0":[-4.44,0,0],"0.0833":[0,0,0],"0.4583":[20,0,0],"0.5":[13.33,0,0],"0.5833":[0,0,0],"0.7083":[-20,0,0],"1.0":[-4.44,0,0]},"position":{"0.0":[0,-0.11,-0.22],"0.0833":[0,0,0],"0.4583":[0,0,1],"0.5":[0,0.45,0.66],"0.5417":[0,0.8,0.33],"0.5833":[0,1,0],"0.625":[0,0.8,-0.33],"0.6667":[0,0.45,-0.67],"0.7083":[0,-0.5,-1],"1.0":[0,-0.11,-0.22]}},"frontLeftFoot":{"rotation":{"0.0":[4.44,0,0],"0.0833":[0,0,0],"0.4583":{"pre":[0,0,0],"post":[0,0,0],"lerp_mode":"catmullrom"},"0.5":{"post":[24.69,0,0],"lerp_mode":"catmullrom"},"0.5417":{"post":[50,0,0],"lerp_mode":"catmullrom"},"0.5833":{"post":[55,0,0],"lerp_mode":"catmullrom"},"0.625":{"post":[50,0,0],"lerp_mode":"catmullrom"},"0.7083":[20,0,0],"1.0":[4.44,0,0]}},"frontRightThigh":{"rotation":{"0.0":[13.33,0,0],"0.0833":[0,0,0],"0.2083":[-20,0,0],"0.5":[-4.44,0,0],"0.5833":[0,0,0],"0.9583":[20,0,0],"1.0":[13.33,0,0]},"position":{"0.0":[0,0.45,0.66],"0.0417":[0,0.8,0.33],"0.0833":[0,1,0],"0.125":[0,0.8,-0.33],"0.1667":[0,0.45,-0.67],"0.2083":[0,-0.5,-1],"0.5":[0,-0.11,-0.22],"0.5833":[0,0,0],"0.9583":[0,0,1],"1.0":[0,0.45,0.66]}},"frontRightFoot":{"rotation":{"0.0":{"post":[24.69,0,0],"lerp_mode":"catmullrom"},"0.0417":{"post":[50,0,0],"lerp_mode":"catmullrom"},"0.0833":{"post":[55,0,0],"lerp_mode":"catmullrom"},"0.125":{"post":[50,0,0],"lerp_mode":"catmullrom"},"0.2083":[20,0,0],"0.5":[4.44,0,0],"0.5833":[0,0,0],"0.9583":{"pre":[0,0,0],"post":[0,0,0],"lerp_mode":"catmullrom"},"1.0":{"post":[24.69,0,0],"lerp_mode":"catmullrom"}}},"tail1":{"rotation":[0,"-math.cos(q.anim_time*90*4-150)*10",0]},"tail2":{"rotation":[0,"-math.cos(q.anim_time*90*4-210)*10",0]},"backLeftThigh":{"rotation":{"0.0":[0,0,0],"0.375":[20,0,0],"0.5":[0,0,0],"0.625":[-20,0,0],"1.0":[0,0,0]},"position":{"0.0":[0,0,0],"0.375":[0,0,1],"0.4167":[0,0.45,0.66],"0.4583":[0,0.8,0.33],"0.5":[0,1,0],"0.5417":[0,0.8,-0.33],"0.5833":[0,0.45,-0.67],"0.625":[0,-0.5,-1],"1.0":[0,0,0]}},"backLeftLeg":{"rotation":{"0.0":[0,0,0],"0.375":{"pre":[0,0,0],"post":[0,0,0],"lerp_mode":"catmullrom"},"0.5":{"post":[20,0,0],"lerp_mode":"catmullrom"},"0.5833":{"post":[0,0,0],"lerp_mode":"catmullrom"},"1.0":{"post":[0,0,0],"lerp_mode":"catmullrom"}}},"backLeftFoot":{"rotation":{"0.0":[0,0,0],"0.375":{"pre":[0,0,0],"post":[0,0,0],"lerp_mode":"catmullrom"},"0.4583":{"post":[50,0,0],"lerp_mode":"catmullrom"},"0.5":{"post":[55,0,0],"lerp_mode":"catmullrom"},"0.5417":{"post":[50,0,0],"lerp_mode":"catmullrom"},"0.625":[20,0,0],"1.0":[0,0,0]}},"backRightThigh":{"rotation":{"0.0":[0,0,0],"0.125":[-20,0,0],"0.5":[0,0,0],"0.875":[20,0,0],"1.0":[0,0,0]},"position":{"0.0":[0,1,0],"0.0417":[0,0.8,-0.33],"0.0833":[0,0.45,-0.67],"0.125":[0,-0.5,-1],"0.5":[0,0,0],"0.875":[0,0,1],"0.9167":[0,0.45,0.66],"0.9583":[0,0.8,0.33],"1.0":[0,1,0]}},"backRightLeg":{"rotation":{"0.0":{"post":[20,0,0],"lerp_mode":"catmullrom"},"0.0833":{"post":[0,0,0],"lerp_mode":"catmullrom"},"0.5":{"post":[0,0,0],"lerp_mode":"catmullrom"},"0.875":{"post":[0,0,0],"lerp_mode":"catmullrom"},"1.0":{"post":[20,0,0],"lerp_mode":"catmullrom"}}},"backRightFoot":{"rotation":{"0.0":{"post":[55,0,0],"lerp_mode":"catmullrom"},"0.0417":{"post":[50,0,0],"lerp_mode":"catmullrom"},"0.125":[20,0,0],"0.5":[0,0,0],"0.875":{"pre":[0,0,0],"post":[0,0,0],"lerp_mode":"catmullrom"},"0.9583":{"post":[50,0,0],"lerp_mode":"catmullrom"},"1.0":{"post":[55,0,0],"lerp_mode":"catmullrom"}}},"Tail3":{"rotation":[0,"-math.cos(q.anim_time*90*4-270)*10",0]},"ear_left":{"rotation":[0,0,25]},"ear_right":{"rotation":[0,0,-25]}}},"animation.litleo.blink":{"animation_length":0.08333,"bones":{"eye_right_closed":{"position":{"0.0":[0,0,0],"0.0417":[0,0,-1]}},"eye_left_closed":{"position":{"0.0":[0,0,0],"0.0417":[0,0,-1]}}}},"animation.litleo.cry":{"animation_length":1.75,"bones":{"head":{"rotation":{"0.0":[0,0,0],"0.2083":{"pre":[10,0,0],"post":[10,0,0],"lerp_mode":"catmullrom"},"0.2917":{"post":[-10,0,0],"lerp_mode":"catmullrom"},"0.5":{"post":[-15,0,0],"lerp_mode":"catmullrom"},"0.75":{"post":[-10,0,0],"lerp_mode":"catmullrom"},"0.875":{"post":[-17.5,0,0],"lerp_mode":"catmullrom"},"1.25":{"post":[-22.5,0,0],"lerp_mode":"catmullrom"},"1.75":[0,0,0]}},"mouth":{"position":{"0.0":[0,0,0],"0.2917":[0,0,-0.1],"0.5833":{"pre":[0,0,-0.1],"post":[0,0,0]},"0.7917":{"pre":[0,0,0],"post":[0,0,-0.1]},"1.5":{"pre":[0,0,-0.1],"post":[0,0,0]}}}},"sound_effects":{"0.25":{"effect":"pokemon.litleo.cry"}}},"animation.litleo.ground_idle":{"loop":true,"animation_length":2,"bones":{"Torso":{"rotation":["math.cos(q.anim_time*90*4+60)","math.cos(q.anim_time*90*2)*2","math.cos(q.anim_time*90*2+60)*2"],"position":[0,"math.cos(q.anim_time*90*4)/6",0]},"head":{"rotation":["math.cos(q.anim_time*90*4+120)","math.cos(q.anim_time*90*2+60)*2","math.cos(q.anim_time*90*2+120)*2"]},"tail1":{"rotation":[0,"math.cos(q.anim_time*90*2)*20",0]},"tail2":{"rotation":[0,"math.cos(q.anim_time*90*2-60)*20",0]},"Tail3":{"rotation":[0,"math.cos(q.anim_time*90*2-120)*20",0]},"Tail_Tip":{"rotation":[0,"math.cos(q.anim_time*90*2-180)*10","math.cos(q.anim_time*90*2-180)*5"]},"ear_left":{"rotation":[0,0,27.6]},"ear_right":{"rotation":[0,0,-27.5]}}}}}