{
	"format_version": "1.8.0",
	"animations": {
		"animation.axew.ground_idle": {
			"loop": true,
			"bones": {
				"head": {
					"rotation": ["-7.5-math.sin(q.anim_time*90*2-120)", 0, "-math.cos(q.anim_time*90-120)"],
					"position": [0, -0.2, 0.2]
				},
				"arm_left": {
					"rotation": ["-30-math.sin(q.anim_time*90*2-120)*4", 50, "-math.sin(q.anim_time*90*2-120)*4"]
				},
				"finger_left1": {
					"rotation": [0, "47.5+math.sin(q.anim_time*90*2-120)*4", 0]
				},
				"finger_left2": {
					"rotation": [0, 0, "-22.5-math.sin(q.anim_time*90*2-150)*4"]
				},
				"finger_left3": {
					"rotation": [0, -12.5, "-10-math.sin(q.anim_time*90*2-180)*4"],
					"position": [-0.1, 0, 0]
				},
				"arm_right": {
					"rotation": ["-30-math.sin(q.anim_time*90*2-120)*4", -50, "math.sin(q.anim_time*90*2-120)*4"]
				},
				"finger_right1": {
					"rotation": [0, "-47.5-math.sin(q.anim_time*90*2-120)*4", 0]
				},
				"finger_right2": {
					"rotation": [0, 0, "22.5+math.sin(q.anim_time*90*2-150)*4"]
				},
				"finger_right3": {
					"rotation": [0, 12.5, "10+math.sin(q.anim_time*90*2-180)*4"],
					"position": [0.1, 0, 0]
				},
				"tail": {
					"rotation": ["2.5-math.sin(q.anim_time*90*2+90)*2", "math.cos(q.anim_time*90*2+90)*4", 0]
				},
				"tail2": {
					"rotation": [15, "math.sin(q.anim_time*90*2+60)*4", 0]
				},
				"leg_left": {
					"rotation": [0, -22.5, 0],
					"position": [0, 0, 0]
				},
				"leg_right": {
					"rotation": [0, 22.5, 0]
				},
				"torso": {
					"rotation": ["-7.5-math.sin(q.anim_time*90*2-60)", 0, 0],
					"position": [0, "math.sin(q.anim_time*90*2)/12", 0]
				},
				"scarf": {
					"rotation": [0, 0, 0]
				},
				"scarf2": {
					"rotation": [-15, 0, 0]
				},
				"chest": {
					"rotation": ["15+math.sin(q.anim_time*90*2+90)/2", 0, 0]
				}
			}
		},
		"animation.axew.ground_walk": {
			"loop": true,
			"animation_length": 1.3333,
			"bones": {
				"head": {
					"rotation": ["-12+math.sin(q.anim_time*90*6-90)*10", "math.sin(q.anim_time*90*3-30)*10", 2.85007],
					"position": [0, 0.25, -0.25]
				},
				"arm_left": {
					"rotation": {
						"0.0": [-45.37544, 37.58395, -21.94832],
						"0.4444": {
							"pre": [-30, 50, 0],
							"post": [-30, 50, 0],
							"lerp_mode": "catmullrom"
						},
						"1.3333": [-45.37544, 37.58395, -21.94832]
					}
				},
				"finger_left1": {
					"rotation": [0, "47.5-math.sin(q.anim_time*90*6-30)*12", 0]
				},
				"finger_left2": {
					"rotation": [0, 0, "-22.5+math.sin(q.anim_time*90*6-30)*12"]
				},
				"finger_left3": {
					"rotation": [0, -12.5, "-10+math.sin(q.anim_time*90*6-30)*12"],
					"position": [-0.1, 0, 0]
				},
				"arm_right": {
					"rotation": {
						"0.0": {
							"post": [-32.4, -48.06, 3.43],
							"lerp_mode": "catmullrom"
						},
						"0.6667": [-45.37544, -37.58395, 21.94832],
						"1.1111": {
							"pre": [-30, -50, 0],
							"post": [-30, -50, 0],
							"lerp_mode": "catmullrom"
						},
						"1.3333": {
							"post": [-32.4, -48.06, 3.43],
							"lerp_mode": "catmullrom"
						}
					}
				},
				"finger_right1": {
					"rotation": [0, "-47.5+math.sin(q.anim_time*90*6-30)*12", 0]
				},
				"finger_right2": {
					"rotation": [0, 0, "22.5-math.sin(q.anim_time*90*6-30)*12"]
				},
				"finger_right3": {
					"rotation": [0, 12.5, "10-math.sin(q.anim_time*90*6-30)*12"],
					"position": [0.1, 0, 0]
				},
				"tail": {
					"rotation": ["math.sin(q.anim_time*90*6+30)*8", "math.sin(q.anim_time*90*3+30)*24", 0]
				},
				"tail2": {
					"rotation": ["math.sin(q.anim_time*90*6)*8", "math.sin(q.anim_time*90*3)*18", 0]
				},
				"leg_left": {
					"rotation": {
						"0.0": {
							"post": [0, 2.5, 0],
							"lerp_mode": "catmullrom"
						},
						"0.2222": {
							"post": [0, -22.5, 0],
							"lerp_mode": "catmullrom"
						},
						"0.4444": {
							"post": [0, -22.5, 0],
							"lerp_mode": "catmullrom"
						},
						"0.6667": {
							"post": [4.62, -24.73, -6.53],
							"lerp_mode": "catmullrom"
						},
						"0.8889": {
							"post": [5.41974, -25.17388, -13.35626],
							"lerp_mode": "catmullrom"
						},
						"1.1111": {
							"post": [-25.10683, -10.83756, -15.71016],
							"lerp_mode": "catmullrom"
						},
						"1.3333": {
							"post": [0, 2.5, 0],
							"lerp_mode": "catmullrom"
						}
					},
					"position": {
						"0.0": {
							"post": [0, 0, -1.75],
							"lerp_mode": "catmullrom"
						},
						"0.2222": {
							"post": [0, -0.25, 0],
							"lerp_mode": "catmullrom"
						},
						"0.4444": {
							"post": [0, 0, 1],
							"lerp_mode": "catmullrom"
						},
						"0.6667": {
							"post": [0, 0.38, 1.13],
							"lerp_mode": "catmullrom"
						},
						"0.8889": {
							"post": [0, 0.75, 0],
							"lerp_mode": "catmullrom"
						},
						"1.1111": {
							"post": [0, 0.75, -1],
							"lerp_mode": "catmullrom"
						},
						"1.3333": {
							"post": [0, 0, -1.75],
							"lerp_mode": "catmullrom"
						}
					}
				},
				"leg_right": {
					"rotation": {
						"0.0": {
							"post": [4.62, 24.73, 6.53],
							"lerp_mode": "catmullrom"
						},
						"0.2222": {
							"post": [5.41974, 25.17388, 13.35626],
							"lerp_mode": "catmullrom"
						},
						"0.4444": {
							"post": [-25.10683, 10.83756, 15.71016],
							"lerp_mode": "catmullrom"
						},
						"0.6667": {
							"post": [0, -2.5, 0],
							"lerp_mode": "catmullrom"
						},
						"0.8889": {
							"post": [0, 22.5, 0],
							"lerp_mode": "catmullrom"
						},
						"1.1111": {
							"post": [0, 22.5, 0],
							"lerp_mode": "catmullrom"
						},
						"1.3333": {
							"post": [4.62, 24.73, 6.53],
							"lerp_mode": "catmullrom"
						}
					},
					"position": {
						"0.0": {
							"post": [0, 0.38, 1.13],
							"lerp_mode": "catmullrom"
						},
						"0.2222": {
							"post": [0, 0.75, 0],
							"lerp_mode": "catmullrom"
						},
						"0.4444": {
							"post": [0, 0.75, -1],
							"lerp_mode": "catmullrom"
						},
						"0.6667": {
							"post": [0, 0, -1.75],
							"lerp_mode": "catmullrom"
						},
						"0.8889": {
							"post": [0, -0.25, 0],
							"lerp_mode": "catmullrom"
						},
						"1.1111": {
							"post": [0, 0, 1],
							"lerp_mode": "catmullrom"
						},
						"1.3333": {
							"post": [0, 0.38, 1.13],
							"lerp_mode": "catmullrom"
						}
					}
				},
				"torso": {
					"rotation": {
						"0.0": [5, 10.1933, 1.519],
						"0.4444": {
							"pre": [-10.28263, -12.53728, 6.56207],
							"post": [-10.28263, -12.53728, 6.56207],
							"lerp_mode": "catmullrom"
						},
						"0.6667": [5, -10.1933, -1.519],
						"1.1111": {
							"pre": [-10.28263, 12.53728, -6.56207],
							"post": [-10.28263, 12.53728, -6.56207],
							"lerp_mode": "catmullrom"
						},
						"1.3333": [5, 10.1933, 1.519]
					},
					"position": [0, "-math.sin(q.anim_time*90*6)/4", 0]
				},
				"scarf2": {
					"rotation": [-15, 0, 0]
				},
				"chest": {
					"rotation": [15, 0, 0]
				},
				"body": {
					"position": [0, 0, "-math.sin(q.anim_time*90*6)*0.3"]
				},
				"foot_left": {
					"rotation": {
						"0.0": {
							"post": [0, 0, 0],
							"lerp_mode": "catmullrom"
						},
						"0.2222": {
							"post": [0, 0, 0],
							"lerp_mode": "catmullrom"
						},
						"0.4444": {
							"post": [0, 0, 0],
							"lerp_mode": "catmullrom"
						},
						"0.6667": {
							"post": [19.22, 0, 0],
							"lerp_mode": "catmullrom"
						},
						"0.8889": {
							"post": [35, 0, 0],
							"lerp_mode": "catmullrom"
						},
						"1.1111": {
							"post": [7.5, 0, 0],
							"lerp_mode": "catmullrom"
						},
						"1.3333": {
							"post": [0, 0, 0],
							"lerp_mode": "catmullrom"
						}
					},
					"position": {
						"0.0": {
							"post": [0, 0, 0],
							"lerp_mode": "catmullrom"
						},
						"0.2222": {
							"post": [0, 0.3, 0],
							"lerp_mode": "catmullrom"
						},
						"0.4444": {
							"post": [0, 0, 0],
							"lerp_mode": "catmullrom"
						},
						"0.6667": {
							"post": [0, 0, -0.06],
							"lerp_mode": "catmullrom"
						},
						"0.8889": {
							"post": [0, 0, -0.14],
							"lerp_mode": "catmullrom"
						},
						"1.1111": {
							"post": [0, 0, -0.25],
							"lerp_mode": "catmullrom"
						},
						"1.3333": {
							"post": [0, 0, 0],
							"lerp_mode": "catmullrom"
						}
					}
				},
				"foot_right": {
					"rotation": {
						"0.0": {
							"post": [19.22, 0, 0],
							"lerp_mode": "catmullrom"
						},
						"0.2222": {
							"post": [35, 0, 0],
							"lerp_mode": "catmullrom"
						},
						"0.4444": {
							"post": [7.5, 0, 0],
							"lerp_mode": "catmullrom"
						},
						"0.6667": {
							"post": [0, 0, 0],
							"lerp_mode": "catmullrom"
						},
						"0.8889": {
							"post": [0, 0, 0],
							"lerp_mode": "catmullrom"
						},
						"1.1111": {
							"post": [0, 0, 0],
							"lerp_mode": "catmullrom"
						},
						"1.3333": {
							"post": [19.22, 0, 0],
							"lerp_mode": "catmullrom"
						}
					},
					"position": {
						"0.0": {
							"post": [0, 0, -0.06],
							"lerp_mode": "catmullrom"
						},
						"0.2222": {
							"post": [0, 0, -0.14],
							"lerp_mode": "catmullrom"
						},
						"0.4444": {
							"post": [0, 0, -0.25],
							"lerp_mode": "catmullrom"
						},
						"0.6667": {
							"post": [0, 0, 0],
							"lerp_mode": "catmullrom"
						},
						"0.8889": {
							"post": [0, 0.3, 0],
							"lerp_mode": "catmullrom"
						},
						"1.1111": {
							"post": [0, 0, 0],
							"lerp_mode": "catmullrom"
						},
						"1.3333": {
							"post": [0, 0, -0.06],
							"lerp_mode": "catmullrom"
						}
					}
				}
			}
		},
		"animation.axew.ground_run": {
			"loop": true,
			"animation_length": 0.6667,
			"bones": {
				"head": {
					"rotation": ["-25-6*math.sin(q.anim_time*90*12+40)", "-12*math.sin(q.anim_time*90*6+90)", "-10*math.sin(q.anim_time*90*6+40)"],
					"position": [0, 0.25, -1]
				},
				"arm_left": {
					"rotation": {
						"0.0": {
							"post": [-69.43, 67.51, -59.39],
							"lerp_mode": "catmullrom"
						},
						"0.3333": {
							"post": [-102.96081, 78.06898, -93.29844],
							"lerp_mode": "catmullrom"
						},
						"0.5833": {
							"post": [-65.53506, 66.28727, -55.45865],
							"lerp_mode": "catmullrom"
						},
						"0.6667": {
							"post": [-69.43, 67.51, -59.39],
							"lerp_mode": "catmullrom"
						}
					},
					"position": {
						"0.0": [0.05, 0, 0],
						"0.3333": [0.25, 0, 0],
						"0.5833": [0, 0, 0],
						"0.6667": [0.05, 0, 0]
					}
				},
				"finger_left1": {
					"rotation": [0, "47.5-math.sin(q.anim_time*90*12-30)*12", 0]
				},
				"finger_left2": {
					"rotation": [0, 0, "-22.5+math.sin(q.anim_time*90*12-30)*12"]
				},
				"finger_left3": {
					"rotation": [0, -12.5, "-10+math.sin(q.anim_time*90*12-30)*12"],
					"position": [-0.1, 0, 0]
				},
				"arm_right": {
					"rotation": {
						"0.0": {
							"post": [-102.96081, -78.06898, 93.29844],
							"lerp_mode": "catmullrom"
						},
						"0.25": {
							"post": [-65.53506, -66.28727, 55.45865],
							"lerp_mode": "catmullrom"
						},
						"0.6667": {
							"post": [-102.96081, -78.06898, 93.29844],
							"lerp_mode": "catmullrom"
						}
					},
					"position": {
						"0.0": [-0.25, 0, 0],
						"0.25": [0, 0, 0],
						"0.6667": [-0.25, 0, 0]
					}
				},
				"finger_right1": {
					"rotation": [0, "-47.5+math.sin(q.anim_time*90*12-30)*12", 0]
				},
				"finger_right2": {
					"rotation": [0, 0, "22.5-math.sin(q.anim_time*90*12-30)*12"]
				},
				"finger_right3": {
					"rotation": [0, 12.5, "10-math.sin(q.anim_time*90*12-30)*12"],
					"position": [0.1, 0, 0]
				},
				"tail": {
					"rotation": ["math.sin(q.anim_time*90*12+30)*8", "math.sin(q.anim_time*90*6+30)*24", 0]
				},
				"tail2": {
					"rotation": ["math.sin(q.anim_time*90*12)*8", "math.sin(q.anim_time*90*6)*18", 0]
				},
				"leg_left": {
					"rotation": {
						"0.0": [-15, 2.5, 0],
						"0.1111": [0, -22.5, 0],
						"0.2222": [32.5, -22.5, 0],
						"0.3333": [49.62, -24.73, -6.53],
						"0.4444": [5.41974, -25.17388, -13.35626],
						"0.5556": [-25.10683, -10.83756, -15.71016],
						"0.6667": [-15, 2.5, 0]
					},
					"position": {
						"0.0": [0, 0, -1.75],
						"0.1111": [0, -0.3, 0],
						"0.2222": [0, 0, 1],
						"0.3333": [0, 1.38, 1.13],
						"0.4444": [0.25, 1.75, -0.5],
						"0.5556": [0, 1, -1.25],
						"0.6667": [0, 0, -1.75]
					}
				},
				"leg_right": {
					"rotation": {
						"0.0": [49.62, 24.73, 6.53],
						"0.1111": [5.41974, 25.17388, 13.35626],
						"0.2222": [-25.10683, 10.83756, 15.71016],
						"0.3333": [-15, -2.5, 0],
						"0.4444": [0, 22.5, 0],
						"0.5556": [32.5, 22.5, 0],
						"0.6667": [49.62, 24.73, 6.53]
					},
					"position": {
						"0.0": [0, 1.38, 1.13],
						"0.1111": [-0.25, 1.75, -0.5],
						"0.2222": [0, 1, -1.25],
						"0.3333": [0, 0, -1.75],
						"0.4444": [0, -0.3, 0],
						"0.5556": [0, 0, 1],
						"0.6667": [0, 1.38, 1.13]
					}
				},
				"torso": {
					"rotation": [0, "-math.sin(q.anim_time*90*6)*12", "math.sin(q.anim_time*90*6)*24"],
					"position": [0, "0.25-math.sin(q.anim_time*90*12)", 0]
				},
				"scarf2": {
					"rotation": ["-22.5+math.sin(q.anim_time*90*12)", 0, 0]
				},
				"chest": {
					"rotation": ["15+math.sin(q.anim_time*90*12)*3", 0, "math.cos(q.anim_time*90*6)*10"],
					"position": [0, "math.sin(q.anim_time*90*12)*0.5", 0]
				},
				"body": {
					"position": [0, 0, "-math.sin(q.anim_time*90*12)*0.3"]
				},
				"foot_left": {
					"rotation": {
						"0.0": [0, 0, 0],
						"0.1111": [0, 0, 0],
						"0.2222": [0, 0, 0],
						"0.3333": [56.72, 0, 0],
						"0.4444": [35, 0, 0],
						"0.5556": [7.5, 0, 0],
						"0.6667": [0, 0, 0]
					},
					"position": {
						"0.0": [0, 0, 0],
						"0.1111": [0, 0.3, 0],
						"0.2222": [0, 0, 0],
						"0.3333": [0, 0, -0.31],
						"0.4444": [0, 0, -0.14],
						"0.5556": [0, 0, -0.25],
						"0.6667": [0, 0, 0]
					}
				},
				"foot_right": {
					"rotation": {
						"0.0": [56.72, 0, 0],
						"0.1111": [35, 0, 0],
						"0.2222": [7.5, 0, 0],
						"0.3333": [0, 0, 0],
						"0.4444": [0, 0, 0],
						"0.5556": [0, 0, 0],
						"0.6667": [56.72, 0, 0]
					},
					"position": {
						"0.0": [0, 0, -0.31],
						"0.1111": [0, 0, -0.14],
						"0.2222": [0, 0, -0.25],
						"0.3333": [0, 0, 0],
						"0.4444": [0, 0.3, 0],
						"0.5556": [0, 0, 0],
						"0.6667": [0, 0, -0.31]
					}
				},
				"jaw": {
					"rotation": ["12.5+math.sin(q.anim_time*90*12)*6", 0, 0]
				}
			}
		},
		"animation.axew.battle_idle": {
			"loop": true,
			"bones": {
				"head": {
					"rotation": ["-19.0567-math.sin(q.anim_time*90*3-120)*2", 11.5271, "-10.299-math.cos(q.anim_time*90*3-120)*2"],
					"position": [-0.2, 0.75, -0.3]
				},
				"arm_left": {
					"rotation": ["-71.639-math.sin(q.anim_time*90*3-120)*8", 71.98037, "-46.2286-math.sin(q.anim_time*90*3-120)*8"],
					"position": [0, 0, -0.5]
				},
				"finger_left1": {
					"rotation": [0, "47.5+math.sin(q.anim_time*90*3-120)*4", 0]
				},
				"finger_left2": {
					"rotation": [0, 0, "-22.5-math.sin(q.anim_time*90*3-150)*4"]
				},
				"finger_left3": {
					"rotation": [0, -12.5, "-10-math.sin(q.anim_time*90*3-180)*4"],
					"position": [-0.1, 0, 0]
				},
				"arm_right": {
					"rotation": ["-44.709-math.sin(q.anim_time*90*3-120)*8", -40.10839, "20.5943+math.sin(q.anim_time*90*3-120)*8"],
					"position": [0, 0.25, 0]
				},
				"finger_right1": {
					"rotation": [0, "-47.5-math.sin(q.anim_time*90*3-120)*4", 0]
				},
				"finger_right2": {
					"rotation": [0, 0, "22.5+math.sin(q.anim_time*90*3-150)*4"]
				},
				"finger_right3": {
					"rotation": [0, 12.5, "10+math.sin(q.anim_time*90*3-180)*4"],
					"position": [0.1, 0, 0]
				},
				"tail": {
					"rotation": ["-6.2334-math.sin(q.anim_time*90*3)*4", "3.0503+math.cos(q.anim_time*90*3)*8", 0.47816],
					"position": [0, -0.25, 0.25]
				},
				"tail2": {
					"rotation": ["-math.sin(q.anim_time*90*3-60)*8", "math.cos(q.anim_time*90*3-60)*8", 0]
				},
				"leg_left": {
					"rotation": [0, -30, 0],
					"position": [0, 0, 0]
				},
				"leg_right": {
					"rotation": [0, 22.5, 0]
				},
				"torso": {
					"rotation": ["4.5566-math.sin(q.anim_time*90*3-30)*2", 1.8119, -1.19647]
				},
				"scarf": {
					"rotation": [-7.46428, 5.02128, 0.32747]
				},
				"scarf2": {
					"rotation": [-10, 0, 0]
				},
				"chest": {
					"rotation": ["15+math.sin(q.anim_time*90*2+90)/2", 0, -12],
					"position": [-0.3, 0, 0]
				},
				"body": {
					"rotation": [0, -27.5, 0]
				},
				"eyelid_angry_left": {
					"position": [0.1, 0, -0.1]
				},
				"eyelid_angry_right": {
					"position": [-0.1, 0, -0.1]
				},
				"jaw": {
					"rotation": [27.5, 0, 0]
				},
				"foot_left": {
					"rotation": [0.62067, 11.70768, 2.95931]
				}
			}
		},
		"animation.axew.physical": {
			"animation_length": 3,
			"bones": {
				"head": {
					"rotation": {
						"0.0": [-19.0567, 11.5271, -10.299],
						"0.7917": {
							"pre": [4.25529, 15.48537, 0.85568],
							"post": [4.25529, 15.48537, 0.85568],
							"lerp_mode": "catmullrom"
						},
						"1.1667": [-26.74471, 37.48537, -8.14432],
						"1.2917": [-27.61145, -24.57837, -0.00882],
						"1.4167": {
							"pre": [3.97679, -31.88492, 1.91457],
							"post": [3.97679, -31.88492, 1.91457],
							"lerp_mode": "catmullrom"
						},
						"1.5833": [4.88855, -24.57837, -0.00882],
						"1.6667": [1.78422, -16.11819, 2.66345],
						"1.7917": {
							"pre": [7.18, -13.92, 2.48],
							"post": [7.18, -13.92, 2.48],
							"lerp_mode": "catmullrom"
						},
						"2.0417": {
							"post": [-1.08657, -4.1502, 6.09121],
							"lerp_mode": "catmullrom"
						},
						"2.25": {
							"post": [-15.55183, -5.84551, 1.80625],
							"lerp_mode": "catmullrom"
						},
						"2.3333": {
							"post": [-34.7947, -5.82813, 0.2266],
							"lerp_mode": "catmullrom"
						},
						"2.4583": {
							"post": [3.84137, -5.80206, -2.14281],
							"lerp_mode": "catmullrom"
						},
						"2.5833": {
							"post": [-4.60917, -6.88242, -1.87987],
							"lerp_mode": "catmullrom"
						},
						"2.75": {
							"post": [-6.5567, 11.5271, -10.299],
							"lerp_mode": "catmullrom"
						},
						"2.875": {
							"post": [-29.95967, 12.6777, -10.8252],
							"lerp_mode": "catmullrom"
						},
						"3.0": {
							"post": [-19.0567, 11.5271, -10.299],
							"lerp_mode": "catmullrom"
						}
					},
					"position": {
						"0.0": [-0.2, 0.75, -0.3],
						"0.9167": {
							"pre": [-0.45, 0.75, -0.3],
							"post": [-0.45, 0.75, -0.3],
							"lerp_mode": "catmullrom"
						},
						"1.1667": [-0.45, 0.75, -0.3],
						"1.2917": [-0.2, 0.75, -0.55],
						"1.5833": [-0.2, 0.75, -0.55],
						"1.6667": [-0.2, 0.75, -0.55],
						"2.25": [-0.2, 0.75, -0.55],
						"2.75": {
							"pre": [-0.2, 0.75, -0.3],
							"post": [-0.2, 0.75, -0.3],
							"lerp_mode": "catmullrom"
						},
						"3.0": [-0.2, 0.75, -0.3]
					},
					"scale": {
						"0.0": {
							"post": [1, 1, 1],
							"lerp_mode": "catmullrom"
						},
						"1.125": {
							"post": [1, 1, 1],
							"lerp_mode": "catmullrom"
						},
						"1.2083": {
							"post": [1.15, 0.7, 1],
							"lerp_mode": "catmullrom"
						},
						"1.5": {
							"post": [1, 1, 1],
							"lerp_mode": "catmullrom"
						}
					}
				},
				"arm_left": {
					"rotation": {
						"0.0": [-71.639, 71.98037, -46.2286],
						"0.5": {
							"pre": [-17.28026, 8.74288, 21.8242],
							"post": [-17.28026, 8.74288, 21.8242],
							"lerp_mode": "catmullrom"
						},
						"1.125": [-17.28026, 8.74288, 21.8242],
						"1.1667": {
							"pre": [-16.60181, -12.09403, 6.15652],
							"post": [-16.60181, -12.09403, 6.15652],
							"lerp_mode": "catmullrom"
						},
						"1.2083": {
							"post": [-15.35742, -27.81815, 5.1602],
							"lerp_mode": "catmullrom"
						},
						"1.25": [-23.55204, -37.43667, 25.41704],
						"1.625": [-11.57905, -42.01218, 6.79498],
						"1.7083": ["-math.sin(q.anim_time*90*15)*30", 0, "-(math.cos(q.anim_time*90*15)*30)"],
						"2.0417": ["-math.sin(q.anim_time*90*15)*30", 0, "-(math.cos(q.anim_time*90*15)*30)"],
						"2.2083": [-44.709, 40.10839, -20.5943],
						"2.3333": [-65.48119, 45.58498, -48.85037],
						"2.4583": [-44.709, 40.10839, -20.5943],
						"2.5833": {
							"pre": [-32.89567, -15.37059, -31.70879],
							"post": [-32.89567, -15.37059, -31.70879],
							"lerp_mode": "catmullrom"
						},
						"2.75": {
							"post": [-45.23059, -23.45656, -2.06518],
							"lerp_mode": "catmullrom"
						},
						"3.0": [-71.639, 71.98037, -46.2286]
					},
					"position": {
						"0.0": [0, 0, -0.5],
						"0.5": {
							"pre": [0, 0, 0],
							"post": [0, 0, 0],
							"lerp_mode": "catmullrom"
						},
						"0.9583": {
							"post": [0, 0, 0],
							"lerp_mode": "catmullrom"
						},
						"1.0833": {
							"post": [0, 0.5, 0.75],
							"lerp_mode": "catmullrom"
						},
						"1.25": {
							"post": [0, 0.5, 2],
							"lerp_mode": "catmullrom"
						},
						"1.625": {
							"post": [0, 0.01, 2.18],
							"lerp_mode": "catmullrom"
						},
						"1.8333": {
							"post": [0, 0.5, 2],
							"lerp_mode": "catmullrom"
						},
						"2.5833": {
							"post": [0, 0.31, 0.19],
							"lerp_mode": "catmullrom"
						},
						"2.75": {
							"post": [0, 0.14, 1.11],
							"lerp_mode": "catmullrom"
						},
						"3.0": [0, 0, -0.5]
					}
				},
				"finger_left1": {
					"rotation": {
						"0.0": [0, 47.5, 0],
						"0.5": {
							"pre": [0, 47.5, 0],
							"post": [0, 47.5, 0],
							"lerp_mode": "catmullrom"
						},
						"1.125": [0, 47.5, 0],
						"1.25": [0, 47.5, 0],
						"1.6667": [0, 47.5, 0],
						"2.9167": [0, 47.5, 0],
						"3.0": [0, 47.5, 0]
					}
				},
				"finger_left2": {
					"rotation": {
						"0.0": [0, 0, -22.5],
						"0.5": {
							"pre": [0, 0, -22.5],
							"post": [0, 0, -22.5],
							"lerp_mode": "catmullrom"
						},
						"1.125": [0, 0, -22.5],
						"1.25": [0, 0, -22.5],
						"1.6667": [0, 0, -22.5],
						"2.9167": [0, 0, -22.5],
						"3.0": [0, 0, -22.5]
					}
				},
				"finger_left3": {
					"rotation": {
						"0.0": [0, -12.5, -10],
						"0.5": {
							"pre": [0, -12.5, -10],
							"post": [0, -12.5, -10],
							"lerp_mode": "catmullrom"
						},
						"1.125": [0, -12.5, -10],
						"1.25": [0, -12.5, -10],
						"1.6667": [0, -12.5, -10],
						"2.9167": [0, -12.5, -10],
						"3.0": [0, -12.5, -10]
					},
					"position": {
						"0.0": [-0.1, 0, 0],
						"0.5": {
							"pre": [-0.1, 0, 0],
							"post": [-0.1, 0, 0],
							"lerp_mode": "catmullrom"
						},
						"1.125": [-0.1, 0, 0],
						"1.25": [-0.1, 0, 0],
						"1.6667": [-0.1, 0, 0],
						"2.9167": [-0.1, 0, 0],
						"3.0": [-0.1, 0, 0]
					}
				},
				"arm_right": {
					"rotation": {
						"0.0": [-44.709, -40.10839, 20.5943],
						"0.5": {
							"pre": [-103.1405, -68.89726, 95.84126],
							"post": [-103.1405, -68.89726, 95.84126],
							"lerp_mode": "catmullrom"
						},
						"1.125": {
							"post": [-120.24554, -80.64803, 113.46737],
							"lerp_mode": "catmullrom"
						},
						"1.2083": [-25.84627, -15.73029, 35.21211],
						"1.25": [-23.55204, 37.43667, -25.41704],
						"1.625": [-23.55204, 37.43667, -25.41704],
						"1.7083": ["-math.sin(q.anim_time*90*15)*30", 0, "math.cos(q.anim_time*90*15)*30"],
						"2.0417": ["-math.sin(q.anim_time*90*15)*30", 0, "math.cos(q.anim_time*90*15)*30"],
						"2.2083": [-44.709, -40.10839, 20.5943],
						"2.3333": [-71.05767, -55.32872, 55.41673],
						"2.4583": [-44.709, -40.10839, 20.5943],
						"2.5833": {
							"pre": [-32.89567, 15.37059, 31.70879],
							"post": [-32.89567, 15.37059, 31.70879],
							"lerp_mode": "catmullrom"
						},
						"2.75": {
							"post": [-45.23059, 23.45656, 2.06518],
							"lerp_mode": "catmullrom"
						},
						"3.0": [-44.709, -40.10839, 20.5943]
					},
					"position": {
						"0.0": [0, 0.25, 0],
						"0.5": {
							"pre": [0, 0.25, 0],
							"post": [0, 0.25, 0],
							"lerp_mode": "catmullrom"
						},
						"1.125": {
							"post": [0, 0.25, 0],
							"lerp_mode": "catmullrom"
						},
						"1.25": {
							"post": [0, -0.25, 1.75],
							"lerp_mode": "catmullrom"
						},
						"1.6667": {
							"post": [0, 0.5, 0.75],
							"lerp_mode": "catmullrom"
						},
						"2.3333": {
							"post": [-0.5, 0.39, 0.22],
							"lerp_mode": "catmullrom"
						},
						"2.5833": {
							"post": [0, 0.31, 0.19],
							"lerp_mode": "catmullrom"
						},
						"2.75": {
							"post": [0, 0.14, 1.11],
							"lerp_mode": "catmullrom"
						},
						"3.0": [0, 0.25, 0]
					}
				},
				"finger_right1": {
					"rotation": {
						"0.0": [0, -47.5, 0],
						"0.5": {
							"pre": [0, -47.5, 0],
							"post": [0, -47.5, 0],
							"lerp_mode": "catmullrom"
						},
						"1.125": [0, -47.5, 0],
						"1.25": [0, -47.5, 0],
						"1.6667": [0, -47.5, 0],
						"2.9167": [0, -47.5, 0],
						"3.0": [0, -47.5, 0]
					}
				},
				"finger_right2": {
					"rotation": {
						"0.0": [0, 0, 22.5],
						"0.5": {
							"pre": [0, 0, 22.5],
							"post": [0, 0, 22.5],
							"lerp_mode": "catmullrom"
						},
						"1.125": [0, 0, 22.5],
						"1.25": [0, 0, 22.5],
						"1.6667": [0, 0, 22.5],
						"2.9167": [0, 0, 22.5],
						"3.0": [0, 0, 22.5]
					}
				},
				"finger_right3": {
					"rotation": {
						"0.0": [0, 12.5, 10],
						"0.5": {
							"pre": [0, 12.5, 10],
							"post": [0, 12.5, 10],
							"lerp_mode": "catmullrom"
						},
						"1.125": [0, 12.5, 10],
						"1.25": [0, 12.5, 10],
						"1.6667": [0, 12.5, 10],
						"2.9167": [0, 12.5, 10],
						"3.0": [0, 12.5, 10]
					},
					"position": {
						"0.0": [0.1, 0, 0],
						"0.5": {
							"pre": [0.1, 0, 0],
							"post": [0.1, 0, 0],
							"lerp_mode": "catmullrom"
						},
						"1.125": [0.1, 0, 0],
						"1.25": [0.1, 0, 0],
						"1.6667": [0.1, 0, 0],
						"2.9167": [0.1, 0, 0],
						"3.0": [0.1, 0, 0]
					}
				},
				"tail": {
					"rotation": {
						"0.0": [-6.2334, 3.0503, 0.47816],
						"0.375": {
							"pre": [-7.25402, 13.39683, -6.6193],
							"post": [-7.25402, 13.39683, -6.6193],
							"lerp_mode": "catmullrom"
						},
						"0.625": {
							"post": [-8.20661, 18.62528, -10.46978],
							"lerp_mode": "catmullrom"
						},
						"1.125": {
							"post": [-8.20661, 18.62528, -10.46978],
							"lerp_mode": "catmullrom"
						},
						"1.25": {
							"post": [-1.66569, -17.7788, 10.88195],
							"lerp_mode": "catmullrom"
						},
						"1.375": ["20.896+math.cos(q.anim_time*90*10)*20", "-21.0488+math.sin(q.anim_time*90*10)*10", 14.60488],
						"2.0": ["5.896+math.cos(q.anim_time*90*10)*10", "-11.0488090267+math.sin(q.anim_time*90*10)*10", 14.60488],
						"2.3333": {
							"pre": [-43.5308, -2.54316, -0.4164],
							"post": [-43.5308, -2.54316, -0.4164],
							"lerp_mode": "catmullrom"
						},
						"2.5": {
							"post": [-70.5308, -2.54316, -0.4164],
							"lerp_mode": "catmullrom"
						},
						"2.6667": {
							"post": [-72.16582, 0.79591, -1.16159],
							"lerp_mode": "catmullrom"
						},
						"2.7917": {
							"post": [-29.11546, 2.13176, -0.38832],
							"lerp_mode": "catmullrom"
						},
						"2.9167": [-6.2334, 3.0503, 0.47816],
						"3.0": [-6.2334, 3.0503, 0.47816]
					},
					"position": {
						"0.0": [0, -0.25, 0.25],
						"0.375": {
							"pre": [0, -0.25, 0.25],
							"post": [0, -0.25, 0.25],
							"lerp_mode": "catmullrom"
						},
						"1.125": {
							"post": [0, -0.25, 1.5],
							"lerp_mode": "catmullrom"
						},
						"2.0": [0, 0, 0],
						"2.3333": [0, 0.25, 0.25],
						"2.5833": [0, 0.11, 0],
						"2.9167": [0, -0.25, 0.25],
						"3.0": [0, -0.25, 0.25]
					}
				},
				"tail2": {
					"rotation": {
						"0.0": [0, 0, 0],
						"0.2917": {
							"pre": [0, -17.5, 0],
							"post": [0, -17.5, 0],
							"lerp_mode": "catmullrom"
						},
						"0.625": {
							"post": [0, -31.1, 0],
							"lerp_mode": "catmullrom"
						},
						"1.125": {
							"post": [0, 16.4, 0],
							"lerp_mode": "catmullrom"
						},
						"1.25": [0, 20, 0],
						"1.4583": ["27.5+math.cos(q.anim_time*90*10+30)*15", "-16.4+math.sin(q.anim_time*90*10+30)*15", 0],
						"2.0": ["math.cos(q.anim_time*90*10-60)*10", "-16.4+math.sin(q.anim_time*90*10-60)*10", 0],
						"2.3333": {
							"pre": [18.51, -2.41, 0],
							"post": [18.51, -2.41, 0],
							"lerp_mode": "catmullrom"
						},
						"2.5": {
							"post": [-13.99, -2.41, 0],
							"lerp_mode": "catmullrom"
						},
						"2.6667": {
							"post": [-26.5171, -0.49657, 0],
							"lerp_mode": "catmullrom"
						},
						"2.9167": [12.5, 0, 0],
						"3.0": [0, 0, 0]
					},
					"position": {
						"0.0": [0, 0, 0],
						"1.125": [0, 0, 0],
						"1.25": {
							"pre": [0.25, 0, 0],
							"post": [0.25, 0, 0],
							"lerp_mode": "catmullrom"
						},
						"1.375": {
							"post": [0, 0, 0],
							"lerp_mode": "catmullrom"
						},
						"2.0": [0, 0, 0],
						"2.3333": [-0.01, 0.23, 0],
						"2.6667": [0, 0, 0],
						"2.9167": [0, 0.25, 0],
						"3.0": [0, 0, 0]
					}
				},
				"leg_left": {
					"rotation": {
						"0.0": [0, -30, 0],
						"0.5": {
							"pre": [-26.67924, -6.17343, -16.45646],
							"post": [-26.67924, -6.17343, -16.45646],
							"lerp_mode": "catmullrom"
						},
						"1.0": [-29.17924, -6.17343, -16.45646],
						"1.125": {
							"pre": [-19.17924, -6.17343, -16.45646],
							"post": [-19.17924, -6.17343, -16.45646],
							"lerp_mode": "catmullrom"
						},
						"1.25": [0, "-15+math.sin(q.anim_time*90*20)*8", 0],
						"1.5": [0, "-15+math.sin(q.anim_time*90*20)*8", 0],
						"1.6667": [0, -15, 0],
						"1.7917": {
							"pre": [10, -15, 0],
							"post": [10, -15, 0],
							"lerp_mode": "catmullrom"
						},
						"1.9167": [0, -15, 0],
						"1.9583": [0, -15, 0],
						"2.0417": {
							"pre": [10, -15, 0],
							"post": [10, -15, 0],
							"lerp_mode": "catmullrom"
						},
						"2.1667": [0, -15, 0],
						"2.4583": [10, -18, 0],
						"2.5833": {
							"pre": [-25.83333, -25, 0],
							"post": [-25.83333, -25, 0],
							"lerp_mode": "catmullrom"
						},
						"2.75": {
							"post": [-25.83333, -25, 0],
							"lerp_mode": "catmullrom"
						},
						"2.875": {
							"post": [0, -30, 0],
							"lerp_mode": "catmullrom"
						},
						"3.0": [0, -30, 0]
					},
					"position": {
						"0.0": [0, 0, 0],
						"0.25": {
							"pre": [0, 1, -1],
							"post": [0, 1, -1],
							"lerp_mode": "catmullrom"
						},
						"0.5": {
							"post": [0, 0, -2.5],
							"lerp_mode": "catmullrom"
						},
						"1.0": [0, 0.5, -2.5],
						"1.125": {
							"pre": [0, 1.5, -2.5],
							"post": [0, 1.5, -2.5],
							"lerp_mode": "catmullrom"
						},
						"1.2083": {
							"post": [0, 1.25, -2.09],
							"lerp_mode": "catmullrom"
						},
						"1.25": [0, -0.25, -2.5],
						"1.6667": [0.5, 0, -1.75],
						"1.7917": {
							"pre": [0, 0.5, -1],
							"post": [0, 0.5, -1],
							"lerp_mode": "catmullrom"
						},
						"1.8333": {
							"post": [0, 0.62, -2.26],
							"lerp_mode": "catmullrom"
						},
						"1.9167": [0, 0, -2.5],
						"1.9583": [0, 0, -2.5],
						"2.0417": {
							"pre": [0, 0.5, -1],
							"post": [0, 0.5, -1],
							"lerp_mode": "catmullrom"
						},
						"2.0833": {
							"post": [0, 0.62, -2.26],
							"lerp_mode": "catmullrom"
						},
						"2.1667": [0, 0, -2.5],
						"2.4583": [0, 0.25, -1.6],
						"2.5833": {
							"pre": [0, -0.6, -1.17],
							"post": [0, -0.6, -1.17],
							"lerp_mode": "catmullrom"
						},
						"2.75": {
							"post": [0, -1.1, -0.92],
							"lerp_mode": "catmullrom"
						},
						"2.875": {
							"post": [0, 0, 0],
							"lerp_mode": "catmullrom"
						},
						"3.0": [0, 0, 0]
					}
				},
				"leg_right": {
					"rotation": {
						"0.0": [0, 22.5, 0],
						"0.5": [0, 37.5, 0],
						"1.125": [-26.38554, 26.89807, -16.52172],
						"1.25": {
							"pre": [81.66736, 6.00026, -0.8369],
							"post": [81.66736, 6.00026, -0.8369],
							"lerp_mode": "catmullrom"
						},
						"1.4167": {
							"post": [77.28062, 15.33429, -3.06864],
							"lerp_mode": "catmullrom"
						},
						"1.5833": {
							"post": [4.78062, 15.33429, -3.06864],
							"lerp_mode": "catmullrom"
						},
						"1.6667": {
							"post": [18.05867, 17.66789, -3.6266],
							"lerp_mode": "catmullrom"
						},
						"1.7917": {
							"post": [94.24082, 3.3695, 31.27928],
							"lerp_mode": "catmullrom"
						},
						"1.875": {
							"post": [66.62686, -8.91014, 33.62327],
							"lerp_mode": "catmullrom"
						},
						"2.0": {
							"post": [84.12686, -8.91014, 33.62327],
							"lerp_mode": "catmullrom"
						},
						"2.1667": [81.56596, 10.73589, 29.85815],
						"2.3333": [10, 22.5, 0],
						"2.4583": [10, 22.5, 0],
						"2.5833": {
							"pre": [-15.83333, 22.5, 0],
							"post": [-15.83333, 22.5, 0],
							"lerp_mode": "catmullrom"
						},
						"2.75": {
							"post": [-15.83333, 22.5, 0],
							"lerp_mode": "catmullrom"
						},
						"2.875": {
							"post": [0, 22.5, 0],
							"lerp_mode": "catmullrom"
						},
						"3.0": [0, 22.5, 0]
					},
					"position": {
						"0.0": [0, 0, 0],
						"0.5": [-1, 0, -0.5],
						"1.125": [-1.25, 0, 0.25],
						"1.25": [0, 0, 1],
						"1.4167": {
							"pre": [0, 0, 1],
							"post": [0, 0, 1],
							"lerp_mode": "catmullrom"
						},
						"1.5833": {
							"post": [0, -0.23, 0],
							"lerp_mode": "catmullrom"
						},
						"1.6667": {
							"post": [0, -0.5, 0],
							"lerp_mode": "catmullrom"
						},
						"1.7917": {
							"post": [-0.33, -0.45, -1.08],
							"lerp_mode": "catmullrom"
						},
						"1.875": {
							"post": [-0.33, -0.45, -1.08],
							"lerp_mode": "catmullrom"
						},
						"2.0": {
							"post": [-0.33, 0.05, -0.58],
							"lerp_mode": "catmullrom"
						},
						"2.3333": [-0.5, -0.25, -1.5],
						"2.4583": [0, 0.25, 0.5],
						"2.5833": {
							"pre": [0, -0.1, -0.79],
							"post": [0, -0.1, -0.79],
							"lerp_mode": "catmullrom"
						},
						"2.75": {
							"post": [0, -1.1, -0.54],
							"lerp_mode": "catmullrom"
						},
						"2.875": {
							"post": [0, 0, 0],
							"lerp_mode": "catmullrom"
						},
						"3.0": [0, 0, 0]
					}
				},
				"torso": {
					"rotation": {
						"0.0": {
							"post": [4.5566, 5.8119, -1.19647],
							"lerp_mode": "catmullrom"
						},
						"0.25": {
							"post": [-6.38266, 11.61182, -11.09667],
							"lerp_mode": "catmullrom"
						},
						"0.8333": {
							"post": [-39.04794, 31.22084, -26.49865],
							"lerp_mode": "catmullrom"
						},
						"1.125": [-37.19817, 38.5673, -9.70016],
						"1.25": [24.5566, 5.8119, -1.19647],
						"1.4167": {
							"pre": [18.36, -3.99, -3.84],
							"post": [18.36, -3.99, -3.84],
							"lerp_mode": "catmullrom"
						},
						"1.5833": {
							"post": [18.19925, -12.51163, -7.29686],
							"lerp_mode": "catmullrom"
						},
						"1.75": {
							"post": [18.19925, "-12.5116283945+math.sin(q.anim_time*90*5)", "-7.2968631406+math.sin(q.anim_time*90*5)"],
							"lerp_mode": "catmullrom"
						},
						"2.1667": {
							"post": [19.69, 2.7, 1.33],
							"lerp_mode": "catmullrom"
						},
						"2.3333": {
							"post": [53.38742, 7.90271, 4.43433],
							"lerp_mode": "catmullrom"
						},
						"2.4583": {
							"post": [28.38742, 7.90271, 4.43433],
							"lerp_mode": "catmullrom"
						},
						"2.8333": {
							"post": [19.5566, 5.8119, -1.19647],
							"lerp_mode": "catmullrom"
						},
						"2.9167": {
							"post": [9.5566, 5.8119, -1.19647],
							"lerp_mode": "catmullrom"
						},
						"3.0": [4.5566, 5.8119, -1.19647]
					},
					"position": {
						"0.0": {
							"post": [0, 0, 0],
							"lerp_mode": "catmullrom"
						},
						"0.4167": {
							"post": [0, 0, 0],
							"lerp_mode": "catmullrom"
						},
						"0.8333": {
							"post": [0.5, 0, 0],
							"lerp_mode": "catmullrom"
						},
						"1.25": [0, 0, 0],
						"1.4167": {
							"pre": [0, -0.02, 0.47],
							"post": [0, -0.02, 0.47],
							"lerp_mode": "catmullrom"
						},
						"1.5833": {
							"post": [0, 0, -1.5],
							"lerp_mode": "catmullrom"
						},
						"1.7917": {
							"post": [0, 0.25, -2],
							"lerp_mode": "catmullrom"
						},
						"1.9167": {
							"post": [0, -0.25, -2],
							"lerp_mode": "catmullrom"
						},
						"2.0417": {
							"post": [0, 0.25, -2],
							"lerp_mode": "catmullrom"
						},
						"2.1667": {
							"post": [0, -0.25, -2],
							"lerp_mode": "catmullrom"
						},
						"2.3333": {
							"post": [0, -0.49, -2],
							"lerp_mode": "catmullrom"
						},
						"2.4583": {
							"post": [0, -0.74, -2],
							"lerp_mode": "catmullrom"
						},
						"2.5833": {
							"post": [0, -0.92, -1.5],
							"lerp_mode": "catmullrom"
						},
						"2.6667": {
							"post": [0, -0.66, -1.5],
							"lerp_mode": "catmullrom"
						},
						"2.7917": [0, -0.42, -0.5],
						"2.8333": [0, -0.42, -0.5],
						"2.9167": {
							"pre": [0, -0.98, -0.81],
							"post": [0, -0.98, -0.81],
							"lerp_mode": "catmullrom"
						},
						"3.0": [0, 0, 0]
					}
				},
				"scarf": {
					"rotation": {
						"0.0": [-7.46428, 5.02128, 0.32747],
						"0.5": {
							"pre": [-7.46428, 5.02128, 0.32747],
							"post": [-7.46428, 5.02128, 0.32747],
							"lerp_mode": "catmullrom"
						},
						"1.125": [-7.46428, 5.02128, 0.32747],
						"1.25": [-7.46428, 5.02128, 0.32747],
						"1.6667": [-7.46428, 5.02128, 0.32747],
						"2.5": [-7.46428, 5.02128, 0.32747],
						"2.7917": [0, 0, 0],
						"2.9167": [-7.46428, 5.02128, 0.32747],
						"3.0": [-7.46428, 5.02128, 0.32747]
					}
				},
				"scarf2": {
					"rotation": {
						"0.0": [-10, 0, 0],
						"0.5": {
							"pre": [2.5, 0, 0],
							"post": [2.5, 0, 0],
							"lerp_mode": "catmullrom"
						},
						"1.125": [2.5, 0, 0],
						"1.25": {
							"pre": [-10, 0, 0],
							"post": [-10, 0, 0],
							"lerp_mode": "catmullrom"
						},
						"1.4583": {
							"post": [0, 0, 0],
							"lerp_mode": "catmullrom"
						},
						"1.6667": [-10, 0, 0],
						"1.7917": [5, 0, 0],
						"2.5": [-10, 0, 0],
						"2.9167": [-10, 0, 0],
						"3.0": [-10, 0, 0]
					}
				},
				"chest": {
					"rotation": {
						"0.0": [15, 0, 0],
						"0.8333": {
							"pre": [2.94, -0.57, 0],
							"post": [2.94, -0.57, 0],
							"lerp_mode": "catmullrom"
						},
						"1.2083": [-0.5, 11, 0],
						"1.3333": {
							"pre": [15, 0, 0],
							"post": [15, 0, 0],
							"lerp_mode": "catmullrom"
						},
						"1.4583": {
							"post": [0, 0, 0],
							"lerp_mode": "catmullrom"
						},
						"1.6667": [15, 0, 0],
						"1.7917": [-10, 0, 0],
						"2.4167": [15, 0, 0],
						"2.625": {
							"pre": [25, 0, 0],
							"post": [25, 0, 0],
							"lerp_mode": "catmullrom"
						},
						"2.9167": [15, 0, 0],
						"3.0": [15, 0, 0]
					},
					"position": {
						"0.0": [0, 0, 0],
						"0.5": {
							"pre": [0, -0.5, 0],
							"post": [0, -0.5, 0],
							"lerp_mode": "catmullrom"
						},
						"1.125": [0, -0.5, 0],
						"1.25": [0, 0, 0],
						"1.7917": [0, -0.5, 0],
						"2.5": [0, 0, 0]
					}
				},
				"body": {
					"rotation": {
						"0.0": [0, -27.5, 0],
						"0.3333": {
							"pre": [0, -9.17, 0],
							"post": [0, -9.17, 0],
							"lerp_mode": "catmullrom"
						},
						"0.5": [0, 0, 0],
						"1.125": [0, 0, 0],
						"1.25": [0, -27.5, 0],
						"1.6667": [0, -27.5, 0],
						"2.3333": {
							"pre": [0, -27.5, 0],
							"post": [0, -27.5, 0],
							"lerp_mode": "catmullrom"
						},
						"2.5833": {
							"post": [30, -27.5, 0],
							"lerp_mode": "catmullrom"
						},
						"2.875": {
							"post": [0, -27.5, 0],
							"lerp_mode": "catmullrom"
						},
						"3.0": [0, -27.5, 0]
					},
					"position": {
						"0.0": [0, 0, 0],
						"0.3333": {
							"pre": [0.83, 0, -0.5],
							"post": [0.83, 0, -0.5],
							"lerp_mode": "catmullrom"
						},
						"0.5": [1.25, 0, -0.75],
						"1.125": [1.25, 0, -0.75],
						"1.25": [2, 0, -8],
						"1.6667": [2, 0, -9],
						"1.7917": {
							"pre": [2.62, 0, -10.41],
							"post": [2.62, 0, -10.41],
							"lerp_mode": "catmullrom"
						},
						"2.3333": {
							"post": [4.25, 0, -15],
							"lerp_mode": "catmullrom"
						},
						"2.5833": {
							"post": [4.25, 3, -10],
							"lerp_mode": "catmullrom"
						},
						"2.75": {
							"post": [0.75, 4, -3],
							"lerp_mode": "catmullrom"
						},
						"2.875": {
							"post": [0, 0, 0],
							"lerp_mode": "catmullrom"
						},
						"3.0": [0, 0, 0]
					},
					"scale": {
						"0.0": [1, 1, 1],
						"2.25": {
							"pre": [1, 1, 1],
							"post": [1, 1, 1],
							"lerp_mode": "catmullrom"
						},
						"2.3333": {
							"post": [1.05, 0.9, 1.05],
							"lerp_mode": "catmullrom"
						},
						"2.5": {
							"post": [1, 1, 1],
							"lerp_mode": "catmullrom"
						}
					}
				},
				"eyelid_angry_left": {
					"position": {
						"0.0": [0.1, 0, -0.1],
						"0.5": {
							"pre": [0, 0, 0],
							"post": [0, 0, 0],
							"lerp_mode": "catmullrom"
						},
						"1.125": [0, 0, 0],
						"1.6667": [0, 0, 0],
						"2.4583": {
							"pre": [0, 0, 0],
							"post": [0.1, 0, -0.1]
						},
						"2.9167": [0.1, 0, -0.1],
						"3.0": [0.1, 0, -0.1]
					}
				},
				"eyelid_angry_right": {
					"position": {
						"0.0": [-0.1, 0, -0.1],
						"0.5": {
							"pre": [0, 0, 0],
							"post": [0, 0, 0],
							"lerp_mode": "catmullrom"
						},
						"1.125": [0, 0, 0],
						"1.6667": [0, 0, 0],
						"2.4583": {
							"pre": [0, 0, 0],
							"post": [-0.1, 0, -0.1]
						},
						"2.9167": [-0.1, 0, -0.1],
						"3.0": [-0.1, 0, -0.1]
					}
				},
				"jaw": {
					"rotation": {
						"0.0": [0, 0, 0],
						"0.5": {
							"pre": [0, 0, 0],
							"post": [0, 0, 0],
							"lerp_mode": "catmullrom"
						},
						"1.125": [0, 0, 0],
						"1.25": [0, 0, 0],
						"1.6667": [0, 0, 0],
						"1.7917": [22.5, 0, 0],
						"2.1667": [22.5, 0, 0],
						"2.25": [0, 0, 0],
						"2.9167": [0, 0, 0],
						"3.0": [0, 0, 0]
					}
				},
				"foot_left": {
					"rotation": {
						"0.0": [0.62067, 11.70768, 2.95931],
						"0.5": [26.58892, -17.15777, 11.91052],
						"1.0": [59.08892, -17.15777, 11.91052],
						"1.125": {
							"pre": [24.58892, -17.15777, 11.91052],
							"post": [24.58892, -17.15777, 11.91052],
							"lerp_mode": "catmullrom"
						},
						"1.25": [0, 0, 0],
						"1.6667": [0, 0, 0],
						"1.7917": {
							"pre": [47.55819, 1.09759, 0.27744],
							"post": [47.55819, 1.09759, 0.27744],
							"lerp_mode": "catmullrom"
						},
						"1.9167": [0, 0, 0],
						"1.9583": [0, 0, 0],
						"2.0417": {
							"pre": [47.55819, 1.09759, 0.27744],
							"post": [47.55819, 1.09759, 0.27744],
							"lerp_mode": "catmullrom"
						},
						"2.1667": [0, 0, 0],
						"2.4583": [-9.87587, 2.34154, 0.59186],
						"2.5833": {
							"pre": [25, 0, 0],
							"post": [25, 0, 0],
							"lerp_mode": "catmullrom"
						},
						"2.75": {
							"post": [62.5, 0, 0],
							"lerp_mode": "catmullrom"
						},
						"2.875": {
							"post": [0.62067, 11.70768, 2.95931],
							"lerp_mode": "catmullrom"
						},
						"3.0": [0.62067, 11.70768, 2.95931]
					},
					"position": {
						"0.0": [0, 0, 0],
						"0.5": [0, -0.1, 0.35],
						"1.0": [0, -0.35, 0.1],
						"1.125": {
							"pre": [0, -0.25, -0.25],
							"post": [0, -0.25, -0.25],
							"lerp_mode": "catmullrom"
						},
						"1.25": [0, 0.25, 0],
						"1.6667": [0, 0, 0],
						"1.7917": {
							"pre": [0, 0.25, 0],
							"post": [0, 0.25, 0],
							"lerp_mode": "catmullrom"
						},
						"1.9167": [0, 0, 0],
						"1.9583": [0, 0, 0],
						"2.0417": {
							"pre": [0, 0.25, 0],
							"post": [0, 0.25, 0],
							"lerp_mode": "catmullrom"
						},
						"2.1667": [0, 0, 0],
						"2.4583": [0, -0.1, 0],
						"2.5833": {
							"pre": [0, 0.1, -0.5],
							"post": [0, 0.1, -0.5],
							"lerp_mode": "catmullrom"
						},
						"2.75": {
							"post": [0, -0.15, -0.25],
							"lerp_mode": "catmullrom"
						},
						"2.875": {
							"post": [0, 0, 0],
							"lerp_mode": "catmullrom"
						},
						"3.0": [0, 0, 0]
					}
				},
				"iris_left": {
					"scale": {
						"0.0": [1, 1, 1],
						"1.6667": {
							"pre": [1, 1, 1],
							"post": [1, 0.8, 0.8]
						},
						"2.4583": {
							"pre": [1, 0.8, 0.8],
							"post": [1, 1, 1]
						}
					}
				},
				"pupil_left": {
					"scale": {
						"0.0": [1, 1, 1],
						"1.6667": {
							"pre": [1, 1, 1],
							"post": [1, 0.8, 0.6]
						},
						"2.4583": {
							"pre": [1, 0.8, 0.6],
							"post": [1, 1, 1]
						}
					}
				},
				"eyelid_left": {
					"position": {
						"0.0": [0, 0, 0],
						"0.5": {
							"pre": [0.1, 0, -0.1],
							"post": [0.1, 0, -0.1],
							"lerp_mode": "catmullrom"
						},
						"1.125": [0.1, 0, -0.1],
						"1.6667": {
							"pre": [0.1, 0, -0.1],
							"post": [0, 0, 0]
						},
						"2.25": {
							"pre": [0, 0, 0],
							"post": [0.1, 0, -0.1]
						},
						"2.4583": {
							"pre": [0.1, 0, -0.1],
							"post": [0, 0, 0]
						}
					}
				},
				"iris_right": {
					"scale": {
						"0.0": [1, 1, 1],
						"1.6667": {
							"pre": [1, 1, 1],
							"post": [1, 0.8, 0.8]
						},
						"2.4583": {
							"pre": [1, 0.8, 0.8],
							"post": [1, 1, 1]
						}
					}
				},
				"pupil_right": {
					"scale": {
						"0.0": [1, 1, 1],
						"1.6667": {
							"pre": [1, 1, 1],
							"post": [1, 0.8, 0.6]
						},
						"2.4583": {
							"pre": [1, 0.8, 0.6],
							"post": [1, 1, 1]
						}
					}
				},
				"eyelid_right": {
					"position": {
						"0.0": [0, 0, 0],
						"0.5": {
							"pre": [-0.1, 0, -0.1],
							"post": [-0.1, 0, -0.1],
							"lerp_mode": "catmullrom"
						},
						"1.125": [-0.1, 0, -0.1],
						"1.6667": {
							"pre": [-0.1, 0, -0.1],
							"post": [0, 0, 0]
						},
						"2.25": {
							"pre": [0, 0, 0],
							"post": [-0.1, 0, -0.1]
						},
						"2.4583": {
							"pre": [-0.1, 0, -0.1],
							"post": [0, 0, 0]
						}
					}
				},
				"foot_right": {
					"rotation": {
						"0.0": [0, 0, 0],
						"0.5": [9.30174, -41.13921, -14.89457],
						"1.125": [21.08018, -18.69719, 3.63921],
						"1.25": [59.91643, 2.11089, 0.46641],
						"1.5833": {
							"pre": [-5.83307, 0, 5],
							"post": [-5.83307, 0, 5],
							"lerp_mode": "catmullrom"
						},
						"1.6667": {
							"post": [-20, 0, 5],
							"lerp_mode": "catmullrom"
						},
						"1.7917": {
							"post": [25, 0, 5],
							"lerp_mode": "catmullrom"
						},
						"1.875": {
							"post": [59.91643, 2.11089, 0.46641],
							"lerp_mode": "catmullrom"
						},
						"2.0": {
							"post": [72.41643, 2.11089, 0.46641],
							"lerp_mode": "catmullrom"
						},
						"2.1667": [25, 0, 5],
						"2.3333": [-10, 0, 0],
						"2.4583": [-10, 0, 0],
						"2.5833": {
							"pre": [15.83, 0, 0],
							"post": [15.83, 0, 0],
							"lerp_mode": "catmullrom"
						},
						"2.75": {
							"post": [55.83, 0, 0],
							"lerp_mode": "catmullrom"
						},
						"2.875": {
							"post": [0, 0, 0],
							"lerp_mode": "catmullrom"
						},
						"3.0": [0, 0, 0]
					},
					"position": {
						"0.0": [0, 0, 0],
						"0.5": [0, 0, -0.25],
						"1.125": {
							"pre": [0.2, 0, 0.4],
							"post": [0.2, 0, 0.4],
							"lerp_mode": "catmullrom"
						},
						"1.25": {
							"post": [0, -0.65, -0.25],
							"lerp_mode": "catmullrom"
						},
						"1.4167": {
							"post": [0, -0.4, 0],
							"lerp_mode": "catmullrom"
						},
						"1.5833": {
							"post": [0, -0.08, -0.25],
							"lerp_mode": "catmullrom"
						},
						"1.6667": {
							"post": [0, 0.2, 0],
							"lerp_mode": "catmullrom"
						},
						"1.7917": {
							"post": [0, -0.15, 0],
							"lerp_mode": "catmullrom"
						},
						"1.875": {
							"post": [0, -0.65, -0.25],
							"lerp_mode": "catmullrom"
						},
						"2.0": {
							"post": [0, -0.65, 0],
							"lerp_mode": "catmullrom"
						},
						"2.1667": [0, -0.15, 0],
						"2.3333": [0, 0.25, 0],
						"2.4583": [0, -0.15, 0],
						"2.5833": {
							"pre": [0, 0.08, 0],
							"post": [0, 0.08, 0],
							"lerp_mode": "catmullrom"
						},
						"2.75": {
							"post": [0, -0.17, 0],
							"lerp_mode": "catmullrom"
						},
						"2.875": {
							"post": [0, 0, 0],
							"lerp_mode": "catmullrom"
						},
						"3.0": [0, 0, 0]
					}
				},
				"tooth_left": {
					"position": {
						"0.0": [0, 0, 0],
						"1.0833": [0, 0, 0],
						"1.1667": {
							"pre": [0, 0, 0.3],
							"post": [0, 0, 0.3],
							"lerp_mode": "catmullrom"
						},
						"1.5": {
							"post": [0, 0, 0],
							"lerp_mode": "catmullrom"
						},
						"1.5833": [0, 0, 0]
					},
					"scale": {
						"0.0": {
							"post": [1, 1, 1],
							"lerp_mode": "catmullrom"
						},
						"1.0833": {
							"post": [1, 1, 1],
							"lerp_mode": "catmullrom"
						},
						"1.1667": {
							"post": [1.4, 1, 1.2],
							"lerp_mode": "catmullrom"
						},
						"1.5": {
							"post": [1, 1, 1],
							"lerp_mode": "catmullrom"
						}
					}
				},
				"tooth_right": {
					"rotation": {
						"0.0": [0, 0, 0],
						"1.0833": [0, 0, 0],
						"1.1667": {
							"pre": [0, 10, 0],
							"post": [0, 10, 0],
							"lerp_mode": "catmullrom"
						},
						"1.5": {
							"post": [0, 0, 0],
							"lerp_mode": "catmullrom"
						},
						"1.5833": [0, 0, 0]
					},
					"position": {
						"0.0": [0, 0, 0],
						"1.0833": [0, 0, 0],
						"1.1667": {
							"pre": [0, 0, 0.6],
							"post": [0, 0, 0.6],
							"lerp_mode": "catmullrom"
						},
						"1.5": {
							"post": [0, 0, 0],
							"lerp_mode": "catmullrom"
						},
						"1.5833": [0, 0, 0]
					},
					"scale": {
						"0.0": {
							"post": [1, 1, 1],
							"lerp_mode": "catmullrom"
						},
						"1.0833": {
							"post": [1, 1, 1],
							"lerp_mode": "catmullrom"
						},
						"1.1667": {
							"post": [1.6, 1, 1.4],
							"lerp_mode": "catmullrom"
						},
						"1.5": {
							"post": [1, 1, 1],
							"lerp_mode": "catmullrom"
						}
					}
				}
			}
		},
		"animation.axew.special": {
			"animation_length": 3,
			"bones": {
				"head": {
					"rotation": {
						"0.0": [-19.0567, 11.5271, -10.299],
						"0.125": {
							"pre": [-9.89003, 11.5271, -10.299],
							"post": [-9.89003, 11.5271, -10.299],
							"lerp_mode": "catmullrom"
						},
						"0.375": {
							"post": [-36.5567, 11.5271, -10.299],
							"lerp_mode": "catmullrom"
						},
						"0.625": {
							"post": [-19.0567, 11.5271, -10.299],
							"lerp_mode": "catmullrom"
						},
						"0.9167": {
							"post": [-19.0567, 11.5271, -10.299],
							"lerp_mode": "catmullrom"
						},
						"1.1667": {
							"post": [-36.5567, 11.5271, -10.299],
							"lerp_mode": "catmullrom"
						},
						"1.25": [-9.0567, 11.5271, -10.299],
						"1.3333": {
							"pre": [-8.9411, 4.83126, -12.55024],
							"post": [-8.9411, 4.83126, -12.55024],
							"lerp_mode": "catmullrom"
						},
						"1.5": [-8.99296, -5.27129, 0.84135],
						"1.875": {
							"pre": [-9.0567, "11.5271043885+math.sin(q.anim_time*90*10)*15", "-10.299+math.sin(q.anim_time*90*10)*3"],
							"post": [-9.0567, "11.5271043885+math.sin(q.anim_time*90*10)*15", "-10.299+math.sin(q.anim_time*90*10)*3"],
							"lerp_mode": "catmullrom"
						},
						"2.25": [-9.0567, "11.5271043885+math.sin(q.anim_time*90*10)*15", "-10.299+math.sin(q.anim_time*90*10)*3"],
						"2.5": {
							"pre": [-3.77904, -5.32611, 0.80528],
							"post": [-3.77904, -5.32611, 0.80528],
							"lerp_mode": "catmullrom"
						},
						"2.75": {
							"post": [-15.46736, 13.04925, -22.38598],
							"lerp_mode": "catmullrom"
						},
						"3.0": [-19.0567, 11.5271, -10.299]
					},
					"position": {
						"0.0": [-0.2, 0.75, -0.3],
						"3.0": [-0.2, 0.75, -0.3]
					}
				},
				"arm_left": {
					"rotation": {
						"0.0": [-71.639, 71.98037, -46.2286],
						"1.125": [-71.639, 71.98037, -46.2286],
						"1.25": [-47.96836, 69.07555, -26.69312],
						"1.5417": {
							"pre": [-47.96836, 69.07555, -26.69312],
							"post": [-47.96836, 69.07555, -26.69312],
							"lerp_mode": "catmullrom"
						},
						"2.5": [-47.96836, 69.07555, -26.69312],
						"3.0": [-71.639, 71.98037, -46.2286]
					},
					"position": {
						"0.0": [0, 0, -0.5],
						"1.125": [0, 0, -0.5],
						"1.25": [0, 0, 0],
						"1.5417": {
							"pre": [0, 0, 0],
							"post": [0, 0, 0],
							"lerp_mode": "catmullrom"
						},
						"2.5": [0, 0, 0],
						"3.0": [0, 0, -0.5]
					}
				},
				"finger_left1": {
					"rotation": {
						"0.0": [0, 47.5, 0],
						"3.0": [0, 47.5, 0]
					}
				},
				"finger_left2": {
					"rotation": {
						"0.0": [0, 0, -22.5],
						"3.0": [0, 0, -22.5]
					}
				},
				"finger_left3": {
					"rotation": {
						"0.0": [0, -12.5, -10],
						"3.0": [0, -12.5, -10]
					},
					"position": {
						"0.0": [-0.1, 0, 0],
						"3.0": [-0.1, 0, 0]
					}
				},
				"arm_right": {
					"rotation": {
						"0.0": [-44.709, -40.10839, 20.5943],
						"1.125": [-44.709, -40.10839, 20.5943],
						"1.25": [-47.96836, -69.07555, 26.69312],
						"1.5417": {
							"pre": [-47.96836, -69.07555, 26.69312],
							"post": [-47.96836, -69.07555, 26.69312],
							"lerp_mode": "catmullrom"
						},
						"2.5": [-47.96836, -69.07555, 26.69312],
						"3.0": [-44.709, -40.10839, 20.5943]
					},
					"position": {
						"0.0": [0, 0.25, 0],
						"1.125": [0, 0.25, 0],
						"1.25": [0, 0, 0],
						"1.5417": {
							"pre": [0, 0, 0],
							"post": [0, 0, 0],
							"lerp_mode": "catmullrom"
						},
						"2.5": [0, 0, 0],
						"3.0": [0, 0.25, 0]
					}
				},
				"finger_right1": {
					"rotation": {
						"0.0": [0, -47.5, 0],
						"3.0": [0, -47.5, 0]
					}
				},
				"finger_right2": {
					"rotation": {
						"0.0": [0, 0, 22.5],
						"3.0": [0, 0, 22.5]
					}
				},
				"finger_right3": {
					"rotation": {
						"0.0": [0, 12.5, 10],
						"3.0": [0, 12.5, 10]
					},
					"position": {
						"0.0": [0.1, 0, 0],
						"3.0": [0.1, 0, 0]
					}
				},
				"tail": {
					"rotation": {
						"0.0": [-6.2334, 3.0503, 0.47816],
						"0.1667": {
							"pre": [11.2666, 3.0503, 0.47816],
							"post": [11.2666, 3.0503, 0.47816],
							"lerp_mode": "catmullrom"
						},
						"0.4583": {
							"post": [-28.7334, 3.0503, 0.47816],
							"lerp_mode": "catmullrom"
						},
						"0.75": {
							"post": [11.2666, 3.0503, 0.47816],
							"lerp_mode": "catmullrom"
						},
						"1.0": {
							"post": [21.2666, 3.0503, 0.47816],
							"lerp_mode": "catmullrom"
						},
						"1.1667": [21.2666, 3.0503, 0.47816],
						"1.25": [-68.6526, 0.71463, 1.49345],
						"1.625": {
							"pre": [-6.2334, 3.0503, 0.47816],
							"post": [-6.2334, 3.0503, 0.47816],
							"lerp_mode": "catmullrom"
						},
						"1.75": {
							"post": [-6.2334, 3.0503, 0.47816],
							"lerp_mode": "catmullrom"
						},
						"2.0": {
							"post": [-6.2334, "3.0503+math.sin(q.anim_time*90*10-30)*30", "0.4781564405+math.sin(q.anim_time*90*10-30)*3"],
							"lerp_mode": "catmullrom"
						},
						"2.25": [-6.2334, "3.0503+math.sin(q.anim_time*90*10-30)*30", "0.4781564405+math.sin(q.anim_time*90*10-30)*3"],
						"2.5": [-6.2334, 3.0503, 0.47816],
						"3.0": [-6.2334, 3.0503, 0.47816]
					},
					"position": {
						"0.0": [0, -0.25, 0.25],
						"1.0": [0, -0.25, -0.25],
						"1.1667": [0, -0.25, -0.25],
						"1.25": [0, -0.25, 0.15],
						"1.625": {
							"pre": [0, -0.25, 0.25],
							"post": [0, -0.25, 0.25],
							"lerp_mode": "catmullrom"
						},
						"1.75": {
							"post": [0, -0.25, 0.25],
							"lerp_mode": "catmullrom"
						},
						"3.0": [0, -0.25, 0.25]
					}
				},
				"tail2": {
					"rotation": {
						"0.0": [0, 0, 0],
						"0.1667": {
							"pre": [25, 0, 0],
							"post": [25, 0, 0],
							"lerp_mode": "catmullrom"
						},
						"0.4583": {
							"post": [-12.5, 0, 0],
							"lerp_mode": "catmullrom"
						},
						"0.75": {
							"post": [25, 0, 0],
							"lerp_mode": "catmullrom"
						},
						"1.0": {
							"post": [30, 0, 0],
							"lerp_mode": "catmullrom"
						},
						"1.1667": [30, 0, 0],
						"1.25": [-12.5, 0, 0],
						"1.625": {
							"pre": [0, 0, 0],
							"post": [0, 0, 0],
							"lerp_mode": "catmullrom"
						},
						"1.75": {
							"post": [0, 0, 0],
							"lerp_mode": "catmullrom"
						},
						"2.0833": {
							"post": [0, "math.sin(q.anim_time*90*10-60)*30", "math.sin(q.anim_time*90*10-60)*3"],
							"lerp_mode": "catmullrom"
						},
						"2.375": [0, "math.sin(q.anim_time*90*10-60)*30", "+math.sin(q.anim_time*90*10-60)*3"],
						"3.0": [0, 0, 0]
					},
					"position": {
						"0.0": [0, 0, 0],
						"0.75": [0, 0, 0],
						"1.0": [0, 0.25, 0],
						"1.1667": [0, 0.25, 0],
						"1.25": [0, 0, 0],
						"1.625": {
							"pre": [0, 0, 0],
							"post": [0, 0, 0],
							"lerp_mode": "catmullrom"
						},
						"1.75": {
							"post": [0, 0, 0],
							"lerp_mode": "catmullrom"
						},
						"3.0": [0, 0, 0]
					}
				},
				"leg_left": {
					"rotation": {
						"0.0": [0, -30, 0],
						"1.1667": [0, -30, 0],
						"1.2917": {
							"pre": [-31.29139, -4.33971, -1.22779],
							"post": [-31.29139, -4.33971, -1.22779],
							"lerp_mode": "catmullrom"
						},
						"1.375": {
							"post": [-5.62206, 9.13174, -0.71526],
							"lerp_mode": "catmullrom"
						},
						"1.4583": [-5.62206, 9.13174, -0.71526],
						"2.5": [-5.62206, 9.13174, -0.71526],
						"2.875": {
							"pre": [0, -30, 0],
							"post": [0, -30, 0],
							"lerp_mode": "catmullrom"
						},
						"3.0": [0, -30, 0]
					},
					"position": {
						"0.0": [0, 0, 0],
						"1.1667": [0, 0, 0],
						"1.2917": {
							"pre": [0, -1.25, -1],
							"post": [0, -1.25, -1],
							"lerp_mode": "catmullrom"
						},
						"1.375": {
							"post": [0, 0, -1.5],
							"lerp_mode": "catmullrom"
						},
						"1.4583": [0, 0, -1.5],
						"2.5": [0, 0, -1.5],
						"2.875": [0, 0, 0],
						"3.0": [0, 0, 0]
					}
				},
				"leg_right": {
					"rotation": {
						"0.0": [0, 22.5, 0],
						"1.1667": [0, 22.5, 0],
						"1.2917": {
							"pre": [-15, 22.5, 0],
							"post": [-15, 22.5, 0],
							"lerp_mode": "catmullrom"
						},
						"1.375": {
							"post": [0, 22.5, 0],
							"lerp_mode": "catmullrom"
						},
						"1.4583": [0, 10, 0],
						"2.5": [0, 10, 0],
						"2.625": {
							"pre": [25, 22.5, 0],
							"post": [25, 22.5, 0],
							"lerp_mode": "catmullrom"
						},
						"2.875": [0, 22.5, 0],
						"3.0": [0, 22.5, 0]
					},
					"position": {
						"0.0": [0, 0, 0],
						"1.1667": [0, 0, 0],
						"1.2917": {
							"pre": [0, -1, -1],
							"post": [0, -1, -1],
							"lerp_mode": "catmullrom"
						},
						"1.4583": [-0.25, 0, -0.5],
						"2.5": [-0.25, 0, -0.5],
						"2.75": {
							"pre": [0, 0.75, -1.12],
							"post": [0, 0.75, -1.12],
							"lerp_mode": "catmullrom"
						},
						"2.875": [0.02, -0.03, -0.6],
						"3.0": [0, 0, 0]
					}
				},
				"torso": {
					"rotation": {
						"0.0": [4.5566, 5.8119, -1.19647],
						"0.25": {
							"pre": [-7.9434, 5.8119, -1.19647],
							"post": [-7.9434, 5.8119, -1.19647],
							"lerp_mode": "catmullrom"
						},
						"0.5": {
							"post": [4.5566, 5.8119, -1.19647],
							"lerp_mode": "catmullrom"
						},
						"0.75": {
							"post": [4.5566, 5.8119, -1.19647],
							"lerp_mode": "catmullrom"
						},
						"1.0": {
							"post": [-7.9434, 5.8119, -1.19647],
							"lerp_mode": "catmullrom"
						},
						"1.1667": [-7.9434, 5.8119, -1.19647],
						"1.25": [0, 0, 0],
						"1.625": {
							"pre": [17.71928, 7.06656, 0.01354],
							"post": [17.71928, 7.06656, 0.01354],
							"lerp_mode": "catmullrom"
						},
						"1.75": {
							"post": [0, 10, 0],
							"lerp_mode": "catmullrom"
						},
						"2.0833": {
							"post": [0, "math.sin(q.anim_time*90*10-30)*15", "math.sin(q.anim_time*90*10-30)*3"],
							"lerp_mode": "catmullrom"
						},
						"2.375": [0, "math.sin(q.anim_time*90*10-30)*15", "math.sin(q.anim_time*90*10-30)*3"],
						"2.5": [0, 10, 0],
						"2.75": {
							"pre": [-0.45409, -14.97702, 11.52084],
							"post": [-0.45409, -14.97702, 11.52084],
							"lerp_mode": "catmullrom"
						},
						"2.9167": {
							"post": [3.05899, 1.25041, 4.26924],
							"lerp_mode": "catmullrom"
						},
						"3.0": [4.5566, 5.8119, -1.19647]
					},
					"position": {
						"0.0": [0, 0, 0],
						"1.25": [0, 0, 0],
						"1.625": {
							"pre": [0, -0.25, -1],
							"post": [0, -0.25, -1],
							"lerp_mode": "catmullrom"
						},
						"1.75": [0, 0.25, -1.5],
						"3.0": [0, 0, 0]
					}
				},
				"scarf": {
					"rotation": {
						"0.0": [-7.46428, 5.02128, 0.32747],
						"1.125": [-7.46428, 5.02128, 0.32747],
						"1.25": [0, 0, 0],
						"2.5": [0, 0, 0],
						"3.0": [-7.46428, 5.02128, 0.32747]
					}
				},
				"scarf2": {
					"rotation": {
						"0.0": [-10, 0, 0],
						"1.125": [-10, 0, 0],
						"1.25": [-22.5, 0, 0],
						"3.0": [-10, 0, 0]
					}
				},
				"chest": {
					"rotation": {
						"0.0": [15, 0, 0],
						"1.0": [15, 0, 0],
						"1.1667": [0, 0, 0],
						"1.25": [15, 0, 0],
						"3.0": [15, 0, 0]
					},
					"position": {
						"0.0": [0, 0, 0],
						"1.0": [0, 0, 0],
						"1.1667": [0, -0.5, 0],
						"1.25": [0, 0, 0]
					}
				},
				"body": {
					"rotation": {
						"0.0": [0, -27.5, 0],
						"1.1667": [0, -27.5, 0],
						"1.25": [0, -10, 0],
						"1.75": [0, -10, 0],
						"2.5": [0, -10, 0],
						"2.875": {
							"pre": [0, -27.5, 0],
							"post": [0, -27.5, 0],
							"lerp_mode": "catmullrom"
						},
						"3.0": [0, -27.5, 0]
					},
					"position": {
						"0.0": [0, 0, 0],
						"1.1667": [0, 0, 0],
						"1.25": {
							"pre": [0, 1.75, 1],
							"post": [0, 1.75, 1],
							"lerp_mode": "catmullrom"
						},
						"1.375": {
							"post": [0, 2, 3.25],
							"lerp_mode": "catmullrom"
						},
						"1.4583": [0, 0, 3.25],
						"1.75": [0, 0, 3.25],
						"2.5": [0, 0, 3.25],
						"2.875": [0, 0, 0],
						"3.0": [0, 0, 0]
					}
				},
				"eyelid_angry_left": {
					"position": {
						"0.0": [0.1, 0, -0.1],
						"0.0417": {
							"pre": [0.1, 0, -0.1],
							"post": [0, 0, 0]
						},
						"2.5": {
							"pre": [0, 0, 0],
							"post": [0.1, 0, -0.1]
						},
						"3.0": [0.1, 0, -0.1]
					}
				},
				"eyelid_angry_right": {
					"position": {
						"0.0": [-0.1, 0, -0.1],
						"0.0417": {
							"pre": [-0.1, 0, -0.1],
							"post": [0, 0, 0]
						},
						"2.5": {
							"pre": [0, 0, 0],
							"post": [-0.1, 0, -0.1]
						},
						"3.0": [-0.1, 0, -0.1]
					}
				},
				"jaw": {
					"rotation": {
						"0.0": [0, 0, 0],
						"0.25": {
							"pre": [15, 0, 0],
							"post": [15, 0, 0],
							"lerp_mode": "catmullrom"
						},
						"0.5": {
							"post": [0, 0, 0],
							"lerp_mode": "catmullrom"
						},
						"0.75": {
							"post": [0, 0, 0],
							"lerp_mode": "catmullrom"
						},
						"1.0": {
							"post": [15, 0, 0],
							"lerp_mode": "catmullrom"
						},
						"1.25": {
							"post": [35, 0, 0],
							"lerp_mode": "catmullrom"
						},
						"1.4583": [35, 0, 0],
						"1.7083": [0, 0, 0],
						"3.0": [0, 0, 0]
					}
				},
				"foot_left": {
					"rotation": {
						"0.0": [0.62067, 11.70768, 2.95931],
						"1.1667": [0.62067, 11.70768, 2.95931],
						"1.25": [41.70702, 0, 0],
						"1.3333": [71.71, 0, 0],
						"1.4583": [6.20079, -2.16691, 0.67756],
						"2.5": [6.20079, -2.16691, 0.67756],
						"2.875": {
							"pre": [0.62067, 11.70768, 2.95931],
							"post": [0.62067, 11.70768, 2.95931],
							"lerp_mode": "catmullrom"
						},
						"3.0": [0.62067, 11.70768, 2.95931]
					}
				},
				"eyelid_left": {
					"position": {
						"0.0": [0, 0, 0],
						"0.0417": {
							"pre": [0, 0, 0],
							"post": [0.1, 0, -0.1]
						},
						"1.75": {
							"pre": [0.1, 0, -0.1],
							"post": [0, 0, 0]
						},
						"2.0": {
							"pre": [0, 0, 0],
							"post": [0.1, 0, -0.1]
						},
						"2.5": {
							"pre": [0.1, 0, -0.1],
							"post": [0, 0, 0]
						},
						"3.0": [0, 0, 0]
					}
				},
				"eyelid_unamused_left": {
					"position": {
						"0.0": [0, 0, 0],
						"1.75": {
							"pre": [0, 0, 0],
							"post": [0.1, 0, -0.1]
						},
						"2.5": {
							"pre": [0.1, 0, -0.1],
							"post": [0, 0, 0]
						}
					}
				},
				"eyelid_right": {
					"position": {
						"0.0": [0, 0, 0],
						"0.0417": {
							"pre": [0, 0, 0],
							"post": [-0.1, 0, -0.1]
						},
						"1.75": {
							"pre": [-0.1, 0, -0.1],
							"post": [0, 0, 0]
						},
						"2.0": {
							"pre": [0, 0, 0],
							"post": [-0.1, 0, -0.1]
						},
						"2.5": {
							"pre": [-0.1, 0, -0.1],
							"post": [0, 0, 0]
						},
						"3.0": [0, 0, 0]
					}
				},
				"eyelid_unamused_right": {
					"position": {
						"0.0": [0, 0, 0],
						"1.75": {
							"pre": [0, 0, 0],
							"post": [-0.1, 0, -0.1]
						},
						"2.5": {
							"pre": [-0.1, 0, -0.1],
							"post": [0, 0, 0]
						}
					}
				},
				"muzzle": {
					"position": {
						"0.0": [0, 0, 0],
						"1.1667": [0, 0, 0],
						"1.25": {
							"pre": [-0.35, 0.7, 0],
							"post": [-0.35, 0.7, 0],
							"lerp_mode": "catmullrom"
						},
						"1.5": {
							"post": [0, 0, 0],
							"lerp_mode": "catmullrom"
						},
						"1.625": [0, 0, 0]
					},
					"scale": {
						"0.0": [1, 1, 1],
						"1.1667": [1, 1, 1],
						"1.25": {
							"pre": [1.1, 1.2, 1],
							"post": [1.1, 1.2, 1],
							"lerp_mode": "catmullrom"
						},
						"1.5": {
							"post": [1, 1, 1],
							"lerp_mode": "catmullrom"
						},
						"1.625": [1, 1, 1]
					}
				},
				"foot_right": {
					"rotation": {
						"0.0": [0, 0, 0],
						"1.1667": [0, 0, 0],
						"1.25": [37.5, 0, 0],
						"1.3333": [57.5, 0, 0],
						"1.4583": [0, 0, 0],
						"2.25": [0, 0, 0],
						"2.5": [0, 0, 0],
						"2.625": {
							"pre": [-12.5, 0, 0],
							"post": [-12.5, 0, 0],
							"lerp_mode": "catmullrom"
						},
						"2.75": {
							"post": [16.67, 0, 0],
							"lerp_mode": "catmullrom"
						},
						"2.875": [0, 0, 0],
						"3.0": [0, 0, 0]
					},
					"position": {
						"0.0": [0, 0, 0],
						"2.5": [0, 0, 0],
						"2.875": [0, 0.1, 0],
						"3.0": [0, 0, 0]
					}
				}
			}
		},
		"animation.axew.status": {
			"animation_length": 3,
			"bones": {
				"head": {
					"rotation": {
						"0.0": [-19.0567, 11.5271, -10.299],
						"0.25": {
							"pre": [-19.0567, 11.5271, -10.299],
							"post": [-19.0567, 11.5271, -10.299],
							"lerp_mode": "catmullrom"
						},
						"0.625": {
							"post": [3.4433, 11.5271, -10.299],
							"lerp_mode": "catmullrom"
						},
						"1.2083": [3.4433, 11.5271, -10.299],
						"1.2917": {
							"pre": [-19.0567, 11.5271, -10.299],
							"post": [-19.0567, 11.5271, -10.299],
							"lerp_mode": "catmullrom"
						},
						"1.375": {
							"post": [-36.5567, 11.5271, -10.299],
							"lerp_mode": "catmullrom"
						},
						"1.5": {
							"post": [-8.0567, 11.5271, -5.299],
							"lerp_mode": "catmullrom"
						},
						"1.75": {
							"post": [-29.0567, 4.5271, -2.299],
							"lerp_mode": "catmullrom"
						},
						"2.0": {
							"post": [-29.0567, 4.5271, -2.299],
							"lerp_mode": "catmullrom"
						},
						"2.3333": {
							"post": [-11.3567, 11.5271, -7.099],
							"lerp_mode": "catmullrom"
						},
						"2.6667": {
							"post": [-4.1567, 11.5271, -10.299],
							"lerp_mode": "catmullrom"
						},
						"3.0": [-19.0567, 11.5271, -10.299]
					},
					"position": [-0.2, 0.75, -0.3]
				},
				"arm_left": {
					"rotation": {
						"0.0": [-71.639, 71.98037, -46.2286],
						"0.75": [-155.9453, 64.23433, -149.01716],
						"1.125": [-155.9453, 64.23433, -149.01716],
						"1.2917": {
							"pre": [5.7632, -24.3683, -13.74538],
							"post": [5.7632, -24.3683, -13.74538],
							"lerp_mode": "catmullrom"
						},
						"2.125": [5.7632, -24.3683, -13.74538],
						"3.0": [-71.639, 71.98037, -46.2286]
					},
					"position": {
						"0.0": [0, 0, -0.5],
						"0.75": [0, 0, -0.5],
						"1.125": [0, 0, -0.5],
						"1.2917": {
							"pre": [0, 0, 0],
							"post": [0, 0, 0],
							"lerp_mode": "catmullrom"
						},
						"2.125": [0, 0, 0],
						"3.0": [0, 0, -0.5]
					}
				},
				"finger_left1": {
					"rotation": {
						"0.0": [0, 47.5, 0],
						"0.75": [0, -75, 0],
						"1.0": [0, -75, 0],
						"1.25": {
							"pre": [0, 57.5, 0],
							"post": [0, 57.5, 0],
							"lerp_mode": "catmullrom"
						},
						"2.0": [0, 57.5, 0],
						"3.0": [0, 47.5, 0]
					}
				},
				"finger_left2": {
					"rotation": {
						"0.0": [0, 0, -22.5],
						"0.75": [0, 0, 30],
						"1.0": [0, 0, 30],
						"1.25": {
							"pre": [2.5, 10, -40],
							"post": [2.5, 10, -40],
							"lerp_mode": "catmullrom"
						},
						"2.0": [2.5, 10, -40],
						"3.0": [0, 0, -22.5]
					},
					"position": {
						"0.0": [0, 0, 0],
						"1.25": {
							"pre": [-0.1, 0, 0],
							"post": [-0.1, 0, 0],
							"lerp_mode": "catmullrom"
						},
						"2.0": [-0.1, 0, 0],
						"3.0": [0, 0, 0]
					}
				},
				"finger_left3": {
					"rotation": {
						"0.0": [0, -12.5, -10],
						"0.75": [0, 0, 50],
						"1.0": [0, 0, 50],
						"1.25": {
							"pre": [-4.15515, -11.06861, -38.06681],
							"post": [-4.15515, -11.06861, -38.06681],
							"lerp_mode": "catmullrom"
						},
						"2.0": [-4.15515, -11.06861, -38.06681],
						"3.0": [0, -12.5, -10]
					},
					"position": {
						"0.0": [-0.1, 0, 0],
						"0.75": [0, 0, 0],
						"1.0": [0, 0, 0],
						"1.25": {
							"pre": [-0.1, 0, 0],
							"post": [-0.1, 0, 0],
							"lerp_mode": "catmullrom"
						},
						"2.0": [-0.1, 0, 0],
						"3.0": [-0.1, 0, 0]
					}
				},
				"arm_right": {
					"rotation": {
						"0.0": [-44.709, -40.10839, 20.5943],
						"0.75": [-121.30728, -78.03114, 112.78619],
						"1.125": [-121.30728, -78.03114, 112.78619],
						"1.2917": {
							"pre": [5.7632, 24.3683, 13.74538],
							"post": [5.7632, 24.3683, 13.74538],
							"lerp_mode": "catmullrom"
						},
						"2.125": [5.7632, 24.3683, 13.74538],
						"3.0": [-44.709, -40.10839, 20.5943]
					},
					"position": {
						"0.0": [0, 0.25, 0],
						"1.2917": {
							"pre": [0, 0, 0],
							"post": [0, 0, 0],
							"lerp_mode": "catmullrom"
						},
						"2.125": [0, 0, 0],
						"3.0": [0, 0.25, 0]
					}
				},
				"finger_right1": {
					"rotation": {
						"0.0": [0, -47.5, 0],
						"0.75": [0, 75, 0],
						"1.0": [0, 75, 0],
						"1.25": {
							"pre": [0, -57.5, 0],
							"post": [0, -57.5, 0],
							"lerp_mode": "catmullrom"
						},
						"2.0": [0, -57.5, 0],
						"3.0": [0, -47.5, 0]
					}
				},
				"finger_right2": {
					"rotation": {
						"0.0": [0, 0, 22.5],
						"0.75": [0, 0, -30],
						"1.0": [0, 0, -30],
						"1.25": {
							"pre": [2.5, -10, 40],
							"post": [2.5, -10, 40],
							"lerp_mode": "catmullrom"
						},
						"2.0": [2.5, -10, 40],
						"3.0": [0, 0, 22.5]
					},
					"position": {
						"1.25": {
							"pre": [0.1, 0, 0],
							"post": [0.1, 0, 0],
							"lerp_mode": "catmullrom"
						},
						"2.0": [0.1, 0, 0]
					}
				},
				"finger_right3": {
					"rotation": {
						"0.0": [0, 12.5, 10],
						"0.75": [0, 0, -50],
						"1.0": [0, 0, -50],
						"1.25": {
							"pre": [-4.15515, 11.06861, 38.06681],
							"post": [-4.15515, 11.06861, 38.06681],
							"lerp_mode": "catmullrom"
						},
						"2.0": [-4.15515, 11.06861, 38.06681],
						"3.0": [0, 12.5, 10]
					},
					"position": {
						"0.0": [0.1, 0, 0],
						"0.75": [0, 0, 0],
						"1.0": [0, 0, 0],
						"1.25": {
							"pre": [0.1, 0, 0],
							"post": [0.1, 0, 0],
							"lerp_mode": "catmullrom"
						},
						"2.0": [0.1, 0, 0],
						"3.0": [0.1, 0, 0]
					}
				},
				"tail": {
					"rotation": {
						"0.0": [-6.2334, 3.0503, 0.47816],
						"0.75": {
							"pre": [6.2666, 3.0503, 0.47816],
							"post": [6.2666, 3.0503, 0.47816],
							"lerp_mode": "catmullrom"
						},
						"1.0833": {
							"post": [6.2666, 3.0503, 0.47816],
							"lerp_mode": "catmullrom"
						},
						"1.25": {
							"post": [-11.2334, 3.0503, 0.47816],
							"lerp_mode": "catmullrom"
						},
						"1.5": [-6.2334, 3.0503, 0.47816],
						"2.0": [-6.2334, 3.0503, 0.47816],
						"2.25": {
							"pre": [-11.2334, 3.0503, 0.47816],
							"post": [-11.2334, 3.0503, 0.47816],
							"lerp_mode": "catmullrom"
						},
						"3.0": [-6.2334, 3.0503, 0.47816]
					},
					"position": [0, -0.25, 0.25]
				},
				"tail2": {
					"rotation": {
						"0.0": [0, 0, 0],
						"0.75": {
							"pre": [30, 0, 0],
							"post": [30, 0, 0],
							"lerp_mode": "catmullrom"
						},
						"1.0833": {
							"post": [30, 0, 0],
							"lerp_mode": "catmullrom"
						},
						"1.25": {
							"post": [-12.5, 0, 0],
							"lerp_mode": "catmullrom"
						},
						"1.5": [0, 0, 0],
						"2.0": [0, 0, 0],
						"2.25": {
							"pre": [-12.5, 0, 0],
							"post": [-12.5, 0, 0],
							"lerp_mode": "catmullrom"
						},
						"3.0": [0, 0, 0]
					}
				},
				"leg_left": {
					"rotation": [0, -30, 0],
					"position": [0, 0, 0]
				},
				"leg_right": {
					"rotation": [0, 22.5, 0]
				},
				"torso": {
					"rotation": {
						"0.0": [4.5566, 5.8119, -1.19647],
						"0.5": {
							"pre": [17.0566, 5.8119, -1.19647],
							"post": [17.0566, 5.8119, -1.19647],
							"lerp_mode": "catmullrom"
						},
						"1.0833": [17.0566, 5.8119, -1.19647],
						"1.25": {
							"pre": [-15.4434, 5.8119, -1.19647],
							"post": [-15.4434, 5.8119, -1.19647],
							"lerp_mode": "catmullrom"
						},
						"1.4583": {
							"post": [-14.26, 5.81, -1.2],
							"lerp_mode": "catmullrom"
						},
						"1.75": [-12.9434, 5.8119, -1.19647],
						"2.0": [-12.9434, 5.8119, -1.19647],
						"3.0": [4.5566, 5.8119, -1.19647]
					}
				},
				"scarf": {
					"rotation": [-7.46428, 5.02128, 0.32747]
				},
				"scarf2": {
					"rotation": {
						"0.0": [-10, 0, 0],
						"1.0": [-10, 0, 0],
						"1.25": [2.5, 0, 0],
						"2.0": [2.5, 0, 0],
						"3.0": [-10, 0, 0]
					}
				},
				"chest": {
					"rotation": {
						"0.0": [15, 0, 0],
						"1.1667": [15, 0, 0],
						"1.25": [-12.5, 0, -4],
						"1.5": {
							"pre": [-2.22, 0, -1.78],
							"post": [-2.22, 0, -1.78],
							"lerp_mode": "catmullrom"
						},
						"2.0": [-7.5, 0, 0],
						"3.0": [15, 0, 0]
					},
					"position": {
						"0.0": [0, 0, 0],
						"1.1667": [0, 0, 0],
						"1.25": [0, -0.5, 0],
						"2.0": [0, -0.5, 0],
						"3.0": [0, 0, 0]
					}
				},
				"body": {
					"rotation": [0, -27.5, 0],
					"position": {
						"0.0": {
							"post": [0, 0, 0],
							"lerp_mode": "catmullrom"
						},
						"0.1667": {
							"post": [0, 1, 0],
							"lerp_mode": "catmullrom"
						},
						"0.375": {
							"post": [0, 0, 0],
							"lerp_mode": "catmullrom"
						},
						"1.1667": {
							"post": [0, 0, 0],
							"lerp_mode": "catmullrom"
						},
						"1.25": {
							"post": [0, 3, 0],
							"lerp_mode": "catmullrom"
						},
						"1.75": {
							"post": [0, 4, 0],
							"lerp_mode": "catmullrom"
						},
						"2.0": {
							"post": [0, 3, 0],
							"lerp_mode": "catmullrom"
						},
						"2.125": [0, 0, 0],
						"3.0": [0, 0, 0]
					}
				},
				"eyelid_angry_left": {
					"position": {
						"0.0": [0.1, 0, -0.1],
						"0.1667": {
							"pre": [0.1, 0, -0.1],
							"post": [0, 0, 0]
						},
						"1.125": {
							"pre": [0, 0, 0],
							"post": [0.1, 0, -0.1]
						}
					}
				},
				"eyelid_angry_right": {
					"position": {
						"0.0": [-0.1, 0, -0.1],
						"0.1667": {
							"pre": [-0.1, 0, -0.1],
							"post": [0, 0, 0]
						},
						"1.125": {
							"pre": [0, 0, 0],
							"post": [-0.1, 0, -0.1]
						}
					}
				},
				"jaw": {
					"rotation": {
						"0.0": [0, 0, 0],
						"1.25": [0, 0, 0],
						"1.3333": {
							"pre": [48, 0, 0],
							"post": [48, 0, 0],
							"lerp_mode": "catmullrom"
						},
						"1.5": {
							"post": [10, 0, 0],
							"lerp_mode": "catmullrom"
						},
						"1.75": {
							"post": [26.5, 0, 0],
							"lerp_mode": "catmullrom"
						},
						"2.25": [0, 0, 0]
					}
				},
				"foot_left": {
					"rotation": [0.62067, 11.70768, 2.95931]
				},
				"eyelid_left": {
					"position": {
						"0.0": [0, 0, 0],
						"0.1667": {
							"pre": [0, 0, 0],
							"post": [0.1, 0, -0.1]
						},
						"1.125": {
							"pre": [0.1, 0, -0.1],
							"post": [0, 0, 0]
						}
					}
				},
				"eyelid_right": {
					"position": {
						"0.0": [0, 0, 0],
						"0.1667": {
							"pre": [0, 0, 0],
							"post": [-0.1, 0, -0.1]
						},
						"1.125": {
							"pre": [-0.1, 0, -0.1],
							"post": [0, 0, 0]
						}
					}
				}
			}
		},
		"animation.axew.sleep": {
			"loop": true,
			"animation_length": 5.1667,
			"bones": {
				"head": {
					"rotation": ["7.5-math.sin(q.anim_time*90-120)", 0, "-math.cos(q.anim_time*45-120)"],
					"position": [0, 0.05, 0.2]
				},
				"arm_left": {
					"rotation": ["74.1532+math.sin(q.anim_time*90-120)*4", 81.50234, "99.2273-math.sin(q.anim_time*90-120)*4"],
					"position": [0.25, 0, -0.5]
				},
				"finger_left1": {
					"rotation": [0, "-(math.sin(q.anim_time*90-120)*4)", 31.69333],
					"position": [-0.5, 0, 0]
				},
				"finger_left2": {
					"rotation": [0, 0, "45+math.sin(q.anim_time*90-150)*4"]
				},
				"finger_left3": {
					"rotation": [-9.97528, -7.57131, "43.1617+math.sin(q.anim_time*90-180)*4"],
					"position": [-0.1, 0, 0]
				},
				"arm_right": {
					"rotation": ["74.1532+math.sin(q.anim_time*90-120)*4", -81.50234, "-99.2273+math.sin(q.anim_time*90-120)*4"],
					"position": [-0.25, 0, -0.5]
				},
				"finger_right1": {
					"rotation": [0, "math.sin(q.anim_time*90-120)*4", -31.69333],
					"position": [0.5, 0, 0]
				},
				"finger_right2": {
					"rotation": [0, 0, "-45+math.sin(q.anim_time*90-150)*4"]
				},
				"finger_right3": {
					"rotation": [-9.97528, 7.57131, "-43.1617+math.sin(q.anim_time*90-180)*4"],
					"position": [0.1, 0, 0]
				},
				"tail": {
					"rotation": ["2.5-math.sin(q.anim_time*90+90)*2", "math.cos(q.anim_time*90+90)*4", 0]
				},
				"tail2": {
					"rotation": [15, "math.sin(q.anim_time*90+60)*4", 0]
				},
				"leg_left": {
					"rotation": [-75, -45, 0],
					"position": [-0.25, 0, 0]
				},
				"leg_right": {
					"rotation": [-75, 45, 0],
					"position": [0.25, 0, 0]
				},
				"torso": {
					"rotation": ["-7.5-math.sin(q.anim_time*90-60)", 0, 0],
					"position": [0, "math.sin(q.anim_time*90)/12", 0]
				},
				"scarf": {
					"rotation": [0, 0, 0]
				},
				"scarf2": {
					"rotation": [-15, 0, 0]
				},
				"chest": {
					"rotation": ["15+math.sin(q.anim_time*90+90)/2", 0, 0]
				},
				"body": {
					"position": [0, -1.75, 0]
				},
				"eyelid_left": {
					"position": [0.1, 0, -0.1]
				},
				"eyelid_right": {
					"position": [-0.1, 0, -0.1]
				},
				"foot_left": {
					"rotation": ["math.sin(q.anim_time*90-60)*8", 0, 0],
					"position": [0, 0, 0.25]
				},
				"foot_right": {
					"rotation": ["math.sin(q.anim_time*90-60)*8", 0, 0],
					"position": [0, 0, 0.25]
				}
			}
		},
		"animation.axew.recoil": {
			"animation_length": 1.5,
			"bones": {
				"torso": {
					"rotation": {
						"0.0": [0, 0, 0],
						"0.125": {
							"pre": [-15, 0, 0],
							"post": [-15, 0, 0],
							"lerp_mode": "catmullrom"
						},
						"0.5": {
							"post": [0, 0, 0],
							"lerp_mode": "catmullrom"
						},
						"1.4583": [0, 0, 0]
					}
				},
				"head": {
					"rotation": {
						"0.0": [0, 0, 0],
						"0.0833": [17.5, 0, 0],
						"0.2083": {
							"pre": [-12.5, 0, 0],
							"post": [-12.5, 0, 0],
							"lerp_mode": "catmullrom"
						},
						"0.6667": {
							"post": [0, 0, 0],
							"lerp_mode": "catmullrom"
						},
						"1.4583": [0, 0, 0]
					}
				},
				"eyelid_left": {
					"position": {
						"0.0": [0, 0, 0],
						"0.0833": {
							"pre": [0, 0, 0],
							"post": [0.1, 0, -0.1]
						},
						"0.4167": {
							"pre": [0.1, 0, -0.1],
							"post": [0, 0, 0]
						}
					}
				},
				"eyelid_angry_left": {
					"scale": {
						"0.0": [1, 1, 1],
						"0.0833": {
							"pre": [1, 1, 1],
							"post": [0, 0, 0]
						},
						"0.4167": {
							"pre": [0, 0, 0],
							"post": [1, 1, 1]
						}
					}
				},
				"eyelid_right": {
					"position": {
						"0.0": [0, 0, 0],
						"0.0833": {
							"pre": [0, 0, 0],
							"post": [-0.1, 0, -0.1]
						},
						"0.4167": {
							"pre": [-0.1, 0, -0.1],
							"post": [0, 0, 0]
						}
					}
				},
				"eyelid_angry_right": {
					"scale": {
						"0.0": [1, 1, 1],
						"0.0833": {
							"pre": [1, 1, 1],
							"post": [0, 0, 0]
						},
						"0.4167": {
							"pre": [0, 0, 0],
							"post": [1, 1, 1]
						}
					}
				},
				"tail": {
					"rotation": {
						"0.0": [0, 0, 0],
						"0.0833": [20, 0, 0],
						"0.2083": {
							"pre": [-12.5, 0, 0],
							"post": [-12.5, 0, 0],
							"lerp_mode": "catmullrom"
						},
						"0.5": {
							"post": [0, 0, 0],
							"lerp_mode": "catmullrom"
						}
					}
				},
				"tail2": {
					"rotation": {
						"0.0": [0, 0, 0],
						"0.0833": [22.5, 0, 0],
						"0.2083": {
							"pre": [-7.5, 0, 0],
							"post": [-7.5, 0, 0],
							"lerp_mode": "catmullrom"
						},
						"0.5": {
							"post": [0, 0, 0],
							"lerp_mode": "catmullrom"
						}
					}
				}
			}
		},
		"animation.axew.cry": {
			"animation_length": 1,
			"bones": {
				"head": {
					"rotation": {
						"0.0": [0, 0, 0],
						"0.0833": {
							"pre": [-17.5, 0, 0],
							"post": [-17.5, 0, 0],
							"lerp_mode": "catmullrom"
						},
						"0.25": {
							"post": [-7.5, 0, 0],
							"lerp_mode": "catmullrom"
						},
						"0.5": {
							"post": [-10, 0, 0],
							"lerp_mode": "catmullrom"
						},
						"1.0": [0, 0, 0]
					}
				},
				"jaw": {
					"rotation": {
						"0.0": [0, 0, 0],
						"0.0833": {
							"pre": [20, 0, 0],
							"post": [20, 0, 0],
							"lerp_mode": "catmullrom"
						},
						"0.25": {
							"post": [10, 0, 0],
							"lerp_mode": "catmullrom"
						},
						"0.5": {
							"post": [12.5, 0, 0],
							"lerp_mode": "catmullrom"
						},
						"1.0": [0, 0, 0]
					}
				}
			},
			"sound_effects": {
				"0.0": {
					"effect": "pokemon.axew.cry"
				}
			}
		},
		"animation.axew.blink": {
			"animation_length": 0.125,
			"bones": {
				"eyelid_left": {
					"position": {
						"0.0": [0.1, 0, -0.1],
						"0.125": {
							"pre": [0.1, 0, -0.1],
							"post": [0, 0, 0]
						}
					}
				},
				"eyelid_right": {
					"position": {
						"0.0": [-0.1, 0, -0.1],
						"0.125": {
							"pre": [-0.1, 0, -0.1],
							"post": [0, 0, 0]
						}
					}
				}
			}
		},
		"animation.axew.render": {
			"loop": true,
			"bones": {
				"head": {
					"rotation": [-20, 0, 0]
				},
				"jaw": {
					"rotation": [20, 0, 0]
				},
				"arm_left": {
					"rotation": [0, -37.5, 0]
				},
				"finger_left1": {
					"rotation": [0, 12.5, 0]
				},
				"finger_left2": {
					"rotation": [0, 0, -27.5]
				},
				"finger_left3": {
					"rotation": [0, 0, -7.5]
				},
				"tail": {
					"rotation": [12.5, 0, 0]
				},
				"tail2": {
					"rotation": [12.5, 0, 0]
				},
				"leg_left": {
					"rotation": [0, -12.5, 0]
				},
				"leg_right": {
					"rotation": [0, 12.5, 0]
				},
				"arm_right": {
					"rotation": [0, 22.5, 0]
				},
				"finger_right1": {
					"rotation": [0, -12.5, 0]
				},
				"finger_right2": {
					"rotation": [0, 0, 35]
				},
				"finger_right3": {
					"rotation": [0, 0, 17.5]
				}
			}
		},
		"animation.axew.angry": {
			"loop": true,
			"bones": {
				"eyelid_angry_left": {
					"position": [0.1, 0, -0.1]
				},
				"eyelid_angry_right": {
					"position": [-0.1, 0, -0.1]
				}
			}
		},
		"animation.axew.sad": {
			"loop": true,
			"bones": {
				"eyelid_sad_left": {
					"position": [0.1, 0, 0]
				},
				"eyelid_sad_right": {
					"position": [-0.1, 0, 0]
				}
			}
		},
		"animation.axew.unamused": {
			"loop": true,
			"bones": {
				"eyelid_unamused_left": {
					"position": [0.1, 0, -0.1]
				},
				"eyelid_unamused_right": {
					"position": [-0.1, 0, -0.1]
				}
			}
		},
		"animation.axew.happy": {
			"loop": true,
			"bones": {
				"eyelid_happy_left": {
					"position": [0.1, 0, -0.1]
				},
				"eyelid_happy_right": {
					"position": [-0.1, 0, -0.1]
				}
			}
		},
		"animation.axew.shock": {
			"loop": true,
			"bones": {
				"pupil_left": {
					"scale": [1, 0.8, 0.6]
				},
				"jaw": {
					"rotation": [20, 0, 0]
				},
				"iris_left": {
					"scale": [1, 0.8, 0.8]
				},
				"iris_right": {
					"scale": [1, 0.8, 0.8]
				},
				"pupil_right": {
					"scale": [1, 0.8, 0.6]
				}
			}
		},
		"animation.axew.hold_item": {
			"loop": true,
			"bones": {
				"jaw": {
					"rotation": [15, 0, 0]
				},
				"locator_mouth": {
					"rotation": [5, 0, 0],
					"position": [0, -0.3, -2]
				}
			}
		},
		"animation.axew.walkspeedtest": {
			"loop": true,
			"bones": {
				"body": {
					"position": [0, 0, "47-q.anim_time*90*0.09"]
				}
			}
		},
		"animation.axew.runspeedtest": {
			"loop": true,
			"bones": {
				"body": {
					"position": [0, 0, "47-q.anim_time*90*0.35"]
				}
			}
		}
	}
}