{"format_version":"1.8.0","animations":{"animation.grumpig.ground_idle":{"loop":true,"animation_length":2.33333,"bones":{"body":{"rotation":{"0.0":{"post":[0,0,8.75],"lerp_mode":"catmullrom"},"0.5417":{"post":[0,0,1.75],"lerp_mode":"catmullrom"},"0.7917":{"post":[0,0,-4],"lerp_mode":"catmullrom"},"1.2917":{"post":[0,0,-8.25],"lerp_mode":"catmullrom"},"1.6667":{"post":[0,0,1.25],"lerp_mode":"catmullrom"},"1.875":{"post":[0,0,2],"lerp_mode":"catmullrom"},"2.3333":{"post":[0,0,8.75],"lerp_mode":"catmullrom"}},"position":{"0.0":{"post":[0,0,0],"lerp_mode":"catmullrom"},"1.2083":{"post":[0,0.6,0],"lerp_mode":"catmullrom"},"2.3333":{"post":[0,0,0],"lerp_mode":"catmullrom"}}},"neck":{"rotation":{"0.0":{"post":[7.75,0,0],"lerp_mode":"catmullrom"},"0.5":{"post":[0,0,0],"lerp_mode":"catmullrom"},"0.7917":{"post":[-8.75,0,0],"lerp_mode":"catmullrom"},"1.25":{"post":[7.25,0,0],"lerp_mode":"catmullrom"},"1.625":{"post":[-5.25,0,0],"lerp_mode":"catmullrom"},"1.9167":{"post":[0,0,0],"lerp_mode":"catmullrom"},"2.3333":{"post":[7.75,0,0],"lerp_mode":"catmullrom"}}},"head":{"rotation":{"0.0":{"post":[7.71475,-0.74056,5.45007],"lerp_mode":"catmullrom"},"0.5":{"post":[0,0,0],"lerp_mode":"catmullrom"},"0.7917":{"post":[-8.75,0,0],"lerp_mode":"catmullrom"},"1.25":{"post":[7.15161,1.19349,-9.42542],"lerp_mode":"catmullrom"},"1.625":{"post":[-5.25,0,0],"lerp_mode":"catmullrom"},"1.9167":{"post":[0,0,0],"lerp_mode":"catmullrom"},"2.3333":[7.71475,-0.74056,5.45007]}},"pupil":{"position":{"0.0":{"post":[0,0,0.375],"lerp_mode":"catmullrom"},"1.0417":{"post":[0,0,-0.27],"lerp_mode":"catmullrom"},"2.3333":{"post":[0,0,0.375],"lerp_mode":"catmullrom"}}},"pupil2":{"position":{"0.0":{"post":[0,0,0.375],"lerp_mode":"catmullrom"},"1.0417":{"post":[0,0,-0.27],"lerp_mode":"catmullrom"},"2.3333":{"post":[0,0,0.375],"lerp_mode":"catmullrom"}}},"legleft":{"rotation":{"0.75":{"pre":[0,0,0],"post":[0,0,0],"lerp_mode":"catmullrom"},"1.0":{"post":[0,0,-13.5],"lerp_mode":"catmullrom"},"1.75":{"post":[0,0,0],"lerp_mode":"catmullrom"},"2.3333":{"post":[0,0,0],"lerp_mode":"catmullrom"}},"position":{"0.75":{"pre":[0,0,0],"post":[0,0,0],"lerp_mode":"catmullrom"},"1.0":{"post":[0,0.025,0],"lerp_mode":"catmullrom"},"1.375":{"post":[0,1.73,0],"lerp_mode":"catmullrom"},"1.75":{"post":[0,0,0],"lerp_mode":"catmullrom"},"2.3333":{"post":[0,0,0],"lerp_mode":"catmullrom"}}},"feet":{"rotation":{"1.0":{"pre":[0,0,0],"post":[0,0,0],"lerp_mode":"catmullrom"},"1.4167":{"post":[23.75,0,0],"lerp_mode":"catmullrom"},"1.7917":{"post":[-3.01,0,0],"lerp_mode":"catmullrom"},"2.3333":{"post":[-3.01,0,0],"lerp_mode":"catmullrom"}},"position":{"1.0":{"pre":[0,0,0],"post":[0,0,0],"lerp_mode":"catmullrom"},"1.7917":{"post":[0,0,0],"lerp_mode":"catmullrom"},"2.3333":{"post":[0,0,0],"lerp_mode":"catmullrom"}}},"legright":{"rotation":{"0.0":{"post":[0,0,13.5],"lerp_mode":"catmullrom"},"0.75":{"post":[0,0,0],"lerp_mode":"catmullrom"},"1.9167":{"post":[0,0,0],"lerp_mode":"catmullrom"},"2.3333":{"post":[0,0,13.5],"lerp_mode":"catmullrom"}},"position":{"0.0":{"post":[0,0.85,0],"lerp_mode":"catmullrom"},"0.375":{"post":[0,1.73,0],"lerp_mode":"catmullrom"},"0.75":{"post":[0,0,0],"lerp_mode":"catmullrom"},"1.9167":{"post":[0,0,0],"lerp_mode":"catmullrom"},"2.0833":{"post":[0,1.73,0],"lerp_mode":"catmullrom"},"2.3333":{"post":[0,0.85,0],"lerp_mode":"catmullrom"}}},"feet2":{"rotation":{"0.0":{"post":[0,0,0],"lerp_mode":"catmullrom"},"0.4167":{"post":[23.75,0,0],"lerp_mode":"catmullrom"},"0.7917":{"post":[-3.01,0,0],"lerp_mode":"catmullrom"},"2.3333":{"post":[0,0,0],"lerp_mode":"catmullrom"}},"position":{"0.0":{"post":[0,0,0],"lerp_mode":"catmullrom"},"0.7917":{"post":[0,0,0],"lerp_mode":"catmullrom"},"1.25":{"post":[0,0.225,0],"lerp_mode":"catmullrom"},"2.3333":{"post":[0,0,0],"lerp_mode":"catmullrom"}}},"earleft":{"rotation":{"0.0":{"post":[0,-6.75,0],"lerp_mode":"catmullrom"},"0.7917":{"post":[-9.64086,6.76567,15.34864],"lerp_mode":"catmullrom"},"1.625":{"post":[4.96287,17.66264,-10.70765],"lerp_mode":"catmullrom"},"2.3333":{"post":[0,-6.75,0],"lerp_mode":"catmullrom"}},"position":{"0.0":{"post":[0,0,0],"lerp_mode":"catmullrom"},"2.3333":{"post":[0,0,0],"lerp_mode":"catmullrom"}}},"earright":{"rotation":{"0.0":{"post":[0,6.75,0],"lerp_mode":"catmullrom"},"0.7917":{"post":[-10.98991,-7.07908,-17.53589],"lerp_mode":"catmullrom"},"1.625":{"post":[5.988,-17.8535,12.94693],"lerp_mode":"catmullrom"},"2.3333":{"post":[0,6.75,0],"lerp_mode":"catmullrom"}},"position":{"0.0":{"post":[0,0,0],"lerp_mode":"catmullrom"},"2.3333":{"post":[0,0,0],"lerp_mode":"catmullrom"}}},"LeftArm":{"rotation":{"0.0":{"post":[20.854,34.94067,33.6294],"lerp_mode":"catmullrom"},"1.2083":{"post":[1.97719,1.53024,29.02641],"lerp_mode":"catmullrom"},"2.3333":{"post":[20.854,34.94067,33.6294],"lerp_mode":"catmullrom"}},"position":{"0.0":{"post":[0,0,0],"lerp_mode":"catmullrom"},"1.2083":{"post":[0,0.6,0],"lerp_mode":"catmullrom"},"2.3333":{"post":[0,0,0],"lerp_mode":"catmullrom"}}},"LeftExtendedArm":{"rotation":{"0.0":{"post":[0,45,0],"lerp_mode":"catmullrom"},"1.2083":{"post":[0,-10,0],"lerp_mode":"catmullrom"},"2.3333":{"post":[0,45,0],"lerp_mode":"catmullrom"}}},"Hand":{"rotation":{"0.0":{"post":[0,22.5,0],"lerp_mode":"catmullrom"},"1.2083":{"post":[0,-2.5,0],"lerp_mode":"catmullrom"},"2.3333":{"post":[0,22.5,0],"lerp_mode":"catmullrom"}}},"RightExtendedArm":{"rotation":{"0.0":{"post":[0,1.25,0],"lerp_mode":"catmullrom"},"1.2083":{"post":[0,-45,0],"lerp_mode":"catmullrom"},"2.3333":{"post":[0,1.25,0],"lerp_mode":"catmullrom"}}},"RightArm":{"rotation":{"0.0":{"post":[0,2.5,-23.25],"lerp_mode":"catmullrom"},"1.2083":{"post":[20.854,-34.94067,-33.6294],"lerp_mode":"catmullrom"},"2.3333":{"post":[0,2.5,-23.25],"lerp_mode":"catmullrom"}},"position":{"0.0":{"post":[0,0,0],"lerp_mode":"catmullrom"},"1.2083":{"post":[0,0.6,0],"lerp_mode":"catmullrom"},"2.3333":{"post":[0,0,0],"lerp_mode":"catmullrom"}}},"Hand2":{"rotation":{"0.0":{"post":[0,2.5,0],"lerp_mode":"catmullrom"},"2.3333":{"post":[0,2.5,0],"lerp_mode":"catmullrom"}}},"tail":{"rotation":{"0.0":{"post":[-9.75862,11.31992,-19.64744],"lerp_mode":"catmullrom"},"1.3333":{"post":[6.49138,-11.31992,19.64744],"lerp_mode":"catmullrom"},"2.3333":{"post":[-9.75862,11.31992,-19.64744],"lerp_mode":"catmullrom"}}}}},"animation.grumpig.ground_walk":{"loop":true,"animation_length":0.91667,"bones":{"body":{"position":[0,"1.35+math.sin(query.anim_time * 200) * 0.89",0]},"neck":{"position":[0,"-0.95+math.sin(query.anim_time * 200) * 0.89",0]},"earright":{"rotation":[0,0,"0-math.sin(query.anim_time * 200) * 10"]},"earleft":{"rotation":[0,0,"0+math.sin(query.anim_time * 200) * 10"]},"LeftArm":{"rotation":{"0.0":{"post":[0,0,40.5],"lerp_mode":"catmullrom"},"0.5417":{"post":[0,-46.25,40.5],"lerp_mode":"catmullrom"},"0.9167":{"post":[0,0,40.5],"lerp_mode":"catmullrom"}}},"LeftExtendedArm":{"rotation":{"0.0":{"post":[0,52,0],"lerp_mode":"catmullrom"},"0.5417":{"post":[0,24.25,0],"lerp_mode":"catmullrom"},"0.9167":{"post":[0,52,0],"lerp_mode":"catmullrom"}}},"Hand":{"rotation":{"0.0":{"post":[0,13,0],"lerp_mode":"catmullrom"},"0.9167":{"post":[0,13,0],"lerp_mode":"catmullrom"}}},"RightArm":{"rotation":{"0.0":{"post":[0,46.25,-40.5],"lerp_mode":"catmullrom"},"0.5417":{"post":[0,0,-40.5],"lerp_mode":"catmullrom"},"0.9167":{"post":[0,46.25,-40.5],"lerp_mode":"catmullrom"}}},"RightExtendedArm":{"rotation":{"0.0":{"post":[0,-24.25,0],"lerp_mode":"catmullrom"},"0.5":{"post":[0,-52,0],"lerp_mode":"catmullrom"},"0.9167":{"post":[0,-24.25,0],"lerp_mode":"catmullrom"}}},"Hand2":{"rotation":{"0.0":{"post":[0,13,0],"lerp_mode":"catmullrom"},"0.9167":{"post":[0,13,0],"lerp_mode":"catmullrom"}}},"legleft":{"rotation":{"0.0":["28.256+1.35+math.sin(query.anim_time * 200) * 50",-0.56301,-1.22702],"0.4583":["-53.494+1.35+math.sin(query.anim_time * 200) * 50",-0.56301,-1.22702],"0.625":["-53.494+1.35+math.sin(query.anim_time * 200) * 50",-0.56301,-1.22702],"0.9167":["28.256+1.35+math.sin(query.anim_time * 200) * 50",-0.56301,-1.22702]},"position":{"0.0":[0,-0.45,2.755],"0.25":[0,-1.05,-1.745],"0.4583":[0,0.9,-3.225],"0.625":[0,-1.15,-3.225],"0.9167":[0,-0.45,2.755]}},"feet":{"rotation":{"0.0":{"post":[-14.25,0,0],"lerp_mode":"catmullrom"},"0.3333":{"post":[-15.79,0,0],"lerp_mode":"catmullrom"},"0.5417":{"post":[11.75,0,0],"lerp_mode":"catmullrom"},"0.9167":{"post":[-14.25,0,0],"lerp_mode":"catmullrom"}},"position":{"0.0":{"post":[0,0.65,0],"lerp_mode":"catmullrom"},"0.5417":{"post":[0,0.925,0],"lerp_mode":"catmullrom"},"0.9167":{"post":[0,0.65,0],"lerp_mode":"catmullrom"}}},"legright":{"rotation":{"0.0":["-25.994+1.35+math.sin(query.anim_time * 200) * 50",-0.56301,-1.22702],"0.25":["-25.994+1.35+math.sin(query.anim_time * 200) * 50",-0.56301,-1.22702],"0.9167":["-19.994+1.35+math.sin(query.anim_time * 200) * 50",-0.56301,-1.22702]},"position":{"0.0":[0,0.9,-3.225],"0.25":[0,-0.25,-3.225],"0.4583":[0,-0.45,2.755],"0.7083":[0,-0.45,1.355],"0.9167":[0,0.9,-3.225]}},"feet2":{"rotation":{"0.0":[25.25,0,0],"0.375":[-21,0,0],"0.7083":[-15.79,0,0],"0.9167":[25.25,0,0]}},"tail":{"rotation":{"0.0":["0.0629-math.sin(query.anim_time * 200) * 10",2.15402,"6.4759- math.sin(query.anim_time * 200) * 10"],"0.2917":["0.0629-math.sin(query.anim_time * 200) * 10",-2.15402,"-6.4759-math.sin(query.anim_time * 200) * 10"],"0.6667":["0.0265-math.sin(query.anim_time * 200) * 10",6.12225,"5.9714-math.sin(query.anim_time * 200) * 10"],"0.9167":["0.0629-math.sin(query.anim_time * 200) * 10",2.15402,"6.4759- math.sin(query.anim_time * 200) * 10"]}}}},"animation.grumpig.blink":{"animation_length":0.5,"bones":{"eye":{"position":{"0.0":[0,0,0],"0.0417":[0.175,0,0],"0.4583":[0.175,0,0],"0.5":[0,0,0]}},"eye2":{"position":{"0.0":[0,0,0],"0.0417":[-0.175,0,0],"0.4583":[-0.175,0,0],"0.5":[0,0,0]}},"blink_left":{"position":{"0.0":[0,0,0],"0.0417":[0.15,0,0],"0.4583":[0.15,0,0],"0.5":[0,0,0]}},"blink_right":{"position":{"0.0":[0,0,0],"0.0417":[-0.15,0,0],"0.4583":[-0.15,0,0],"0.5":[0,0,0]}}}}}}