{
	"format_version": "1.8.0",
	"animations": {
		"animation.noivern.ground_idle": {
			"loop": true,
			"bones": {
				"body": {
					"rotation": [45, 0, 0],
					"position": [0, "-10+Math.cos((query.anim_time)*90*2)*0.6", 0]
				},
				"torso": {
					"rotation": ["27.5+Math.cos((query.anim_time)*90*2-90)*-1", 0, 0]
				},
				"torso2": {
					"rotation": ["-15+Math.cos((query.anim_time)*90*2)*3", 0, 0]
				},
				"torso3": {
					"rotation": ["-10+Math.cos((query.anim_time)*90*2)*-6", 0, 0]
				},
				"fluff_back": {
					"rotation": ["5+math.cos((query.anim_time)*90*2-90)*-2", 0, 0]
				},
				"neck": {
					"rotation": ["-10+Math.cos((query.anim_time)*90*2-90)*-3", 0, 0]
				},
				"neck2": {
					"rotation": [-10, 0, 0]
				},
				"head": {
					"rotation": [-20, 0, 0]
				},
				"shoulder_left": {
					"rotation": [95, "55+Math.cos((query.anim_time)*90*2)*3", 35],
					"position": ["0+Math.cos((query.anim_time)*90*2)*-0.3", "0+Math.cos((query.anim_time)*90*2)*-0.5", 0]
				},
				"shoulder_membrane_left": {
					"rotation": [-77.5, 0, 47.5]
				},
				"arm_left": {
					"rotation": [0, 7.5, 17.5]
				},
				"arm_membrane_left": {
					"rotation": [-72.5, 0, 0],
					"position": [0, 0.1, 0]
				},
				"arm_membrane_hidden_left": {
					"scale": 0
				},
				"elbow_left": {
					"rotation": [0, 0, "12.5+Math.cos((query.anim_time)*90*2)*5"]
				},
				"wing_trim_inner_left": {
					"rotation": [0, 0, 17.5]
				},
				"wing_trim_inner_left2": {
					"rotation": [0, 0, 7.5]
				},
				"elbow_membrane_left": {
					"rotation": [2.5, 0, 3.8],
					"position": [0, 0, -0.3]
				},
				"elbow_membrane_hidden_left2": {
					"scale": 0
				},
				"hand_left": {
					"rotation": [-0.5, -10, 27.5]
				},
				"hand_membrane_left": {
					"rotation": [0, 0, -3.5]
				},
				"finger_outer_left2": {
					"rotation": [15, 0, 0]
				},
				"finger_inner_left2": {
					"rotation": [15, 0, 0]
				},
				"finger_middle_left2": {
					"rotation": [15, 0, 0]
				},
				"wing_end_left": {
					"rotation": [0, 0, -16]
				},
				"wing_trim_outer_left": {
					"rotation": [0, 0, 0]
				},
				"wing_trim_outer_left2": {
					"rotation": [0, 0, 0]
				},
				"shoulder_right": {
					"rotation": [95, "-55+Math.cos((query.anim_time)*90*2)*-3", -35],
					"position": ["0+Math.cos((query.anim_time)*90*2)*0.3", "0+Math.cos((query.anim_time)*90*2)*-0.5", 0]
				},
				"shoulder_membrane_right": {
					"rotation": [-77.5, 0, -47.5]
				},
				"arm_right": {
					"rotation": [0, -7.5, -17.5]
				},
				"arm_membrane_right": {
					"rotation": [-72.5, 0, 0],
					"position": [0, 0.1, 0]
				},
				"arm_membrane_hidden_right": {
					"scale": 0
				},
				"elbow_right": {
					"rotation": [0, 0, "-12.5+Math.cos((query.anim_time)*90*2)*-5"]
				},
				"wing_trim_inner_right": {
					"rotation": [0, 0, -17.5]
				},
				"wing_trim_inner_right2": {
					"rotation": [0, 0, -7.5]
				},
				"elbow_membrane_right": {
					"rotation": [2.5, 0, -3.8],
					"position": [0, 0, -0.3]
				},
				"elbow_membrane_hidden_right2": {
					"scale": 0
				},
				"hand_right": {
					"rotation": [-0.5, 10, -27.5]
				},
				"hand_membrane_right": {
					"rotation": [0, 0, 3.5]
				},
				"finger_outer_right2": {
					"rotation": [15, 0, 0]
				},
				"finger_inner_right2": {
					"rotation": [15, 0, 0]
				},
				"finger_middle_right2": {
					"rotation": [15, 0, 0]
				},
				"wing_end_right": {
					"rotation": [0, 0, 16]
				},
				"wing_trim_outer_right": {
					"rotation": [0, 0, 0]
				},
				"wing_trim_outer_right2": {
					"rotation": [0, 0, 0]
				},
				"tail": {
					"rotation": ["-12.5+Math.cos((query.anim_time)*90*2)*-2", 0, 0],
					"position": [0, -3, -1]
				},
				"tail2": {
					"rotation": ["7.5+Math.cos((query.anim_time)*90*2-30)*-2", "0+Math.cos((query.anim_time)*90*1-90)*-2", 0]
				},
				"tail3": {
					"rotation": ["5+Math.cos((query.anim_time)*90*2-60)*-2", "0+Math.cos((query.anim_time)*90*1-130)*-12", 0]
				},
				"tail4": {
					"rotation": ["10+Math.cos((query.anim_time)*90*2-90)*-8", "0+Math.cos((query.anim_time)*90*1-170)*-12", 0]
				},
				"tail5": {
					"rotation": ["10+Math.cos((query.anim_time)*90*2-140)*-12", "0+Math.cos((query.anim_time)*90*1-220)*-20", 0]
				},
				"tail6": {
					"rotation": ["-7.5+Math.cos((query.anim_time)*90*2-200)*-26", "0+Math.cos((query.anim_time)*90*1-270)*-30", 0]
				},
				"tail7": {
					"rotation": ["-12.5+Math.cos((query.anim_time)*90*2-280)*-30", "0+Math.cos((query.anim_time)*90*1-350)*-50", 0]
				},
				"tail8": {
					"rotation": ["-20+Math.cos((query.anim_time)*90*2-320)*-30", "0+Math.cos((query.anim_time)*90*1-370)*-50", 0]
				},
				"leg_left": {
					"rotation": ["-27.5+Math.cos((query.anim_time)*90*2)*3", 0, 0],
					"position": ["0+Math.cos((query.anim_time)*90*2)*-0.1", "0+Math.cos((query.anim_time)*90*2)*0.2", "0+Math.cos((query.anim_time)*90*2)*-0.1"]
				},
				"knee_left": {
					"rotation": ["12.5+Math.cos((query.anim_time)*90*2)*-6", 12.5, 7.5]
				},
				"foot_left": {
					"rotation": ["-52.5+Math.cos((query.anim_time)*90*2)*3", 10, 12.5]
				},
				"foot_left2": {
					"rotation": [-2.5, 0, 0]
				},
				"foot_left3": {
					"rotation": [0, 0, 2.5]
				},
				"leg_right": {
					"rotation": ["-27.5+Math.cos((query.anim_time)*90*2)*3", 0, 0],
					"position": ["0+Math.cos((query.anim_time)*90*2)*0.1", "0+Math.cos((query.anim_time)*90*2)*0.2", "0+Math.cos((query.anim_time)*90*2)*-0.1"]
				},
				"knee_right": {
					"rotation": ["12.5+Math.cos((query.anim_time)*90*2)*-6", -12.5, -7.5]
				},
				"foot_right": {
					"rotation": ["-52.5+Math.cos((query.anim_time)*90*2)*3", -10, -12.5]
				},
				"foot_right2": {
					"rotation": [-2.5, 0, 0]
				},
				"foot_right3": {
					"rotation": [0, 0, -2.5]
				},
				"fingers_left": {
					"rotation": ["-65+Math.cos((query.anim_time)*90*2)*3", -16, "4.25+Math.cos((query.anim_time)*90*2)*-2"]
				},
				"fingers_right": {
					"rotation": ["-65+Math.cos((query.anim_time)*90*2)*3", 16, "-4.25+Math.cos((query.anim_time)*90*2)*2"]
				},
				"head_angle": {
					"rotation": ["-5+Math.cos((query.anim_time)*90*2-30)*5", 0, 0]
				},
				"elbow_membrane_hidden_left": {
					"rotation": [0, -75, 0]
				},
				"elbow_membrane_hidden_right": {
					"rotation": [0, 75, 0]
				},
				"hips": {
					"rotation": [0, 0, 0]
				},
				"locator_seat_1": {
					"rotation": ["9+Math.cos((query.anim_time)*90*2)*-4", 0, 0]
				}
			}
		},
		"animation.noivern.ground_walk": {
			"loop": true,
			"animation_length": 1,
			"bones": {
				"body": {
					"rotation": [45, 0, 0],
					"position": [0, -10, 0]
				},
				"torso": {
					"rotation": ["30+Math.cos((query.anim_time)*90*8-90)*3", "0+Math.cos((query.anim_time)*90*4)*3", "0+Math.cos((query.anim_time)*90*4)*10"],
					"position": ["0+Math.cos((query.anim_time)*90*4+90)*-1", "0+Math.cos((query.anim_time)*90*8-45)*-0.4", "1+Math.cos((query.anim_time)*90*8)*-0.8"]
				},
				"torso2": {
					"rotation": ["-22.5+Math.cos((query.anim_time)*90*8-150)*-3", "0+Math.cos((query.anim_time)*90*4)*-3", "0+Math.cos((query.anim_time)*90*4)*-10"]
				},
				"torso3": {
					"rotation": ["10+Math.cos((query.anim_time)*90*8-90)*3", "0+Math.cos((query.anim_time)*90*4-90)*10", "0+Math.cos((query.anim_time)*90*4+90)*12"]
				},
				"fluff_back": {
					"rotation": ["5+Math.cos((query.anim_time)*90*8-150)*-4", "0+Math.cos((query.anim_time)*90*4-180)*10", 0]
				},
				"neck": {
					"rotation": [
						"12.5+Math.cos((query.anim_time)*90*8-90)*-5",
						"0+Math.cos((query.anim_time)*90*4)*-4+Math.cos((query.anim_time)*90*4-90)*-10",
						"0+Math.cos((query.anim_time)*90*4+90)*-15"
					]
				},
				"neck2": {
					"rotation": ["-10+Math.cos((query.anim_time)*90*8)*-5", 0, 0]
				},
				"head": {
					"rotation": [-20, 0, 0]
				},
				"shoulder_left": {
					"rotation": {
						"0.0": [95, 67, 36.5],
						"0.0833": [95, 53.45, 24.58],
						"0.125": [95, 48.6, 27.465],
						"0.25": [95, 34, 43],
						"0.375": [95, 21.625, 60.805],
						"0.5": [95, 9, 50.75],
						"0.75": [75, 30, 36],
						"0.9583": [91.67, 62.655, 36.42],
						"1.0": [95, 67, 36.5]
					},
					"position": {
						"0.0": [0, -1, -1],
						"0.0833": [0, -1.425, -0.475],
						"0.125": [0, -0.63, -0.535],
						"0.1667": [0, -0.3, -0.525],
						"0.25": [0, -0.075, 0.025],
						"0.3333": [0, 0.055, 0.155],
						"0.375": [0, 0.015, -0.595],
						"0.4167": [0, -0.46, -0.935],
						"0.4583": [0, -0.945, -1.03],
						"0.5": [0, -1.05, -1.125],
						"0.5417": [0, -0.8, -0.92],
						"0.75": [0, 1.225, 2.625],
						"0.875": [0, 0.76, 1.85],
						"1.0": [0, -1, -1]
					}
				},
				"shoulder_membrane_left": {
					"rotation": {
						"0.0": [-77.5, 0, 47.5],
						"0.4167": [-99.5, -38, 47.5],
						"0.75": [-86.5, -21, 47.5],
						"1.0": [-77.5, 0, 47.5]
					}
				},
				"arm_left": {
					"rotation": [0, 7.5, 17.5]
				},
				"arm_membrane_left": {
					"rotation": {
						"0.0": [-72.5, 0, 0],
						"0.1667": [-72.5, -7, 0],
						"0.4583": [-93.5, -18, 0],
						"0.6667": [-71.5, -8, 0],
						"0.875": [-84.5, 0, 0],
						"1.0": [-72.5, 0, 0]
					},
					"position": [0, 0.1, 0]
				},
				"arm_membrane_hidden_left": {
					"scale": 0
				},
				"elbow_left": {
					"rotation": {
						"0.0": [0, -37, 24.5],
						"0.0833": [0, -25.375, 4.23],
						"0.125": [0, -23.1, -1.06],
						"0.1667": [0, -21.35, -3.27],
						"0.25": [0, -22.25, -5.5],
						"0.375": [0, -38.375, -3.95],
						"0.4167": [0, -35.055, -7.47],
						"0.5": [0, -15, -14.5],
						"0.5833": [0, -13.175, -17.5],
						"0.75": [0, -21, -23.5],
						"0.875": [0, -23.15, -3.3],
						"1.0": [0, -37, 24.5]
					}
				},
				"wing_trim_inner_left": {
					"rotation": [0, 0, 17.5]
				},
				"wing_trim_inner_left2": {
					"rotation": [0, 0, 7.5]
				},
				"elbow_membrane_left": {
					"rotation": [2.5, -2.5, 3.8],
					"position": [0, 0, -0.3]
				},
				"elbow_membrane_hidden_left2": {
					"scale": 0
				},
				"hand_left": {
					"rotation": [-0.5, -10, 27.5]
				},
				"hand_membrane_left": {
					"rotation": [0, 0, -3.5]
				},
				"finger_outer_left2": {
					"rotation": {
						"0.0": [15, 0, 0],
						"0.0833": [11, 0, 0],
						"0.3333": [-1, 0, 0],
						"0.5": [-16, 0, 0],
						"0.5833": [-14, 0, 0],
						"0.75": [46.34, 0, 0],
						"0.875": [25.95, 0, 0],
						"1.0": [15, 0, 0]
					}
				},
				"finger_inner_left2": {
					"rotation": {
						"0.0": [15, 0, 0],
						"0.0833": [11, 0, 0],
						"0.3333": [-1, 0, 0],
						"0.5": [-16, 0, 0],
						"0.5833": [-14, 0, 0],
						"0.75": [46.34, 0, 0],
						"0.875": [25.95, 0, 0],
						"1.0": [15, 0, 0]
					}
				},
				"finger_middle_left2": {
					"rotation": {
						"0.0": [15, 0, 0],
						"0.0833": [11, 0, 0],
						"0.3333": [-1, 0, 0],
						"0.5": [-16, 0, 0],
						"0.5833": [-16.5, 0, 0],
						"0.75": [46.34, 0, 0],
						"0.875": [25.95, 0, 0],
						"1.0": [15, 0, 0]
					}
				},
				"wing_end_left": {
					"rotation": {
						"0.0": [0, 0, -9.7],
						"0.0833": [0, 0, -14.35],
						"0.1667": [0, 0, -16],
						"0.5": [0, 0, -16],
						"0.75": [0, 0, -6],
						"0.9167": [0, 0, -7],
						"1.0": [0, 0, -9.7]
					}
				},
				"wing_trim_outer_left": {
					"rotation": [0, 0, 0]
				},
				"wing_trim_outer_left2": {
					"rotation": [0, 0, 0]
				},
				"shoulder_right": {
					"rotation": {
						"0.0": [95, -9, -50.75],
						"0.25": {
							"pre": [75, -30, -36],
							"post": [75, -30, -36],
							"lerp_mode": "catmullrom"
						},
						"0.4583": [91.67, -62.655, -36.42],
						"0.5": [95, -67, -36.5],
						"0.5833": [95, -53.45, -24.58],
						"0.625": [95, -48.6, -27.465],
						"0.75": [95, -34, -43],
						"0.875": [95, -21.625, -60.805],
						"1.0": [95, -9, -50.75]
					},
					"position": {
						"0.0": [0, -1.05, -1.125],
						"0.0417": [0, -0.8, -0.92],
						"0.25": {
							"pre": [0, 0.025, 0.225],
							"post": [0, 0.025, 0.225],
							"lerp_mode": "catmullrom"
						},
						"0.375": {
							"post": [0, -0.14, -0.15],
							"lerp_mode": "catmullrom"
						},
						"0.5": [0, -1, -1],
						"0.5833": [0, -1.425, -0.475],
						"0.625": [0, -0.63, -0.535],
						"0.6667": [0, -0.3, -0.525],
						"0.75": [0, -0.075, 0.025],
						"0.8333": [0, 0.055, 0.155],
						"0.875": [0, 0.015, -0.595],
						"0.9167": [0, -0.46, -0.935],
						"0.9583": [0, -0.945, -1.03],
						"1.0": [0, -1.05, -1.125]
					}
				},
				"shoulder_membrane_right": {
					"rotation": {
						"0.0": [-96.25, 33.75, -47.5],
						"0.25": [-86.5, 21, -47.5],
						"0.5": [-77.5, 0, -47.5],
						"0.9167": [-99.5, 38, -47.5],
						"1.0": [-96.25, 33.75, -47.5]
					}
				},
				"arm_right": {
					"rotation": {
						"0.0": [0, -7.5, -17.5],
						"0.25": {
							"pre": [0, -7.5, -30],
							"post": [0, -7.5, -30],
							"lerp_mode": "catmullrom"
						},
						"0.5": [0, -7.5, -17.5],
						"0.8333": [0, -7.5, -15],
						"1.0": [0, -7.5, -17.5]
					}
				},
				"arm_membrane_right": {
					"rotation": {
						"0.0": [-89.1, 16, 0],
						"0.1667": [-71.5, 8, 0],
						"0.375": [-84.5, 0, 0],
						"0.5": [-72.5, 0, 0],
						"0.6667": [-72.5, 7, 0],
						"0.9583": [-93.5, 18, 0],
						"1.0": [-89.1, 16, 0]
					},
					"position": {
						"0.0": [0, 0.1, 0],
						"0.5": [0, 0.1, 0],
						"1.0": [0, 0.1, 0]
					}
				},
				"arm_membrane_hidden_right": {
					"scale": 0
				},
				"elbow_right": {
					"rotation": {
						"0.0": [0, 15, 14.5],
						"0.0833": [0, 13.175, 17.5],
						"0.25": {
							"pre": [0, 21, 33.5],
							"post": [0, 21, 33.5],
							"lerp_mode": "catmullrom"
						},
						"0.375": {
							"post": [0, 23.15, 3.3],
							"lerp_mode": "catmullrom"
						},
						"0.5": [0, 37, -24.5],
						"0.5833": [0, 25.375, -4.23],
						"0.625": [0, 23.1, 1.06],
						"0.6667": [0, 21.35, 3.27],
						"0.75": [0, 22.25, 5.5],
						"0.875": [0, 38.375, 3.95],
						"0.9167": [0, 35.055, 7.47],
						"1.0": [0, 15, 14.5]
					}
				},
				"wing_trim_inner_right": {
					"rotation": [0, 0, -17.5]
				},
				"wing_trim_inner_right2": {
					"rotation": [0, 0, -7.5]
				},
				"elbow_membrane_right": {
					"rotation": [2.5, 2.5, -3.8],
					"position": [0, 0, -0.3]
				},
				"elbow_membrane_hidden_right2": {
					"scale": 0
				},
				"hand_right": {
					"rotation": [-0.5, 10, -27.5]
				},
				"hand_membrane_right": {
					"rotation": [0, 0, 3.5]
				},
				"finger_outer_right2": {
					"rotation": {
						"0.0": [-16, 0, 0],
						"0.0833": [-14, 0, 0],
						"0.25": [46.34, 0, 0],
						"0.375": [25.95, 0, 0],
						"0.5": [15, 0, 0],
						"0.5833": [11, 0, 0],
						"0.8333": [-1, 0, 0],
						"1.0": [-16, 0, 0]
					}
				},
				"finger_inner_right2": {
					"rotation": {
						"0.0": [-16, 0, 0],
						"0.0833": [-14, 0, 0],
						"0.25": [46.34, 0, 0],
						"0.375": [25.95, 0, 0],
						"0.5": [15, 0, 0],
						"0.5833": [11, 0, 0],
						"0.8333": [-1, 0, 0],
						"1.0": [-16, 0, 0]
					}
				},
				"finger_middle_right2": {
					"rotation": {
						"0.0": [-16, 0, 0],
						"0.0833": [-16.5, 0, 0],
						"0.25": [46.34, 0, 0],
						"0.375": [25.95, 0, 0],
						"0.5": [15, 0, 0],
						"0.5833": [11, 0, 0],
						"0.8333": [-1, 0, 0],
						"1.0": [-16, 0, 0]
					}
				},
				"wing_end_right": {
					"rotation": {
						"0.0": [0, 0, 16],
						"0.25": [0, 0, 6],
						"0.4167": [0, 0, 7],
						"0.5": [0, -17.5, 9.7],
						"0.5833": [0, 0, 14.35],
						"0.6667": [0, 0, 16],
						"1.0": [0, 0, 16]
					}
				},
				"wing_trim_outer_right": {
					"rotation": [0, 0, 0]
				},
				"wing_trim_outer_right2": {
					"rotation": [0, 0, 0]
				},
				"tail": {
					"rotation": ["-12.5+Math.cos((query.anim_time)*90*8-90)*-6", 0, "0+Math.cos((query.anim_time)*90*4-30)*-2"],
					"position": [0, -3, -1]
				},
				"tail2": {
					"rotation": ["Math.cos((query.anim_time)*90*8-120)*-2", "0+Math.cos((query.anim_time)*90*4-60)*-5", 0]
				},
				"tail3": {
					"rotation": ["5+Math.cos((query.anim_time)*90*8-160)*-3", "0+Math.cos((query.anim_time)*90*4-105)*-5", 0]
				},
				"tail4": {
					"rotation": ["10+Math.cos((query.anim_time)*90*8-210)*-4", "0+Math.cos((query.anim_time)*90*4-165)*-10", 0]
				},
				"tail5": {
					"rotation": ["10+Math.cos((query.anim_time)*90*8-270)*-10", "0+Math.cos((query.anim_time)*90*4-225)*-15", 0]
				},
				"tail6": {
					"rotation": ["-7.5+Math.cos((query.anim_time)*90*8-340)*-16", "0+Math.cos((query.anim_time)*90*4-240)*-20", 0]
				},
				"tail7": {
					"rotation": ["-12.5+Math.cos((query.anim_time)*90*8-420)*-20", "0+Math.cos((query.anim_time)*90*4-300)*-30", 0]
				},
				"tail8": {
					"rotation": ["-20+Math.cos((query.anim_time)*90*8-490)*-30", "0+Math.cos((query.anim_time)*90*4-380)*-50", 0]
				},
				"leg_left": {
					"rotation": {
						"0.0": [30.5, 0, 0],
						"0.0417": [23.77, 0.75, 0],
						"0.25": [-28.5, 4.5, 0],
						"0.4583": [-49.22, 8.25, 0],
						"0.5": [-51.5, 9, 0],
						"0.5417": [-49.22, 8.25, 0],
						"0.75": [-14.5, 4.5, 0],
						"0.9583": [25.93, 0.75, 0],
						"1.0": [30.5, 0, 0]
					},
					"position": {
						"0.0": [0, 0, 0],
						"0.1667": [0, 1.73, 1.495],
						"0.25": [0, 2, 1.75],
						"0.375": [0, 1.73, 1.495],
						"0.4583": [0, 1.19, 1.16],
						"0.5": [0, 0.525, 0.525],
						"0.5417": [0, -0.6, -0.625],
						"0.625": [0, 0, 0],
						"0.75": [0, -0.075, -0.3],
						"1.0": [0, 0, 0]
					}
				},
				"knee_left": {
					"rotation": {
						"0.0": [-39.5, 2.5, 7.5],
						"0.0833": {
							"pre": [-4.83, 5.83, 7.5],
							"post": [-4.83, 5.83, 7.5],
							"lerp_mode": "catmullrom"
						},
						"0.25": {
							"post": [19.5, 12.5, 7.5],
							"lerp_mode": "catmullrom"
						},
						"0.5": [20.5, 12.5, 7.5],
						"0.75": [7.5, 12.5, 10.75],
						"1.0": [-39.5, 2.5, 7.5]
					}
				},
				"foot_left": {
					"rotation": {
						"0.0": [-26.5, 34, 9.5],
						"0.0833": [-44.53, 28.1, 6.63],
						"0.2083": [-56.08, 19.25, 2.33],
						"0.4167": [-67.24, 13.5, 10.17],
						"0.5": [-61.5, 10, 12.5],
						"0.5833": [-53.83, 13.5, 10.17],
						"0.625": [-57, 11.25, 6],
						"0.75": [-61.9, 17, 2.5],
						"0.7917": [-59.55, 19.83, 3.67],
						"1.0": [-26.5, 34, 9.5]
					}
				},
				"foot_left2": {
					"rotation": [-2.5, 0, 0]
				},
				"foot_left3": {
					"rotation": {
						"0.0": [-15.67, 0, -3.5],
						"0.2083": [-4, 0, -3.5],
						"0.5": [0, 0, 2.5],
						"0.5833": [-6.67, 0, 0.5],
						"0.625": [0.75, 0, -0.5],
						"0.75": [0, 0, -3.5],
						"0.9583": [-18, 0, -3.5],
						"1.0": [-15.67, 0, -3.5]
					}
				},
				"leg_right": {
					"rotation": {
						"0.0": [-51.5, -9, 0],
						"0.0417": [-49.22, -8.25, 0],
						"0.25": [-14.5, -4.5, 0],
						"0.4583": [25.93, -0.75, 0],
						"0.5": [30.5, 0, 0],
						"0.5417": [23.77, -0.75, 0],
						"0.75": [-28.5, -4.5, 0],
						"0.9583": [-49.22, -8.25, 0],
						"1.0": [-51.5, -9, 0]
					},
					"position": {
						"0.0": [0, 0.525, 0.525],
						"0.0417": [0, -0.6, -0.625],
						"0.125": [0, 0, 0],
						"0.25": [0, -0.075, -0.3],
						"0.5": [0, 0, 0],
						"0.6667": [0, 1.73, 1.495],
						"0.75": [0, 2, 1.75],
						"0.875": [0, 1.73, 1.495],
						"0.9583": [0, 1.19, 1.16],
						"1.0": [0, 0.525, 0.525]
					}
				},
				"knee_right": {
					"rotation": {
						"0.0": [20.5, -12.5, -7.5],
						"0.25": [7.5, -12.5, -10.75],
						"0.5": [-39.5, -2.5, -7.5],
						"0.5833": {
							"pre": [-4.83, -5.83, -7.5],
							"post": [-4.83, -5.83, -7.5],
							"lerp_mode": "catmullrom"
						},
						"0.75": {
							"post": [19.5, -12.5, -7.5],
							"lerp_mode": "catmullrom"
						},
						"1.0": [20.5, -12.5, -7.5]
					}
				},
				"foot_right": {
					"rotation": {
						"0.0": [-61.5, -10, -12.5],
						"0.0833": [-53.83, -13.5, -10.17],
						"0.125": [-57, -11.25, -6],
						"0.25": [-61.9, -17, -2.5],
						"0.2917": [-59.55, -19.83, -3.67],
						"0.5": [-26.5, -34, -9.5],
						"0.5833": [-44.53, -28.1, -6.63],
						"0.7083": [-56.08, -19.25, -2.33],
						"0.9167": [-67.24, -13.5, -10.17],
						"1.0": [-61.5, -10, -12.5]
					}
				},
				"foot_right2": {
					"rotation": [-2.5, 0, 0]
				},
				"foot_right3": {
					"rotation": {
						"0.0": [0, 0, -2.5],
						"0.0833": [-6.67, 0, -0.5],
						"0.125": [0.75, 0, 0.5],
						"0.25": [0, 0, 3.5],
						"0.4583": [-18, 0, 3.5],
						"0.7083": [-4, 0, 3.5],
						"1.0": [0, 0, -2.5]
					}
				},
				"fingers_left": {
					"rotation": {
						"0.0": [-92, 5, 0],
						"0.0417": [-69, 3, 0],
						"0.0833": [-67.19, 4, 0],
						"0.1667": [-70.9, -9.33, 0],
						"0.3333": [-59.33, -18, -12],
						"0.4583": [-49, -30, -13],
						"0.5": [-50.75, -31, -10],
						"0.625": [-31, -16, 0],
						"0.8333": [-64, -4.925, 0],
						"1.0": [-92, 5, 0]
					}
				},
				"fingers_right": {
					"rotation": {
						"0.0": [-50.75, 31, 10],
						"0.125": [-31, 16, 0],
						"0.3333": [-64, 4.925, 0],
						"0.5": [-92, -5, 0],
						"0.5417": [-69, -3, 0],
						"0.5833": [-67.19, -4, 0],
						"0.6667": [-70.9, 9.33, 0],
						"0.8333": [-59.33, 18, 12],
						"0.9583": [-49, 30, 13],
						"1.0": [-50.75, 31, 10]
					}
				},
				"head_angle": {
					"rotation": ["-56.5+Math.cos((query.anim_time)*90*8+90)*3", 0, 0],
					"position": [0, 1.75, -2.5]
				},
				"elbow_membrane_hidden_left": {
					"rotation": {
						"0.0": [0, -45, 0],
						"0.1667": [0, -47.5, 0],
						"0.4583": [0, -39, 0],
						"0.6667": [0, -41.5, 0],
						"0.875": [0, -32.31, 0],
						"1.0": [0, -45, 0]
					}
				},
				"elbow_membrane_hidden_right": {
					"rotation": {
						"0.0": [0, 39.5, 0],
						"0.1667": [0, 41.5, 0],
						"0.375": [0, 32.31, 0],
						"0.5": [0, 45, 0],
						"0.6667": [0, 47.5, 0],
						"0.9583": [0, 39, 0],
						"1.0": [0, 39.5, 0]
					}
				},
				"hips": {
					"rotation": [12.5, 0, 0]
				},
				"locator_seat_1": {
					"rotation": ["9.5+Math.cos((query.anim_time)*90*8-90)*-5+Math.cos((query.anim_time)*90*8-150)*5", 0, 0],
					"position": [0, -4, 1]
				},
				"wing_end_membrane_left": {
					"rotation": {
						"0.0": [0, 0, 0],
						"0.25": [0, 0, 0],
						"0.5": [0, 4, 0],
						"0.75": [0, 8, 0],
						"1.0": [0, 0, 0]
					}
				},
				"wing_tip_left": {
					"rotation": {
						"0.0": [-1.675, 0, 5.95],
						"0.125": [0, 0, 0.975],
						"0.25": [0, 0, 0],
						"0.5": [-2.575, 0, 0],
						"0.75": [-7.475, 0, 8],
						"0.9583": [-6, 0, 7],
						"1.0": [-1.675, 0, 5.95]
					}
				},
				"wing_end_membrane_right": {
					"rotation": {
						"0.0": [0, -4, 0],
						"0.25": [0, -8, 0],
						"0.5": [0, 0, 0],
						"0.75": [0, 0, 0],
						"1.0": [0, -4, 0]
					}
				},
				"wing_tip_right": {
					"rotation": {
						"0.0": [-2.575, 0, 0],
						"0.25": [-7.475, 0, -8],
						"0.4583": [-6, 0, -7],
						"0.5": [-1.675, 0, -5.95],
						"0.625": [0, 0, -0.975],
						"0.75": [0, 0, 0],
						"1.0": [-2.575, 0, 0]
					}
				},
				"toe_inner_left": {
					"rotation": {
						"0.0": [0, 0, 0],
						"0.2917": [25, 0, 0],
						"0.5": [0, 0, 0],
						"1.0": [0, 0, 0]
					}
				},
				"toe_inner_left2": {
					"rotation": {
						"0.0": [-6.5, 0, 0],
						"0.1667": [8.5, 0, 0],
						"0.5": [0, 0, 0],
						"0.625": [0, 0, 0],
						"0.7083": [-3.05, 0, 0],
						"0.8333": [-18.4, 0, 0],
						"0.9167": [-14, 0, 0],
						"1.0": [-6.5, 0, 0]
					}
				},
				"toe_outer_left": {
					"rotation": {
						"0.0": [0, 0, 0],
						"0.2917": [25, 0, 0],
						"0.5": [0, 0, 0],
						"1.0": [0, 0, 0]
					}
				},
				"toe_outer_left2": {
					"rotation": {
						"0.0": [-6.5, 0, 0],
						"0.1667": [8.5, 0, 0],
						"0.5": [0, 0, 0],
						"0.625": [0, 0, 0],
						"0.7083": [-3.05, 0, 0],
						"0.8333": [-18.4, 0, 0],
						"0.9167": [-14, 0, 0],
						"1.0": [-6.5, 0, 0]
					}
				},
				"toe_inner_right": {
					"rotation": {
						"0.0": [0, 0, 0],
						"0.5": [0, 0, 0],
						"0.7917": [25, 0, 0],
						"1.0": [0, 0, 0]
					}
				},
				"toe_inner_right2": {
					"rotation": {
						"0.0": [0, 0, 0],
						"0.125": [0, 0, 0],
						"0.2083": [-3.05, 0, 0],
						"0.3333": [-18.4, 0, 0],
						"0.4167": [-14, 0, 0],
						"0.6667": [8.5, 0, 0],
						"1.0": [0, 0, 0]
					}
				},
				"toe_outer_right": {
					"rotation": {
						"0.0": [0, 0, 0],
						"0.5": [0, 0, 0],
						"0.7917": [25, 0, 0],
						"1.0": [0, 0, 0]
					}
				},
				"toe_outer_right2": {
					"rotation": {
						"0.0": [0, 0, 0],
						"0.125": [0, 0, 0],
						"0.2083": [-3.05, 0, 0],
						"0.3333": [-18.4, 0, 0],
						"0.4167": [-14, 0, 0],
						"0.6667": [8.5, 0, 0],
						"1.0": [0, 0, 0]
					}
				}
			}
		},
		"animation.noivern.ride_ground_run": {
			"loop": true,
			"bones": {
				"neck2": {
					"rotation": [0, 0, "0+q.r.yaw_change(0)*-10"]
				},
				"tail2": {
					"rotation": ["0+q.r.pitch_change(5)*5", "0+q.r.yaw_change(5)*-5", 0]
				},
				"tail3": {
					"rotation": ["0+q.r.pitch_change(10)*5", "0+q.r.yaw_change(10)*-5", 0]
				},
				"tail4": {
					"rotation": ["0+q.r.pitch_change(15)*5", "0+q.r.yaw_change(15)*-5", 0]
				},
				"tail5": {
					"rotation": ["0+q.r.pitch_change(20)*5", "0+q.r.yaw_change(20)*-5", 0]
				},
				"tail6": {
					"rotation": ["0+q.r.pitch_change(25)*5", "0+q.r.yaw_change(25)*-5", 0]
				},
				"tail7": {
					"rotation": ["0+q.r.pitch_change(30)*5", "0+q.r.yaw_change(30)*-5", 0]
				},
				"torso": {
					"rotation": [0, "0+q.r.yaw_change(0)*5", "0+q.r.yaw_change(0)*5"]
				},
				"torso2": {
					"rotation": [0, "0+q.r.yaw_change(0)*-5", 0]
				},
				"torso3": {
					"rotation": [0, "0+q.r.yaw_change(0)*-5", 0]
				},
				"neck": {
					"rotation": [0, 0, "0+q.r.yaw_change(0)*-10"]
				},
				"tail": {
					"rotation": [0, 0, 0]
				},
				"arms": {
					"rotation": [0, "0+q.r.yaw_change(0)*5", "0+q.r.yaw_change(0)*-5"]
				}
			}
		},
		"animation.noivern.ground_run2": {
			"loop": true,
			"animation_length": 0.5,
			"bones": {
				"body": {
					"rotation": [45, 0, 0],
					"position": {
						"0.0": [0, -8.85, 0],
						"0.0417": [0, -11.025, 0],
						"0.0833": [0, -11.385, 0],
						"0.125": [0, -11, 0],
						"0.2083": {
							"pre": [0, -4.75, 0],
							"post": [0, -4.75, 0],
							"lerp_mode": "catmullrom"
						},
						"0.25": {
							"post": [0, 0.23, 0],
							"lerp_mode": "catmullrom"
						},
						"0.2917": {
							"post": [0, 3.525, 0],
							"lerp_mode": "catmullrom"
						},
						"0.3333": {
							"post": [0, 4.3, 0],
							"lerp_mode": "catmullrom"
						},
						"0.375": {
							"post": [0, 3.86, 0],
							"lerp_mode": "catmullrom"
						},
						"0.4167": {
							"post": [0, 1.21, 0],
							"lerp_mode": "catmullrom"
						},
						"0.4583": {
							"post": [0, -3.7, 0],
							"lerp_mode": "catmullrom"
						},
						"0.5": [0, -8.85, 0]
					}
				},
				"torso": {
					"rotation": {
						"0.0": [38.225, "0+Math.cos((query.anim_time)*90*8-90)*10", 0],
						"0.0417": [38.245, "0+Math.cos((query.anim_time)*90*8-90)*10", 0],
						"0.0833": [35.22, "0+Math.cos((query.anim_time)*90*8-90)*10", 0],
						"0.125": [30.825, "0+Math.cos((query.anim_time)*90*8-90)*10", 0],
						"0.2083": [17.07, "0+Math.cos((query.anim_time)*90*8-90)*10", 0],
						"0.25": [11.075, "0+Math.cos((query.anim_time)*90*8-90)*10", 0],
						"0.2917": [9.5, "0+Math.cos((query.anim_time)*90*8-90)*10", 0],
						"0.3333": [10.95, "0+Math.cos((query.anim_time)*90*8-90)*10", 0],
						"0.375": [17.39, "0+Math.cos((query.anim_time)*90*8-90)*10", 0],
						"0.4583": [35.075, "0+Math.cos((query.anim_time)*90*8-90)*10", 0],
						"0.5": [38.225, "0+Math.cos((query.anim_time)*90*8-90)*10", 0]
					},
					"position": {
						"0.0": [0, 0.65, 0.675],
						"0.0417": [0, 0.305, 0.025],
						"0.0833": [0, 0.25, 0.05],
						"0.125": [0, 0.375, 0.15],
						"0.2083": [0, 0.25, 0],
						"0.2917": [0, 1, 1],
						"0.375": [0, 1.92, 1.87],
						"0.4167": [0, 2, 2],
						"0.4583": [0, 1.73, 1.665],
						"0.5": [0, 0.65, 0.675]
					}
				},
				"torso2": {
					"rotation": ["-15+Math.cos((query.anim_time)*90*8-90)*-8", 0, 0]
				},
				"torso3": {
					"rotation": ["10+Math.cos((query.anim_time)*90*8-150)*12", "0+Math.cos((query.anim_time)*90*8-90)*-10", "0+Math.cos((query.anim_time)*90*8-90)*3"]
				},
				"fluff_back": {
					"rotation": ["-5+Math.cos((query.anim_time)*90*8-180)*-10", "0+Math.cos((query.anim_time)*90*8-90)*-12", 0],
					"position": [0, 0, -1.75]
				},
				"neck": {
					"rotation": ["15+Math.cos((query.anim_time)*90*8-150)*8", 0, 0]
				},
				"neck2": {
					"rotation": ["-12.5+Math.cos((query.anim_time)*90*8-220)*8", 0, 0]
				},
				"head": {
					"rotation": [-20, 0, 0]
				},
				"shoulder_left": {
					"rotation": {
						"0.0": [95, 37.945, 20.11],
						"0.0417": [95, 49.31, 8.11],
						"0.0833": [95, 72.5, 17.5],
						"0.1667": [95, 35.075, 53.225],
						"0.2083": [95, 36.375, 59.83],
						"0.2917": [95, 3.5, 71.7],
						"0.4583": [95, 29.93, 35.07],
						"0.5": [95, 37.945, 20.11]
					},
					"position": {
						"0.0": [0, 1.15, -1.25],
						"0.0833": [0, 3, -1.4],
						"0.125": [0, 1.335, -1.485],
						"0.1667": [0, 0.2, -1.825],
						"0.25": [0, -1.05, -2],
						"0.3333": [0, -0.725, -1.85],
						"0.4167": [0, 0.5, -1.1],
						"0.5": [0, 1.15, -1.25]
					}
				},
				"shoulder_membrane_left": {
					"rotation": {
						"0.0": [-77.5, 0, 47.5],
						"0.0417": [-94.5, 14, 47.5],
						"0.1667": [-82.5, -31, 47.5],
						"0.25": [-77.5, -54, 29.5],
						"0.4167": [-77.5, -26, 29.5],
						"0.5": [-77.5, 0, 47.5]
					}
				},
				"arm_left": {
					"rotation": {
						"0.0": [-25, 7.5, 17.5],
						"0.0833": [0, 7.5, 17.5],
						"0.375": [0, 7.5, 17.5],
						"0.5": [-25, 7.5, 17.5]
					}
				},
				"arm_membrane_left": {
					"rotation": {
						"0.0": [-78.5, 0, 0],
						"0.2083": [-72.5, -25, 0],
						"0.5": [-78.5, 0, 0]
					},
					"position": [0, 0.1, 0]
				},
				"arm_membrane_hidden_left": {
					"scale": 0
				},
				"elbow_left": {
					"rotation": {
						"0.0": [-20, -11.38, -16.88],
						"0.0417": [-34.875, -25.325, -1.3],
						"0.0833": [-34.05, -23.65, 24.325],
						"0.125": [-29, -36.5, -4],
						"0.1667": [5.175, -54.5, -20.5],
						"0.2083": [0, -27.33, -13.63],
						"0.25": [0, -28.17, -1.72],
						"0.2917": [0, -20, 11.4],
						"0.375": [0, 14.75, 29.825],
						"0.4167": [0, 12.5, -4.25],
						"0.4583": [-10.475, 3.925, -9.95],
						"0.5": [-20, -11.38, -16.88]
					}
				},
				"wing_trim_inner_left": {
					"rotation": [0, 0, 17.5]
				},
				"wing_trim_inner_left2": {
					"rotation": [0, 0, 7.5]
				},
				"elbow_membrane_left": {
					"rotation": [2.5, 0, 3.8],
					"position": [0, 0, -0.3]
				},
				"elbow_membrane_hidden_left2": {
					"scale": 0
				},
				"hand_left": {
					"rotation": [-0.5, -10, 27.5]
				},
				"hand_membrane_left": {
					"rotation": {
						"0.0": [0, 0, -3.5],
						"0.125": [0, 0, -3.5],
						"0.1667": [0, 7, -3.5],
						"0.25": [0, 0, -3.5]
					}
				},
				"finger_outer_left2": {
					"rotation": {
						"0.0": [46.25, 0, 0],
						"0.0833": [27.5, 0, 0],
						"0.2083": [15, 0, 0],
						"0.25": [-30, 0, 0],
						"0.4167": [65, 0, 0],
						"0.5": [46.25, 0, 0]
					}
				},
				"finger_inner_left2": {
					"rotation": {
						"0.0": [46.25, 0, 0],
						"0.0833": [27.5, 0, 0],
						"0.2083": [15, 0, 0],
						"0.25": [-30, 0, 0],
						"0.4167": [65, 0, 0],
						"0.5": [46.25, 0, 0]
					}
				},
				"finger_middle_left2": {
					"rotation": {
						"0.0": [46.25, 0, 0],
						"0.0833": [27.5, 0, 0],
						"0.2083": [15, 0, 0],
						"0.25": [-30, 0, 0],
						"0.4167": [65, 0, 0],
						"0.5": [46.25, 0, 0]
					}
				},
				"wing_end_left": {
					"rotation": {
						"0.0": [0, 0, -1],
						"0.0833": [0, 0, -1],
						"0.125": [0, -10, -1],
						"0.1667": [0, 9, -1],
						"0.25": [0, 0, -1]
					}
				},
				"wing_trim_outer_left": {
					"rotation": [0, 0, 0]
				},
				"wing_trim_outer_left2": {
					"rotation": [0, 0, 0]
				},
				"shoulder_right": {
					"rotation": {
						"0.0": [95, -72.5, -17.5],
						"0.0833": {
							"pre": [95, -23.25, -45.5],
							"post": [95, -23.25, -45.5],
							"lerp_mode": "catmullrom"
						},
						"0.2083": {
							"post": [95, -3.5, -77.25],
							"lerp_mode": "catmullrom"
						},
						"0.375": {
							"post": [95, -29.93, -35.07],
							"lerp_mode": "catmullrom"
						},
						"0.5": [95, -72.5, -17.5]
					},
					"position": {
						"0.0": [0, 3, -1.4],
						"0.0417": [0, 1.335, -1.485],
						"0.0833": [0, 0.2, -1.825],
						"0.1667": [0, -1.05, -2],
						"0.25": [0, -0.725, -1.85],
						"0.3333": [0, 0.5, -1.1],
						"0.4167": [0, 1.15, -1.25],
						"0.5": [0, 3, -1.4]
					}
				},
				"shoulder_membrane_right": {
					"rotation": {
						"0.0": [-82.5, -13, -47.5],
						"0.0417": [-81.5, -1, -47.5],
						"0.1667": [-105.5, 44, -47.5],
						"0.2917": [-85.5, 41, -47.5],
						"0.375": [-77.5, 23, -47.5],
						"0.4583": [-82.5, -13, -47.5]
					}
				},
				"arm_right": {
					"rotation": [0, -7.5, -17.5]
				},
				"arm_membrane_right": {
					"rotation": {
						"0.0": [-87.5, 0, 0],
						"0.125": [-87.5, 28, 0],
						"0.2083": [-93.5, 61, 0],
						"0.2917": [-79.5, 28, 0],
						"0.5": [-87.5, 0, 0]
					},
					"position": [0, 0.1, 0]
				},
				"arm_membrane_hidden_right": {
					"scale": 0
				},
				"elbow_right": {
					"rotation": {
						"0.0": [-24.05, 23.65, -30.5],
						"0.0417": [-29, 26.5, -5],
						"0.0833": [0, 54.5, 20.5],
						"0.125": [0, 36.33, 16.53],
						"0.1667": [0, 28.17, 5.47],
						"0.2083": [0, 20, -11.4],
						"0.2917": [0, -14.75, -29.825],
						"0.3333": [0, -12.5, -22.75],
						"0.375": [-10.475, -3.925, 12.95],
						"0.4167": [-20, 11.38, 14.88],
						"0.4583": [-22.875, 14.325, -11.7],
						"0.5": [-24.05, 23.65, -30.5]
					}
				},
				"wing_trim_inner_right": {
					"rotation": [0, 0, -17.5]
				},
				"wing_trim_inner_right2": {
					"rotation": [0, 0, -7.5]
				},
				"elbow_membrane_right": {
					"rotation": {
						"0.0": [2.5, 0, -3.8],
						"0.0417": [2.5, 0, -3.8],
						"0.0833": [2.5, -4, -3.8],
						"0.125": [0, 0, 0]
					},
					"position": [0, 0, -0.3]
				},
				"elbow_membrane_hidden_right2": {
					"scale": 0
				},
				"hand_right": {
					"rotation": [-0.5, 10, -27.5]
				},
				"hand_membrane_right": {
					"rotation": [0, 0, 3.5]
				},
				"finger_outer_right2": {
					"rotation": {
						"0.0": [27.5, 0, 0],
						"0.125": [15, 0, 0],
						"0.1667": [-30, 0, 0],
						"0.3333": [65, 0, 0],
						"0.5": [27.5, 0, 0]
					}
				},
				"finger_inner_right2": {
					"rotation": {
						"0.0": [27.5, 0, 0],
						"0.125": [15, 0, 0],
						"0.1667": [-30, 0, 0],
						"0.3333": [65, 0, 0],
						"0.5": [27.5, 0, 0]
					}
				},
				"finger_middle_right2": {
					"rotation": {
						"0.0": [27.5, 0, 0],
						"0.125": [15, 0, 0],
						"0.1667": [-30, 0, 0],
						"0.3333": [65, 0, 0],
						"0.5": [27.5, 0, 0]
					}
				},
				"wing_end_right": {
					"rotation": {
						"0.0": [0, 0, 1],
						"0.0417": [0, 10, 1],
						"0.0833": [0, -14, 1],
						"0.125": [0, 0, 1]
					}
				},
				"wing_trim_outer_right": {
					"rotation": [0, 0, 0]
				},
				"wing_trim_outer_right2": {
					"rotation": [0, 0, 0]
				},
				"tail": {
					"rotation": ["-20+Math.cos((query.anim_time)*90*8-150)*-3", "0+Math.cos((query.anim_time)*90*8-90)*-10", "0+Math.cos((query.anim_time)*90*8-90)*4"],
					"position": [0, -3, -1]
				},
				"tail2": {
					"rotation": ["-7.5+Math.cos((query.anim_time)*90*8-170)*-3", 0, 0]
				},
				"tail3": {
					"rotation": ["0+Math.cos((query.anim_time)*90*8-200)*-6", 0, 0]
				},
				"tail4": {
					"rotation": ["5+Math.cos((query.anim_time)*90*8-240)*-15", 0, 0]
				},
				"tail5": {
					"rotation": ["2.5+Math.cos((query.anim_time)*90*8-290)*-15", 0, 0]
				},
				"tail6": {
					"rotation": ["2.5+Math.cos((query.anim_time)*90*8-320)*-40", 0, 0]
				},
				"tail7": {
					"rotation": ["7.5+Math.cos((query.anim_time)*90*8-0)*-50", 0, 0]
				},
				"tail8": {
					"rotation": ["0+Math.cos((query.anim_time)*90*8-30)*-50", 0, 0]
				},
				"leg_left": {
					"rotation": {
						"0.0": [2.3, 7.2, 0],
						"0.0417": [21.53, 10.8, 0],
						"0.125": [48, 18, 3.3],
						"0.25": [5.36, 10.29, 12.5],
						"0.4167": [-51.5, 0, 0],
						"0.4583": [-44.6, 3.6, 0],
						"0.5": [2.3, 7.2, 0]
					},
					"position": {
						"0.0": [0, -3, 0],
						"0.0417": [0, -1.92, 1.92],
						"0.125": [0, -2, 2],
						"0.2917": [0, 0, 4],
						"0.4167": [0, 1.625, 1.4],
						"0.4583": [0, 0, -2],
						"0.5": [0, -3, 0]
					}
				},
				"knee_left": {
					"rotation": {
						"0.0": [-5.3, 12.5, 7.5],
						"0.0417": [-20.045, 12.5, 7.5],
						"0.125": [-46.5, 10.525, 4.975],
						"0.1667": [-24.81, 8.3, 3.575],
						"0.25": [9.86, -4.5, -1.5],
						"0.3333": [10.18, 8.025, 5.55],
						"0.4167": [-37.5, 12.5, 7.5],
						"0.4583": [-19.4, 12.5, 7.5],
						"0.5": [-5.3, 12.5, 7.5]
					}
				},
				"foot_left": {
					"rotation": {
						"0.0": [-60.5, 10, 12.5],
						"0.125": [11, 10, 12.5],
						"0.3333": [-33.79, 10, 12.5],
						"0.4167": [-5.5, -1, 12.5],
						"0.4583": [-21, 10, 12.5],
						"0.5": [-60.5, 10, 12.5]
					}
				},
				"foot_left2": {
					"rotation": [-2.5, 0, 0]
				},
				"foot_left3": {
					"rotation": {
						"0.0": [0, 0, 2.5],
						"0.0417": [-9, 0, 2.5],
						"0.0833": [5, 0, 2.5],
						"0.2083": [30, 0, 2.5],
						"0.4167": [-3, 0, 2.5],
						"0.5": [0, 0, 2.5]
					}
				},
				"leg_right": {
					"rotation": {
						"0.0": [-44.6, -3.6, 0],
						"0.0417": [2.3, -7.2, 0],
						"0.0833": [21.53, -10.8, 0],
						"0.1667": [48, -18, -3.3],
						"0.2917": [5.36, -10.29, -12.5],
						"0.4583": [-51.5, 0, 0],
						"0.5": [-44.6, -3.6, 0]
					},
					"position": {
						"0.0": [0, -1, 4],
						"0.0417": [0, -2, 2],
						"0.0833": [0, -1.92, 1.92],
						"0.1667": [0, -2, 2],
						"0.3333": [0, 0, 4],
						"0.4583": [0, -0.375, 3.4],
						"0.5": [0, -1, 4]
					}
				},
				"knee_right": {
					"rotation": {
						"0.0": [-19.4, -12.5, -7.5],
						"0.0417": [-5.3, -12.5, -7.5],
						"0.0833": [-20.045, -12.5, -7.5],
						"0.1667": [-46.5, -10.525, -4.975],
						"0.2083": [-24.81, -8.3, -3.575],
						"0.2917": [9.86, 4.5, 1.5],
						"0.375": [10.18, -8.025, -5.55],
						"0.4583": [-37.5, -12.5, -7.5],
						"0.5": [-19.4, -12.5, -7.5]
					}
				},
				"foot_right": {
					"rotation": {
						"0.0": [-21, -10, -12.5],
						"0.0417": [-60.5, -10, -12.5],
						"0.1667": [11, -10, -12.5],
						"0.375": [-33.79, -10, -12.5],
						"0.4583": [-5.5, 1, -12.5],
						"0.5": [-21, -10, -12.5]
					}
				},
				"foot_right2": {
					"rotation": [-2.5, 0, 0]
				},
				"foot_right3": {
					"rotation": {
						"0.0417": [0, 0, -2.5],
						"0.0833": [-9, 0, -2.5],
						"0.125": [5, 0, -2.5],
						"0.25": [30, 0, -2.5],
						"0.4583": [-3, 0, -2.5]
					}
				},
				"fingers_left": {
					"rotation": {
						"0.0": [0.57, -24.85, 0],
						"0.0833": [-65, -16, 0],
						"0.125": [-43.4, -1.65, -3],
						"0.1667": [-34.4, -0.65, -3],
						"0.2083": [-67.4, -17.65, -3],
						"0.25": [-24.4, -33.65, -3],
						"0.2917": [21, -47, 0],
						"0.4167": [66.14, -33.71, 0],
						"0.5": [0.57, -24.85, 0]
					}
				},
				"fingers_right": {
					"rotation": {
						"0.0": [-65, 16, 0],
						"0.0417": [-54.4, 1.65, 3],
						"0.0833": [-54.4, -9.35, 3],
						"0.125": [-81.4, 17.65, 3],
						"0.1667": [-24.4, 33.65, 3],
						"0.2083": [21, 47, 0],
						"0.3333": [66.14, 33.71, 0],
						"0.5": [-65, 16, 0]
					}
				},
				"head_angle": {
					"rotation": ["-65+Math.cos((query.anim_time)*90*8-160)*-12", 0, 0],
					"position": [0, 2, -3]
				},
				"elbow_membrane_hidden_left": {
					"rotation": {
						"0.0": [0, -45, 0],
						"0.0417": [0, -44, 0],
						"0.0833": [0, -33.5, -25],
						"0.125": [0, -19, 0],
						"0.1667": [0, -13, 0],
						"0.25": [0, -47.4, 0],
						"0.375": [0, -105, 0],
						"0.5": [0, -45, 0]
					}
				},
				"elbow_membrane_hidden_right": {
					"rotation": {
						"0.0": [0, 50, 0],
						"0.0833": [0, 17, 0],
						"0.1667": [0, 67, 0],
						"0.2917": [0, 104, 17],
						"0.4167": [0, 55, 0],
						"0.5": [0, 50, 0]
					}
				},
				"hips": {
					"rotation": [20, 0, 0]
				},
				"locator_seat_1": {
					"rotation": ["-3+Math.cos((query.anim_time)*90*8-150)*12", "0+Math.cos((query.anim_time)*90*8-90)*-8", "0+Math.cos((query.anim_time)*90*8-90)*3"]
				},
				"wing_end_membrane_hidden_left": {
					"position": [-2, 0, 0]
				},
				"wing_tip_left": {
					"rotation": [0, 0, 10]
				},
				"hand_membrane_hidden_right": {
					"rotation": {
						"0.0": [0, 0, 0],
						"0.0417": [0, 0, 0],
						"0.0833": [0, -18, 0],
						"0.1667": [0, 0, 0]
					}
				},
				"wing_end_membrane_hidden_right": {
					"position": [2, 0, 0]
				},
				"wing_tip_right": {
					"rotation": [0, 0, -10]
				},
				"toe_inner_left": {
					"rotation": {
						"0.0": [0, 0, 0],
						"0.0833": [0, 0, 0],
						"0.2083": [39, 0, 0],
						"0.375": [0, 0, 0],
						"0.4167": [0, 0, 0],
						"0.5": [0, 0, 0]
					}
				},
				"toe_inner_left2": {
					"rotation": {
						"0.0": [-22, 0, 0],
						"0.0417": [-41, 0, 0],
						"0.0833": [-41, 0, 0],
						"0.125": [-59, 0, 0],
						"0.1667": [17, 0, 0],
						"0.4167": [0, 0, 0],
						"0.4583": [-15, 0, 0],
						"0.5": [-22, 0, 0]
					},
					"position": {
						"0.0417": [0, 0, 0],
						"0.0833": [0, 0, 1],
						"0.125": [0, 0, 1],
						"0.1667": [0, 0, 0]
					}
				},
				"toe_outer_left": {
					"rotation": {
						"0.0": [0, 0, 0],
						"0.0833": [0, 0, 0],
						"0.2083": [39, 0, 0],
						"0.375": [0, 0, 0],
						"0.4167": [0, 0, 0],
						"0.5": [0, 0, 0]
					}
				},
				"toe_outer_left2": {
					"rotation": {
						"0.0": [-22, 0, 0],
						"0.0417": [-41, 0, 0],
						"0.0833": [-41, 0, 0],
						"0.125": [-59, 0, 0],
						"0.1667": [17, 0, 0],
						"0.4167": [0, 0, 0],
						"0.4583": [-15, 0, 0],
						"0.5": [-22, 0, 0]
					},
					"position": {
						"0.0417": [0, 0, 0],
						"0.0833": [0, 0, 1],
						"0.125": [0, 0, 1],
						"0.1667": [0, 0, 0]
					}
				},
				"toe_inner_right": {
					"rotation": {
						"0.0417": [0, 0, 0],
						"0.125": [0, 0, 0],
						"0.25": [39, 0, 0],
						"0.4167": [0, 0, 0],
						"0.4583": [0, 0, 0]
					}
				},
				"toe_inner_right2": {
					"rotation": {
						"0.0": [-15, 0, 0],
						"0.0417": [-22, 0, 0],
						"0.0833": [-41, 0, 0],
						"0.125": [-41, 0, 0],
						"0.1667": [-59, 0, 0],
						"0.2083": [17, 0, 0],
						"0.4583": [0, 0, 0],
						"0.5": [-15, 0, 0]
					},
					"position": {
						"0.0833": [0, 0, 0],
						"0.125": [0, 0, 1],
						"0.1667": [0, 0, 1],
						"0.2083": [0, 0, 0]
					}
				},
				"toe_outer_right": {
					"rotation": {
						"0.0417": [0, 0, 0],
						"0.125": [0, 0, 0],
						"0.25": [39, 0, 0],
						"0.4167": [0, 0, 0],
						"0.4583": [0, 0, 0]
					}
				},
				"toe_outer_right2": {
					"rotation": {
						"0.0": [-15, 0, 0],
						"0.0417": [-22, 0, 0],
						"0.0833": [-41, 0, 0],
						"0.125": [-41, 0, 0],
						"0.1667": [-59, 0, 0],
						"0.2083": [17, 0, 0],
						"0.4583": [0, 0, 0],
						"0.5": [-15, 0, 0]
					},
					"position": {
						"0.0833": [0, 0, 0],
						"0.125": [0, 0, 1],
						"0.1667": [0, 0, 1],
						"0.2083": [0, 0, 0]
					}
				}
			}
		},
		"animation.noivern.ride_ground": {
			"loop": true,
			"bones": {
				"neck2": {
					"rotation": [0, 0, "0+q.r.yaw_change(0)*-10"]
				},
				"tail2": {
					"rotation": ["0+q.r.pitch_change(5)*5", "0+q.r.yaw_change(5)*-5", 0]
				},
				"tail3": {
					"rotation": ["0+q.r.pitch_change(10)*5", "0+q.r.yaw_change(10)*-5", 0]
				},
				"tail4": {
					"rotation": ["0+q.r.pitch_change(15)*5", "0+q.r.yaw_change(15)*-5", 0]
				},
				"tail5": {
					"rotation": ["0+q.r.pitch_change(20)*5", "0+q.r.yaw_change(20)*-5", 0]
				},
				"tail6": {
					"rotation": ["0+q.r.pitch_change(25)*5", "0+q.r.yaw_change(25)*-5", 0]
				},
				"tail7": {
					"rotation": ["0+q.r.pitch_change(30)*5", "0+q.r.yaw_change(30)*-5", 0]
				},
				"torso": {
					"rotation": [0, "0+q.r.yaw_change(0)*5", "0+q.r.yaw_change(0)*5"]
				},
				"torso2": {
					"rotation": [0, "0+q.r.yaw_change(0)*-5", 0]
				},
				"torso3": {
					"rotation": [0, "0+q.r.yaw_change(0)*-5", 0]
				},
				"neck": {
					"rotation": [0, 0, "0+q.r.yaw_change(0)*-10"]
				},
				"tail": {
					"rotation": [0, 0, 0]
				},
				"arms": {
					"rotation": [0, "0+q.r.yaw_change(0)*5", "0+q.r.yaw_change(0)*-5"]
				}
			}
		},
		"animation.noivern.ride_jump": {
			"loop": true,
			"bones": {
				"body": {
					"rotation": ["45+q.r.velocity_y(0)*-30+Math.cos((query.anim_time)*90*24-180)*0.5", 0, 0],
					"position": [0, "q.r.velocity_y(0)*4+Math.cos((query.anim_time)*90*24-90)*0.2", 0]
				},
				"torso": {
					"rotation": [27.5, 0, 0]
				},
				"torso2": {
					"rotation": [-15, 0, 0]
				},
				"torso3": {
					"rotation": ["-10+math.clamp(q.r.velocity_y(0),-1,0.5)*-20+Math.cos((query.anim_time)*90*24-180)*-1", 0, 0]
				},
				"fluff_back": {
					"rotation": ["-10+Math.cos((query.anim_time)*90*24-90)*-1", 0, 0]
				},
				"neck": {
					"rotation": ["-10+math.clamp(q.r.velocity_y(0),0,1)*20", 0, 0]
				},
				"neck2": {
					"rotation": [-10, 0, 0]
				},
				"head": {
					"rotation": [-20, 0, 0]
				},
				"shoulder_left": {
					"rotation": [95, "55+q.r.velocity_y(0)*-20", "35+q.r.velocity_y(0)*20"]
				},
				"shoulder_membrane_left": {
					"rotation": [-77.5, 0, 47.5]
				},
				"arm_left": {
					"rotation": [0, 7.5, 17.5]
				},
				"arm_membrane_left": {
					"rotation": [-72.5, 0, 0],
					"position": [0, 0.1, 0]
				},
				"arm_membrane_hidden_left": {
					"scale": 0
				},
				"elbow_left": {
					"rotation": [0, "0+math.clamp(q.r.velocity_y(0),-1,0.5)*50", "12.5+Math.cos((query.anim_time)*90*24-180)*0.5"]
				},
				"wing_trim_inner_left": {
					"rotation": [0, 0, 17.5]
				},
				"wing_trim_inner_left2": {
					"rotation": [0, 0, 7.5]
				},
				"elbow_membrane_left": {
					"rotation": [2.5, 0, 3.8],
					"position": [0, 0, -0.3]
				},
				"elbow_membrane_hidden_left2": {
					"scale": 0
				},
				"hand_left": {
					"rotation": [-0.5, -10, 27.5]
				},
				"hand_membrane_left": {
					"rotation": [0, 0, -3.5]
				},
				"finger_outer_left2": {
					"rotation": [15, 0, 0]
				},
				"finger_inner_left2": {
					"rotation": [15, 0, 0]
				},
				"finger_middle_left2": {
					"rotation": [15, 0, 0]
				},
				"wing_end_left": {
					"rotation": [0, 0, "-16+Math.cos((query.anim_time)*90*24-270)*1"]
				},
				"wing_trim_outer_left": {
					"rotation": [0, 0, 0]
				},
				"wing_trim_outer_left2": {
					"rotation": [0, 0, 0]
				},
				"shoulder_right": {
					"rotation": [95, "-55+q.r.velocity_y(0)*20", "-35+q.r.velocity_y(0)*-20"]
				},
				"shoulder_membrane_right": {
					"rotation": [-77.5, 0, -47.5]
				},
				"arm_right": {
					"rotation": [0, -7.5, -17.5]
				},
				"arm_membrane_right": {
					"rotation": [-72.5, 0, 0],
					"position": [0, 0.1, 0]
				},
				"arm_membrane_hidden_right": {
					"scale": 0
				},
				"elbow_right": {
					"rotation": [0, "0+math.clamp(q.r.velocity_y(0),-1,0.5)*-50", "-12.5+Math.cos((query.anim_time)*90*24-180)*-0.5"]
				},
				"wing_trim_inner_right": {
					"rotation": [0, 0, -17.5]
				},
				"wing_trim_inner_right2": {
					"rotation": [0, 0, -7.5]
				},
				"elbow_membrane_right": {
					"rotation": [2.5, 0, -3.8],
					"position": [0, 0, -0.3]
				},
				"elbow_membrane_hidden_right2": {
					"scale": 0
				},
				"hand_right": {
					"rotation": [-0.5, 10, -27.5]
				},
				"hand_membrane_right": {
					"rotation": [0, 0, 3.5]
				},
				"finger_outer_right2": {
					"rotation": [15, 0, 0]
				},
				"finger_inner_right2": {
					"rotation": [15, 0, 0]
				},
				"finger_middle_right2": {
					"rotation": [15, 0, 0]
				},
				"wing_end_right": {
					"rotation": [0, 0, "16+Math.cos((query.anim_time)*90*24-270)*-1"]
				},
				"wing_trim_outer_right": {
					"rotation": [0, 0, 0]
				},
				"wing_trim_outer_right2": {
					"rotation": [0, 0, 0]
				},
				"tail": {
					"rotation": [-12.5, 0, 0],
					"position": [0, -3, -1]
				},
				"tail2": {
					"rotation": ["0+q.r.velocity_y(0)*-4+Math.cos((query.anim_time)*90*16)*3", 0, 0]
				},
				"tail3": {
					"rotation": ["0+q.r.velocity_y(5)*-4+Math.cos((query.anim_time)*90*16-30)*3", 0, 0]
				},
				"tail4": {
					"rotation": ["0+q.r.velocity_y(10)*-4+Math.cos((query.anim_time)*90*16-60)*6", 0, 0]
				},
				"tail5": {
					"rotation": ["0+q.r.velocity_y(15)*-4+Math.cos((query.anim_time)*90*16-100)*12", 0, 0]
				},
				"tail6": {
					"rotation": ["0+q.r.velocity_y(20)*-4+Math.cos((query.anim_time)*90*16-160)*20", 0, 0]
				},
				"tail7": {
					"rotation": ["0+q.r.velocity_y(25)*-4+Math.cos((query.anim_time)*90*16-240)*30", 0, 0]
				},
				"tail8": {
					"rotation": ["0+q.r.velocity_y(30)*-4+Math.cos((query.anim_time)*90*16-240)*50", 0, 0]
				},
				"leg_left": {
					"rotation": ["-2.5+q.r.velocity_y(0)*30+Math.cos((query.anim_time)*90*24-90)*-1", 24, 0]
				},
				"knee_left": {
					"rotation": ["-8.5+q.r.velocity_y(0)*-30+Math.cos((query.anim_time)*90*24-150)*2", 12.5, 7.5]
				},
				"foot_left": {
					"rotation": ["15+q.r.velocity_y(0)*20", 10, 12.5]
				},
				"foot_left2": {
					"rotation": [-2.5, 0, 0]
				},
				"foot_left3": {
					"rotation": [0, 0, 2.5]
				},
				"leg_right": {
					"rotation": ["-2.5+q.r.velocity_y(0)*30+Math.cos((query.anim_time)*90*24-90)*1", -24, 0]
				},
				"knee_right": {
					"rotation": ["-8.5+q.r.velocity_y(0)*-30+Math.cos((query.anim_time)*90*24-150)*-2", -12.5, -7.5]
				},
				"foot_right": {
					"rotation": ["15+q.r.velocity_y(0)*20", -10, -12.5]
				},
				"foot_right2": {
					"rotation": [-2.5, 0, 0]
				},
				"foot_right3": {
					"rotation": [0, 0, -2.5]
				},
				"fingers_left": {
					"rotation": ["-65+math.clamp(q.r.velocity_y(0),0,1)*80", "-16+math.clamp(q.r.velocity_y(0),-1,0)*-40", 0]
				},
				"fingers_right": {
					"rotation": ["-65+math.clamp(q.r.velocity_y(0),0,1)*80", "16+math.clamp(q.r.velocity_y(0),-1,0)*40", 0]
				},
				"head_angle": {
					"rotation": ["-5+math.clamp(q.r.velocity_y(0),-1,0)*40+math.clamp(q.r.velocity_y(0),0,1)*-20", 0, 0]
				},
				"elbow_membrane_hidden_left": {
					"rotation": [0, "-65+math.clamp(q.r.velocity_y(0),-1,1)*-40", 0]
				},
				"elbow_membrane_hidden_right": {
					"rotation": [0, "65+math.clamp(q.r.velocity_y(0),-1,1)*40", 0]
				},
				"jaw": {
					"rotation": ["0+math.clamp(q.r.velocity_y(0),-1,0)*-40", 0, 0]
				},
				"wing_tip_left": {
					"rotation": [0, 0, "0+Math.cos((query.anim_time)*90*24-360)*1"]
				},
				"wing_tip_right": {
					"rotation": [0, 0, "0+Math.cos((query.anim_time)*90*24-360)*-1"]
				}
			}
		},
		"animation.noivern.air_idle": {
			"loop": true,
			"bones": {
				"body": {
					"rotation": ["25+Math.cos((query.anim_time)*90*4-90)*-2", 0, 0],
					"position": [0, "-6+Math.cos((query.anim_time)*90*4)*5", 0]
				},
				"torso2": {
					"rotation": ["-5+Math.cos((query.anim_time)*90*4-60)*-7", 0, 0]
				},
				"torso3": {
					"rotation": ["20+Math.cos((query.anim_time)*90*4-150)*10", 0, 0]
				},
				"neck": {
					"rotation": ["2.5+Math.cos((query.anim_time)*90*4-60)*10", 0, 0]
				},
				"neck2": {
					"rotation": ["-10+Math.cos((query.anim_time)*90*4-0)*5", 0, 0]
				},
				"head": {
					"rotation": [-42.5, 0, 0]
				},
				"leg_left": {
					"rotation": ["-15+Math.cos((query.anim_time)*90*4-60)*-9", 12.5, 16]
				},
				"knee_left": {
					"rotation": ["3.5+Math.cos((query.anim_time)*90*4-120)*12", 0, 0]
				},
				"foot_left": {
					"rotation": ["12.5+Math.cos((query.anim_time)*90*4-120)*-12", 0, 0]
				},
				"foot_left3": {
					"rotation": [5, 0, 0]
				},
				"toe_inner_left": {
					"rotation": [37.5, 0, 0]
				},
				"toe_inner_left2": {
					"rotation": [17.5, 0, 0]
				},
				"toe_outer_left": {
					"rotation": [47.5, 0, 0]
				},
				"toe_outer_left2": {
					"rotation": [17.5, 0, 0]
				},
				"leg_right": {
					"rotation": ["-15+Math.cos((query.anim_time)*90*4-60)*-9", -12.5, -16]
				},
				"knee_right": {
					"rotation": ["3.5+Math.cos((query.anim_time)*90*4-120)*12", 0, 0]
				},
				"foot_right": {
					"rotation": ["12.5+Math.cos((query.anim_time)*90*4-120)*-12", 0, 0]
				},
				"foot_right3": {
					"rotation": [27.5, 0, 0]
				},
				"toe_inner_right": {
					"rotation": [40, 0, 0]
				},
				"toe_outer_right": {
					"rotation": [37.5, 0, 0]
				},
				"toe_outer_right2": {
					"rotation": [17.5, 0, 0]
				},
				"tail": {
					"rotation": ["-5.6511+Math.cos((query.anim_time)*90*4-90)*3", 0, 0],
					"position": [0, -1, -2]
				},
				"tail2": {
					"rotation": ["0+Math.cos((query.anim_time)*90*4-90)*5", 0, 0]
				},
				"tail3": {
					"rotation": ["0+Math.cos((query.anim_time)*90*4-120)*7", 0, 0]
				},
				"tail4": {
					"rotation": ["0+Math.cos((query.anim_time)*90*4-160)*8", 0, 0]
				},
				"tail5": {
					"rotation": ["0+Math.cos((query.anim_time)*90*4-210)*15", 0, 0]
				},
				"tail6": {
					"rotation": ["0+Math.cos((query.anim_time)*90*4-260)*20", 0, 0]
				},
				"tail7": {
					"rotation": ["0+Math.cos((query.anim_time)*90*4-320)*30", 0, 0]
				},
				"tail8": {
					"rotation": ["0+Math.cos((query.anim_time)*90*4-320)*30", 0, 0]
				},
				"undefined": {
					"rotation": [0, -25, 0]
				},
				"shoulder_left": {
					"rotation": ["-5+Math.cos((query.anim_time)*90*4-90)*-10", "0+Math.cos((query.anim_time)*90*4)*40", "2.5+Math.cos((query.anim_time)*90*4-90)*30"]
				},
				"arm_left": {
					"rotation": [0, -7.5, 0]
				},
				"elbow_left": {
					"rotation": [0, 0, "5+Math.cos((query.anim_time)*90*4+45)*30"]
				},
				"hand_left": {
					"rotation": [0, "0+Math.cos((query.anim_time)*90*4-90)*30", "Math.cos((query.anim_time)*90*4-90)*10"]
				},
				"wing_end_left": {
					"rotation": [0, "10+Math.cos((query.anim_time)*90*4-60)*30", -10]
				},
				"shoulder_right": {
					"rotation": ["-5+Math.cos((query.anim_time)*90*4-90)*-10", "0+Math.cos((query.anim_time)*90*4)*-40", "-2.5+Math.cos((query.anim_time)*90*4-90)*-30"]
				},
				"arm_right": {
					"rotation": [0, 7.5, 0]
				},
				"elbow_right": {
					"rotation": [0, 0, "-5+Math.cos((query.anim_time)*90*4+45)*-30"]
				},
				"hand_right": {
					"rotation": [0, "0+Math.cos((query.anim_time)*90*4-90)*-30", "Math.cos((query.anim_time)*90*4-90)*-10"]
				},
				"wing_end_right": {
					"rotation": [0, "-10+Math.cos((query.anim_time)*90*4-60)*-30", 10]
				},
				"head_angle": {
					"rotation": [-2.5, 0, 0],
					"position": [0, 0, -2]
				},
				"hips": {
					"rotation": [20, 0, 0]
				},
				"locator_seat_1": {
					"rotation": ["27.5+Math.cos((query.anim_time)*90*4-60)*7", 0, 0],
					"position": [0, -1, 0]
				},
				"ftorso3": {
					"rotation": [20, 0, 0]
				},
				"shoulder_membrane_left": {
					"rotation": [0, "0+Math.cos((query.anim_time)*90*4)*-40", "0+Math.cos((query.anim_time)*90*4-90)*-30"]
				},
				"arm_membrane_left": {
					"rotation": [0, 0, "0+Math.cos((query.anim_time)*90*4-90)*-20"]
				},
				"fingers_left": {
					"rotation": [17.5, 0, 0]
				},
				"finger_outer_left2": {
					"rotation": [35, 0, 0]
				},
				"finger_inner_left2": {
					"rotation": [35, 0, 0]
				},
				"finger_middle_left2": {
					"rotation": [35, 0, 0]
				},
				"wing_tip_left": {
					"rotation": [0, "20+Math.cos((query.anim_time)*90*4-160)*30", "-5+Math.cos((query.anim_time)*90*4-60)*5"]
				},
				"shoulder_membrane_right": {
					"rotation": [0, "0+Math.cos((query.anim_time)*90*4)*40", "0+Math.cos((query.anim_time)*90*4-90)*30"]
				},
				"arm_membrane_right": {
					"rotation": [0, 0, "0+Math.cos((query.anim_time)*90*4-90)*20"]
				},
				"elbow_membrane_hidden_right": {
					"rotation": [0, 0, 0]
				},
				"fingers_right": {
					"rotation": [17.5, 0, 0]
				},
				"finger_outer_right2": {
					"rotation": [35, 0, 0]
				},
				"finger_inner_right2": {
					"rotation": [35, 0, 0]
				},
				"finger_middle_right2": {
					"rotation": [35, 0, 0]
				},
				"wing_tip_right": {
					"rotation": [0, "-20+Math.cos((query.anim_time)*90*4-160)*-30", "5+Math.cos((query.anim_time)*90*4-60)*-5"]
				}
			}
		},
		"animation.noivern.air_fly": {
			"loop": true,
			"bones": {
				"body": {
					"rotation": ["47.5+Math.cos((query.anim_time)*90*4-90)*-2", 0, 0],
					"position": [0, "-16+Math.cos((query.anim_time)*90*4)*5", 0]
				},
				"torso2": {
					"rotation": ["-5+Math.cos((query.anim_time)*90*4-60)*-7", 0, 0]
				},
				"torso3": {
					"rotation": ["20+Math.cos((query.anim_time)*90*4-150)*10", 0, 0]
				},
				"neck": {
					"rotation": ["2.5+Math.cos((query.anim_time)*90*4-60)*10", 0, 0]
				},
				"neck2": {
					"rotation": ["-10+Math.cos((query.anim_time)*90*4-0)*5", 0, 0]
				},
				"head": {
					"rotation": [-42.5, 0, 0]
				},
				"leg_left": {
					"rotation": ["21.4662+Math.cos((query.anim_time)*90*4-60)*-9", 16.25713, 16.56816]
				},
				"knee_left": {
					"rotation": ["3.5+Math.cos((query.anim_time)*90*4-120)*12", 0, 0]
				},
				"foot_left": {
					"rotation": [12.5, 0, 0]
				},
				"foot_left3": {
					"rotation": [5, 0, 0]
				},
				"toe_inner_left": {
					"rotation": [37.5, 0, 0]
				},
				"toe_inner_left2": {
					"rotation": [17.5, 0, 0]
				},
				"toe_outer_left": {
					"rotation": [47.5, 0, 0]
				},
				"toe_outer_left2": {
					"rotation": [17.5, 0, 0]
				},
				"leg_right": {
					"rotation": ["21.4662+Math.cos((query.anim_time)*90*4-60)*-9", -16.25713, -16.56816]
				},
				"knee_right": {
					"rotation": ["3.5+Math.cos((query.anim_time)*90*4-120)*12", 0, 0]
				},
				"foot_right": {
					"rotation": [17.5, 0, 0]
				},
				"foot_right3": {
					"rotation": [27.5, 0, 0]
				},
				"toe_inner_right": {
					"rotation": [40, 0, 0]
				},
				"toe_outer_right": {
					"rotation": [37.5, 0, 0]
				},
				"toe_outer_right2": {
					"rotation": [17.5, 0, 0]
				},
				"tail": {
					"rotation": ["-0.6511+Math.cos((query.anim_time)*90*4-90)*3", 0, 0],
					"position": [0, -4, -1]
				},
				"tail2": {
					"rotation": ["Math.cos((query.anim_time)*90*4-90)*5", 0, 0]
				},
				"tail3": {
					"rotation": ["-5+Math.cos((query.anim_time)*90*4-120)*7", 0, 0]
				},
				"tail4": {
					"rotation": ["0+Math.cos((query.anim_time)*90*4-160)*8", 0, 0]
				},
				"tail5": {
					"rotation": ["0+Math.cos((query.anim_time)*90*4-210)*15", 0, 0]
				},
				"tail6": {
					"rotation": ["0+Math.cos((query.anim_time)*90*4-260)*20", 0, 0]
				},
				"tail7": {
					"rotation": ["0+Math.cos((query.anim_time)*90*4-320)*30", 0, 0]
				},
				"tail8": {
					"rotation": ["0+Math.cos((query.anim_time)*90*4-320)*30", 0, 0]
				},
				"undefined": {
					"rotation": [0, -25, 0]
				},
				"shoulder_left": {
					"rotation": ["-5+Math.cos((query.anim_time)*90*4-90)*-10", "0+Math.cos((query.anim_time)*90*4)*40", "2.5+Math.cos((query.anim_time)*90*4-90)*30"]
				},
				"arm_left": {
					"rotation": [0, -7.5, 0]
				},
				"elbow_left": {
					"rotation": [0, 0, "5+Math.cos((query.anim_time)*90*4+45)*30"]
				},
				"hand_left": {
					"rotation": [0, "0+Math.cos((query.anim_time)*90*4-90)*30", "Math.cos((query.anim_time)*90*4-90)*10"]
				},
				"wing_end_left": {
					"rotation": [0, "10+Math.cos((query.anim_time)*90*4-60)*30", -10]
				},
				"shoulder_right": {
					"rotation": ["-5+Math.cos((query.anim_time)*90*4-90)*-10", "0+Math.cos((query.anim_time)*90*4)*-40", "-2.5+Math.cos((query.anim_time)*90*4-90)*-30"]
				},
				"arm_right": {
					"rotation": [0, 7.5, 0]
				},
				"elbow_right": {
					"rotation": [0, 0, "-5+Math.cos((query.anim_time)*90*4+45)*-30"]
				},
				"hand_right": {
					"rotation": [0, "0+Math.cos((query.anim_time)*90*4-90)*-30", "Math.cos((query.anim_time)*90*4-90)*-10"]
				},
				"wing_end_right": {
					"rotation": [0, "-10+Math.cos((query.anim_time)*90*4-60)*-30", 10]
				},
				"head_angle": {
					"rotation": [-25, 0, 0],
					"position": [0, 0, -3]
				},
				"hips": {
					"rotation": [20, 0, 0]
				},
				"locator_seat_1": {
					"rotation": ["10+Math.cos((query.anim_time)*90*4-60)*7", 0, 0],
					"position": [0, -1, 0]
				},
				"ftorso3": {
					"rotation": [20, 0, 0]
				},
				"shoulder_membrane_left": {
					"rotation": [0, "0+Math.cos((query.anim_time)*90*4)*-40", "0+Math.cos((query.anim_time)*90*4-90)*-30"]
				},
				"arm_membrane_left": {
					"rotation": [0, 0, "0+Math.cos((query.anim_time)*90*4-90)*-20"]
				},
				"fingers_left": {
					"rotation": [17.5, 0, 0]
				},
				"finger_outer_left2": {
					"rotation": [35, 0, 0]
				},
				"finger_inner_left2": {
					"rotation": [35, 0, 0]
				},
				"finger_middle_left2": {
					"rotation": [35, 0, 0]
				},
				"wing_tip_left": {
					"rotation": [0, "20+Math.cos((query.anim_time)*90*4-160)*30", "-5+Math.cos((query.anim_time)*90*4-60)*5"]
				},
				"shoulder_membrane_right": {
					"rotation": [0, "0+Math.cos((query.anim_time)*90*4)*40", "0+Math.cos((query.anim_time)*90*4-90)*30"]
				},
				"arm_membrane_right": {
					"rotation": [0, 0, "0+Math.cos((query.anim_time)*90*4-90)*20"]
				},
				"elbow_membrane_hidden_right": {
					"rotation": [0, 0, 0]
				},
				"fingers_right": {
					"rotation": [17.5, 0, 0]
				},
				"finger_outer_right2": {
					"rotation": [35, 0, 0]
				},
				"finger_inner_right2": {
					"rotation": [35, 0, 0]
				},
				"finger_middle_right2": {
					"rotation": [35, 0, 0]
				},
				"wing_tip_right": {
					"rotation": [0, "-20+Math.cos((query.anim_time)*90*4-160)*-30", "5+Math.cos((query.anim_time)*90*4-60)*-5"]
				}
			}
		},
		"animation.noivern.air_glide": {
			"loop": true,
			"bones": {
				"body": {
					"rotation": ["47.5+Math.cos((query.anim_time)*90*24-90)*0.1+Math.cos((query.anim_time)*90*2)*-1", 0, "0+Math.cos((query.anim_time)*90*1)*2"],
					"position": ["0+Math.cos((query.anim_time)*90*1-90)*2", "-16+Math.cos((query.anim_time)*90*24)*0.1+Math.cos((query.anim_time)*90*2-90)*0.4", 0]
				},
				"torso2": {
					"rotation": [-8.5, 0, 0]
				},
				"torso3": {
					"rotation": ["11.339745962+Math.cos((query.anim_time)*90*2)*2", 0, 0]
				},
				"neck": {
					"rotation": [10, "0+Math.cos((query.anim_time)*90*1)*-1", 0]
				},
				"neck2": {
					"rotation": [-5, 0, 0]
				},
				"head": {
					"rotation": [-42.5, 0, 0]
				},
				"leg_left": {
					"rotation": ["16.9662+Math.cos((query.anim_time)*90*24-90)*-0.5", 16.25713, 16.56816]
				},
				"knee_left": {
					"rotation": ["-2.5+Math.cos((query.anim_time)*90*24-180)*-1", 0, 0]
				},
				"foot_left": {
					"rotation": ["12.5+Math.cos((query.anim_time)*90*24-270)*-2", 0, 0]
				},
				"foot_left3": {
					"rotation": [5, 0, 0]
				},
				"toe_inner_left": {
					"rotation": [37.5, 0, 0]
				},
				"toe_inner_left2": {
					"rotation": [17.5, 0, 0]
				},
				"toe_outer_left": {
					"rotation": [47.5, 0, 0]
				},
				"toe_outer_left2": {
					"rotation": [17.5, 0, 0]
				},
				"leg_right": {
					"rotation": ["16.9662+Math.cos((query.anim_time)*90*24-90)*0.5", -16.25713, -16.56816]
				},
				"knee_right": {
					"rotation": ["-2.5+Math.cos((query.anim_time)*90*24-180)*1", 0, 0]
				},
				"foot_right": {
					"rotation": ["12.5+Math.cos((query.anim_time)*90*24-270)*2", 0, 0]
				},
				"foot_right3": {
					"rotation": [27.5, 0, 0]
				},
				"toe_inner_right": {
					"rotation": [40, 0, 0]
				},
				"toe_outer_right": {
					"rotation": [37.5, 0, 0]
				},
				"toe_outer_right2": {
					"rotation": [17.5, 0, 0]
				},
				"tail": {
					"rotation": [-8.15114, 0, 0],
					"position": [0, -4, -1]
				},
				"tail2": {
					"rotation": ["0+Math.cos((query.anim_time)*90*8)*2", "0+Math.cos((query.anim_time)*90*4-90)*2", 0]
				},
				"tail3": {
					"rotation": ["-2.5+Math.cos((query.anim_time)*90*8-20)*2", "0+Math.cos((query.anim_time)*90*4-120)*2", 0]
				},
				"tail4": {
					"rotation": ["2.5+Math.cos((query.anim_time)*90*8-50)*6", "0+Math.cos((query.anim_time)*90*4-160)*2", 0]
				},
				"tail5": {
					"rotation": ["5+Math.cos((query.anim_time)*90*8-90)*12", "0+Math.cos((query.anim_time)*90*4-210)*6", 0]
				},
				"tail6": {
					"rotation": ["5+Math.cos((query.anim_time)*90*8-150)*20", "0+Math.cos((query.anim_time)*90*4-270)*12", 0]
				},
				"tail7": {
					"rotation": ["5+Math.cos((query.anim_time)*90*8-240)*40", "0+Math.cos((query.anim_time)*90*4-340)*20", 0]
				},
				"tail8": {
					"rotation": ["5+Math.cos((query.anim_time)*90*8-300)*40", 0, 0]
				},
				"undefined": {
					"rotation": [0, -25, 0]
				},
				"shoulder_left": {
					"rotation": [0, 15, 0]
				},
				"arm_left": {
					"rotation": [0, "-7.5+Math.cos((query.anim_time)*90*24-90)*-0.5", 0]
				},
				"elbow_left": {
					"rotation": [1, "0+Math.cos((query.anim_time)*90*24-180)*-0.5", 19.14214]
				},
				"hand_left": {
					"rotation": [0, 0, -12]
				},
				"wing_end_left": {
					"rotation": [0, "0+Math.cos((query.anim_time)*90*24-180)*2", -12]
				},
				"shoulder_right": {
					"rotation": [0, -15, 0]
				},
				"arm_right": {
					"rotation": [0, "7.5+Math.cos((query.anim_time)*90*24-90)*0.5", 0]
				},
				"elbow_right": {
					"rotation": [1, "0+Math.cos((query.anim_time)*90*24-180)*0.5", -19.14214]
				},
				"hand_right": {
					"rotation": [0, 0, 12]
				},
				"wing_end_right": {
					"rotation": [0, "0+Math.cos((query.anim_time)*90*24-180)*-2", 12]
				},
				"head_angle": {
					"rotation": ["-25+Math.cos((query.anim_time)*90*2)*-2", 0, 0],
					"position": [0, 0, -3]
				},
				"hips": {
					"rotation": [20, 0, 0]
				},
				"locator_seat_1": {
					"rotation": [13.5, 0, 0],
					"position": [0, -1, 0]
				},
				"ears": {
					"rotation": ["0+Math.cos((query.anim_time)*90*24-90)*0.5", 0, 0]
				},
				"ftorso3": {
					"rotation": [20, 0, 0]
				},
				"shoulder_membrane_left": {
					"rotation": [0, -40, 0]
				},
				"arm_membrane_left": {
					"rotation": [0, 0, 0]
				},
				"fingers_left": {
					"rotation": [17.5, 0, 0]
				},
				"finger_outer_left2": {
					"rotation": [35, 0, 0]
				},
				"finger_inner_left2": {
					"rotation": [35, 0, 0]
				},
				"finger_middle_left2": {
					"rotation": [35, 0, 0]
				},
				"wing_tip_left": {
					"rotation": [0, "0+Math.cos((query.anim_time)*90*24-270)*2", 0]
				},
				"shoulder_membrane_right": {
					"rotation": [0, 40, 0]
				},
				"arm_membrane_right": {
					"rotation": [0, 0, 0]
				},
				"elbow_membrane_hidden_right": {
					"rotation": [0, 0, 0]
				},
				"fingers_right": {
					"rotation": [17.5, 0, 0]
				},
				"finger_outer_right2": {
					"rotation": [35, 0, 0]
				},
				"finger_inner_right2": {
					"rotation": [35, 0, 0]
				},
				"finger_middle_right2": {
					"rotation": [35, 0, 0]
				},
				"wing_tip_right": {
					"rotation": [0, "0+Math.cos((query.anim_time)*90*24-270)*-2", 0]
				},
				"arms": {
					"rotation": [-15, 0, 0],
					"position": [0, 0, 1]
				}
			}
		},
		"animation.noivern.ride_air_fly": {
			"loop": true,
			"bones": {
				"torso3": {
					"rotation": ["0+q.r.pitch_change(0)*-10", 0, "0+q.r.yaw_change(0)*-10"]
				},
				"fluff_back": {
					"rotation": ["0+q.r.pitch_change(0)*-10", 0, 0]
				},
				"neck": {
					"rotation": ["0+q.r.pitch_change(0)*-10", 0, 0]
				},
				"head_angle": {
					"rotation": ["0+q.r.pitch_change(0)*-10", 0, "0+q.r.yaw_change(0)*-10"]
				},
				"tail2": {
					"rotation": ["0+q.r.pitch_change(5)*5", "0+q.r.yaw_change(5)*-5", 0]
				},
				"tail3": {
					"rotation": ["0+q.r.pitch_change(10)*5", "0+q.r.yaw_change(10)*-5", 0]
				},
				"tail4": {
					"rotation": ["0+q.r.pitch_change(15)*5", "0+q.r.yaw_change(15)*-5", 0]
				},
				"tail5": {
					"rotation": ["0+q.r.pitch_change(20)*5", "0+q.r.yaw_change(20)*-5", 0]
				},
				"tail6": {
					"rotation": ["0+q.r.pitch_change(25)*5", "0+q.r.yaw_change(25)*-5", 0]
				},
				"tail7": {
					"rotation": ["0+q.r.pitch_change(30)*5", "0+q.r.yaw_change(30)*-5", 0]
				},
				"leg_left": {
					"rotation": ["0+q.r.pitch_change(0)*-5", 0, 0]
				},
				"knee_left": {
					"rotation": ["0+q.r.pitch_change(0)*-8", 0, 0]
				},
				"leg_right": {
					"rotation": ["0+q.r.pitch_change(0)*-5", 0, 0]
				},
				"knee_right": {
					"rotation": ["0+q.r.pitch_change(0)*-8", 0, 0]
				},
				"arms": {
					"rotation": ["0+q.r.pitch_change(0)*-10", 0, 0]
				}
			}
		},
		"animation.noivern.ride_air_glide": {
			"loop": true,
			"bones": {
				"torso3": {
					"rotation": ["0+q.r.pitch_change(0)*-10", 0, "0+q.r.yaw_change(0)*-10"]
				},
				"fluff_back": {
					"rotation": ["0+q.r.pitch_change(0)*-10", 0, 0]
				},
				"neck": {
					"rotation": ["0+q.r.pitch_change(0)*-10", 0, 0]
				},
				"head_angle": {
					"rotation": ["0+q.r.pitch_change(0)*-10", 0, "0+q.r.yaw_change(0)*-10"]
				},
				"tail2": {
					"rotation": ["0+q.r.pitch_change(5)*5", "0+q.r.yaw_change(5)*-5", 0]
				},
				"tail3": {
					"rotation": ["0+q.r.pitch_change(10)*5", "0+q.r.yaw_change(10)*-5", 0]
				},
				"tail4": {
					"rotation": ["0+q.r.pitch_change(15)*5", "0+q.r.yaw_change(15)*-5", 0]
				},
				"tail5": {
					"rotation": ["0+q.r.pitch_change(20)*5", "0+q.r.yaw_change(20)*-5", 0]
				},
				"tail6": {
					"rotation": ["0+q.r.pitch_change(25)*5", "0+q.r.yaw_change(25)*-5", 0]
				},
				"tail7": {
					"rotation": ["0+q.r.pitch_change(30)*5", "0+q.r.yaw_change(30)*-5", 0]
				},
				"shoulder_left": {
					"rotation": [0, "0+q.r.yaw_change(0)*-10", 0]
				},
				"shoulder_right": {
					"rotation": [0, "0+q.r.yaw_change(0)*-10", 0]
				},
				"leg_left": {
					"rotation": ["0+q.r.pitch_change(0)*-5", 0, 0]
				},
				"knee_left": {
					"rotation": ["0+q.r.pitch_change(0)*-8", 0, 0]
				},
				"leg_right": {
					"rotation": ["0+q.r.pitch_change(0)*-5", 0, 0]
				},
				"knee_right": {
					"rotation": ["0+q.r.pitch_change(0)*-8", 0, 0]
				},
				"arms": {
					"rotation": ["0+q.r.pitch_change(0)*-10", 0, 0]
				},
				"elbow_left": {
					"rotation": [0, "0-math.abs(q.r.yaw_change(0)*5)", 0]
				},
				"hand_left": {
					"rotation": [0, "0-math.abs(q.r.yaw_change(0)*5)", 0]
				},
				"wing_end_left": {
					"rotation": [0, "0-math.abs(q.r.yaw_change(0)*5)", 0]
				},
				"wing_tip_left": {
					"rotation": [0, "0-math.abs(q.r.yaw_change(0)*5)", 0]
				},
				"elbow_right": {
					"rotation": [0, "0+math.abs(q.r.yaw_change(0)*5)", 0]
				},
				"hand_right": {
					"rotation": [0, "0+math.abs(q.r.yaw_change(0)*5)", 0]
				},
				"wing_end_right": {
					"rotation": [0, "0+math.abs(q.r.yaw_change(0)*5)", 0]
				},
				"wing_tip_right": {
					"rotation": [0, "0+math.abs(q.r.yaw_change(0)*5)", 0]
				}
			}
		},
		"animation.noivern.ride_dive": {
			"loop": true,
			"animation_length": 7.25,
			"bones": {
				"hips": {
					"rotation": ["0+q.r.dive(0)*10", 0, 0]
				},
				"shoulder_left": {
					"rotation": ["0+q.r.dive(0)*40", "0+q.r.dive(0)*-20", "0+q.r.dive(0)*60"]
				},
				"elbow_left": {
					"rotation": ["0+q.r.dive(0)*-10", "0+q.r.dive(0)*20", "0+q.r.dive(0)*-90"]
				},
				"fingers_left": {
					"rotation": ["0+q.r.dive(0)*40", 0, 0]
				},
				"wing_end_left": {
					"rotation": [2, 0, "0+q.r.dive(0)*20"]
				},
				"shoulder_right": {
					"rotation": ["0+q.r.dive(0)*40", "0+q.r.dive(0)*20", "0+q.r.dive(0)*-60"]
				},
				"elbow_right": {
					"rotation": ["0+q.r.dive(0)*-10", "0+q.r.dive(0)*-20", "0+q.r.dive(0)*90"]
				},
				"fingers_right": {
					"rotation": ["0+q.r.dive(0)*40", 0, 0]
				},
				"wing_end_right": {
					"rotation": [2, 0, "0+q.r.dive(0)*-20"]
				},
				"leg_left": {
					"rotation": ["0+q.r.dive(0)*30", 0, 0]
				},
				"knee_left": {
					"rotation": ["0+q.r.dive(0)*-10", 0, 0]
				},
				"leg_right": {
					"rotation": ["0+q.r.dive(0)*30", 0, 0]
				},
				"knee_right": {
					"rotation": ["0+q.r.dive(0)*-10", 0, 0]
				},
				"fluff_back": {
					"rotation": ["0+q.r.dive(0)*-20", 0, 0]
				},
				"head": {
					"rotation": ["0+q.r.dive(0)*-10", 0, 0]
				},
				"ears": {
					"rotation": ["0+q.r.dive(0)*-10", 0, 0]
				},
				"shoulder_membrane_left": {
					"rotation": ["0+q.r.dive(0)*-40", 0, "0+q.r.dive(0)*-30"]
				},
				"arm_membrane_left": {
					"rotation": ["0+q.r.dive(0)*-50", 0, 0]
				},
				"arm_membrane_hidden_left": {
					"rotation": ["0+q.r.dive(0)*5", 0, 0]
				},
				"elbow_membrane_hidden_left": {
					"rotation": [0, "0+q.r.dive(0)*-50", 0],
					"position": [0, "0+q.r.dive(0)*1", 0]
				},
				"elbow_membrane_hidden_left2": {
					"rotation": [0, "0+q.r.dive(0)*25", 0]
				},
				"hand_left": {
					"rotation": [0, "0+q.r.dive(0)*30", "0+q.r.dive(0)*10"]
				},
				"hand_membrane_left": {
					"rotation": [0, 0, "0+q.r.dive(0)*5"]
				},
				"hand_membrane_hidden_left": {
					"rotation": ["0+q.r.dive(0)*0.5", 0, 0]
				},
				"locator_wing_left": {
					"rotation": [0, 0, 0]
				},
				"wing_end_membrane_left": {
					"rotation": [0, "0+q.r.dive(0)*2", 0]
				},
				"wing_tip_left": {
					"rotation": [0, 0, "0+q.r.dive(0)*5"]
				},
				"wing_tim_membrane_left": {
					"rotation": [0, "0-math.abs(q.r.yaw_change(0)*5)", 0]
				},
				"shoulder_membrane_right": {
					"rotation": ["0+q.r.dive(0)*-40", 0, "0+q.r.dive(0)*30"]
				},
				"arm_membrane_right": {
					"rotation": ["0+q.r.dive(0)*-50", 0, 0]
				},
				"arm_membrane_hidden_right": {
					"rotation": ["0+q.r.dive(0)*5", 0, 0]
				},
				"elbow_membrane_hidden_right": {
					"rotation": [0, "0+q.r.dive(0)*50", 0],
					"position": [0, "0+q.r.dive(0)*1", 0]
				},
				"elbow_membrane_hidden_right2": {
					"rotation": [0, "0+q.r.dive(0)*-25", 0]
				},
				"hand_right": {
					"rotation": [0, "0+q.r.dive(0)*-30", "0+q.r.dive(0)*-10"]
				},
				"hand_membrane_right": {
					"rotation": [0, 0, "0+q.r.dive(0)*-5"]
				},
				"hand_membrane_hidden_right": {
					"rotation": ["0+q.r.dive(0)*0.5", 0, 0]
				},
				"wing_end_membrane_right": {
					"rotation": [0, "0+q.r.dive(0)*-2", 0]
				},
				"wing_tip_right": {
					"rotation": [0, 0, "0+q.r.dive(0)*-5"]
				}
			}
		},
		"animation.noivern.cry": {
			"animation_length": 1.7083,
			"bones": {
				"torso3": {
					"rotation": {
						"0.0": [0, 0, 0],
						"0.0417": [4, 0, 0],
						"0.1667": [-6.075, 0, 0],
						"0.25": [-7.375, 0, 0],
						"0.375": {
							"pre": [-8, 0, 0],
							"post": [-8, 0, 0],
							"lerp_mode": "catmullrom"
						},
						"0.4167": {
							"post": [-6.975, 0, 0],
							"lerp_mode": "catmullrom"
						},
						"0.5": {
							"post": [-8, 0, 0],
							"lerp_mode": "catmullrom"
						},
						"0.5417": {
							"post": [-6.975, 0, 0],
							"lerp_mode": "catmullrom"
						},
						"0.625": {
							"post": [-8, 0, 0],
							"lerp_mode": "catmullrom"
						},
						"0.6667": {
							"post": [-6.975, 0, 0],
							"lerp_mode": "catmullrom"
						},
						"0.75": {
							"post": [-8, 0, 0],
							"lerp_mode": "catmullrom"
						},
						"0.7917": {
							"post": [-6.975, 0, 0],
							"lerp_mode": "catmullrom"
						},
						"0.8333": {
							"post": [-8, 0, 0],
							"lerp_mode": "catmullrom"
						},
						"0.875": {
							"post": [-6.975, 0, 0],
							"lerp_mode": "catmullrom"
						},
						"0.9583": {
							"post": [-8, 0, 0],
							"lerp_mode": "catmullrom"
						},
						"1.0": {
							"post": [-6.975, 0, 0],
							"lerp_mode": "catmullrom"
						},
						"1.0417": {
							"post": [-8, 0, 0],
							"lerp_mode": "catmullrom"
						},
						"1.0833": {
							"post": [-6.975, 0, 0],
							"lerp_mode": "catmullrom"
						},
						"1.1667": {
							"post": [-8, 0, 0],
							"lerp_mode": "catmullrom"
						},
						"1.2083": {
							"post": [-6.975, 0, 0],
							"lerp_mode": "catmullrom"
						},
						"1.25": {
							"post": [-8, 0, 0],
							"lerp_mode": "catmullrom"
						},
						"1.2917": {
							"post": [-6.975, 0, 0],
							"lerp_mode": "catmullrom"
						},
						"1.375": [-8, 0, 0],
						"1.5417": [-2, 0, 0],
						"1.625": [-0.4, 0, 0],
						"1.7083": [0, 0, 0]
					}
				},
				"head_angle": {
					"rotation": {
						"0.0": [0, 0, 0],
						"0.0417": [-4, 0, 0],
						"0.0833": [8.67, 0, 0],
						"0.1667": [4, 0, 0],
						"0.375": {
							"pre": [10, 0, 0],
							"post": [10, 0, 0],
							"lerp_mode": "catmullrom"
						},
						"0.4167": {
							"post": [9.025, 0, 0],
							"lerp_mode": "catmullrom"
						},
						"0.5": {
							"post": [10, 0, 0],
							"lerp_mode": "catmullrom"
						},
						"0.5417": {
							"post": [9.025, 0, 0],
							"lerp_mode": "catmullrom"
						},
						"0.625": {
							"post": [10, 0, 0],
							"lerp_mode": "catmullrom"
						},
						"0.6667": {
							"post": [9.025, 0, 0],
							"lerp_mode": "catmullrom"
						},
						"0.75": {
							"post": [10, 0, 0],
							"lerp_mode": "catmullrom"
						},
						"0.7917": {
							"post": [9.025, 0, 0],
							"lerp_mode": "catmullrom"
						},
						"0.8333": {
							"post": [10, 0, 0],
							"lerp_mode": "catmullrom"
						},
						"0.875": {
							"post": [9.025, 0, 0],
							"lerp_mode": "catmullrom"
						},
						"0.9583": {
							"post": [10, 0, 0],
							"lerp_mode": "catmullrom"
						},
						"1.0": {
							"post": [9.025, 0, 0],
							"lerp_mode": "catmullrom"
						},
						"1.0417": {
							"post": [10, 0, 0],
							"lerp_mode": "catmullrom"
						},
						"1.0833": {
							"post": [9.025, 0, 0],
							"lerp_mode": "catmullrom"
						},
						"1.1667": {
							"post": [10, 0, 0],
							"lerp_mode": "catmullrom"
						},
						"1.2083": {
							"post": [9.025, 0, 0],
							"lerp_mode": "catmullrom"
						},
						"1.25": {
							"post": [10, 0, 0],
							"lerp_mode": "catmullrom"
						},
						"1.2917": {
							"post": [9.025, 0, 0],
							"lerp_mode": "catmullrom"
						},
						"1.6667": [0, 0, 0]
					}
				},
				"jaw": {
					"rotation": {
						"0.0": [0, 0, 0],
						"0.0417": [0, 0, 0],
						"0.1667": [39.325, 0, 0],
						"0.2917": [45, 0, 0],
						"0.375": [37.975, 0, 0],
						"0.4583": [37.85, 0, 0],
						"0.5833": {
							"pre": [41.65, 0, 0],
							"post": [41.65, 0, 0],
							"lerp_mode": "catmullrom"
						},
						"0.625": {
							"post": [39.625, 0, 0],
							"lerp_mode": "catmullrom"
						},
						"0.7083": {
							"post": [41.65, 0, 0],
							"lerp_mode": "catmullrom"
						},
						"0.75": {
							"post": [39.625, 0, 0],
							"lerp_mode": "catmullrom"
						},
						"0.8333": {
							"post": [41.65, 0, 0],
							"lerp_mode": "catmullrom"
						},
						"0.875": {
							"post": [39.625, 0, 0],
							"lerp_mode": "catmullrom"
						},
						"0.9583": {
							"post": [41.65, 0, 0],
							"lerp_mode": "catmullrom"
						},
						"1.0": {
							"post": [39.625, 0, 0],
							"lerp_mode": "catmullrom"
						},
						"1.0417": {
							"post": [41.65, 0, 0],
							"lerp_mode": "catmullrom"
						},
						"1.0833": {
							"post": [39.625, 0, 0],
							"lerp_mode": "catmullrom"
						},
						"1.1667": {
							"post": [41.65, 0, 0],
							"lerp_mode": "catmullrom"
						},
						"1.2083": {
							"post": [39.625, 0, 0],
							"lerp_mode": "catmullrom"
						},
						"1.25": {
							"post": [41.65, 0, 0],
							"lerp_mode": "catmullrom"
						},
						"1.2917": {
							"post": [39.625, 0, 0],
							"lerp_mode": "catmullrom"
						},
						"1.375": {
							"post": [36.85, 0, 0],
							"lerp_mode": "catmullrom"
						},
						"1.4167": {
							"post": [32, 0, 0],
							"lerp_mode": "catmullrom"
						},
						"1.4583": {
							"post": [31.4, 0, 0],
							"lerp_mode": "catmullrom"
						},
						"1.5": {
							"post": [24.8, 0, 0],
							"lerp_mode": "catmullrom"
						},
						"1.5833": {
							"post": [7.805, 0, 0],
							"lerp_mode": "catmullrom"
						},
						"1.7083": [0, 0, 0]
					}
				}
			},
			"sound_effects": {
				"0.0417": {
					"effect": "pokemon.noivern.cry"
				}
			}
		},
		"animation.noivern.air_pose": {
			"loop": true,
			"bones": {
				"body": {
					"rotation": [25, 0, 0],
					"position": [0, -6, 0]
				},
				"torso2": {
					"rotation": [-5, 0, 0]
				},
				"torso3": {
					"rotation": [20, 0, 0]
				},
				"neck": {
					"rotation": [2.5, 0, 0]
				},
				"neck2": {
					"rotation": [-10, 0, 0]
				},
				"head": {
					"rotation": [-42.5, 0, 0]
				},
				"leg_left": {
					"rotation": [7.4708, -10.39173, -7.09888]
				},
				"knee_left": {
					"rotation": [0, 0, 0]
				},
				"foot_left": {
					"rotation": [12.5, 0, 0]
				},
				"foot_left3": {
					"rotation": [5, 0, 0]
				},
				"toe_inner_left": {
					"rotation": [37.5, 0, 0]
				},
				"toe_inner_left2": {
					"rotation": [17.5, 0, 0]
				},
				"toe_outer_left": {
					"rotation": [47.5, 0, 0]
				},
				"toe_outer_left2": {
					"rotation": [17.5, 0, 0]
				},
				"leg_right": {
					"rotation": [-22.03377, 9.74287, 3.43184]
				},
				"knee_right": {
					"rotation": [22.5, 0, 0]
				},
				"foot_right": {
					"rotation": [17.5, 0, 0]
				},
				"foot_right3": {
					"rotation": [27.5, 0, 0]
				},
				"toe_inner_right": {
					"rotation": [40, 0, 0]
				},
				"toe_outer_right": {
					"rotation": [37.5, 0, 0]
				},
				"toe_outer_right2": {
					"rotation": [17.5, 0, 0]
				},
				"tail": {
					"rotation": [11.84886, 0, 0]
				},
				"tail2": {
					"rotation": [15.22074, 0, 0]
				},
				"tail3": {
					"rotation": [-15.22074, 0, 0]
				},
				"tail4": {
					"rotation": [-20.6469, 0, 0]
				},
				"tail5": {
					"rotation": [-10.34527, 0, 0]
				},
				"tail6": {
					"rotation": [15.69284, 0, 0]
				},
				"tail7": {
					"rotation": [31.32977, 0, 0]
				},
				"tail8": {
					"rotation": [29.65098, 0, 0]
				},
				"undefined": {
					"rotation": [0, -25, 0]
				},
				"shoulder_left": {
					"rotation": [0, -15, 0]
				},
				"arm_left": {
					"rotation": [0, -7.5, 0]
				},
				"elbow_left": {
					"rotation": [0, 0, 5]
				},
				"hand_left": {
					"rotation": [0, 0, -10]
				},
				"wing_end_left": {
					"rotation": [0, 0, -10]
				},
				"shoulder_right": {
					"rotation": [0, 15, 0]
				},
				"arm_right": {
					"rotation": [0, 7.5, 0]
				},
				"elbow_right": {
					"rotation": [0, 0, -5]
				},
				"hand_right": {
					"rotation": [0, 0, 10]
				},
				"wing_end_right": {
					"rotation": [0, 0, 10]
				},
				"head_angle": {
					"rotation": [-2.5, 0, 0],
					"position": [0, 0, -2]
				},
				"hips": {
					"rotation": [20, 0, 0]
				},
				"ftorso3": {
					"rotation": [20, 0, 0]
				}
			}
		},
		"animation.noivern.ground_pose": {
			"loop": true,
			"bones": {
				"body": {
					"rotation": [45, 0, 0],
					"position": [0, -10, 0]
				},
				"torso": {
					"rotation": [27.5, 0, 0]
				},
				"torso2": {
					"rotation": [-15, 0, 0]
				},
				"torso3": {
					"rotation": [-10, 0, 0]
				},
				"fluff_back": {
					"rotation": [5, 0, 0]
				},
				"neck": {
					"rotation": [-10, 0, 0]
				},
				"neck2": {
					"rotation": [-10, 0, 0]
				},
				"head": {
					"rotation": [-20, 0, 0]
				},
				"shoulder_left": {
					"rotation": [95, 55, 35]
				},
				"shoulder_membrane_left": {
					"rotation": [-77.5, 0, 47.5]
				},
				"arm_left": {
					"rotation": [0, 7.5, 17.5]
				},
				"arm_membrane_left": {
					"rotation": [-72.5, 0, 0],
					"position": [0, 0.1, 0]
				},
				"arm_membrane_hidden_left": {
					"scale": 0
				},
				"elbow_left": {
					"rotation": [0, 0, 12.5]
				},
				"wing_trim_inner_left": {
					"rotation": [0, 0, 17.5]
				},
				"wing_trim_inner_left2": {
					"rotation": [0, 0, 7.5]
				},
				"elbow_membrane_left": {
					"rotation": [2.5, 0, 3.8],
					"position": [0, 0, -0.3]
				},
				"elbow_membrane_hidden_left2": {
					"scale": 0
				},
				"hand_left": {
					"rotation": [-0.5, -10, 27.5]
				},
				"hand_membrane_left": {
					"rotation": [0, 0, -3.5]
				},
				"finger_outer_left2": {
					"rotation": [15, 0, 0]
				},
				"finger_inner_left2": {
					"rotation": [15, 0, 0]
				},
				"finger_middle_left2": {
					"rotation": [15, 0, 0]
				},
				"wing_end_left": {
					"rotation": [0, 0, -16]
				},
				"wing_trim_outer_left": {
					"rotation": [0, 0, 0]
				},
				"wing_trim_outer_left2": {
					"rotation": [0, 0, 0]
				},
				"shoulder_right": {
					"rotation": [95, -55, -35]
				},
				"shoulder_membrane_right": {
					"rotation": [-77.5, 0, -47.5]
				},
				"arm_right": {
					"rotation": [0, -7.5, -17.5]
				},
				"arm_membrane_right": {
					"rotation": [-72.5, 0, 0],
					"position": [0, 0.1, 0]
				},
				"arm_membrane_hidden_right": {
					"scale": 0
				},
				"elbow_right": {
					"rotation": [0, 0, -12.5]
				},
				"wing_trim_inner_right": {
					"rotation": [0, 0, -17.5]
				},
				"wing_trim_inner_right2": {
					"rotation": [0, 0, -7.5]
				},
				"elbow_membrane_right": {
					"rotation": [2.5, 0, -3.8],
					"position": [0, 0, -0.3]
				},
				"elbow_membrane_hidden_right2": {
					"scale": 0
				},
				"hand_right": {
					"rotation": [-0.5, 10, -27.5]
				},
				"hand_membrane_right": {
					"rotation": [0, 0, 3.5]
				},
				"finger_outer_right2": {
					"rotation": [15, 0, 0]
				},
				"finger_inner_right2": {
					"rotation": [15, 0, 0]
				},
				"finger_middle_right2": {
					"rotation": [15, 0, 0]
				},
				"wing_end_right": {
					"rotation": [0, 0, 16]
				},
				"wing_trim_outer_right": {
					"rotation": [0, 0, 0]
				},
				"wing_trim_outer_right2": {
					"rotation": [0, 0, 0]
				},
				"tail": {
					"rotation": [-12.5, 0, 0],
					"position": [0, -3, -1]
				},
				"tail2": {
					"rotation": [7.5, 0, 0]
				},
				"tail3": {
					"rotation": [5, 0, 0]
				},
				"tail4": {
					"rotation": [10, 0, 0]
				},
				"tail5": {
					"rotation": [10, 0, 0]
				},
				"tail6": {
					"rotation": [-7.5, 0, 0]
				},
				"tail7": {
					"rotation": [-12.5, 0, 0]
				},
				"tail8": {
					"rotation": [-20, 0, 0]
				},
				"leg_left": {
					"rotation": [-27.5, 0, 0]
				},
				"knee_left": {
					"rotation": [12.5, 12.5, 7.5]
				},
				"foot_left": {
					"rotation": [-52.5, 10, 12.5]
				},
				"foot_left2": {
					"rotation": [-2.5, 0, 0]
				},
				"foot_left3": {
					"rotation": [0, 0, 2.5]
				},
				"leg_right": {
					"rotation": [-27.5, 0, 0]
				},
				"knee_right": {
					"rotation": [12.5, -12.5, -7.5]
				},
				"foot_right": {
					"rotation": [-52.5, -10, -12.5]
				},
				"foot_right2": {
					"rotation": [-2.5, 0, 0]
				},
				"foot_right3": {
					"rotation": [0, 0, -2.5]
				},
				"fingers_left": {
					"rotation": [-65, -16, 0]
				},
				"fingers_right": {
					"rotation": [-65, 16, 0]
				},
				"head_angle": {
					"rotation": [-5, 0, 0]
				},
				"elbow_membrane_hidden_left": {
					"rotation": [0, -75, 0]
				},
				"elbow_membrane_hidden_right": {
					"rotation": [0, 75, 0]
				}
			}
		},
		"animation.noivern.runspeed": {
			"loop": true,
			"bones": {
				"noivern": {
					"position": [0, 0, "-q.anim_time*16*15"]
				}
			}
		},
		"animation.noivern.blink": {
			"animation_length": 0.1667,
			"bones": {
				"pupil_left": {
					"rotation": {
						"0.0": [0, 0, -90],
						"0.1667": {"pre": [0, 0, -90], "post": [0, 0, 0]}
					}
				},
				"pupil_right": {
					"rotation": {
						"0.0": [0, 0, 90],
						"0.1667": {"pre": [0, 0, 90], "post": [0, 0, 0]}
					}
				}
			}
		}
	}
}