{
	"format_version": "1.8.0",
	"animations": {
		"animation.scrafty_mega.ground_idle": {
			"loop": true,
			"bones": {
				"torso": {
					"rotation": [2.5, 0, 0]
				},
				"head": {
					"rotation": [10, 0, 0]
				},
				"arm_left": {
					"rotation": [35, 5, 40]
				},
				"elbow_left": {
					"rotation": [0, 47.5, 0]
				},
				"hand_left": {
					"rotation": [0, 0, 35]
				},
				"arm_right": {
					"rotation": [35, -5, -40]
				},
				"elbow_right": {
					"rotation": [0, -57.5, 0]
				},
				"hand_right": {
					"rotation": [0, 0, -27.5]
				},
				"tail": {
					"rotation": [-17.5, 0, 0]
				},
				"tail3": {
					"rotation": [10, 0, 0]
				}
			}
		},
		"animation.scrafty_mega.battle_idle": {
			"loop": true,
			"bones": {
				"head": {
					"rotation": [15, -9, -2]
				},
				"arm_left": {
					"rotation": [30, -45, 9]
				},
				"elbow_left": {
					"rotation": [0, 85, 0]
				},
				"hand_left": {
					"rotation": [0, 0, 12.5]
				},
				"arm_right": {
					"rotation": [65.21362, -35.58641, -50.19262]
				},
				"elbow_right": {
					"rotation": [0, -40, 0]
				},
				"hand_right": {
					"rotation": [0, 0, -27.5]
				},
				"body_bend": {
					"rotation": [0, -7.5, 0]
				},
				"torso": {
					"rotation": [-5.09753, 14.98063, -0.45054]
				},
				"neck": {
					"rotation": [5, 0, 0]
				},
				"hood_off": {
					"scale": 0
				},
				"mohawk": {
					"scale": 0
				},
				"pants": {
					"rotation": [0, -15, 0]
				},
				"tail": {
					"rotation": [-12.5, 0, 0]
				},
				"tail3": {
					"rotation": [10, 0, 0]
				},
				"teeth_hood": {
					"position": [0, 0, -0.1]
				}
			}
		},
		"animation.scrafty_mega.blink": {
			"animation_length": 0.1667,
			"bones": {
				"eyelid_left": {
					"position": {
						"0.0": [0.1, 0, -0.1],
						"0.125": [0.1, 0, -0.1],
						"0.1667": [0, 0, 0]
					}
				},
				"eyelid_right": {
					"position": {
						"0.0": [-0.1, 0, -0.1],
						"0.125": [-0.1, 0, -0.1],
						"0.1667": [0, 0, 0]
					}
				}
			}
		},
		"animation.scrafty_mega.mouth": {
			"loop": true,
			"bones": {
				"mouth": {
					"position": [0, 0, -0.1]
				}
			}
		},
		"animation.scrafty_mega.mouth2": {
			"loop": true,
			"bones": {
				"mouth": {
					"position": [0, 0, -0.1]
				},
				"mouth2": {
					"position": [0, 0, -0.1]
				},
				"teeth_hood": {
					"position": [0, 0, 0.1]
				}
			}
		},
		"animation.scrafty_mega.render_hood_off": {
			"loop": true,
			"bones": {
				"body": {
					"rotation": [0, 27.5, 0]
				},
				"torso": {
					"rotation": [0, 2.5, 2.5]
				},
				"head": {
					"rotation": [-2.5, 0, -7.5]
				},
				"pupil_left": {
					"position": [0, -0.5, 0.5]
				},
				"arm_left": {
					"rotation": [51.63252, -12.95254, 15.13074]
				},
				"elbow_left": {
					"rotation": [0, 72.5, 0]
				},
				"hand_left": {
					"rotation": [-14.78217, 2.57594, 9.6658]
				},
				"tail": {
					"rotation": [-12.5, 17.5, 0]
				},
				"tail2": {
					"rotation": [0, 2.5, 0]
				},
				"tail3": {
					"rotation": [-7.5, 25, 0]
				},
				"tail_spike": {
					"rotation": [22.43938, 12.48791, -0.55404]
				},
				"arm_right": {
					"rotation": [36.20552, -4.30873, -38.38359]
				},
				"elbow_right": {
					"rotation": [0, -62.5, 0]
				},
				"hand_right": {
					"rotation": [-7.5, 0, -12.5]
				},
				"pants_top_right": {
					"rotation": [0, 0, 5]
				},
				"pants_top_left": {
					"rotation": [0, 0, -5]
				},
				"hood_on": {
					"scale": 0
				},
				"pupil_right": {
					"position": [0, -0.5, 0]
				},
				"eyelid_left_extra": {
					"position": [0, -0.5, 0]
				},
				"eyelid_right_extra": {
					"position": [0, -0.5, 0]
				}
			}
		},
		"animation.scrafty_mega.render_hood_on": {
			"loop": true,
			"bones": {
				"body": {
					"rotation": [0, 27.5, 0]
				},
				"torso": {
					"rotation": [0, 2.5, 2.5]
				},
				"head": {
					"rotation": [-2.5, 0, -7.5]
				},
				"pupil_left": {
					"position": [0, -0.5, 0.5]
				},
				"arm_left": {
					"rotation": [51.63252, -12.95254, 15.13074]
				},
				"elbow_left": {
					"rotation": [0, 72.5, 0]
				},
				"hand_left": {
					"rotation": [-14.78217, 2.57594, 9.6658]
				},
				"tail": {
					"rotation": [-12.5, 17.5, 0]
				},
				"tail2": {
					"rotation": [0, 2.5, 0]
				},
				"tail3": {
					"rotation": [-7.5, 25, 0]
				},
				"tail_spike": {
					"rotation": [22.43938, 12.48791, -0.55404]
				},
				"arm_right": {
					"rotation": [36.20552, -4.30873, -38.38359]
				},
				"elbow_right": {
					"rotation": [0, -62.5, 0]
				},
				"hand_right": {
					"rotation": [-7.5, 0, -12.5]
				},
				"pants_top_right": {
					"rotation": [0, 0, 5]
				},
				"pants_top_left": {
					"rotation": [0, 0, -5]
				},
				"pupil_right": {
					"position": [0, -0.5, 0]
				},
				"eyelid_left_extra": {
					"position": [0, -0.5, 0]
				},
				"eyelid_right_extra": {
					"position": [0, -0.5, 0]
				},
				"hood_off": {
					"scale": 0
				},
				"mohawk": {
					"scale": 0
				},
				"teeth_hood": {
					"position": [0, 0, -0.1]
				}
			}
		}
	}
}