{
	"format_version": "1.8.0",
	"animations": {
		"animation.latias.ground_idle": {
			"loop": true,
			"bones": {
				"body": {
					"rotation": ["-20+math.sin(query.anim_time*90*2.5+90)*1", 0, "math.sin(query.anim_time*90*2.5-180)*0.5"],
					"position": [
						"0+math.sin(query.anim_time*90*2.5-90)*0.5",
						"10+math.sin(query.anim_time*90*2.5-0)*0.75",
						"0+math.sin(query.anim_time*90*2.5-135)*0.5"
					]
				},
				"arm_left_1": {
					"rotation": [-7.5, 20, -5]
				},
				"arm_left_2": {
					"rotation": ["6.3041+math.sin(query.anim_time*90*2.5+60)*2", -35.37106, 45.77414]
				},
				"arm_left_3": {
					"rotation": ["47.5-math.sin(query.anim_time*90*2.5+45)*2", 15, -45]
				},
				"arm_right_1": {
					"rotation": [-7.5, -20, 5]
				},
				"arm_right_2": {
					"rotation": ["6.3041+math.sin(query.anim_time*90*2.5+60)*2", 35.37106, -45.77414]
				},
				"wing_left": {
					"rotation": [0, 0, "32.5+math.sin(query.anim_time*90*2.5-135)*1"]
				},
				"wing_right": {
					"rotation": [0, 0, "-32.5+math.sin(query.anim_time*90*2.5-135)*1"]
				},
				"tail_left": {
					"rotation": [
						"-5+math.sin(query.anim_time*90*2.5-135)*0.5",
						"-40+math.sin(query.anim_time*90*2.5-180)*1",
						"35-math.sin(query.anim_time*90*2.5-180)*2"
					]
				},
				"tail_right": {
					"rotation": [
						"-5-math.sin(query.anim_time*90*2.5-135)*0.5",
						"40-math.sin(query.anim_time*90*2.5-180)*1",
						"-35+math.sin(query.anim_time*90*2.5-180)*2"
					]
				},
				"neck": {
					"rotation": ["7.5+math.sin(query.anim_time*90*2.5-135)*0.5", 0, "-math.sin(query.anim_time*90*2.5-270)*0.5"]
				},
				"head": {
					"rotation": ["15+math.sin(query.anim_time*90*2.5-225)*1", 0, "-math.sin(query.anim_time*90*2.5-350)*0.5"]
				},
				"ear_left": {
					"rotation": [-29.14743, 7.43547, 13.06431]
				},
				"ear_right": {
					"rotation": [-29.14743, -7.43547, -13.06431]
				},
				"arm_right_3": {
					"rotation": ["47.5-math.sin(query.anim_time*90*2.5+45)*2", -15, 45]
				},
				"undefined": {
					"rotation": [0, 0, -5]
				}
			}
		},
		"animation.latias.battle_idle": {
			"loop": true,
			"bones": {
				"body": {
					"rotation": ["-25+math.sin(query.anim_time*90*2.5*2-45)*0.5", 0, "math.sin(query.anim_time*90*2.5-180)*1"],
					"position": ["0+math.sin(query.anim_time*90*2.5-90)*1", "10+math.sin(query.anim_time*90*2.5*2-0)*0.5", 0]
				},
				"arm_left_1": {
					"rotation": [-7.5, 20, -5]
				},
				"arm_left_2": {
					"rotation": [12.5, "-25-math.sin(query.anim_time*90*2.5-180)*2", "32.5-math.sin(query.anim_time*90*2.5*2-90)*1"]
				},
				"arm_left_3": {
					"rotation": ["9.5396+math.sin(query.anim_time*90*2.5-180)*1", 8.79614, "-36.3318-math.sin(query.anim_time*90*2.5*2-135)*1"]
				},
				"arm_left_claw_top": {
					"rotation": [0, 15, 5]
				},
				"arm_left_claw_bottom": {
					"rotation": [0, 15, -5]
				},
				"arm_left_claw_middle": {
					"rotation": [0, 5, 0]
				},
				"arm_right_1": {
					"rotation": [-7.5, -20, 5]
				},
				"arm_right_2": {
					"rotation": [12.5, "25+math.sin(query.anim_time*90*2.5-180)*2", "-32.5+math.sin(query.anim_time*90*2.5*2-90)*1"]
				},
				"wing_left": {
					"rotation": [0, 0, "32.5-math.sin(query.anim_time*90*2.5*2-135)*1"]
				},
				"wing_right": {
					"rotation": [0, 0, "-32.5+math.sin(query.anim_time*90*2.5*2-135)*1"]
				},
				"tail_left": {
					"rotation": [
						"-5+math.sin(query.anim_time*90*2.5-135)*0.5",
						"-40+math.sin(query.anim_time*90*2.5-180)*1",
						"35-math.sin(query.anim_time*90*2.5*2-90)*2"
					]
				},
				"tail_right": {
					"rotation": [
						"-5-math.sin(query.anim_time*90*2.5-135)*0.5",
						"40-math.sin(query.anim_time*90*2.5-180)*1",
						"-35+math.sin(query.anim_time*90*2.5*2-90)*2"
					]
				},
				"neck": {
					"rotation": ["17.5+math.sin(query.anim_time*90*2.5*2-135)*0.5", 0, "-math.sin(query.anim_time*90*2.5-270)*0.5"]
				},
				"head": {
					"rotation": ["17.5+math.sin(query.anim_time*90*2.5*2-225)*1", 0, "-math.sin(query.anim_time*90*2.5-350)*0.5"]
				},
				"arm_right_3": {
					"rotation": ["9.5396+math.sin(query.anim_time*90*2.5-180)*1", -8.79614, "36.3318-math.sin(query.anim_time*90*2.5*2-135)*1"]
				},
				"arm_right_claw_top": {
					"rotation": [0, -15, -5]
				},
				"arm_right_claw_bottom": {
					"rotation": [0, -15, 5]
				},
				"arm_right_claw_middle": {
					"rotation": [0, -5, 0]
				},
				"ear_left": {
					"rotation": [-29.14743, 7.43547, 13.06431]
				},
				"ear_right": {
					"rotation": [-29.14743, -7.43547, -13.06431]
				}
			}
		},
		"animation.latias.ground_walk": {
			"loop": true,
			"bones": {
				"body": {
					"rotation": ["-5+math.sin(q.anim_time*90*2.75-60)*-2", 0, "math.sin(q.anim_time*90*2.75-90)*1"],
					"position": [
						"math.sin(q.anim_time*90*2.75-90)*-0.9304",
						"11.0088+math.sin(q.anim_time*90*2.75-0)*-1",
						"-0.2582+math.sin(q.anim_time*90*2.75-135)*1"
					]
				},
				"arm_left_1": {
					"rotation": [-7.5, 20, -5]
				},
				"arm_left_2": {
					"rotation": [-52.9487, "-31.6197-math.sin(query.anim_time*90*2.75-180)*2", 55.77178]
				},
				"arm_left_3": {
					"rotation": ["53.4307+math.sin(query.anim_time*90*2.75-180)*1", 34.41897, -13.91715]
				},
				"arm_right_1": {
					"rotation": [-7.5, -20, 5]
				},
				"arm_right_2": {
					"rotation": [-52.9487, "31.6197+math.sin(query.anim_time*90*2.75-180)*2", -55.77178]
				},
				"wing_left": {
					"rotation": [0, 0, "32.5+math.sin(query.anim_time*90*2.75-150)*2"]
				},
				"wing_right": {
					"rotation": [0, 0, "-32.5-math.sin(query.anim_time*90*2.75-150)*2"]
				},
				"tail_left": {
					"rotation": [
						"-5+math.sin(query.anim_time*90*2.75-135)*0.5",
						"-40+math.sin(query.anim_time*90*2.75-180)*1",
						"35-math.sin(query.anim_time*90*2.75-180)*2"
					]
				},
				"tail_right": {
					"rotation": [
						"-5-math.sin(query.anim_time*90*2.75-135)*0.5",
						"40-math.sin(query.anim_time*90*2.75-180)*1",
						"-35+math.sin(query.anim_time*90*2.75-180)*2"
					]
				},
				"neck": {
					"rotation": ["-2.5+math.sin(q.anim_time*90*2.75-30)*2", 0, "math.sin(q.anim_time*90*2.75-60)*-1"]
				},
				"head": {
					"rotation": ["12.5+math.sin(q.anim_time*90*2.75+90)*-3", 0, 0]
				},
				"arm_right_3": {
					"rotation": ["53.4307-math.sin(query.anim_time*90*2.75-180)*1", -34.41897, 13.91715]
				},
				"ear_left": {
					"rotation": [-29.14743, 7.43547, 13.06431]
				},
				"ear_right": {
					"rotation": [-29.14743, -7.43547, -13.06431]
				}
			}
		},
		"animation.latias.blink": {
			"animation_length": 0.1667,
			"bones": {
				"eye_left": {
					"position": [0, 0, 0.1]
				},
				"eye_right": {
					"position": [0.1, 0, 0]
				},
				"eyelid_right": {
					"position": [-0.2, 0, 0]
				},
				"eyelid_left": {
					"position": [0, 0, -0.2]
				}
			}
		},
		"animation.latias.cry": {
			"animation_length": 3,
			"sound_effects": {
				"0.0": {
					"effect": "latias.cry"
				}
			},
			"bones": {
				"body": {
					"rotation": {
						"0.0": {
							"post": [0, 0, 0],
							"lerp_mode": "catmullrom"
						},
						"0.375": {
							"post": [10, 0, 0],
							"lerp_mode": "catmullrom"
						},
						"0.625": {
							"post": [-7.5, 0, 0],
							"lerp_mode": "catmullrom"
						},
						"1.5833": {
							"post": [-7.5, 0, 0],
							"lerp_mode": "catmullrom"
						},
						"2.25": {
							"post": [0, 0, 0],
							"lerp_mode": "catmullrom"
						}
					},
					"position": {
						"0.0": {
							"post": [0, 0, 0],
							"lerp_mode": "catmullrom"
						},
						"0.375": {
							"post": [0.01519, -1.88385, -0.67147],
							"lerp_mode": "catmullrom"
						},
						"0.625": {
							"post": [-0.00758, 1.54057, -1.80972],
							"lerp_mode": "catmullrom"
						},
						"1.5833": {
							"post": [-0.00758, 1.54057, -1.80972],
							"lerp_mode": "catmullrom"
						},
						"2.25": {
							"post": [0, 0, 0],
							"lerp_mode": "catmullrom"
						}
					}
				},
				"arm_left_2": {
					"rotation": {
						"0.0": {
							"post": [0, 0, 0],
							"lerp_mode": "catmullrom"
						},
						"0.4167": {
							"post": [-16.12295, 17.29277, -3.02677],
							"lerp_mode": "catmullrom"
						},
						"0.6667": {
							"post": [0.70761, -15.65596, -22.67152],
							"lerp_mode": "catmullrom"
						},
						"1.625": {
							"post": [0.70761, -15.65596, -22.67152],
							"lerp_mode": "catmullrom"
						},
						"2.2917": {
							"post": [0, 0, 0],
							"lerp_mode": "catmullrom"
						},
						"3.0": {
							"post": [0, 0, 0],
							"lerp_mode": "catmullrom"
						}
					}
				},
				"arm_left_3": {
					"rotation": {
						"0.0": {
							"post": [0, 0, 0],
							"lerp_mode": "catmullrom"
						},
						"0.4583": {
							"post": [12.08564, 23.63696, 22.73124],
							"lerp_mode": "catmullrom"
						},
						"0.7083": {
							"post": [-0.34897, -13.04665, 6.21896],
							"lerp_mode": "catmullrom"
						},
						"1.6667": {
							"post": [-0.34897, -13.04665, 6.21896],
							"lerp_mode": "catmullrom"
						},
						"2.3333": {
							"post": [0, 0, 0],
							"lerp_mode": "catmullrom"
						},
						"3.0": {
							"post": [0, 0, 0],
							"lerp_mode": "catmullrom"
						}
					}
				},
				"arm_right_2": {
					"rotation": {
						"0.0": {
							"post": [0, 0, 0],
							"lerp_mode": "catmullrom"
						},
						"0.4167": {
							"post": [-16.12295, -17.29277, 3.02677],
							"lerp_mode": "catmullrom"
						},
						"0.6667": {
							"post": [0.70761, 15.65596, 22.67152],
							"lerp_mode": "catmullrom"
						},
						"1.625": {
							"post": [0.70761, 15.65596, 22.67152],
							"lerp_mode": "catmullrom"
						},
						"2.2917": {
							"post": [0, 0, 0],
							"lerp_mode": "catmullrom"
						},
						"3.0": {
							"post": [0, 0, 0],
							"lerp_mode": "catmullrom"
						}
					}
				},
				"arm_right_3": {
					"rotation": {
						"0.0": {
							"post": [0, 0, 0],
							"lerp_mode": "catmullrom"
						},
						"0.4583": {
							"post": [12.08564, -23.63696, -22.73124],
							"lerp_mode": "catmullrom"
						},
						"0.7083": {
							"post": [-0.34897, 13.04665, -6.21896],
							"lerp_mode": "catmullrom"
						},
						"1.6667": {
							"post": [-0.34897, 13.04665, -6.21896],
							"lerp_mode": "catmullrom"
						},
						"2.3333": {
							"post": [0, 0, 0],
							"lerp_mode": "catmullrom"
						},
						"3.0": {
							"post": [0, 0, 0],
							"lerp_mode": "catmullrom"
						}
					}
				},
				"wing_left": {
					"rotation": {
						"0.0": {
							"post": [0, 0, 0],
							"lerp_mode": "catmullrom"
						},
						"0.4167": {
							"post": [0, 0, -10],
							"lerp_mode": "catmullrom"
						},
						"0.6667": {
							"post": [0, 0, 10],
							"lerp_mode": "catmullrom"
						},
						"1.625": {
							"post": [0, 0, 10],
							"lerp_mode": "catmullrom"
						},
						"2.2917": {
							"post": [0, 0, 0],
							"lerp_mode": "catmullrom"
						},
						"3.0": {
							"post": [0, 0, 0],
							"lerp_mode": "catmullrom"
						}
					}
				},
				"wing_right": {
					"rotation": {
						"0.0": {
							"post": [0, 0, 0],
							"lerp_mode": "catmullrom"
						},
						"0.4167": {
							"post": [0, 0, 10],
							"lerp_mode": "catmullrom"
						},
						"0.6667": {
							"post": [0, 0, -10],
							"lerp_mode": "catmullrom"
						},
						"1.625": {
							"post": [0, 0, -10],
							"lerp_mode": "catmullrom"
						},
						"2.2917": {
							"post": [0, 0, 0],
							"lerp_mode": "catmullrom"
						},
						"3.0": {
							"post": [0, 0, 0],
							"lerp_mode": "catmullrom"
						}
					}
				},
				"tail_left": {
					"rotation": {
						"0.0": {
							"post": [0, 0, 0],
							"lerp_mode": "catmullrom"
						},
						"0.4583": {
							"post": [0, -10, 0],
							"lerp_mode": "catmullrom"
						},
						"0.7083": {
							"post": [0, 7.5, 0],
							"lerp_mode": "catmullrom"
						},
						"1.6667": {
							"post": [0, 7.5, 0],
							"lerp_mode": "catmullrom"
						},
						"2.3333": {
							"post": [0, 0, 0],
							"lerp_mode": "catmullrom"
						},
						"3.0": {
							"post": [0, 0, 0],
							"lerp_mode": "catmullrom"
						}
					}
				},
				"tail_right": {
					"rotation": {
						"0.0": {
							"post": [0, 0, 0],
							"lerp_mode": "catmullrom"
						},
						"0.4583": {
							"post": [0, 10, 0],
							"lerp_mode": "catmullrom"
						},
						"0.7083": {
							"post": [0, -7.5, 0],
							"lerp_mode": "catmullrom"
						},
						"1.6667": {
							"post": [0, -7.5, 0],
							"lerp_mode": "catmullrom"
						},
						"2.3333": {
							"post": [0, 0, 0],
							"lerp_mode": "catmullrom"
						},
						"3.0": {
							"post": [0, 0, 0],
							"lerp_mode": "catmullrom"
						}
					}
				},
				"neck": {
					"rotation": {
						"0.0": {
							"post": [0, 0, 0],
							"lerp_mode": "catmullrom"
						},
						"0.4167": {
							"post": [2.5, 0, 0],
							"lerp_mode": "catmullrom"
						},
						"0.6667": {
							"post": [-5, 0, 0],
							"lerp_mode": "catmullrom"
						},
						"1.625": {
							"post": [-5, 0, 0],
							"lerp_mode": "catmullrom"
						},
						"2.2917": {
							"post": [0, 0, 0],
							"lerp_mode": "catmullrom"
						}
					}
				},
				"head": {
					"rotation": {
						"0.0": {
							"post": [0, 0, 0],
							"lerp_mode": "catmullrom"
						},
						"0.4583": {
							"post": [15, 0, 0],
							"lerp_mode": "catmullrom"
						},
						"0.7083": {
							"post": [-7.5, 0, 0],
							"lerp_mode": "catmullrom"
						},
						"1.6667": {
							"post": [-7.5, 0, 0],
							"lerp_mode": "catmullrom"
						},
						"2.3333": {
							"post": [0, 0, 0],
							"lerp_mode": "catmullrom"
						}
					}
				},
				"eye_left": {
					"position": {
						"0.0": [0, 0, 0],
						"0.125": [0, 0, 0],
						"0.1667": [0, 0, 0.1],
						"0.5": [0, 0, 0.1],
						"0.5417": [0, 0, 0]
					}
				},
				"eyelid_left": {
					"position": {
						"0.0": [0, 0, 0],
						"0.125": [0, 0, 0],
						"0.1667": [0, 0, -0.2],
						"0.5": [0, 0, -0.2],
						"0.5417": [0, 0, 0]
					}
				},
				"eye_right": {
					"position": {
						"0.0": [0, 0, 0],
						"0.125": [0, 0, 0],
						"0.1667": [0.1, 0, 0],
						"0.5": [0.1, 0, 0],
						"0.5417": [0, 0, 0]
					}
				},
				"eyelid_right": {
					"position": {
						"0.0": [0, 0, 0],
						"0.125": [0, 0, 0],
						"0.1667": [-0.2, 0, 0],
						"0.5": [-0.2, 0, 0],
						"0.5417": [0, 0, 0]
					}
				},
				"mouth_smile": {
					"position": {
						"0.0": [0, 0, 0],
						"0.5": [0, 0, 0],
						"0.5417": [0, 0.1, 0],
						"1.6667": [0, 0.1, 0],
						"1.7083": [0, 0, 0]
					}
				},
				"mouth_open": {
					"position": {
						"0.0": [0, 0, 0],
						"0.5": [0, 0, 0],
						"0.5417": [0, -0.1, 0],
						"1.6667": [0, -0.1, 0],
						"1.7083": [0, 0, 0]
					}
				}
			}
		}
	}
}