{"format_version":"1.8.0","animations":{"animation.thundurus_therian.ground_idle":{"loop":true,"bones":{"thundurus_therian":{"position":[0,"20+1*(math.sin(q.anim_time*30*6)*1+0)",0],"scale":1},"head":{"rotation":["5+math.sin(q.anim_time*90*2-90)*2",0,0]},"wick":{"rotation":["0-math.sin(q.anim_time*90*2)*2","0-math.sin(q.anim_time*90*2-45)*2",0]},"right_arm":{"rotation":["5+math.sin(q.anim_time*90*2-90)*5",0,0]},"right_cloud":{"rotation":["0-math.sin(q.anim_time*90*2)*2","0-math.sin(q.anim_time*90*2-45)*5 ",0]},"left_arm":{"rotation":["5+math.sin(q.anim_time*90*2-90)*5",0,0]},"left_cloud":{"rotation":["0-math.sin(q.anim_time*90*2)*2","0-math.sin(q.anim_time*90*2-45)*5 ",0]},"tail":{"rotation":["0-math.sin(q.anim_time*90*2)*2","0-math.sin(q.anim_time*90*2-45)*2",0]},"tail2":{"rotation":["0-math.sin(q.anim_time*90*2-270)*5","0-math.sin(q.anim_time*90*2-315)*0",0]},"tail4":{"rotation":["0-math.sin(q.anim_time*90*2-270)*0","0-math.sin(q.anim_time*90*2-315)*3",0]},"right_foot":{"rotation":["5+math.sin(q.anim_time*90*2-90)*10",0,0]},"left_foot":{"rotation":["5+math.sin(q.anim_time*90*2-90)*10",0,0]},"wick4":{"rotation":["0-math.sin(q.anim_time*90*2)*5","0-math.sin(q.anim_time*90*2-45)*0",0]},"tail3":{"rotation":["0-math.sin(q.anim_time*90*2-270)*0","0-math.sin(q.anim_time*90*2-315)*4",0]},"tail5":{"rotation":["0-math.sin(q.anim_time*90*2-270)*0","0-math.sin(q.anim_time*90*2-315)*2",0]},"tail6":{"rotation":["0-math.sin(q.anim_time*90*2-270)*0","0-math.sin(q.anim_time*90*2-315)*1",0]},"right_mustache":{"rotation":["0-math.sin(q.anim_time*90*2)*5","0-math.sin(q.anim_time*90*2-45)*0",0]},"left_mustache":{"rotation":["0-math.sin(q.anim_time*90*2)*5","0-math.sin(q.anim_time*90*2-45)*0",0]},"right_cloud2":{"rotation":["0-math.sin(q.anim_time*90*2)*5","0-math.sin(q.anim_time*90*2-45)*0",0]},"left_cloud2":{"rotation":["0-math.sin(q.anim_time*90*2)*5","0-math.sin(q.anim_time*90*2-45)*0",0]}}},"animation.thundurus_therian.ground_walk":{"loop":true,"animation_length":2,"bones":{"thundurus_therian":{"rotation":[22.5,0,0],"position":[0,"20+5*(math.sin(q.anim_time*30*6)*1+0)",0]},"head":{"rotation":["5+math.sin(q.anim_time*90*2-90)*2",0,0]},"wick":{"rotation":["0-math.sin(q.anim_time*90*2)*2","0-math.sin(q.anim_time*90*2-45)*2",0]},"right_arm":{"rotation":["5+math.sin(q.anim_time*90*2-90)*5",0,0]},"right_cloud":{"rotation":["0-math.sin(q.anim_time*90*2)*2","0-math.sin(q.anim_time*90*2-45)*5 ",0]},"left_arm":{"rotation":["5+math.sin(q.anim_time*90*2-90)*5",0,0]},"left_cloud":{"rotation":["0-math.sin(q.anim_time*90*2)*2","0-math.sin(q.anim_time*90*2-45)*5 ",0]},"tail":{"rotation":["0-math.sin(q.anim_time*90*2)*2","0-math.sin(q.anim_time*90*2-45)*2",0]},"tail2":{"rotation":["0-math.sin(q.anim_time*90*2-270)*5","0-math.sin(q.anim_time*90*2-315)*0",0]},"tail4":{"rotation":["0-math.sin(q.anim_time*90*2-270)*0","0-math.sin(q.anim_time*90*2-315)*3",0]},"right_foot":{"rotation":["30+math.sin(q.anim_time*90*2-90)*10",0,0]},"left_foot":{"rotation":["30+math.sin(q.anim_time*90*2-90)*10",0,0]},"wick4":{"rotation":["0-math.sin(q.anim_time*90*2)*5","0-math.sin(q.anim_time*90*2-45)*0",0]},"tail3":{"rotation":["0-math.sin(q.anim_time*90*2-270)*0","0-math.sin(q.anim_time*90*2-315)*4",0]},"tail5":{"rotation":["0-math.sin(q.anim_time*90*2-270)*0","0-math.sin(q.anim_time*90*2-315)*2",0]},"tail6":{"rotation":["0-math.sin(q.anim_time*90*2-270)*0","0-math.sin(q.anim_time*90*2-315)*1",0]},"right_mustache":{"rotation":["0-math.sin(q.anim_time*90*2)*5","0-math.sin(q.anim_time*90*2-45)*0",0]},"left_mustache":{"rotation":["0-math.sin(q.anim_time*90*2)*5","0-math.sin(q.anim_time*90*2-45)*0",0]},"right_cloud2":{"rotation":["0-math.sin(q.anim_time*90*2)*5","0-math.sin(q.anim_time*90*2-45)*0",0]},"left_cloud2":{"rotation":["0-math.sin(q.anim_time*90*2)*5","0-math.sin(q.anim_time*90*2-45)*0",0]}}},"animation.thundurus_therian.air_idle":{"loop":true,"animation_length":2,"bones":{"thundurus_therian":{"position":[0,"20+1*(math.sin(q.anim_time*30*6)*1+0)",0]},"head":{"rotation":["5+math.sin(q.anim_time*90*2-90)*2",0,0]},"wick":{"rotation":["0-math.sin(q.anim_time*90*2)*2","0-math.sin(q.anim_time*90*2-45)*2",0]},"right_arm":{"rotation":["5+math.sin(q.anim_time*90*2-90)*5",0,0]},"right_cloud":{"rotation":["0-math.sin(q.anim_time*90*2)*2","0-math.sin(q.anim_time*90*2-45)*5 ",0]},"left_arm":{"rotation":["5+math.sin(q.anim_time*90*2-90)*5",0,0]},"left_cloud":{"rotation":["0-math.sin(q.anim_time*90*2)*2","0-math.sin(q.anim_time*90*2-45)*5 ",0]},"tail":{"rotation":["0-math.sin(q.anim_time*90*2)*2","0-math.sin(q.anim_time*90*2-45)*2",0]},"tail2":{"rotation":["0-math.sin(q.anim_time*90*2-270)*5","0-math.sin(q.anim_time*90*2-315)*0",0]},"tail4":{"rotation":["0-math.sin(q.anim_time*90*2-270)*0","0-math.sin(q.anim_time*90*2-315)*3",0]},"right_foot":{"rotation":["5+math.sin(q.anim_time*90*2-90)*10",0,0]},"left_foot":{"rotation":["5+math.sin(q.anim_time*90*2-90)*10",0,0]},"wick4":{"rotation":["0-math.sin(q.anim_time*90*2)*5","0-math.sin(q.anim_time*90*2-45)*0",0]},"tail3":{"rotation":["0-math.sin(q.anim_time*90*2-270)*0","0-math.sin(q.anim_time*90*2-315)*4",0]},"tail5":{"rotation":["0-math.sin(q.anim_time*90*2-270)*0","0-math.sin(q.anim_time*90*2-315)*2",0]},"tail6":{"rotation":["0-math.sin(q.anim_time*90*2-270)*0","0-math.sin(q.anim_time*90*2-315)*1",0]},"right_mustache":{"rotation":["0-math.sin(q.anim_time*90*2)*5","0-math.sin(q.anim_time*90*2-45)*0",0]},"left_mustache":{"rotation":["0-math.sin(q.anim_time*90*2)*5","0-math.sin(q.anim_time*90*2-45)*0",0]},"right_cloud2":{"rotation":["0-math.sin(q.anim_time*90*2)*5","0-math.sin(q.anim_time*90*2-45)*0",0]},"left_cloud2":{"rotation":["0-math.sin(q.anim_time*90*2)*5","0-math.sin(q.anim_time*90*2-45)*0",0]}}},"animation.thundurus_therian.air_fly":{"loop":true,"bones":{"thundurus_therian":{"rotation":[22.5,0,0],"position":[0,"20+5*(math.sin(q.anim_time*30*6)*1+0)",0]},"head":{"rotation":["5+math.sin(q.anim_time*90*2-90)*2",0,0]},"wick":{"rotation":["0-math.sin(q.anim_time*90*2)*2","0-math.sin(q.anim_time*90*2-45)*2",0]},"right_arm":{"rotation":["5+math.sin(q.anim_time*90*2-90)*5",0,0]},"right_cloud":{"rotation":["0-math.sin(q.anim_time*90*2)*2","0-math.sin(q.anim_time*90*2-45)*5 ",0]},"left_arm":{"rotation":["5+math.sin(q.anim_time*90*2-90)*5",0,0]},"left_cloud":{"rotation":["0-math.sin(q.anim_time*90*2)*2","0-math.sin(q.anim_time*90*2-45)*5 ",0]},"tail":{"rotation":["0-math.sin(q.anim_time*90*2)*2","0-math.sin(q.anim_time*90*2-45)*2",0]},"tail2":{"rotation":["0-math.sin(q.anim_time*90*2-270)*5","0-math.sin(q.anim_time*90*2-315)*0",0]},"tail4":{"rotation":["0-math.sin(q.anim_time*90*2-270)*0","0-math.sin(q.anim_time*90*2-315)*3",0]},"right_foot":{"rotation":["30+math.sin(q.anim_time*90*2-90)*10",0,0]},"left_foot":{"rotation":["30+math.sin(q.anim_time*90*2-90)*10",0,0]},"wick4":{"rotation":["0-math.sin(q.anim_time*90*2)*5","0-math.sin(q.anim_time*90*2-45)*0",0]},"tail3":{"rotation":["0-math.sin(q.anim_time*90*2-270)*0","0-math.sin(q.anim_time*90*2-315)*4",0]},"tail5":{"rotation":["0-math.sin(q.anim_time*90*2-270)*0","0-math.sin(q.anim_time*90*2-315)*2",0]},"tail6":{"rotation":["0-math.sin(q.anim_time*90*2-270)*0","0-math.sin(q.anim_time*90*2-315)*1",0]},"right_mustache":{"rotation":["0-math.sin(q.anim_time*90*2)*5","0-math.sin(q.anim_time*90*2-45)*0",0]},"left_mustache":{"rotation":["0-math.sin(q.anim_time*90*2)*5","0-math.sin(q.anim_time*90*2-45)*0",0]},"right_cloud2":{"rotation":["0-math.sin(q.anim_time*90*2)*5","0-math.sin(q.anim_time*90*2-45)*0",0]},"left_cloud2":{"rotation":["0-math.sin(q.anim_time*90*2)*5","0-math.sin(q.anim_time*90*2-45)*0",0]}}}}}