{
	"format_version": "1.8.0",
	"animations": {
		"animation.mudkip.ground_idle": {
			"loop": true,
			"bones": {
				"torso": {
					"rotation": ["0-math.cos(q.anim_time*90*2)*-2", "math.sin(q.anim_time*90*1)*0.5", "math.cos(q.anim_time*90*2)*-0.5"],
					"position": [0, "math.sin(q.anim_time*90*2)*0.1", 0]
				},
				"tail": {
					"rotation": [0, "0+math.sin(q.anim_time*90*5)*5", 0]
				},
				"head": {
					"rotation": ["0-math.cos(q.anim_time*90*2)*-2", "0-math.sin(q.anim_time*45*2)*-3", 0],
					"position": [0, "math.sin(q.anim_time*90*2-30)*0.05", 0]
				},
				"twig": {
					"rotation": [0, 0, "math.cos(q.anim_time*90*1-50)*5 "]
				},
				"leaf_left": {
					"rotation": [0, "math.cos(q.anim_time*90*2)*2", "math.cos(q.anim_time*90*1-80)*5 "]
				},
				"leaf_right": {
					"rotation": [0, "math.cos(q.anim_time*90*2)*2", "math.cos(q.anim_time*90*1-80)*5 "]
				},
				"jaw": {
					"rotation": [0, 0, 0]
				},
				"fin": {
					"rotation": [0, 0, "0-math.sin(q.anim_time*45*2-30)*-5"]
				}
			}
		},
		"animation.mudkip.ground_walk": {
			"loop": true,
			"bones": {
				"torso": {
					"rotation": ["0-math.cos(q.anim_time*90*6)*1", "0-math.sin(q.anim_time*90*6)*2", "0+math.sin(q.anim_time*90*6)*2"],
					"position": [0, "0+math.sin(q.anim_time*90*6*2)*0.3", 0]
				},
				"leg_front_right": {
					"rotation": ["0-math.sin(q.anim_time*90*6)*9", 0, 0],
					"position": [0, "0+math.clamp(math.cos(q.anim_time*90*6+50)*0.7,0,1)", "0.25-math.sin(q.anim_time*90*6+50)*0.5"]
				},
				"leg_front_left": {
					"rotation": ["0-math.sin(q.anim_time*90*6+230)*9", 0, 0],
					"position": [0, "0+math.clamp(math.cos(q.anim_time*90*6+230)*0.7,0,1)", "0.25-math.sin(q.anim_time*90*6+230)*0.5"]
				},
				"leg_back_right": {
					"rotation": ["0-math.sin(q.anim_time*90*6+180)*9", 0, 0],
					"position": [0, "0+math.clamp(math.cos(q.anim_time*90*6+180)*0.6,0,1)", "0-math.sin(q.anim_time*90*6+180)*0.5"]
				},
				"leg_back_left": {
					"rotation": ["0-math.sin(q.anim_time*90*6+50)*9", 0, 0],
					"position": [0, "0+math.clamp(math.cos(q.anim_time*90*6)*0.6,0,1)", "0-math.sin(q.anim_time*90*6)*0.5"]
				},
				"head": {
					"rotation": ["-math.cos(q.anim_time*90*6*2-30)*2", 0, 0]
				},
				"tail": {
					"rotation": [0, "0-math.cos(q.anim_time*90*6*2-30)*20", 0]
				},
				"twig": {
					"rotation": ["-math.cos(q.anim_time*90*6*2-60)*2-3", 0, 0]
				},
				"leaf_left": {
					"rotation": [0, "math.cos(q.anim_time*90*6-90)*-3+math.cos(q.anim_time*90*6*2-90)*-2", "math.cos(q.anim_time*90*6-80)*5"]
				},
				"leaf_right": {
					"rotation": [0, "math.cos(q.anim_time*90*6-80)*3+math.cos(q.anim_time*90*6*2-80)*2", "math.cos(q.anim_time*90*6-80)*5 "]
				},
				"fin": {
					"rotation": [0, 0, "-math.cos(q.anim_time*90*6*2-60)*2"]
				}
			}
		},
		"animation.mudkip.ground_run": {
			"loop": true,
			"bones": {
				"bulb": {
					"rotation": ["4*(math.sin(q.anim_time*90*4*2+150)*1+1)", 0, 0]
				},
				"body": {
					"rotation": ["math.sin(q.anim_time*90*4*2-90)*6+5 ", 0, 0],
					"position": [
						0,
						"math.clamp(math.sin(q.anim_time*90*8+30)*2,0,5)+math.clamp(math.sin(q.anim_time*90*8+30)*0.2,-1,0)",
						"-math.sin(q.anim_time*90*8+math.sin(q.anim_time*90*8+60)*-40)"
					]
				},
				"tail": {
					"rotation": [0, "math.sin(q.anim_time*90*4*3-190)*15", 0]
				},
				"head": {
					"rotation": ["math.sin(q.anim_time*90*4*2-60)*-10", 0, 0]
				},
				"twig": {
					"rotation": ["math.sin(q.anim_time*90*4*2-160)*10-10", 0, 0]
				},
				"leaf_left": {
					"rotation": [0, "math.sin(q.anim_time*90*4*2-190)*-15-10+math.sin(q.anim_time*90*8*2)*2-10", "math.cos(q.anim_time*90*4*2)*-5+10"]
				},
				"leaf_right": {
					"rotation": [0, "math.sin(q.anim_time*90*4*2-190)*15+10+math.sin(q.anim_time*90*8*2)*2+10", "math.cos(q.anim_time*90*4*2)*5-10"]
				},
				"leg_front_right": {
					"rotation": ["math.clamp(math.sin(-q.anim_time*90*8+10)*40,-50,5)-math.clamp(math.sin(q.anim_time*90*8+10)*20,-50,5)", 0, 0],
					"position": [
						0,
						"math.clamp(math.sin(q.anim_time*90*4*2+50-180)*0.5,0,1)+math.clamp(math.sin(q.anim_time*90*4*2+50)*0.8,0,1)",
						"-math.sin(math.sin(q.anim_time*90*8)*5)"
					]
				},
				"leg_front_left": {
					"rotation": ["math.clamp(math.sin(-q.anim_time*90*8)*40,-50,5)-math.clamp(math.sin(q.anim_time*90*8)*20,-50,5)", 0, 0],
					"position": [
						0,
						"math.clamp(math.sin(q.anim_time*90*4*2+50-180)*0.5,0,1)+math.clamp(math.sin(q.anim_time*90*4*2+50)*0.8,0,1)",
						"-math.sin(math.sin(q.anim_time*90*8)*5)"
					]
				},
				"leg_back_right": {
					"rotation": ["math.clamp(math.sin(-q.anim_time*90*8+120)*30,-50,5)-math.clamp(math.sin(q.anim_time*90*8-120)*40,-50,5)", 0, 0],
					"position": [
						0,
						"math.clamp(math.sin(q.anim_time*90*4*2+50-180)*-0.2,-1,0)+math.clamp(math.sin(q.anim_time*90*4*2+50)*-0.3,-1,0)",
						"math.sin(math.sin(q.anim_time*90*8)*20)+0.3"
					]
				},
				"leg_back_left": {
					"rotation": ["math.clamp(math.sin(-q.anim_time*90*8+120)*30,-50,5)-math.clamp(math.sin(q.anim_time*90*8-120)*40,-50,5)", 0, 0],
					"position": [
						0,
						"math.clamp(math.sin(q.anim_time*90*4*2+50-180)*-0.2,-1,0)+math.clamp(math.sin(q.anim_time*90*4*2+50)*-0.3,-1,0)",
						"math.sin(math.sin(q.anim_time*90*8)*20)+0.3"
					]
				},
				"jaw": {
					"rotation": ["math.sin(q.anim_time*90*4*2-160)*-10+10", 0, 0]
				},
				"fin": {
					"rotation": ["math.sin(q.anim_time*90*4*2-160)*10-10", 0, 0]
				}
			}
		},
		"animation.mudkip.water_idle": {
			"loop": true,
			"bones": {
				"body": {
					"rotation": ["0-math.cos(q.anim_time*90*1)*2", 0, 0],
					"position": [0, "0-math.sin(q.anim_time*90*1)*0.3", 0]
				},
				"head": {
					"rotation": ["0-math.cos(q.anim_time*90*1-60)*3", 0, 0],
					"position": [0, -1, -1]
				},
				"tail": {
					"rotation": ["7.5+math.cos(q.anim_time*90*1-120)*2", "0+math.sin(q.anim_time*90*1-120)*10", 0]
				},
				"leg_front_left": {
					"rotation": [-15, 0, "-30-math.cos(q.anim_time*90*1-60)*6"]
				},
				"leg_front_right": {
					"rotation": [-15, 0, "30+math.cos(q.anim_time*90*1-60)*6"]
				},
				"leg_back_left": {
					"rotation": [15, 0, "-30-math.cos(q.anim_time*90*1-60)*6"]
				},
				"leg_back_right": {
					"rotation": [15, 0, "30+math.cos(q.anim_time*90*1-60)*6"]
				}
			}
		},
		"animation.mudkip.water_swim": {
			"loop": true,
			"bones": {
				"body": {
					"rotation": ["0-math.cos(q.anim_time*90*2*2+120)*2", "0-math.cos(q.anim_time*90*2*2)*5", "0-math.cos(q.anim_time*90*2)*1"],
					"position": ["math.cos(q.anim_time*90*2*2)*0.5", "0-math.sin(q.anim_time*90*2*2)*0.3", "0-math.sin(q.anim_time*90*1*2)*1"]
				},
				"head": {
					"rotation": ["0-math.cos(q.anim_time*90*2*4+180)*0.2", "0-math.cos(q.anim_time*90*2*2+120)*6", "0-math.cos(q.anim_time*90*2+60)*3"],
					"position": [0, -1, -1]
				},
				"atenna_left": {
					"rotation": ["0-math.cos(q.anim_time*90*2*2+150)*3", "0-math.cos(q.anim_time*90*2*2+150)*9", 0]
				},
				"atenna_right": {
					"rotation": ["0-math.cos(q.anim_time*90*2*2+150)*-3", "0-math.cos(q.anim_time*90*2*2+150)*-9", 0]
				},
				"tail": {
					"rotation": ["-math.cos(q.anim_time*90*2*2-60)*5", "math.sin(q.anim_time*90*2*2-120)*5", 0]
				},
				"leg_front_left": {
					"rotation": ["37.5-math.cos(q.anim_time*90*2*2-60)*7", 0, "-30-math.cos(q.anim_time*90*2-60)*6"]
				},
				"leg_front_right": {
					"rotation": ["37.5-math.cos(q.anim_time*90*2*2-60)*7", 0, "30+math.cos(q.anim_time*90*2-60)*6"]
				},
				"leg_back_left": {
					"rotation": ["42.5-math.cos(q.anim_time*90*2*2-120)*5", 0, "-30-math.cos(q.anim_time*90*2-60)*6"]
				},
				"leg_back_right": {
					"rotation": ["42.5-math.cos(q.anim_time*90*2*2-120)*5", 0, "30+math.cos(q.anim_time*90*2-60)*6"]
				}
			}
		},
		"animation.mudkip.sleep": {
			"loop": true,
			"bones": {
				"body": {
					"position": [0, -1.5, 0]
				},
				"head": {
					"rotation": ["22.5+math.cos(q.anim_time*90*1-60)*2", 0, 0]
				},
				"twig": {
					"rotation": ["20+math.cos(q.anim_time*90*1-90)*5", 0, 0]
				},
				"leaf_left": {
					"rotation": [0, "22.5+math.cos(q.anim_time*90*1-120)*5", 0]
				},
				"leaf_right": {
					"rotation": [0, "-22.5-math.cos(q.anim_time*90*1-120)*5", 0]
				},
				"eyelid_left": {
					"position": [0, 0, -1]
				},
				"eyelid_right": {
					"position": [0, 0, -1]
				},
				"leg_front_right": {
					"rotation": [-90, "22+math.sin(q.anim_time*90*1-90)*2", 0],
					"position": [0, -1, 0]
				},
				"leg_front_left": {
					"rotation": [-90, "-22-math.sin(q.anim_time*90*1-90)*2", 0],
					"position": [0, -1, 0]
				},
				"leg_back_right": {
					"rotation": [90, "-22.5-math.sin(q.anim_time*90*1-90)*2", 0],
					"position": [0, -1, 0]
				},
				"leg_back_left": {
					"rotation": [90, "22.5+math.sin(q.anim_time*90*1-90)*2", 0],
					"position": [0, -1, 0]
				},
				"torso": {
					"rotation": ["0+math.cos(q.anim_time*90*1-90)*1", 0, "0+math.sin(q.anim_time*90*1-90)*1"]
				},
				"tail": {
					"rotation": [0, "0+math.cos(q.anim_time*90*1-90)*10", 0]
				},
				"atenna_left": {
					"rotation": [0, "22.5+math.cos(q.anim_time*90*1-120)*5", 0]
				},
				"atenna_right": {
					"rotation": [0, "-22.5-math.cos(q.anim_time*90*1-120)*5", 0]
				},
				"fin": {
					"rotation": ["20+math.cos(q.anim_time*90*1-90)*5", 0, 0]
				}
			}
		},
		"animation.mudkip.blink": {
			"animation_length": 0.1667,
			"bones": {
				"eyelid_left": {
					"position": {
						"0.0": [0, 0, -1],
						"0.125": [0, 0, -1],
						"0.1667": [0, 0, 0]
					}
				},
				"eyelid_right": {
					"position": {
						"0.0": [0, 0, -1],
						"0.125": [0, 0, -1],
						"0.1667": [0, 0, 0]
					}
				}
			}
		},
		"animation.mudkip.cry": {
			"animation_length": 1.52,
			"bones": {
				"torso": {
					"rotation": {
						"0.0": {
							"post": [0, 0, 0],
							"lerp_mode": "catmullrom"
						},
						"0.08": {
							"post": [12.5, 0, 0],
							"lerp_mode": "catmullrom"
						},
						"0.28": {
							"post": [-2.5, 0, 0],
							"lerp_mode": "catmullrom"
						},
						"0.56": {
							"post": [-2.5, 0, 0],
							"lerp_mode": "catmullrom"
						},
						"1.2": {
							"post": [0, 0, 0],
							"lerp_mode": "catmullrom"
						}
					},
					"position": {
						"0.0": {
							"post": [0, 0, 0],
							"lerp_mode": "catmullrom"
						},
						"0.08": {
							"post": [0, 0, -0.2],
							"lerp_mode": "catmullrom"
						},
						"0.28": {
							"post": [0, 0, 0.1],
							"lerp_mode": "catmullrom"
						},
						"1.2": {
							"post": [0, 0, 0],
							"lerp_mode": "catmullrom"
						}
					}
				},
				"head": {
					"rotation": {
						"0.0": {
							"post": [0, 0, 0],
							"lerp_mode": "catmullrom"
						},
						"0.08": {
							"post": [20, 0, 0],
							"lerp_mode": "catmullrom"
						},
						"0.28": {
							"post": [-17.5, 0, 0],
							"lerp_mode": "catmullrom"
						},
						"0.72": {
							"post": [-22.5, 0, 0],
							"lerp_mode": "catmullrom"
						},
						"1.2": {
							"post": [0, 0, 0],
							"lerp_mode": "catmullrom"
						}
					}
				},
				"jaw": {
					"rotation": {
						"0.08": {
							"pre": [0, 0, 0],
							"post": [0, 0, 0],
							"lerp_mode": "catmullrom"
						},
						"0.28": {
							"post": [25, 0, 0],
							"lerp_mode": "catmullrom"
						},
						"0.48": {
							"post": [30, 0, 0],
							"lerp_mode": "catmullrom"
						},
						"0.96": {
							"post": [0, 0, 0],
							"lerp_mode": "catmullrom"
						}
					},
					"position": {
						"0.08": {
							"pre": [0, 0, 0],
							"post": [0, 0, 0],
							"lerp_mode": "catmullrom"
						},
						"0.28": {
							"post": [0, 0.2, 0.3],
							"lerp_mode": "catmullrom"
						},
						"0.48": {
							"post": [0, 0.2, 0.3],
							"lerp_mode": "catmullrom"
						},
						"0.96": {
							"post": [0, 0, 0],
							"lerp_mode": "catmullrom"
						}
					}
				}
			},
			"sound_effects": {
				"0.2": {
					"effect": "mudkip"
				}
			}
		}
	}
}